id,timestamp,year,road_section,traffic_period,rate_weather_station_id,rate_weather_time,weather_time_difference_minutes,rate_station_accident_distance_km,weather_station_distance_km,section_length_km,f,fg,temperature_c,vehicle_count,vehicle_group
26560,2018-06-11 18:08:04,2018,41-15,SDU,1473.0,2018-06-11 18:10:00,1.9333333333333333,0.6002789800259376,2.669518633501688,13.26,2.56,3.16,8.56,2,2 or more vehicles
29246,2019-02-23 13:52:39,2019,1-f3,VDU,1479.0,2019-02-23 13:50:00,2.65,0.6550657222192249,1.1330985534714593,4.78,5.99,9.21,5.72,2,2 or more vehicles
32720,2020-02-27 09:30:30,2020,1-f6,VDU,31577.0,2020-02-27 09:30:00,0.5,0.4911814928411409,0.866726910174939,3.5799999999999996,12.28,15.29,-3.57,2,2 or more vehicles
43015,2022-12-15 17:45:00,2022,41-16,VDU,31363.0,2022-12-15 17:40:00,5.0,6.230194749742421,4.6115007826263295,11.62,12.86,16.37,-6.0,2,2 or more vehicles
48842,2024-03-23 10:00:48,2024,36-08,VDU,31591.0,2024-03-23 10:00:00,0.8,1.714203598164654,1.0913388450784898,2.24,12.0,15.97,-2.06,2,2 or more vehicles
49340,2024-04-19 14:36:45,2024,1-f3,VHDU,1479.0,2024-04-19 14:40:00,3.25,0.904551660614131,1.1330985534714593,4.78,5.75,8.98,1.26,2,2 or more vehicles
50372,2024-07-08 13:24:00,2024,1-g1,SDU,31578.0,2024-07-08 13:20:00,4.0,5.0393800365245,5.843019343976989,10.93,3.43,4.9,10.7,2,2 or more vehicles
55233,2025-06-06 18:40:00,2025,41-15,SDU,1370.0,2025-06-06 18:40:00,0.0,4.13860030519577,1.361433362983291,13.25,6.81,9.21,7.43,2,2 or more vehicles
3167977,2007-01-03 13:00:00,2007,60-44,VDU,2631.0,2007-01-03 13:00:00,0.0,14.436870650180783,12.523708675713856,11.18,4.55,9.7,3.11,1,1 vehicle
3168111,2007-01-03 18:08:00,2007,1-g8,VDU,1779.0,2007-01-03 18:10:00,2.0,5.707678606495929,4.97049771952842,8.600000000000001,2.05,2.87,-0.56,1,1 vehicle
3168112,2007-01-03 18:04:00,2007,1-p1,VDU,33357.0,2007-01-03 18:00:00,4.0,6.8911730675037255,2.6900827429345155,10.45,3.19,4.61,-1.7,4,2 or more vehicles
3168229,2007-01-03 23:37:00,2007,1-d9,VDU,31484.0,2007-01-03 23:40:00,3.0,1.8930416133005912,1.9957763377632372,4.41,0.63,1.08,-1.1,1,1 vehicle
3168293,2007-01-04 02:22:00,2007,429-02,VDU,1453.0,2007-01-04 02:20:00,2.0,7.063997647963316,6.251374669171158,4.32,1.81,2.25,0.77,1,1 vehicle
3169241,2007-01-05 17:23:00,2007,1-d8,VDU,31392.0,2007-01-05 17:20:00,3.0,2.119758870081287,1.811228203445721,16.63,4.93,6.37,0.0,2,2 or more vehicles
3171043,2007-01-08 11:35:00,2007,1-d6,VDU,31399.0,2007-01-08 11:30:00,5.0,1.7346888292792808,2.8564832758413083,10.48,14.41,18.42,-3.8,1,1 vehicle
3171654,2007-01-09 14:27:00,2007,35-03,VDU,36411.0,2007-01-09 14:30:00,3.0,8.816082335868051,12.565510462223775,8.47,1.92,3.04,-8.3,3,2 or more vehicles
3172179,2007-01-10 12:10:00,2007,1-e1,VDU,31484.0,2007-01-10 12:10:00,0.0,3.495799518471915,4.9875155306340275,9.79,1.88,2.74,-8.1,1,1 vehicle
3173445,2007-01-12 15:38:00,2007,1-h0,VDU,1881.0,2007-01-12 15:40:00,2.0,1.5863329055105997,2.491770257844639,7.76,8.8,11.96,-3.08,2,2 or more vehicles
3173584,2007-01-12 19:28:00,2007,1-k3,VDU,2197.0,2007-01-12 19:30:00,2.0,1.5882033208800208,5.350417813137898,11.87,13.58,18.23,-2.25,1,1 vehicle
3174032,2007-01-13 17:28:00,2007,1-f6,VDU,1578.0,2007-01-13 17:30:00,2.0,4.584025180281456,3.2714142691726864,3.61,2.59,3.07,-1.28,3,2 or more vehicles
3175007,2007-01-15 14:44:00,2007,1-d2,VDU,36308.0,2007-01-15 14:40:00,4.0,7.220636801231424,8.371302373817642,13.69,8.02,9.7,-5.2,2,2 or more vehicles
3175238,2007-01-15 21:55:00,2007,1-g5,VDU,1779.0,2007-01-15 21:50:00,5.0,6.936122721434286,7.000866790432446,2.48,2.89,3.78,-8.22,1,1 vehicle
3175566,2007-01-16 14:55:00,2007,45-01,VDU,1453.0,2007-01-16 14:50:00,5.0,7.768388822637353,6.206697467082469,5.8500000000000005,11.3,14.6,0.27,3,2 or more vehicles
3175586,2007-01-16 15:03:00,2007,421-01,VDU,31363.0,2007-01-16 15:00:00,3.0,6.965331712626121,7.100638397135419,1.49,8.62,13.33,-0.9,1,1 vehicle
3175708,2007-01-16 18:56:00,2007,45-01,VDU,1453.0,2007-01-16 19:00:00,4.0,7.789470566353213,6.206697467082469,5.8500000000000005,14.68,18.62,0.23,2,2 or more vehicles
3176533,2007-01-18 11:41:00,2007,35-07,VDU,6515.0,2007-01-18 11:40:00,1.0,2.2916153295803476,2.481668592393056,11.46,8.76,10.26,-4.58,1,1 vehicle
3176809,2007-01-18 18:10:00,2007,35-02,VDU,31399.0,2007-01-18 18:10:00,0.0,11.28087272520032,12.28642901367293,7.8,13.85,19.01,-3.5,1,1 vehicle
3178867,2007-01-22 11:03:00,2007,1-n0,VDU,3242.0,2007-01-22 11:00:00,3.0,14.18010136256994,14.629964090000165,9.74,5.24,7.32,-2.97,3,2 or more vehicles
3179158,2007-01-22 22:06:00,2007,41-15,VDU,1370.0,2007-01-22 22:10:00,4.0,2.2854125518788866,1.361433362983291,13.29,7.55,11.34,2.31,1,1 vehicle
3179511,2007-01-23 16:01:00,2007,41-16,VDU,31363.0,2007-01-23 16:00:00,1.0,9.418147010201194,4.6115007826263295,11.62,8.1,10.39,3.6,1,1 vehicle
3179534,2007-01-23 13:45:00,2007,54-04,VDU,1868.0,2007-01-23 13:40:00,5.0,9.587633091648756,10.280100279519766,12.3,3.08,4.31,2.81,2,2 or more vehicles
3181191,2007-01-26 11:38:00,2007,54-03,VDU,1868.0,2007-01-26 11:40:00,2.0,5.6592142395205896,2.6913564127215324,14.05,3.09,3.78,0.41,1,1 vehicle
3182513,2007-01-28 11:23:00,2007,61-34,VDU,2646.0,2007-01-28 11:20:00,3.0,8.856020950712296,10.1750264156985,13.39,3.02,4.6,-0.46,1,1 vehicle
3182600,2007-01-28 15:05:00,2007,54-03,VDU,1868.0,2007-01-28 15:00:00,5.0,4.519978532973537,2.6913564127215324,14.05,6.41,8.23,4.56,2,2 or more vehicles
3185498,2007-02-01 19:05:00,2007,1-f5,VDU,31579.0,2007-02-01 19:00:00,5.0,2.4829738779212707,1.028741036313794,11.96,4.21,8.62,1.8,1,1 vehicle
3186296,2007-02-03 02:30:00,2007,92-07,VDU,5981.0,2007-02-03 02:30:00,0.0,2.1502850096467525,4.3294707374769,12.7,2.11,3.62,3.28,1,1 vehicle
3186654,2007-02-03 17:22:00,2007,35-03,VDU,36411.0,2007-02-03 17:20:00,2.0,15.743126239001894,12.565510462223775,8.47,4.18,6.86,-1.1,2,2 or more vehicles
3187158,2007-02-04 13:46:00,2007,1-g1,VDU,1578.0,2007-02-04 13:50:00,4.0,14.593508631969728,11.984962478044778,10.93,11.49,15.61,-0.73,1,1 vehicle
3187227,2007-02-04 15:25:00,2007,1-g1,VDU,1578.0,2007-02-04 15:20:00,5.0,10.867063460823628,11.984962478044778,10.93,16.7,22.8,-1.93,3,2 or more vehicles
3187445,2007-02-04 19:45:00,2007,54-09,VDU,1936.0,2007-02-04 19:40:00,5.0,4.436564925056994,0.5920738112219328,11.26,5.83,11.01,-3.95,1,1 vehicle
3190123,2007-02-09 09:43:00,2007,41-22,VDU,1453.0,2007-02-09 09:40:00,3.0,9.841070902562583,9.547812554874811,1.88,8.23,11.56,1.84,2,2 or more vehicles
3190319,2007-02-09 16:07:00,2007,504-01,VDU,1673.0,2007-02-09 16:10:00,3.0,8.087566272348818,8.596816864341474,6.63,2.88,5.88,-1.1,1,1 vehicle
3191412,2007-02-11 12:51:00,2007,612-02,VDU,2318.0,2007-02-11 12:50:00,1.0,4.500696020079397,4.681248696271656,12.47,11.1,16.5,1.3,1,1 vehicle
3193105,2007-01-26 20:35:00,2007,61-31,VDU,32654.0,2007-01-26 20:30:00,5.0,18.6136892810442,12.508166723611712,13.67,0.45,1.08,0.9,1,1 vehicle
3198108,2007-02-21 12:53:00,2007,1-b4,VDU,6045.0,2007-02-21 12:50:00,3.0,7.667559645984977,6.360219315714266,12.07,21.91,29.96,1.83,1,1 vehicle
3199223,2007-02-19 06:19:00,2007,1-k4,VDU,33204.0,2007-02-19 06:20:00,1.0,4.457732894923292,4.377143261503581,4.07,3.0,3.92,-0.1,1,1 vehicle
3201167,2007-02-26 14:16:00,2007,26-02,VDU,6420.0,2007-02-26 14:20:00,4.0,12.098195471945175,8.594202972816396,13.93,6.56,8.33,-2.16,1,1 vehicle
3204311,2007-03-02 16:26:00,2007,931-06,VDU,4060.0,2007-03-02 16:30:00,4.0,3.2750266684401614,2.36240251959002,5.66,4.03,7.58,-4.33,2,2 or more vehicles
3204447,2007-03-02 18:15:00,2007,1-d8,VDU,31392.0,2007-03-02 18:10:00,5.0,5.321835338089121,1.811228203445721,16.63,12.43,17.05,-2.0,1,1 vehicle
3205126,2007-03-03 22:24:00,2007,1-d8,VDU,31392.0,2007-03-03 22:20:00,4.0,5.223448984825578,1.811228203445721,16.63,1.52,2.16,0.5,1,1 vehicle
3205179,2007-03-04 00:01:00,2007,1-p4,VDU,3463.0,2007-03-04 00:00:00,1.0,6.133331229479354,6.428645425378839,11.46,5.37,6.76,0.92,1,1 vehicle
3205755,2007-03-04 19:36:00,2007,61-33,VDU,2646.0,2007-03-04 19:40:00,4.0,15.095287288796944,10.974953957267978,13.81,1.5,1.92,-0.09,1,1 vehicle
3205837,2007-03-04 17:07:00,2007,1-c2,VDU,6315.0,2007-03-04 17:10:00,3.0,8.951782485465545,6.674890552366854,7.62,6.42,8.13,3.43,2,2 or more vehicles
3205905,2007-03-05 00:58:00,2007,48-01,VDU,1685.0,2007-03-05 01:00:00,2.0,9.076457244693481,7.895587442359354,10.55,2.87,6.53,3.39,1,1 vehicle
3208738,2007-03-08 15:22:00,2007,1-a7,VDU,6272.0,2007-03-08 15:20:00,2.0,18.951537526767336,18.66933640406827,10.24,12.08,15.91,2.6,1,1 vehicle
3209607,2007-03-09 16:10:00,2007,83-03,VDU,33576.0,2007-03-09 16:10:00,0.0,14.608515048336573,2.8850371857727697,8.45,14.5,22.15,-1.0,1,1 vehicle
3209857,2007-03-10 00:24:00,2007,1-f5,VDU,31579.0,2007-03-10 00:20:00,4.0,2.9530084532000154,1.028741036313794,11.96,2.83,3.92,-0.2,1,1 vehicle
3213260,2007-03-15 19:20:00,2007,1-d8,VDU,31392.0,2007-03-15 19:20:00,0.0,4.431851746706054,1.811228203445721,16.63,5.04,7.35,-1.4,1,1 vehicle
3213370,2007-03-15 22:35:00,2007,82-01,VDU,3463.0,2007-03-15 22:30:00,5.0,2.2292570026272545,2.8505006265868884,10.93,5.27,6.76,-0.64,1,1 vehicle
3214065,2007-03-16 18:12:00,2007,1-d9,VDU,31484.0,2007-03-16 18:10:00,2.0,2.055032753743214,1.9957763377632372,4.41,7.86,9.8,-1.2,1,1 vehicle
3214537,2007-03-17 12:29:00,2007,39-01,VDU,31387.0,2007-03-17 12:30:00,1.0,3.710987514816704,1.6348934580675056,15.67,1.89,3.29,-1.3,2,2 or more vehicles
3214572,2007-03-17 13:30:00,2007,429-02,VDU,1453.0,2007-03-17 13:30:00,0.0,7.264206560655666,6.251374669171158,4.32,16.04,21.36,2.16,2,2 or more vehicles
3215140,2007-03-18 11:58:00,2007,1-g3,VDU,1673.0,2007-03-18 12:00:00,2.0,9.738125027754123,5.382052364477969,11.64,9.6,11.86,-5.29,2,2 or more vehicles
3215202,2007-03-18 15:18:00,2007,1-d8,VDU,31392.0,2007-03-18 15:20:00,2.0,1.363903638478754,1.811228203445721,16.63,15.92,21.56,-8.2,2,2 or more vehicles
3216270,2007-03-20 11:07:00,2007,1-e1,VDU,31484.0,2007-03-20 11:10:00,3.0,1.3951199578771432,4.9875155306340275,9.79,24.69,32.73,-2.7,5,2 or more vehicles
3216310,2007-03-20 11:07:00,2007,1-d9,VDU,31484.0,2007-03-20 11:10:00,3.0,1.1854993330651427,1.9957763377632372,4.41,24.69,32.73,-2.7,2,2 or more vehicles
3216889,2007-03-21 12:18:00,2007,1-d6,VDU,31399.0,2007-03-21 12:20:00,2.0,4.18138412115455,2.8564832758413083,10.48,7.39,9.8,1.7,2,2 or more vehicles
3217117,2007-03-21 18:38:00,2007,1-d9,VDU,31484.0,2007-03-21 18:40:00,2.0,3.0096707205688142,1.9957763377632372,4.41,9.79,12.74,-3.1,1,1 vehicle
3217138,2007-03-21 19:40:00,2007,36-11,VDU,1590.0,2007-03-21 19:40:00,0.0,4.278650320126788,4.097097125921327,7.99,14.31,18.73,-5.15,1,1 vehicle
3217695,2007-03-22 18:49:00,2007,92-10,VDU,34087.0,2007-03-22 18:50:00,1.0,3.364652827332933,6.682100904890704,8.77,11.91,19.21,4.5,1,1 vehicle
3218297,2007-03-23 21:52:00,2007,1-d8,VDU,31392.0,2007-03-23 21:50:00,2.0,2.7949585232260774,1.811228203445721,16.63,8.37,12.25,-1.4,1,1 vehicle
3219211,2007-03-25 07:18:00,2007,50-01,VDU,1779.0,2007-03-25 07:20:00,2.0,6.413111175046354,3.6583584434854974,9.24,7.09,10.26,3.29,1,1 vehicle
3221512,2007-03-28 19:08:00,2007,1-t1,VDU,4271.0,2007-03-28 19:10:00,2.0,11.15602817635858,6.49991970936017,11.24,3.28,5.09,1.03,1,1 vehicle
3224037,2007-04-01 03:50:00,2007,54-03,VHDU,1868.0,2007-04-01 03:50:00,0.0,3.966605876585576,2.6913564127215324,14.05,7.61,10.62,5.37,1,1 vehicle
3224209,2007-04-02 03:19:00,2007,425-02,VHDU,1362.0,2007-04-02 03:20:00,1.0,4.037077238664172,6.245785304434773,14.76,0.3,0.8,6.0,1,1 vehicle
3224935,2007-04-03 10:04:00,2007,47-11,VHDU,1685.0,2007-04-03 10:00:00,4.0,0.7593591247449413,2.85210964840569,13.71,6.38,7.25,5.76,1,1 vehicle
3225257,2007-04-03 20:00:00,2007,420-01,VHDU,31363.0,2007-04-03 20:00:00,0.0,6.933853836551276,3.8504227892375225,11.32,8.08,10.58,6.5,1,1 vehicle
3227155,2007-04-06 17:05:00,2007,54-16,VHDU,31942.0,2007-04-06 17:00:00,5.0,8.384221726209557,7.746523918762176,7.6,6.64,7.74,-0.4,3,2 or more vehicles
3227340,2007-04-07 00:32:00,2007,92-07,VHDU,5981.0,2007-04-07 00:30:00,2.0,2.8287505151170627,4.3294707374769,12.7,1.05,2.67,-2.21,1,1 vehicle
3227832,2007-04-07 19:40:00,2007,92-07,VHDU,5981.0,2007-04-07 19:40:00,0.0,1.972966216996782,4.3294707374769,12.7,6.41,8.3,-0.2,1,1 vehicle
3228238,2007-04-08 15:27:00,2007,264-02,VHDU,6315.0,2007-04-08 15:30:00,3.0,8.535156865528556,10.099060162803555,9.7,6.54,8.56,5.92,1,1 vehicle
3228524,2007-04-09 05:08:00,2007,41-16,VHDU,31363.0,2007-04-09 05:10:00,2.0,8.694485172813613,4.6115007826263295,11.62,6.44,9.02,0.7,2,2 or more vehicles
3231127,2007-04-13 07:11:00,2007,1-d8,VHDU,31392.0,2007-04-13 07:10:00,1.0,4.897196611761465,1.811228203445721,16.63,4.18,5.29,0.8,1,1 vehicle
3232659,2007-04-15 05:37:00,2007,1-m9,VHDU,3242.0,2007-04-15 05:40:00,3.0,5.220213268281842,5.492674552934827,11.1,0.75,1.99,3.02,1,1 vehicle
3233364,2007-04-16 13:03:00,2007,33-02,VHDU,1395.0,2007-04-16 13:00:00,3.0,13.437363440319775,10.874395868285587,8.72,6.09,7.61,5.48,1,1 vehicle
3234578,2007-04-18 06:22:00,2007,1-m2,VHDU,33419.0,2007-04-18 06:20:00,2.0,5.877474313614086,5.573498711103916,13.26,4.71,10.39,-1.0,1,1 vehicle
3235527,2007-04-19 16:01:00,2007,39-01,VHDU,31387.0,2007-04-19 16:00:00,1.0,8.379869282525828,1.6348934580675056,15.67,1.8,3.74,2.4,2,2 or more vehicles
3237466,2007-04-22 16:27:00,2007,1-m7,VHDU,3242.0,2007-04-22 16:30:00,3.0,10.431478499099065,10.084174313361832,4.82,5.24,7.28,8.99,2,2 or more vehicles
3239936,2007-04-26 12:27:00,2007,379-01,VHDU,1391.0,2007-04-26 12:30:00,3.0,0.885312373982104,0.4580757127812887,1.05,5.7,8.3,7.3,1,1 vehicle
3240350,2007-04-27 04:48:00,2007,1-k5,VHDU,33204.0,2007-04-27 04:50:00,2.0,3.014659072662318,0.4927782706765492,7.0,0.65,1.86,1.9,1,1 vehicle
3241575,2007-04-28 22:03:00,2007,410-02,VHDU,31474.0,2007-04-28 22:00:00,3.0,0.7830807931686246,2.0026327697269477,5.51,7.75,13.43,10.4,1,1 vehicle
3244764,2007-05-04 04:32:00,2007,1-g3,VHDU,1673.0,2007-05-04 04:30:00,2.0,9.917938361718715,5.382052364477969,11.64,1.9,2.58,3.42,1,1 vehicle
3246869,2007-05-06 17:00:00,2007,1-m2,VHDU,33419.0,2007-05-06 17:00:00,0.0,0.1273904459259356,5.573498711103916,13.26,19.82,25.09,2.9,2,2 or more vehicles
3248795,2007-05-10 07:48:00,2007,50-01,VHDU,1779.0,2007-05-10 07:50:00,2.0,2.1859348304773873,3.6583584434854974,9.24,4.48,6.37,2.7,1,1 vehicle
3249626,2007-05-11 06:37:00,2007,74-02,VHDU,33424.0,2007-05-11 06:40:00,3.0,11.524266604545895,10.907060834452514,12.48,2.05,2.76,-3.8,1,1 vehicle
3249957,2007-05-11 13:06:00,2007,1-r1,VHDU,4300.0,2007-05-11 13:10:00,4.0,7.040679221097825,4.229520579940802,11.28,6.75,8.82,0.31,1,1 vehicle
3251389,2007-05-13 18:01:00,2007,1-b7,VHDU,36132.0,2007-05-13 18:00:00,1.0,0.586119341710156,3.5572778320905845,13.1,5.16,6.86,8.9,2,2 or more vehicles
3251940,2007-05-14 15:20:00,2007,931-03,VHDU,4060.0,2007-05-14 15:20:00,0.0,7.5145684356449225,4.589215953742234,10.28,2.59,4.76,5.55,2,2 or more vehicles
3252700,2007-05-15 16:05:00,2007,35-01,VHDU,31399.0,2007-05-15 16:00:00,5.0,4.50371179612703,4.900372212107007,8.51,5.02,7.55,8.9,2,2 or more vehicles
3252793,2007-05-15 17:39:00,2007,1-d6,VHDU,31399.0,2007-05-15 17:40:00,1.0,1.1138192913088227,2.8564832758413083,10.48,5.53,8.82,8.7,1,1 vehicle
3252922,2007-05-15 22:23:00,2007,54-06,VHDU,31948.0,2007-05-15 22:20:00,3.0,14.485414227038953,14.210592795930184,12.24,2.54,4.12,3.4,1,1 vehicle
3256198,2007-05-20 12:19:00,2007,1-f5,VHDU,31579.0,2007-05-20 12:20:00,1.0,6.577270528633859,1.028741036313794,11.96,7.89,10.49,6.5,2,2 or more vehicles
3256518,2007-05-21 02:34:00,2007,41-17,VHDU,31363.0,2007-05-21 02:30:00,4.0,12.059169721286148,12.363112815580855,4.56,7.11,11.47,1.1,2,2 or more vehicles
3257136,2007-05-21 15:40:00,2007,54-18,VHDU,2050.0,2007-05-21 15:40:00,0.0,8.05156333729932,11.5449724864244,17.21,4.41,6.76,3.59,1,1 vehicle
3260307,2007-05-25 14:47:00,2007,61-45,VHDU,32643.0,2007-05-25 14:50:00,3.0,0.833904112675637,1.843407294456912,8.9,5.11,8.04,1.1,1,1 vehicle
3264807,2007-05-31 15:50:00,2007,1-d2,VHDU,36308.0,2007-05-31 15:50:00,0.0,11.419074828359598,8.371302373817642,13.69,10.27,14.21,14.0,2,2 or more vehicles
3266829,2007-06-03 05:14:00,2007,41-16,SDU,31363.0,2007-06-03 05:10:00,4.0,4.075684661972024,4.6115007826263295,11.62,8.52,12.35,9.0,1,1 vehicle
3267105,2007-06-03 16:43:00,2007,1-d8,SDU,31392.0,2007-06-03 16:40:00,3.0,5.913384440370233,1.811228203445721,16.63,12.96,17.44,6.8,1,1 vehicle
3267156,2007-06-03 18:39:00,2007,54-06,SDU,31948.0,2007-06-03 18:40:00,1.0,9.310281883827036,14.210592795930184,12.24,11.23,15.58,7.6,1,1 vehicle
3271244,2007-06-09 12:39:00,2007,435-02,SDU,1496.0,2007-06-09 12:40:00,1.0,6.640245095562256,7.355674807437691,12.21,5.46,6.66,5.78,1,1 vehicle
3271475,2007-06-09 18:55:00,2007,26-04,SDU,6430.0,2007-06-09 18:50:00,5.0,11.9732587117442,8.221070880365758,11.76,6.37,8.46,10.95,1,1 vehicle
3271535,2007-06-09 20:48:00,2007,844-02,SDU,33394.0,2007-06-09 20:50:00,2.0,13.87418792576417,14.482847046455833,10.76,4.87,5.74,10.8,1,1 vehicle
3272132,2007-06-10 17:42:00,2007,52-02,SDU,1689.0,2007-06-10 17:40:00,2.0,15.175394762736767,12.04572010508629,14.69,3.81,5.88,10.94,1,1 vehicle
3272190,2007-06-10 19:32:00,2007,1-f8,SDU,1578.0,2007-06-10 19:30:00,2.0,5.929683622113841,8.386002541654312,5.76,2.92,4.11,13.75,1,1 vehicle
3272208,2007-06-10 20:28:00,2007,1-b0,SDU,36156.0,2007-06-10 20:30:00,2.0,9.488910977664155,5.81305271343813,12.09,4.58,5.68,12.0,1,1 vehicle
3273207,2007-06-11 12:48:00,2007,82-02,SDU,3463.0,2007-06-11 12:50:00,2.0,8.802986864019065,13.181185413476229,10.71,7.59,10.29,7.94,1,1 vehicle
3273746,2007-06-12 20:38:00,2007,63-05,SDU,2428.0,2007-06-12 20:40:00,2.0,7.796196715641481,8.303324329029156,14.5,0.8,3.07,7.35,1,1 vehicle
3274456,2007-06-12 14:43:00,2007,1-g1,SDU,1578.0,2007-06-12 14:40:00,3.0,10.020251303994076,11.984962478044778,10.93,2.43,4.27,13.89,1,1 vehicle
3276469,2007-06-15 17:46:00,2007,92-05,SDU,5975.0,2007-06-15 17:50:00,4.0,1.0547633284481672,0.8526656987226161,1.63,1.63,2.58,9.2,2,2 or more vehicles
3276571,2007-06-15 23:02:00,2007,1-m8,SDU,3242.0,2007-06-15 23:00:00,2.0,9.707911318340766,8.462555147729427,5.33,0.0,0.09,9.99,2,2 or more vehicles
3277663,2007-06-17 06:36:00,2007,574-07,SDU,1925.0,2007-06-17 06:40:00,4.0,3.131597101931931,3.065826324639123,5.1,5.9,7.6,9.9,1,1 vehicle
3278214,2007-06-18 02:49:00,2007,41-16,SDU,31363.0,2007-06-18 02:50:00,1.0,8.933246654634099,4.6115007826263295,11.62,3.4,4.9,8.9,1,1 vehicle
3279171,2007-06-19 12:41:00,2007,1-p4,SDU,3463.0,2007-06-19 12:40:00,1.0,10.202709428070925,6.428645425378839,11.46,4.52,5.74,11.44,3,2 or more vehicles
3279596,2007-06-19 21:22:00,2007,417-01,SDU,31484.0,2007-06-19 21:20:00,2.0,4.718157226254373,4.711306448890887,8.4,4.91,6.08,9.6,1,1 vehicle
3281606,2007-06-22 09:17:00,2007,355-01,SDU,36411.0,2007-06-22 09:20:00,3.0,9.367693486511829,8.679471608475556,8.2,1.73,3.04,11.3,1,1 vehicle
3281892,2007-06-22 16:25:00,2007,1-p1,SDU,33357.0,2007-06-22 16:20:00,5.0,6.686617742171806,2.6900827429345155,10.45,5.21,8.13,12.3,2,2 or more vehicles
3282175,2007-06-22 13:28:00,2007,1-m2,SDU,33419.0,2007-06-22 13:30:00,2.0,10.943480853532566,5.573498711103916,13.26,9.81,13.52,15.3,1,1 vehicle
3282894,2007-06-23 19:08:00,2007,1-a1,SDU,36386.0,2007-06-23 19:10:00,2.0,0.6988962725694343,3.488285220225965,9.01,12.51,20.62,12.8,2,2 or more vehicles
3283217,2007-06-24 04:51:00,2007,54-10,SDU,31931.0,2007-06-24 04:50:00,1.0,5.831708326380007,2.024564862693844,14.3,2.77,3.82,8.6,1,1 vehicle
3283226,2007-06-24 05:02:00,2007,341-01,SDU,36411.0,2007-06-24 05:00:00,2.0,7.529770566605841,7.668954339177006,7.68,2.44,3.33,5.6,1,1 vehicle
3283587,2007-06-24 17:04:00,2007,35-02,SDU,31399.0,2007-06-24 17:00:00,4.0,9.130226163211463,12.28642901367293,7.8,6.13,8.43,15.1,2,2 or more vehicles
3283624,2007-06-24 18:17:00,2007,41-15,SDU,1370.0,2007-06-24 18:20:00,3.0,3.510215500304654,1.361433362983291,13.29,6.51,7.74,15.02,1,1 vehicle
3284752,2007-06-26 06:41:00,2007,61-45,SDU,32643.0,2007-06-26 06:40:00,1.0,0.17971827913164434,1.843407294456912,8.9,2.46,3.43,8.3,1,1 vehicle
3285128,2007-06-26 19:21:00,2007,1-f7,SDU,1578.0,2007-06-26 19:20:00,1.0,5.029784344437816,5.451325677960265,0.94,4.0,11.37,14.56,1,1 vehicle
3285753,2007-06-27 17:40:00,2007,42-02,SDU,1368.0,2007-06-27 17:40:00,0.0,11.028006192124197,11.020295061122308,13.31,7.88,11.89,11.38,1,1 vehicle
3285811,2007-06-27 19:22:00,2007,60-47,SDU,2641.0,2007-06-27 19:20:00,2.0,3.120948886815311,1.3076373185269048,4.95,2.89,5.06,9.1,1,1 vehicle
3287229,2007-06-29 15:28:00,2007,48-02,SDU,1590.0,2007-06-29 15:30:00,2.0,5.311073465446112,5.455728618179233,6.56,4.89,7.22,10.55,1,1 vehicle
3288121,2007-06-30 16:51:00,2007,1-d9,SDU,31484.0,2007-06-30 16:50:00,1.0,1.2786591668643281,1.9957763377632372,4.41,4.34,7.06,12.9,2,2 or more vehicles
3289021,2007-07-01 19:09:00,2007,60-45,SDU,2631.0,2007-07-01 19:10:00,1.0,7.719888697679336,6.4985876809721335,3.48,5.26,7.12,12.05,1,1 vehicle
3289326,2007-07-02 08:52:00,2007,1-p1,SDU,33357.0,2007-07-02 08:50:00,2.0,5.734713637806795,2.6900827429345155,10.45,0.52,1.32,6.1,1,1 vehicle
3291565,2007-07-04 17:13:00,2007,643-06,SDU,2692.0,2007-07-04 17:10:00,3.0,9.727987000967818,8.875510890828616,18.71,4.96,6.69,5.73,1,1 vehicle
3291770,2007-07-04 23:30:00,2007,427-11,SDU,1486.0,2007-07-04 23:30:00,0.0,13.232992252163776,12.248048342736665,15.33,1.4,3.69,11.02,1,1 vehicle
3292790,2007-07-06 12:53:00,2007,41-16,SDU,31363.0,2007-07-06 12:50:00,3.0,6.657767013236086,4.6115007826263295,11.62,8.32,11.76,11.8,1,1 vehicle
3293098,2007-07-06 15:25:00,2007,35-01,SDU,31399.0,2007-07-06 15:20:00,5.0,7.99585295994699,4.900372212107007,8.51,7.43,11.96,14.5,1,1 vehicle
3293954,2007-07-07 19:23:00,2007,1-s5,SDU,34238.0,2007-07-07 19:20:00,3.0,17.21786448177712,11.05888658286931,19.94,2.28,3.14,7.1,1,1 vehicle
3294033,2007-07-07 21:40:00,2007,354-02,SDU,36411.0,2007-07-07 21:40:00,0.0,7.621477362464528,7.480070497946684,5.93,1.38,2.06,13.7,1,1 vehicle
3294384,2007-07-08 06:29:00,2007,1-n1,SDU,33357.0,2007-07-08 06:30:00,1.0,9.813019518349597,7.600410813299837,10.63,3.09,3.77,5.7,1,1 vehicle
3294417,2007-07-08 07:11:00,2007,1-d9,SDU,31484.0,2007-07-08 07:10:00,1.0,1.6495100394052695,1.9957763377632372,4.41,4.84,6.27,11.3,1,1 vehicle
3294728,2007-07-08 19:53:00,2007,37-03,SDU,36411.0,2007-07-08 19:50:00,3.0,11.215829873435647,11.6339785132574,13.36,7.23,9.41,17.8,1,1 vehicle
3295955,2007-07-10 16:55:00,2007,1-d9,SDU,31484.0,2007-07-10 16:50:00,5.0,1.2286721607365083,1.9957763377632372,4.41,6.66,8.92,15.2,3,2 or more vehicles
3298159,2007-07-13 15:58:00,2007,421-01,SDU,31363.0,2007-07-13 16:00:00,2.0,7.0703438207132345,7.100638397135419,1.49,6.04,7.64,18.4,2,2 or more vehicles
3298299,2007-07-13 20:32:00,2007,41-15,SDU,1370.0,2007-07-13 20:30:00,2.0,1.4085961697834186,1.361433362983291,13.29,4.48,6.17,19.39,2,2 or more vehicles
3298738,2007-07-14 09:24:00,2007,1-f5,SDU,31579.0,2007-07-14 09:20:00,4.0,2.885154720016397,1.028741036313794,11.96,2.79,3.92,13.7,4,2 or more vehicles
3299480,2007-07-15 12:44:00,2007,365-01,SDU,1596.0,2007-07-15 12:40:00,4.0,11.195635396174955,13.504310426164936,15.81,2.21,5.12,18.26,2,2 or more vehicles
3299609,2007-07-15 17:56:00,2007,1-f4,SDU,1479.0,2007-07-15 18:00:00,4.0,4.585662832488389,3.9897860813229937,1.61,5.84,8.2,15.6,3,2 or more vehicles
3300036,2007-07-16 11:32:00,2007,1-g5,SDU,1779.0,2007-07-16 11:30:00,2.0,7.0809082497266145,7.000866790432446,2.48,1.89,2.58,16.05,2,2 or more vehicles
3300350,2007-07-16 19:09:00,2007,51-01,SDU,1578.0,2007-07-16 19:10:00,1.0,12.493591237019746,12.265311189363167,7.16,2.44,4.57,15.05,2,2 or more vehicles
3301745,2007-07-19 01:48:00,2007,41-16,SDU,31363.0,2007-07-19 01:50:00,2.0,6.99130047572003,4.6115007826263295,11.62,3.69,5.29,11.5,1,1 vehicle
3304938,2007-07-23 07:40:00,2007,512-01,SDU,1689.0,2007-07-23 07:40:00,0.0,13.45458607268208,12.706266962314938,15.04,4.72,5.42,9.82,1,1 vehicle
3305581,2007-07-23 23:02:00,2007,41-15,SDU,1370.0,2007-07-23 23:00:00,2.0,1.6034545704738645,1.361433362983291,13.29,2.57,5.06,12.08,1,1 vehicle
3306057,2007-07-24 15:51:00,2007,910-10,SDU,5943.0,2007-07-24 15:50:00,1.0,8.326195552223625,8.45133079247736,15.22,6.12,8.07,9.57,1,1 vehicle
3306824,2007-07-25 18:47:00,2007,645-01,SDU,32390.0,2007-07-25 18:50:00,3.0,18.570256190157505,18.68427892446157,14.9,10.42,13.33,6.8,2,2 or more vehicles
3308035,2007-07-27 13:22:00,2007,427-05,SDU,1362.0,2007-07-27 13:20:00,2.0,12.08675412555185,13.287546882279852,14.49,5.1,7.9,12.2,1,1 vehicle
3308060,2007-07-27 14:11:00,2007,1-p1,SDU,33357.0,2007-07-27 14:10:00,1.0,2.5213706433498446,2.6900827429345155,10.45,2.77,4.66,6.1,1,1 vehicle
3309408,2007-07-28 15:35:00,2007,60-46,SDU,2636.0,2007-07-28 15:30:00,5.0,1.7397532847802653,1.8431777366694395,7.21,0.77,1.35,3.84,1,1 vehicle
3309874,2007-07-30 04:41:00,2007,1-k6,SDU,33204.0,2007-07-30 04:40:00,1.0,5.187347384531132,7.807893229156674,10.57,4.6,6.27,9.3,1,1 vehicle
3311096,2007-07-31 23:52:00,2007,1-k6,SDU,33204.0,2007-07-31 23:50:00,2.0,5.314094107518967,7.807893229156674,10.57,11.12,15.48,8.8,3,2 or more vehicles
3311747,2007-08-01 19:14:00,2007,460-01,SDU,1578.0,2007-08-01 19:10:00,4.0,8.233440058846018,8.484042787367784,11.16,8.57,13.0,12.76,1,1 vehicle
3312640,2007-08-02 20:50:00,2007,505-01,SDU,1673.0,2007-08-02 20:50:00,0.0,7.830712842278954,7.819786282234574,11.68,5.98,15.65,12.26,1,1 vehicle
3314158,2007-08-04 08:40:00,2007,1-d6,SDU,31399.0,2007-08-04 08:40:00,0.0,1.0262320548012884,2.8564832758413083,10.48,4.33,8.23,12.3,1,1 vehicle
3314254,2007-08-04 11:28:00,2007,842-04,SDU,3292.0,2007-08-04 11:30:00,2.0,13.197256325925563,10.095658459934072,8.14,9.54,12.45,5.82,1,1 vehicle
3314585,2007-08-04 21:33:00,2007,1-f5,SDU,31579.0,2007-08-04 21:30:00,3.0,0.10961506472126391,1.028741036313794,11.96,20.04,34.5,9.3,2,2 or more vehicles
3314661,2007-08-04 23:25:00,2007,30-06,SDU,6515.0,2007-08-04 23:20:00,5.0,4.871249996392533,8.216483669108218,12.47,5.22,8.49,9.47,1,1 vehicle
3314967,2007-08-05 05:14:00,2007,1-p4,SDU,3463.0,2007-08-05 05:10:00,4.0,10.792949008847431,6.428645425378839,11.46,7.37,10.26,6.45,1,1 vehicle
3315525,2007-08-05 20:00:00,2007,60-32,SDU,32355.0,2007-08-05 20:00:00,0.0,11.509003828206856,16.071558073963168,13.14,8.76,11.47,8.9,1,1 vehicle
3315887,2007-08-06 07:22:00,2007,37-01,SDU,36411.0,2007-08-06 07:20:00,2.0,9.071346523731473,9.470095378240474,12.23,2.35,3.04,5.0,1,1 vehicle
3316102,2007-08-06 15:44:00,2007,1-k2,SDU,2197.0,2007-08-06 15:40:00,4.0,11.666381456177323,6.007449718079592,12.01,5.59,8.07,14.85,2,2 or more vehicles
3316990,2007-08-07 17:35:00,2007,94-06,SDU,34382.0,2007-08-07 17:30:00,5.0,13.630151972900473,9.135902274759024,14.66,3.65,4.8,6.1,1,1 vehicle
3317973,2007-08-08 22:13:00,2007,435-02,SDU,1496.0,2007-08-08 22:10:00,3.0,6.77218326102093,7.355674807437691,12.21,10.11,12.74,8.41,1,1 vehicle
3318135,2007-08-09 07:43:00,2007,54-02,SDU,1779.0,2007-08-09 07:40:00,3.0,7.284826335390218,11.0845394985849,12.06,3.16,5.74,12.41,1,1 vehicle
3318156,2007-08-09 08:59:00,2007,42-01,SDU,1473.0,2007-08-09 09:00:00,1.0,8.334327038220206,5.682283768255924,9.37,3.16,5.55,13.83,1,1 vehicle
3318449,2007-08-09 14:00:00,2007,249-01,SDU,36127.0,2007-08-09 14:00:00,0.0,7.034636719564165,6.8998282605409775,5.34,8.64,12.59,15.7,1,1 vehicle
3319490,2007-08-10 21:19:00,2007,82-03,SDU,3662.0,2007-08-10 21:20:00,1.0,1.4707183056994755,4.2573804175106975,11.33,4.7,6.2,9.9,2,2 or more vehicles
3319859,2007-08-11 12:06:00,2007,1-k6,SDU,33204.0,2007-08-11 12:10:00,4.0,5.3234947935161925,7.807893229156674,10.57,6.12,8.33,9.0,2,2 or more vehicles
3319941,2007-08-11 15:32:00,2007,54-15,SDU,31942.0,2007-08-11 15:30:00,2.0,4.3867133589265945,0.3649829257412452,9.1,2.65,3.43,11.0,2,2 or more vehicles
3320320,2007-08-12 03:14:00,2007,61-36,SDU,2646.0,2007-08-12 03:10:00,4.0,9.711137333403359,6.510486031780955,9.93,2.87,6.72,8.24,1,1 vehicle
3321395,2007-08-13 18:09:00,2007,38-01,SDU,31392.0,2007-08-13 18:10:00,1.0,9.843175360389976,7.860927660955096,11.6,4.76,7.55,12.9,1,1 vehicle
3323003,2007-08-16 13:35:00,2007,93-02,SDU,34175.0,2007-08-16 13:30:00,5.0,1.234818395732731,2.2346382814282277,9.93,7.72,10.49,3.8,1,1 vehicle
3323356,2007-08-17 01:25:00,2007,574-02,SDU,31931.0,2007-08-17 01:20:00,5.0,12.463193474534076,15.630862904651623,8.34,1.19,1.67,5.5,1,1 vehicle
3324185,2007-08-18 04:13:00,2007,821-03,SDU,3371.0,2007-08-18 04:10:00,3.0,2.879172068069734,5.605000581782615,5.61,1.03,1.24,6.76,1,1 vehicle
3324295,2007-08-18 07:19:00,2007,1-g1,SDU,1578.0,2007-08-18 07:20:00,1.0,13.613300691347815,11.984962478044778,10.93,2.48,2.8,6.07,1,1 vehicle
3325148,2007-08-19 14:17:00,2007,1-k9,SDU,3317.0,2007-08-19 14:20:00,3.0,7.35314844733245,5.731173545267037,11.4,7.29,9.34,10.43,1,1 vehicle
3325158,2007-08-19 14:31:00,2007,722-04,SDU,3223.0,2007-08-19 14:30:00,1.0,8.889587448867564,8.393986852232786,14.76,8.7,10.65,13.09,1,1 vehicle
3325373,2007-08-19 22:15:00,2007,85-02,SDU,3595.0,2007-08-19 22:10:00,5.0,14.146011141024495,13.024824585494112,12.97,1.94,2.71,5.97,2,2 or more vehicles
3326148,2007-08-21 04:47:00,2007,1-t3,SDU,4271.0,2007-08-21 04:50:00,3.0,0.5077540976542114,0.5442768450431809,2.52,0.48,1.33,7.89,1,1 vehicle
3326699,2007-08-21 23:51:00,2007,1-k8,SDU,3223.0,2007-08-21 23:50:00,1.0,15.403444009846543,15.384253879331345,11.41,2.9,3.75,12.94,1,1 vehicle
3329682,2007-08-26 12:56:00,2007,910-12,SDU,4060.0,2007-08-26 13:00:00,4.0,10.213205624108788,12.176431630857552,10.9,0.23,0.98,13.13,1,1 vehicle
3329725,2007-08-26 15:30:00,2007,1-f8,SDU,1578.0,2007-08-26 15:30:00,0.0,6.625891285984465,8.386002541654312,5.76,2.65,4.96,12.14,2,2 or more vehicles
3329791,2007-08-26 18:01:00,2007,1-e2,SDU,1481.0,2007-08-26 18:00:00,1.0,3.441978425390919,3.0522745231845994,3.41,4.47,5.68,10.19,2,2 or more vehicles
3330335,2007-08-27 12:32:00,2007,f88-01,SDU,4830.0,2007-08-27 12:30:00,2.0,10.178952652621717,13.001788036250554,59.05,1.46,2.74,12.32,1,1 vehicle
3330760,2007-08-27 21:26:00,2007,1-q7,SDU,33394.0,2007-08-27 21:30:00,4.0,15.949053450467874,16.212190161802457,9.65,2.07,2.88,6.5,1,1 vehicle
3331618,2007-08-20 23:15:00,2007,612-01,SDU,32224.0,2007-08-20 23:10:00,5.0,8.456066185684632,7.670652705740254,11.95,9.87,12.74,8.2,1,1 vehicle
3331630,2007-08-28 22:53:00,2007,41-16,SDU,31363.0,2007-08-28 22:50:00,3.0,6.665082537295416,4.6115007826263295,11.62,3.48,4.51,10.7,1,1 vehicle
3332349,2007-08-29 22:14:00,2007,1-n0,SDU,3242.0,2007-08-29 22:10:00,4.0,16.11535558294339,14.629964090000165,9.74,0.28,0.49,8.03,1,1 vehicle
3332890,2007-08-26 20:00:00,2007,85-23,SDU,34733.0,2007-08-26 20:00:00,0.0,2.981069853318739,4.409757019524447,9.86,1.57,1.96,6.3,1,1 vehicle
3334392,2007-09-01 09:10:00,2007,1-f3,SDU,1479.0,2007-09-01 09:10:00,0.0,0.7138157595414223,1.1330985534714593,4.78,6.96,10.29,8.2,1,1 vehicle
3335252,2007-09-02 17:02:00,2007,41-16,SDU,31363.0,2007-09-02 17:00:00,2.0,10.250239782041282,4.6115007826263295,11.62,0.61,1.18,10.2,2,2 or more vehicles
3335538,2007-09-03 05:40:00,2007,41-16,SDU,31363.0,2007-09-03 05:40:00,0.0,7.363134871084991,4.6115007826263295,11.62,3.21,5.0,9.5,1,1 vehicle
3336967,2007-09-05 08:05:00,2007,30-06,SDU,6515.0,2007-09-05 08:00:00,5.0,5.634854021922214,8.216483669108218,12.47,5.33,6.4,9.24,1,1 vehicle
3339343,2007-09-08 11:00:00,2007,1-k9,SDU,3317.0,2007-09-08 11:00:00,0.0,6.1826639965379595,5.731173545267037,11.4,3.93,5.65,10.4,1,1 vehicle
3341052,2007-09-11 10:24:00,2007,35-02,SDU,31399.0,2007-09-11 10:20:00,4.0,10.114450287678011,12.28642901367293,7.8,8.23,10.78,8.1,2,2 or more vehicles
3341379,2007-09-11 18:08:00,2007,1-d6,SDU,31399.0,2007-09-11 18:10:00,2.0,2.2512889425180456,2.8564832758413083,10.48,3.77,5.1,8.8,2,2 or more vehicles
3342232,2007-09-13 04:12:00,2007,1-f5,SDU,31579.0,2007-09-13 04:10:00,2.0,2.0939526013407583,1.028741036313794,11.96,6.79,9.11,8.6,1,1 vehicle
3343529,2007-09-14 16:06:00,2007,48-02,SDU,1590.0,2007-09-14 16:10:00,4.0,6.0851470931840295,5.455728618179233,6.56,10.72,12.13,0.73,1,1 vehicle
3343900,2007-09-15 04:00:00,2007,41-16,SDU,31363.0,2007-09-15 04:00:00,0.0,7.397566256924551,4.6115007826263295,11.62,9.08,12.45,5.2,1,1 vehicle
3344053,2007-09-15 10:13:00,2007,54-14,SDU,1938.0,2007-09-15 10:10:00,3.0,2.1310116746516066,2.202216414079087,4.17,1.7,4.18,5.44,1,1 vehicle
3344225,2007-09-15 18:49:00,2007,1-d8,SDU,31392.0,2007-09-15 18:50:00,1.0,5.120324754932068,1.811228203445721,16.63,9.24,12.35,-0.2,2,2 or more vehicles
3344469,2007-09-15 22:00:00,2007,910-10,SDU,5943.0,2007-09-15 22:00:00,0.0,8.697555843104574,8.45133079247736,15.22,10.14,12.64,-3.9,1,1 vehicle
3345508,2007-09-17 17:34:00,2007,60-23,SDU,32282.0,2007-09-17 17:30:00,4.0,14.219599551974513,12.497952073039995,14.18,11.1,15.88,5.0,1,1 vehicle
3347794,2007-09-19 21:13:00,2007,1-d9,SDU,31484.0,2007-09-19 21:10:00,3.0,2.4163481610046937,1.9957763377632372,4.41,5.86,7.55,3.7,1,1 vehicle
3348686,2007-09-22 13:09:00,2007,39-01,SDU,31387.0,2007-09-22 13:10:00,1.0,5.549515876949117,1.6348934580675056,15.67,9.53,13.13,4.8,2,2 or more vehicles
3348697,2007-09-22 13:29:00,2007,420-01,SDU,31363.0,2007-09-22 13:30:00,1.0,2.0840695302886605,3.8504227892375225,11.32,10.21,13.33,7.2,1,1 vehicle
3349410,2007-09-23 19:49:00,2007,1-f5,SDU,31579.0,2007-09-23 19:50:00,1.0,0.07988845380257381,1.028741036313794,11.96,27.21,39.89,6.1,1,1 vehicle
3350708,2007-09-23 21:07:00,2007,821-02,SDU,3371.0,2007-09-23 21:10:00,3.0,11.825172367199244,10.215577281106947,3.94,12.94,16.27,4.39,1,1 vehicle
3351066,2007-09-25 21:18:00,2007,429-01,SDU,1453.0,2007-09-25 21:20:00,2.0,7.670171605357238,8.668989203579653,2.11,3.03,4.01,4.7,2,2 or more vehicles
3352158,2007-09-27 15:14:00,2007,917-04,SDU,4472.0,2007-09-27 15:10:00,4.0,9.869816493836522,9.634508374308025,9.37,14.72,20.48,12.15,1,1 vehicle
3353978,2007-09-30 05:58:00,2007,1-m3,SDU,33431.0,2007-09-30 06:00:00,2.0,13.676246218397056,13.227469441125152,11.32,3.18,4.51,5.3,1,1 vehicle
3354468,2007-09-30 20:01:00,2007,953-01,SDU,34073.0,2007-09-30 20:00:00,1.0,5.334717933989882,5.4312983365459395,11.27,4.13,5.19,6.7,1,1 vehicle
3354699,2007-10-01 08:06:00,2007,92-10,VHDU,34087.0,2007-10-01 08:10:00,4.0,4.304259095131027,6.682100904890704,8.77,9.23,15.09,0.3,1,1 vehicle
3355968,2007-10-02 16:50:00,2007,633-03,VHDU,32654.0,2007-10-02 16:50:00,0.0,13.90413951295113,19.32563011488732,12.59,5.86,7.25,6.2,1,1 vehicle
3356687,2007-10-02 16:19:00,2007,1-n1,VHDU,33357.0,2007-10-02 16:20:00,1.0,5.446604165357934,7.600410813299837,10.63,5.32,7.15,5.0,1,1 vehicle
3358435,2007-10-06 02:30:00,2007,61-43,VHDU,32643.0,2007-10-06 02:30:00,0.0,3.4102068061106467,3.963127449092952,3.4,7.04,12.25,-0.1,1,1 vehicle
3358634,2007-10-06 12:41:00,2007,1-b6,VHDU,36132.0,2007-10-06 12:40:00,1.0,11.315029907332674,8.800642836775083,12.44,7.08,20.97,5.4,2,2 or more vehicles
3359228,2007-10-07 08:38:00,2007,1-q5,VHDU,3474.0,2007-10-07 08:40:00,2.0,8.905545757784708,11.409165744035429,13.83,4.96,7.32,-2.03,1,1 vehicle
3359236,2007-10-07 09:59:00,2007,1-g8,VHDU,1779.0,2007-10-07 10:00:00,1.0,5.164609175548629,4.97049771952842,8.600000000000001,1.03,2.48,2.7,1,1 vehicle
3359436,2007-10-07 19:15:00,2007,428-01,VHDU,1368.0,2007-10-07 19:10:00,5.0,14.8366680589384,9.75745246814554,21.0,1.81,2.41,2.71,1,1 vehicle
3361927,2007-10-11 12:25:00,2007,204-01,VHDU,6272.0,2007-10-11 12:20:00,5.0,0.9721189370390327,5.2154869670125,12.92,8.09,10.81,7.25,1,1 vehicle
3362998,2007-10-13 00:01:00,2007,41-16,VHDU,31363.0,2007-10-13 00:00:00,1.0,7.570107617834429,4.6115007826263295,11.62,14.04,21.17,10.3,2,2 or more vehicles
3364462,2007-10-15 07:28:00,2007,1-d9,VHDU,31484.0,2007-10-15 07:30:00,2.0,2.0136638070808117,1.9957763377632372,4.41,0.89,2.25,0.9,1,1 vehicle
3364512,2007-10-15 08:57:00,2007,1-d8,VHDU,31392.0,2007-10-15 09:00:00,3.0,2.8084715161340466,1.811228203445721,16.63,8.15,12.35,0.1,1,1 vehicle
3364856,2007-10-15 15:12:00,2007,42-01,VHDU,1473.0,2007-10-15 15:10:00,2.0,6.002985886616956,5.682283768255924,9.37,14.56,17.31,3.21,1,1 vehicle
3365015,2007-10-15 19:31:00,2007,82-03,VHDU,3662.0,2007-10-15 19:30:00,1.0,3.4872033225204,4.2573804175106975,11.33,9.7,13.9,0.3,1,1 vehicle
3365203,2007-10-16 06:56:00,2007,85-04,VHDU,3696.0,2007-10-16 07:00:00,4.0,3.7734494530701133,4.839250240206277,7.15,6.48,10.45,0.54,1,1 vehicle
3365380,2007-10-16 11:45:00,2007,82-03,VHDU,3662.0,2007-10-16 11:40:00,5.0,3.5470801278103186,4.2573804175106975,11.33,7.8,11.2,1.7,1,1 vehicle
3366733,2007-10-18 05:29:00,2007,1-h4,VHDU,32097.0,2007-10-18 05:30:00,1.0,4.684017890675807,6.809457005645053,11.31,3.14,3.57,-1.6,1,1 vehicle
3369538,2007-10-20 20:00:00,2007,85-06,VHDU,3695.0,2007-10-20 20:00:00,0.0,2.189159509076315,2.7317239064768986,12.92,10.12,14.05,11.25,2,2 or more vehicles
3372677,2007-10-25 16:59:00,2007,92-07,VHDU,5981.0,2007-10-25 17:00:00,1.0,3.3838133005879323,4.3294707374769,12.7,12.95,21.89,11.1,1,1 vehicle
3373229,2007-10-26 11:12:00,2007,61-39,VHDU,2642.0,2007-10-26 11:10:00,2.0,2.4890341680903894,3.766087170529165,6.32,5.84,8.53,0.82,1,1 vehicle
3373304,2007-10-26 13:23:00,2007,35-05,VHDU,36411.0,2007-10-26 13:20:00,3.0,4.74249499644712,3.3689289838627756,4.84,4.29,6.47,3.4,1,1 vehicle
3373544,2007-10-26 19:28:00,2007,1-j1,VHDU,32097.0,2007-10-26 19:30:00,2.0,1.817721151093214,3.198771852515269,10.99,4.48,5.82,-2.2,2,2 or more vehicles
3373606,2007-10-26 22:02:00,2007,39-01,VHDU,31387.0,2007-10-26 22:00:00,2.0,5.3366103657490145,1.6348934580675056,15.67,4.42,6.31,0.4,1,1 vehicle
3374086,2007-10-27 17:39:00,2007,1-d8,VHDU,31392.0,2007-10-27 17:40:00,1.0,2.4504095437369147,1.811228203445721,16.63,4.05,5.29,-0.3,1,1 vehicle
3375085,2007-10-29 06:34:00,2007,54-09,VHDU,1936.0,2007-10-29 06:30:00,4.0,3.5676141850655103,0.5920738112219328,11.26,2.68,3.59,-2.08,1,1 vehicle
3375459,2007-10-29 16:29:00,2007,1-t1,VHDU,4271.0,2007-10-29 16:30:00,1.0,10.365013523104986,6.49991970936017,11.24,2.44,3.1,-2.62,1,1 vehicle
3376035,2007-10-30 15:53:00,2007,35-05,VHDU,36411.0,2007-10-30 15:50:00,3.0,2.708841227126858,3.3689289838627756,4.84,4.68,8.04,2.7,1,1 vehicle
3378421,2007-11-03 16:33:00,2007,35-01,VHDU,31399.0,2007-11-03 16:30:00,3.0,3.6383678595022957,4.900372212107007,8.51,2.72,5.1,6.4,2,2 or more vehicles
3378558,2007-11-03 19:13:00,2007,1-r7,VHDU,34326.0,2007-11-03 19:10:00,3.0,2.9736300565936293,5.941528897743506,10.1,7.56,13.43,3.6,1,1 vehicle
3379711,2007-11-05 21:29:00,2007,805-01,VHDU,3662.0,2007-11-05 21:30:00,1.0,4.083268140261962,6.567810528392527,10.5,2.4,6.9,2.4,1,1 vehicle
3379720,2007-11-05 18:32:00,2007,1-m2,VHDU,33419.0,2007-11-05 18:30:00,2.0,5.557335545394612,5.573498711103916,13.26,4.09,6.66,-0.4,1,1 vehicle
3381171,2007-11-07 16:07:00,2007,1-b2,VHDU,36156.0,2007-11-07 16:10:00,3.0,9.291049900196501,14.532829874348824,12.04,4.93,6.08,-0.6,1,1 vehicle
3382804,2007-11-09 19:00:00,2007,47-02,VHDU,1578.0,2007-11-09 19:00:00,0.0,13.357143791508339,12.096600493605075,11.5,1.5,2.09,3.5,2,2 or more vehicles
3382893,2007-11-09 22:34:00,2007,60-27,VHDU,2266.0,2007-11-09 22:30:00,4.0,15.662396119985354,14.45577917719672,9.24,5.32,6.66,2.05,1,1 vehicle
3382962,2007-11-10 00:24:00,2007,1-n1,VHDU,33357.0,2007-11-10 00:20:00,4.0,12.307782220452333,7.600410813299837,10.63,3.87,4.36,-3.9,1,1 vehicle
3383192,2007-11-10 08:33:00,2007,1-b7,VHDU,36132.0,2007-11-10 08:30:00,3.0,8.963184913233038,3.5572778320905845,13.1,2.17,3.14,5.9,1,1 vehicle
3383236,2007-11-10 11:45:00,2007,36-11,VHDU,1590.0,2007-11-10 11:40:00,5.0,3.743917068660718,4.097097125921327,7.99,15.89,19.81,-2.86,1,1 vehicle
3383263,2007-11-10 13:30:00,2007,35-04,VHDU,36411.0,2007-11-10 13:30:00,0.0,4.410173541325885,4.502054796897285,8.82,1.57,2.94,3.3,1,1 vehicle
3383319,2007-11-10 15:34:00,2007,1-p3,VHDU,3471.0,2007-11-10 15:30:00,4.0,17.881954709788868,17.04322593257332,10.59,2.27,3.82,0.72,1,1 vehicle
3383346,2007-11-10 16:31:00,2007,1-p3,VHDU,3471.0,2007-11-10 16:30:00,1.0,17.88509546567936,17.04322593257332,10.59,1.5,2.67,0.52,1,1 vehicle
3383529,2007-11-10 23:44:00,2007,85-01,VHDU,3477.0,2007-11-10 23:40:00,4.0,17.418160863996036,15.285116347461903,12.73,2.33,3.0,-1.5,1,1 vehicle
3384074,2007-11-11 20:55:00,2007,1-k5,VHDU,33204.0,2007-11-11 20:50:00,5.0,1.3547780029689862,0.4927782706765492,7.0,0.6,1.27,0.6,1,1 vehicle
3386454,2007-11-14 23:51:00,2007,33-04,VHDU,1395.0,2007-11-14 23:50:00,1.0,4.1187877350168645,3.8873317209957774,3.0,8.03,10.71,8.29,1,1 vehicle
3387422,2007-11-16 14:04:00,2007,1-k3,VHDU,2197.0,2007-11-16 14:00:00,4.0,2.797285821356551,5.350417813137898,11.87,3.16,4.73,6.62,1,1 vehicle
3387454,2007-11-16 14:51:00,2007,33-01,VHDU,31399.0,2007-11-16 14:50:00,1.0,10.038747010195417,10.766790604703466,12.83,3.33,5.98,5.7,1,1 vehicle
3387569,2007-11-16 18:00:00,2007,1-e2,VHDU,1481.0,2007-11-16 18:00:00,0.0,2.6632991169448585,3.0522745231845994,3.41,5.06,6.72,2.44,3,2 or more vehicles
3387912,2007-11-17 04:52:00,2007,43-01,VHDU,1362.0,2007-11-17 04:50:00,2.0,7.938571799180407,6.992961915312771,13.3,1.4,2.5,1.9,1,1 vehicle
3388030,2007-11-17 14:55:00,2007,30-06,VHDU,6515.0,2007-11-17 14:50:00,5.0,6.885747791566721,8.216483669108218,12.47,11.27,15.06,-1.1,1,1 vehicle
3388053,2007-11-17 16:02:00,2007,1-b8,VHDU,36127.0,2007-11-17 16:00:00,2.0,1.8184196918650535,4.576918755614081,11.82,8.09,19.21,0.5,1,1 vehicle
3388095,2007-11-17 17:45:00,2007,1-k2,VHDU,2197.0,2007-11-17 17:40:00,5.0,0.6799639000452409,6.007449718079592,12.01,18.82,23.94,-2.43,2,2 or more vehicles
3388592,2007-11-18 11:49:00,2007,1-p9,VHDU,3471.0,2007-11-18 11:50:00,1.0,3.93252152377464,3.634671517176708,1.58,1.87,3.23,-3.36,1,1 vehicle
3388593,2007-11-17 20:29:00,2007,1-h3,VHDU,31985.0,2007-11-17 20:30:00,1.0,15.973198838665743,14.515482652677305,9.02,17.87,25.68,-6.2,1,1 vehicle
3388626,2007-11-18 15:02:00,2007,427-04,VHDU,1362.0,2007-11-18 15:00:00,2.0,5.870145182094783,4.7832944778492354,7.14,4.2,7.6,0.7,1,1 vehicle
3390178,2007-11-20 16:31:00,2007,61-34,VHDU,2646.0,2007-11-20 16:30:00,1.0,8.96844366891161,10.1750264156985,13.39,6.12,10.78,1.19,1,1 vehicle
3391765,2007-11-22 18:24:00,2007,41-16,VHDU,31363.0,2007-11-22 18:20:00,4.0,7.470414821503925,4.6115007826263295,11.62,5.3,6.86,-0.1,1,1 vehicle
3392451,2007-11-23 19:02:00,2007,37-01,VHDU,36411.0,2007-11-23 19:00:00,2.0,9.462229353398959,9.470095378240474,12.23,5.0,8.82,2.7,1,1 vehicle
3393314,2007-11-25 03:16:00,2007,43-01,VHDU,1362.0,2007-11-25 03:20:00,4.0,5.904304702288778,6.992961915312771,13.3,4.7,5.7,-2.2,1,1 vehicle
3393467,2007-11-25 09:28:00,2007,1-b2,VHDU,36156.0,2007-11-25 09:30:00,2.0,15.655090001074118,14.532829874348824,12.04,8.15,11.17,-2.8,1,1 vehicle
3393809,2007-11-26 04:20:00,2007,1-g4,VHDU,31674.0,2007-11-26 04:20:00,0.0,1.09451732619924,2.9434338577391106,8.41,27.6,47.43,9.2,1,1 vehicle
3394766,2007-11-27 01:43:00,2007,1-g3,VHDU,1673.0,2007-11-27 01:40:00,3.0,7.724764374934536,5.382052364477969,11.64,5.22,6.76,3.69,1,1 vehicle
3395328,2007-11-26 20:40:00,2007,54-17,VHDU,31948.0,2007-11-26 20:40:00,0.0,10.008570711697633,8.505715469856504,7.44,5.45,9.8,3.6,1,1 vehicle
3395333,2007-11-27 21:13:00,2007,1-k1,VHDU,2197.0,2007-11-27 21:10:00,3.0,15.51316338978212,11.780964013867994,4.67,2.0,2.97,-1.17,1,1 vehicle
3395639,2007-11-28 13:40:00,2007,1-d9,VHDU,31484.0,2007-11-28 13:40:00,0.0,0.7837941919282093,1.9957763377632372,4.41,7.33,9.41,0.8,2,2 or more vehicles
3397119,2007-11-30 22:57:00,2007,56-01,VHDU,31948.0,2007-11-30 23:00:00,3.0,8.616490056943716,3.8833227234733703,10.98,16.52,24.01,-2.3,2,2 or more vehicles
3397602,2007-12-01 19:38:00,2007,767-01,VDU,3433.0,2007-12-01 19:40:00,2.0,12.85988091221142,16.62786732270217,10.75,1.8,2.12,-2.08,1,1 vehicle
3397661,2007-12-01 20:10:00,2007,83-02,VDU,3474.0,2007-12-01 20:10:00,0.0,9.733672416859612,4.255580081063748,9.29,4.77,5.35,-5.88,1,1 vehicle
3397707,2007-12-02 00:12:00,2007,36-11,VDU,1590.0,2007-12-02 00:10:00,2.0,3.776791310484859,4.097097125921327,7.99,8.25,10.79,-7.42,1,1 vehicle
3398024,2007-12-02 12:36:00,2007,1-q0,VDU,3471.0,2007-12-02 12:40:00,4.0,4.100312990878962,3.5305709872854014,2.13,7.43,10.03,0.96,1,1 vehicle
3398160,2007-12-02 19:57:00,2007,427-11,VDU,1486.0,2007-12-02 20:00:00,3.0,13.886783539917438,12.248048342736665,15.33,8.91,12.51,-2.85,1,1 vehicle
3399446,2007-12-04 08:23:00,2007,33-01,VDU,31399.0,2007-12-04 08:20:00,3.0,11.956003221617094,10.766790604703466,12.83,11.66,18.13,2.5,1,1 vehicle
3399789,2007-12-04 16:37:00,2007,60-04,VDU,2175.0,2007-12-04 16:40:00,3.0,19.942391075480014,18.560533055097217,7.97,10.45,12.38,1.83,1,1 vehicle
3400018,2007-12-04 23:04:00,2007,75-03,VDU,3433.0,2007-12-04 23:00:00,4.0,4.690955362678809,3.9158378277913126,9.46,0.15,0.52,-2.43,1,1 vehicle
3401380,2007-12-06 16:47:00,2007,41-15,VDU,1370.0,2007-12-06 16:50:00,3.0,3.316331980810039,1.361433362983291,13.29,4.33,4.6,-2.64,2,2 or more vehicles
3401641,2007-12-06 23:00:00,2007,429-02,VDU,1453.0,2007-12-06 23:00:00,0.0,5.783455254476606,6.251374669171158,4.32,1.13,1.56,-0.06,1,1 vehicle
3401914,2007-12-07 10:37:00,2007,1-m5,VDU,33431.0,2007-12-07 10:40:00,3.0,4.027896416947793,6.468729395855224,14.17,3.7,5.29,-7.1,4,2 or more vehicles
3402118,2007-12-07 17:05:00,2007,1-m5,VDU,33431.0,2007-12-07 17:00:00,5.0,11.807985000024427,6.468729395855224,14.17,5.74,6.57,-6.4,1,1 vehicle
3402234,2007-12-07 21:46:00,2007,43-01,VDU,1362.0,2007-12-07 21:50:00,4.0,9.240393448994672,6.992961915312771,13.3,6.9,8.9,-0.3,1,1 vehicle
3402253,2007-12-07 22:25:00,2007,45-03,VDU,1453.0,2007-12-07 22:20:00,5.0,3.6584132944994714,2.3575337504404903,4.33,6.75,8.43,-2.46,1,1 vehicle
3403470,2007-12-10 09:50:00,2007,1-d2,VDU,36308.0,2007-12-10 09:50:00,0.0,9.731857618997974,8.371302373817642,13.69,4.36,4.9,-6.1,2,2 or more vehicles
3404132,2007-12-10 20:17:00,2007,1-d8,VDU,31392.0,2007-12-10 20:20:00,3.0,3.4064685270629598,1.811228203445721,16.63,18.12,23.42,0.9,2,2 or more vehicles
3404823,2007-12-09 01:20:00,2007,41-15,VDU,1370.0,2007-12-09 01:20:00,0.0,3.041999296791788,1.361433362983291,13.29,1.6,2.12,-6.07,1,1 vehicle
3406145,2007-12-13 14:10:00,2007,41-16,VDU,31363.0,2007-12-13 14:10:00,0.0,6.648350363263436,4.6115007826263295,11.62,3.48,5.1,-0.3,2,2 or more vehicles
3409452,2007-12-18 09:09:00,2007,1-d8,VDU,31392.0,2007-12-18 09:10:00,1.0,2.2253505878381605,1.811228203445721,16.63,7.58,10.29,1.0,1,1 vehicle
3409722,2007-12-16 08:39:00,2007,1-b4,VDU,6045.0,2007-12-16 08:40:00,1.0,7.902192015227455,6.360219315714266,12.07,11.72,14.86,7.59,1,1 vehicle
3410069,2007-12-19 08:52:00,2007,37-01,VDU,36411.0,2007-12-19 08:50:00,2.0,8.810429450198045,9.470095378240474,12.23,10.63,14.11,6.9,1,1 vehicle
3410817,2007-12-19 23:50:00,2007,45-05,VDU,1453.0,2007-12-19 23:50:00,0.0,8.224861793965214,8.678819293723658,6.68,13.77,18.13,9.21,1,1 vehicle
3411787,2007-12-21 13:35:00,2007,1-r3,VDU,4303.0,2007-12-21 13:30:00,5.0,4.772329463130722,7.357819026477832,15.81,10.48,13.49,4.39,1,1 vehicle
3411970,2007-12-21 21:48:00,2007,1-d2,VDU,36308.0,2007-12-21 21:50:00,2.0,3.7819460373634803,8.371302373817642,13.69,6.58,9.21,3.3,1,1 vehicle
3412332,2007-12-22 10:51:00,2007,1-d8,VDU,31392.0,2007-12-22 10:50:00,1.0,3.2138288775625212,1.811228203445721,16.63,9.56,13.43,-0.6,1,1 vehicle
3412655,2007-12-22 22:56:00,2007,41-21,VDU,1453.0,2007-12-22 23:00:00,4.0,12.071744067363564,11.289462995374912,3.28,3.83,4.7,-1.36,1,1 vehicle
3413382,2007-12-24 13:30:00,2007,54-16,VDU,31942.0,2007-12-24 13:30:00,0.0,4.853962870376576,7.746523918762176,7.6,10.93,15.88,2.0,1,1 vehicle
3413556,2007-12-25 14:05:00,2007,1-f3,VDU,1479.0,2007-12-25 14:00:00,5.0,1.1496732990770004,1.1330985534714593,4.78,2.57,4.18,0.01,2,2 or more vehicles
3413567,2007-12-25 15:09:00,2007,1-f6,VDU,1578.0,2007-12-25 15:10:00,1.0,4.083306443601625,3.2714142691726864,3.61,3.12,5.29,-0.34,3,2 or more vehicles
3413792,2007-12-26 14:08:00,2007,518-01,VDU,1881.0,2007-12-26 14:10:00,2.0,13.010214919175812,15.708848790505064,6.24,4.8,9.44,-3.39,1,1 vehicle
3414543,2007-12-27 23:34:00,2007,41-15,VDU,1370.0,2007-12-27 23:30:00,4.0,4.46998514264033,1.361433362983291,13.29,2.65,3.26,-10.6,1,1 vehicle
3414927,2007-12-28 13:20:00,2007,204-02,VDU,6272.0,2007-12-28 13:20:00,0.0,16.72220288370782,14.607354581481458,12.03,2.42,3.2,-5.31,1,1 vehicle
3415072,2007-12-28 20:29:00,2007,43-01,VDU,1362.0,2007-12-28 20:30:00,1.0,1.9518809681439695,6.992961915312771,13.3,0.9,1.8,-5.0,1,1 vehicle
3415480,2007-12-29 16:38:00,2007,1-f6,VDU,1578.0,2007-12-29 16:40:00,2.0,4.190746737673661,3.2714142691726864,3.61,15.61,20.91,1.53,1,1 vehicle
3415846,2007-12-30 05:32:00,2007,1-n1,VDU,33357.0,2007-12-30 05:30:00,2.0,5.434199775610998,7.600410813299837,10.63,6.91,17.35,0.2,1,1 vehicle
3416443,2007-12-30 00:55:00,2007,41-16,VDU,31363.0,2007-12-30 00:50:00,5.0,8.738237220455542,4.6115007826263295,11.62,12.78,16.37,2.5,1,1 vehicle
3416797,2007-12-31 15:14:00,2007,1-e1,VDU,31484.0,2007-12-31 15:10:00,4.0,5.3905575995725945,4.9875155306340275,9.79,13.97,21.36,2.0,1,1 vehicle
3416919,2007-12-31 23:29:00,2007,505-01,VDU,1673.0,2007-12-31 23:30:00,1.0,4.110788702539243,7.819786282234574,11.68,19.83,27.15,5.76,1,1 vehicle
3417354,2008-01-01 13:45:00,2008,56-02,VDU,31948.0,2008-01-01 13:40:00,5.0,2.6052893215712816,4.089604367560472,5.42,13.52,17.84,-1.1,1,1 vehicle
3417537,2008-01-01 22:42:00,2008,574-07,VDU,1925.0,2008-01-01 22:40:00,2.0,2.249430940396327,3.065826324639123,5.1,9.7,19.6,1.1,1,1 vehicle
3417659,2008-01-02 07:13:00,2008,47-12,VDU,1673.0,2008-01-02 07:10:00,3.0,11.295967574596505,14.016496931096697,12.42,6.72,8.56,3.99,2,2 or more vehicles
3418163,2008-01-02 21:07:00,2008,1-k2,VDU,2197.0,2008-01-02 21:10:00,3.0,4.93791751893237,6.007449718079592,11.35,1.05,1.53,-0.27,3,2 or more vehicles
3419462,2008-01-04 19:46:00,2008,1-c0,VDU,6222.0,2008-01-04 19:50:00,4.0,6.235029999302132,6.323365886803895,10.13,8.58,13.82,2.56,1,1 vehicle
3420011,2008-01-05 19:28:00,2008,41-15,VDU,1370.0,2008-01-05 19:30:00,2.0,2.8049206989692164,1.361433362983291,13.29,3.74,4.67,1.28,1,1 vehicle
3420505,2008-01-06 16:10:00,2008,1-k9,VDU,3317.0,2008-01-06 16:10:00,0.0,4.64063300047504,5.731173545267037,11.4,3.93,5.58,0.37,1,1 vehicle
3422111,2008-01-07 14:41:00,2008,82-12,VDU,33750.0,2008-01-07 14:40:00,1.0,16.936911321741437,13.312291262430248,9.1,3.34,4.51,1.2,1,1 vehicle
3422819,2008-01-09 14:54:00,2008,1-k3,VDU,2197.0,2008-01-09 14:50:00,4.0,10.221067404347638,5.350417813137898,11.87,1.7,3.07,-2.83,2,2 or more vehicles
3424448,2008-01-12 07:57:00,2008,51-02,VDU,1673.0,2008-01-12 08:00:00,3.0,11.57705907988518,11.408055637162915,11.24,0.13,1.14,-1.27,2,2 or more vehicles
3425076,2008-01-13 18:24:00,2008,41-15,VDU,1370.0,2008-01-13 18:20:00,4.0,3.7092477007426137,1.361433362983291,13.29,4.66,6.3,-0.95,2,2 or more vehicles
3425644,2008-01-14 16:46:00,2008,41-16,VDU,31363.0,2008-01-14 16:50:00,4.0,9.073382011345743,4.6115007826263295,11.62,9.92,13.13,-1.3,3,2 or more vehicles
3425729,2008-01-14 19:55:00,2008,92-07,VDU,5981.0,2008-01-14 19:50:00,5.0,6.753126605327315,4.3294707374769,12.48,1.93,3.88,-3.65,2,2 or more vehicles
3425791,2008-01-14 17:55:00,2008,41-16,VDU,31363.0,2008-01-14 17:50:00,5.0,6.366760155603061,4.6115007826263295,11.62,9.03,12.64,-0.9,2,2 or more vehicles
3427540,2008-01-17 19:52:00,2008,503-01,VDU,1578.0,2008-01-17 19:50:00,2.0,12.276563829485514,13.049158483123596,3.23,4.93,6.27,-0.27,1,1 vehicle
3428451,2008-01-19 13:47:00,2008,41-16,VDU,31363.0,2008-01-19 13:50:00,3.0,3.229014515869582,4.6115007826263295,11.62,12.45,19.99,-1.8,1,1 vehicle
3428551,2008-01-19 17:13:00,2008,51-01,VDU,1578.0,2008-01-19 17:10:00,3.0,11.063873203985056,12.265311189363167,7.16,5.71,10.13,-0.93,1,1 vehicle
3428646,2008-01-19 21:43:00,2008,41-16,VDU,31363.0,2008-01-19 21:40:00,3.0,5.286888417429556,4.6115007826263295,11.62,8.29,10.88,-1.5,1,1 vehicle
3429062,2008-01-20 14:51:00,2008,1-d6,VDU,31399.0,2008-01-20 14:50:00,1.0,1.3618191899984957,2.8564832758413083,10.48,12.52,16.56,-0.3,1,1 vehicle
3429570,2008-01-21 13:04:00,2008,94-03,VDU,4271.0,2008-01-21 13:00:00,4.0,19.63553518119976,15.26307140589362,9.04,0.87,1.5,-1.84,2,2 or more vehicles
3431091,2008-01-23 16:14:00,2008,1-r1,VDU,4300.0,2008-01-23 16:10:00,4.0,5.907106297651493,4.229520579940802,3.94,10.32,13.43,-4.89,1,1 vehicle
3431189,2008-01-23 19:23:00,2008,1-h1,VDU,1881.0,2008-01-23 19:20:00,3.0,11.336472214694266,6.599972837831535,10.1,0.37,1.14,-5.45,2,2 or more vehicles
3431653,2008-01-24 16:17:00,2008,1-g3,VDU,1673.0,2008-01-24 16:20:00,3.0,7.806321384100222,5.382052364477969,11.64,7.82,10.52,-1.48,1,1 vehicle
3431775,2008-01-24 19:19:00,2008,1-g3,VDU,1673.0,2008-01-24 19:20:00,1.0,8.468156562149971,5.382052364477969,11.64,7.55,9.38,-0.54,1,1 vehicle
3432560,2008-01-25 20:58:00,2008,1-k1,VDU,2197.0,2008-01-25 21:00:00,2.0,15.10613405553911,11.780964013867994,0.91,3.65,6.2,-2.8,2,2 or more vehicles
3433155,2008-01-27 02:50:00,2008,1-f8,VDU,1578.0,2008-01-27 02:50:00,0.0,5.97469691387004,8.386002541654312,5.76,24.06,39.23,2.5,1,1 vehicle
3433316,2008-01-27 10:05:00,2008,1-d8,VDU,31392.0,2008-01-27 10:00:00,5.0,1.5297305672500876,1.811228203445721,16.63,23.01,32.14,2.5,1,1 vehicle
3434861,2008-01-30 06:47:00,2008,1-d9,VDU,31484.0,2008-01-30 06:50:00,3.0,1.2589121233808165,1.9957763377632372,4.41,1.44,2.35,-4.9,2,2 or more vehicles
3435316,2008-01-30 21:33:00,2008,61-30,VDU,32654.0,2008-01-30 21:30:00,3.0,3.899875420578155,3.1268205082111917,13.86,21.59,28.42,-2.5,2,2 or more vehicles
3435952,2008-02-01 07:49:00,2008,1-c3,VDU,6315.0,2008-02-01 07:50:00,1.0,0.6167807788238631,0.4198979929840348,5.03,3.32,4.83,-12.58,2,2 or more vehicles
3439371,2008-02-06 17:31:00,2008,1-d9,VDU,31484.0,2008-02-06 17:30:00,1.0,1.8134541702775695,1.9957763377632372,4.41,4.95,6.08,-2.1,1,1 vehicle
3439947,2008-02-07 15:54:00,2008,51-02,VDU,1673.0,2008-02-07 15:50:00,4.0,13.75130547127082,11.408055637162915,11.24,12.01,15.06,-2.88,2,2 or more vehicles
3440151,2008-02-07 18:23:00,2008,1-j1,VDU,32097.0,2008-02-07 18:20:00,3.0,6.734539967005508,3.198771852515269,10.99,19.49,22.25,-6.0,3,2 or more vehicles
3440345,2008-02-08 09:44:00,2008,41-16,VDU,31363.0,2008-02-08 09:40:00,4.0,6.211730725251763,4.6115007826263295,11.62,17.76,25.97,3.7,1,1 vehicle
3441249,2008-02-09 16:51:00,2008,1-g3,VDU,1673.0,2008-02-09 16:50:00,1.0,9.564918439931189,5.382052364477969,11.64,10.59,13.65,-1.99,3,2 or more vehicles
3441255,2008-02-09 16:34:00,2008,1-g3,VDU,1673.0,2008-02-09 16:30:00,4.0,9.742233104241608,5.382052364477969,11.64,8.81,10.22,-0.97,1,1 vehicle
3441287,2008-02-09 18:03:00,2008,41-15,VDU,1370.0,2008-02-09 18:00:00,3.0,2.6783433375691974,1.361433362983291,13.29,9.86,20.97,-0.37,1,1 vehicle
3441313,2008-02-09 19:12:00,2008,41-16,VDU,31363.0,2008-02-09 19:10:00,2.0,6.741508938967503,4.6115007826263295,11.62,17.49,23.62,-1.3,3,2 or more vehicles
3442342,2008-02-11 15:21:00,2008,1-h2,VDU,31985.0,2008-02-11 15:20:00,1.0,8.62321307785771,8.113869305983009,10.7,14.32,20.48,-3.8,6,2 or more vehicles
3442923,2008-02-12 15:05:00,2008,85-10,VDU,34700.0,2008-02-12 15:00:00,5.0,13.895150348113729,10.855714753491744,9.86,11.25,17.64,0.0,2,2 or more vehicles
3443301,2008-02-13 10:20:00,2008,1-d8,VDU,31392.0,2008-02-13 10:20:00,0.0,3.5854175607416,1.811228203445721,16.63,10.76,12.94,-0.1,1,1 vehicle
3443421,2008-02-13 13:46:00,2008,92-10,VDU,34087.0,2008-02-13 13:50:00,4.0,5.8259585609408,6.682100904890704,8.77,3.63,6.66,-3.5,2,2 or more vehicles
3443868,2008-02-14 10:55:00,2008,39-01,VDU,31387.0,2008-02-14 10:50:00,5.0,3.324145321742653,1.6348934580675056,15.67,10.0,13.35,4.7,3,2 or more vehicles
3444375,2008-02-15 06:56:00,2008,1-e1,VDU,31484.0,2008-02-15 07:00:00,4.0,0.3235648840151492,4.9875155306340275,9.79,6.84,10.09,3.1,2,2 or more vehicles
3445420,2008-02-17 00:53:00,2008,310-01,VDU,31399.0,2008-02-17 00:50:00,3.0,5.135663489489078,5.959429623210372,5.25,1.8,2.84,5.0,1,1 vehicle
3447986,2008-02-20 23:45:00,2008,1-p1,VDU,33357.0,2008-02-20 23:40:00,5.0,2.0338336797966994,2.6900827429345155,10.45,10.3,12.35,-1.0,2,2 or more vehicles
3448501,2008-02-21 17:46:00,2008,61-35,VDU,2646.0,2008-02-21 17:50:00,4.0,8.800364855395763,3.4147436857726188,13.64,0.55,2.15,-5.02,1,1 vehicle
3448545,2008-02-21 18:43:00,2008,54-17,VDU,31948.0,2008-02-21 18:40:00,3.0,6.3369960112393215,8.505715469856504,7.43,6.11,7.15,-4.7,1,1 vehicle
3449124,2008-02-22 17:38:00,2008,1-g4,VDU,31674.0,2008-02-22 17:40:00,2.0,6.62025209851346,2.9434338577391106,8.41,5.76,8.13,-0.4,1,1 vehicle
3450219,2008-02-24 20:30:00,2008,1-m9,VDU,3242.0,2008-02-24 20:30:00,0.0,5.772460339746262,5.492674552934827,11.1,2.09,3.2,-4.93,1,1 vehicle
3451101,2008-02-26 08:17:00,2008,910-12,VDU,4060.0,2008-02-26 08:20:00,3.0,10.36607920637916,12.176431630857552,10.9,3.07,7.45,-0.64,1,1 vehicle
3452168,2008-02-27 15:32:00,2008,1-q1,VDU,3471.0,2008-02-27 15:30:00,2.0,2.4650466678420897,2.742420285383358,7.1,1.0,1.47,-3.19,2,2 or more vehicles
3452194,2008-02-27 16:15:00,2008,1-q0,VDU,3471.0,2008-02-27 16:10:00,5.0,4.040766409423648,3.5305709872854014,2.13,0.81,1.24,-3.27,2,2 or more vehicles
3452274,2008-02-27 18:21:00,2008,41-16,VDU,31363.0,2008-02-27 18:20:00,1.0,7.390979261119109,4.6115007826263295,11.62,2.0,3.14,-2.0,2,2 or more vehicles
3453136,2008-02-29 07:30:00,2008,429-01,VDU,1453.0,2008-02-29 07:30:00,0.0,9.281811821604718,8.668989203579653,2.11,12.38,14.6,-0.26,2,2 or more vehicles
3453610,2008-02-29 18:00:00,2008,1-e1,VDU,31484.0,2008-02-29 18:00:00,0.0,0.6389290136251672,4.9875155306340275,9.79,8.31,10.29,-4.1,1,1 vehicle
3454602,2008-03-02 13:46:00,2008,1-k1,VDU,2197.0,2008-03-02 13:50:00,4.0,14.301523040123577,11.780964013867994,0.91,10.43,15.61,-2.93,2,2 or more vehicles
3454707,2008-03-02 17:32:00,2008,1-t1,VDU,4271.0,2008-03-02 17:30:00,2.0,3.6859246027318235,6.49991970936017,11.24,3.96,6.43,-4.28,1,1 vehicle
3455836,2008-03-04 16:06:00,2008,1-p1,VDU,33357.0,2008-03-04 16:10:00,4.0,1.734455024927666,2.6900827429345155,10.45,16.02,19.94,0.1,3,2 or more vehicles
3458410,2008-03-07 12:35:00,2008,821-02,VDU,3371.0,2008-03-07 12:30:00,5.0,10.82732000842969,10.215577281106947,3.94,0.5,0.94,-0.58,1,1 vehicle
3458886,2008-03-08 06:18:00,2008,75-02,VDU,3433.0,2008-03-08 06:20:00,2.0,18.40638593523817,13.688896355889275,13.94,1.17,2.31,-8.67,1,1 vehicle
3458905,2008-03-08 07:47:00,2008,1-g5,VDU,1779.0,2008-03-08 07:50:00,3.0,6.892545443779696,7.000866790432446,2.48,1.64,2.05,-5.02,3,2 or more vehicles
3458962,2008-03-08 12:52:00,2008,35-08,VDU,36519.0,2008-03-08 12:50:00,2.0,3.2682147408452424,5.046269591968834,8.83,5.75,6.23,-3.9,2,2 or more vehicles
3460368,2008-03-10 14:35:00,2008,76-09,VDU,33750.0,2008-03-10 14:30:00,5.0,2.4695300497038115,2.6673072887815006,13.47,2.4,4.31,-0.1,1,1 vehicle
3461166,2008-03-11 18:57:00,2008,92-10,VDU,34087.0,2008-03-11 19:00:00,3.0,6.0361611848371926,6.682100904890704,8.77,6.7,12.64,-0.5,3,2 or more vehicles
3462111,2008-03-13 08:32:00,2008,1-d9,VDU,31484.0,2008-03-13 08:30:00,2.0,0.4370244461058864,1.9957763377632372,4.41,9.75,13.43,-0.4,1,1 vehicle
3462356,2008-03-13 15:40:00,2008,1-d8,VDU,31392.0,2008-03-13 15:40:00,0.0,4.243974883427447,1.811228203445721,16.63,7.78,9.9,0.1,3,2 or more vehicles
3464870,2008-03-15 21:10:00,2008,1-c5,VDU,6315.0,2008-03-15 21:10:00,0.0,4.183412239596551,4.189300750163836,3.04,7.2,8.43,-6.23,1,1 vehicle
3466778,2008-03-20 01:53:00,2008,39-01,VDU,31387.0,2008-03-20 01:50:00,3.0,3.8063206256647035,1.6348934580675056,15.67,11.64,16.07,0.2,1,1 vehicle
3467285,2008-03-20 23:25:00,2008,1-c8,VDU,36308.0,2008-03-20 23:20:00,5.0,1.6476424389883713,4.831712605587408,10.24,8.53,11.66,-0.3,1,1 vehicle
3468894,2008-03-24 01:11:00,2008,41-16,VDU,31363.0,2008-03-24 01:10:00,1.0,7.362949226090433,4.6115007826263295,11.62,3.55,4.51,2.0,1,1 vehicle
3469633,2008-03-25 10:27:00,2008,60-01,VDU,31985.0,2008-03-25 10:30:00,3.0,4.130358751120693,4.3342196891503555,8.54,2.62,3.14,-6.0,1,1 vehicle
3471415,2008-03-27 18:50:00,2008,1-d8,VDU,31392.0,2008-03-27 18:50:00,0.0,3.5517785441811136,1.811228203445721,16.63,14.94,18.91,-3.3,1,1 vehicle
3471525,2008-03-27 21:50:00,2008,829-01,VDU,3471.0,2008-03-27 21:50:00,0.0,9.15097933985867,9.317363479954343,11.43,2.96,5.58,-2.95,1,1 vehicle
3474821,2008-04-02 14:57:00,2008,85-06,VHDU,3695.0,2008-04-02 15:00:00,3.0,3.7314129884864458,2.7317239064768986,12.92,8.71,10.65,0.85,1,1 vehicle
3475187,2008-04-03 08:20:00,2008,1-e1,VHDU,31484.0,2008-04-03 08:20:00,0.0,5.028582167022778,4.9875155306340275,9.79,9.29,12.35,2.3,3,2 or more vehicles
3475997,2008-04-04 11:11:00,2008,1-p2,VHDU,33357.0,2008-04-04 11:10:00,1.0,15.664372681582591,12.445794851228827,9.9,2.92,4.61,-7.3,2,2 or more vehicles
3476753,2008-04-05 14:07:00,2008,93-03,VHDU,4275.0,2008-04-05 14:10:00,3.0,4.355458596184314,6.981343938312302,14.04,14.08,15.24,-10.7,2,2 or more vehicles
3478664,2008-04-08 11:18:00,2008,34-02,VHDU,1395.0,2008-04-08 11:20:00,2.0,7.042620225161596,5.246626996155354,8.9,8.62,11.59,3.59,3,2 or more vehicles
3478960,2008-04-08 16:22:00,2008,54-06,VHDU,31948.0,2008-04-08 16:20:00,2.0,19.05287147281266,14.210592795930184,12.24,5.57,10.19,-2.6,1,1 vehicle
3479222,2008-04-09 06:09:00,2008,41-16,VHDU,31363.0,2008-04-09 06:10:00,1.0,7.247256529048011,4.6115007826263295,11.62,9.52,11.66,-0.7,2,2 or more vehicles
3479954,2008-03-29 10:00:00,2008,93-03,VDU,4275.0,2008-03-29 10:00:00,0.0,4.359737387612217,6.981343938312302,14.04,25.71,28.77,-7.9,2,2 or more vehicles
3480407,2008-04-11 07:45:00,2008,1-d6,VHDU,31399.0,2008-04-11 07:40:00,5.0,4.734187304226603,2.8564832758413083,10.48,11.59,14.9,1.6,4,2 or more vehicles
3480632,2008-04-11 13:10:00,2008,87-04,VHDU,3595.0,2008-04-11 13:10:00,0.0,6.34205029818141,4.7366046938966875,8.93,11.32,13.2,-3.37,1,1 vehicle
3481373,2008-04-12 14:38:00,2008,1-f5,VHDU,31579.0,2008-04-12 14:40:00,2.0,2.60193250156314,1.028741036313794,11.96,5.15,7.25,3.0,1,1 vehicle
3483086,2008-04-15 07:55:00,2008,1-p4,VHDU,3463.0,2008-04-15 07:50:00,5.0,2.785712638929054,6.428645425378839,11.46,7.25,10.85,0.93,2,2 or more vehicles
3483621,2008-04-09 22:00:00,2008,1-p4,VHDU,3463.0,2008-04-09 22:00:00,0.0,8.04354211107112,6.428645425378839,11.46,6.1,8.2,0.96,2,2 or more vehicles
3484113,2008-04-16 12:18:00,2008,1-h3,VHDU,31985.0,2008-04-16 12:20:00,2.0,12.504746530079714,14.515482652677305,9.02,12.75,16.46,3.5,1,1 vehicle
3489354,2008-04-24 00:24:00,2008,354-01,VHDU,6310.0,2008-04-24 00:20:00,4.0,10.477863206667559,11.762643828486516,8.96,5.74,7.97,6.68,1,1 vehicle
3489607,2008-04-24 13:05:00,2008,1-b0,VHDU,36156.0,2008-04-24 13:00:00,5.0,4.022014739872255,5.81305271343813,12.09,8.43,11.17,9.0,1,1 vehicle
3489697,2008-04-24 16:47:00,2008,76-08,VHDU,33750.0,2008-04-24 16:50:00,3.0,8.22795891267962,8.20722893967679,11.86,1.06,1.86,6.9,2,2 or more vehicles
3489804,2008-04-24 22:56:00,2008,931-03,VHDU,4060.0,2008-04-24 23:00:00,4.0,6.202367395263011,4.589215953742234,10.28,0.99,1.73,3.62,1,1 vehicle
3490621,2008-04-26 04:06:00,2008,1-g4,VHDU,31674.0,2008-04-26 04:10:00,4.0,0.7220786841908142,2.9434338577391106,8.41,12.57,21.27,3.7,1,1 vehicle
3491203,2008-04-27 05:06:00,2008,574-07,VHDU,1925.0,2008-04-27 05:10:00,4.0,3.4383693426287274,3.065826324639123,5.1,8.7,11.3,0.4,1,1 vehicle
3493543,2008-04-30 16:36:00,2008,1-f5,VHDU,31579.0,2008-04-30 16:40:00,4.0,0.10708984000937886,1.028741036313794,11.96,25.22,30.48,3.4,1,1 vehicle
3495433,2008-05-03 17:46:00,2008,41-17,VHDU,31363.0,2008-05-03 17:50:00,4.0,10.88923098336646,12.363112815580855,4.56,8.34,11.27,11.4,1,1 vehicle
3498667,2008-05-08 13:02:00,2008,33-01,VHDU,31399.0,2008-05-08 13:00:00,2.0,11.006900978201207,10.766790604703466,12.83,4.24,7.84,11.4,1,1 vehicle
3498974,2008-05-08 22:23:00,2008,47-12,VHDU,1673.0,2008-05-08 22:20:00,3.0,14.07696765158252,14.016496931096697,12.42,9.71,13.0,6.32,1,1 vehicle
3499225,2008-05-09 09:42:00,2008,1-j1,VHDU,32097.0,2008-05-09 09:40:00,2.0,0.1379111325751255,3.198771852515269,10.99,7.83,9.53,-1.8,2,2 or more vehicles
3499701,2008-05-09 20:43:00,2008,82-01,VHDU,3463.0,2008-05-09 20:40:00,3.0,2.5369208418919507,2.8505006265868884,10.93,2.24,3.85,-1.15,1,1 vehicle
3499768,2008-05-09 22:57:00,2008,45-01,VHDU,1453.0,2008-05-09 23:00:00,3.0,3.7300496425204654,6.206697467082469,5.8500000000000005,6.77,9.6,6.68,1,1 vehicle
3499816,2008-05-10 00:20:00,2008,1-m5,VHDU,33431.0,2008-05-10 00:20:00,0.0,10.9650961781878,6.468729395855224,14.17,6.59,11.66,-0.4,3,2 or more vehicles
3501592,2008-05-13 08:02:00,2008,1-g3,VHDU,1673.0,2008-05-13 08:00:00,2.0,5.660015928381153,5.382052364477969,11.64,2.63,3.29,8.09,2,2 or more vehicles
3501602,2008-05-13 08:46:00,2008,41-16,VHDU,31363.0,2008-05-13 08:50:00,4.0,3.749868381127913,4.6115007826263295,11.62,0.92,1.47,7.5,1,1 vehicle
3502604,2008-05-14 08:42:00,2008,92-10,VHDU,34087.0,2008-05-14 08:40:00,2.0,6.1211169226172215,6.682100904890704,8.77,0.73,1.18,4.1,1,1 vehicle
3503810,2008-05-15 17:16:00,2008,60-46,VHDU,2636.0,2008-05-15 17:20:00,4.0,1.7661335453740898,1.8431777366694395,7.21,2.82,3.49,2.68,2,2 or more vehicles
3504903,2008-05-17 09:26:00,2008,1-p6,VHDU,3471.0,2008-05-17 09:30:00,4.0,3.574921666717348,2.7742615388858822,4.92,3.1,4.21,6.18,1,1 vehicle
3505051,2008-05-17 16:27:00,2008,360-03,VHDU,1493.0,2008-05-17 16:30:00,3.0,14.449185917650658,12.333830388209408,12.42,4.12,5.42,3.98,1,1 vehicle
3507567,2008-05-21 08:42:00,2008,1-s5,VHDU,34238.0,2008-05-21 08:40:00,2.0,9.874359756413002,11.05888658286931,19.94,5.48,7.78,0.6,1,1 vehicle
3509717,2008-05-23 16:13:00,2008,41-21,VHDU,1453.0,2008-05-23 16:10:00,3.0,11.528770509046208,11.289462995374912,3.28,11.78,14.99,10.58,2,2 or more vehicles
3509789,2008-05-23 18:19:00,2008,510-01,VHDU,1779.0,2008-05-23 18:20:00,1.0,5.337298539142996,5.351139360952977,10.02,7.65,12.64,10.68,1,1 vehicle
3510283,2008-05-24 16:23:00,2008,35-04,VHDU,36411.0,2008-05-24 16:20:00,3.0,7.9043483826710785,4.502054796897285,8.82,4.26,6.27,12.2,1,1 vehicle
3510618,2008-05-25 02:46:00,2008,1-q1,VHDU,3471.0,2008-05-25 02:50:00,4.0,2.3197707873776237,2.742420285383358,7.1,4.38,7.77,10.43,1,1 vehicle
3511396,2008-05-26 10:09:00,2008,35-01,VHDU,31399.0,2008-05-26 10:10:00,1.0,6.21445972333282,4.900372212107007,8.51,5.4,9.02,9.0,3,2 or more vehicles
3513382,2008-05-28 14:21:00,2008,1-a6,VHDU,6272.0,2008-05-28 14:20:00,1.0,2.949346811990433,6.807758685564477,13.05,3.22,5.19,11.18,1,1 vehicle
3513436,2008-05-28 15:02:00,2008,47-11,VHDU,1685.0,2008-05-28 15:00:00,2.0,1.1364436458206708,2.85210964840569,13.71,5.84,7.12,12.19,1,1 vehicle
3513500,2008-05-28 13:00:00,2008,61-22,VHDU,32474.0,2008-05-28 13:00:00,0.0,9.532799131693398,10.555897121767453,11.51,1.47,2.35,8.4,1,1 vehicle
3522008,2008-06-08 23:14:00,2008,420-01,SDU,31363.0,2008-06-08 23:10:00,4.0,5.9314326745826875,3.8504227892375225,11.32,2.41,3.23,10.1,1,1 vehicle
3522480,2008-06-09 14:11:00,2008,41-16,SDU,31363.0,2008-06-09 14:10:00,1.0,8.695439070405204,4.6115007826263295,11.62,3.79,5.88,11.2,4,2 or more vehicles
3524442,2008-06-11 20:29:00,2008,92-09,SDU,5981.0,2008-06-11 20:30:00,1.0,4.851333104918884,3.9180680850954337,7.41,0.75,1.6,7.95,1,1 vehicle
3525495,2008-06-13 13:07:00,2008,30-02,SDU,6310.0,2008-06-13 13:10:00,3.0,8.772521153949052,7.228154041565046,8.89,4.03,7.74,15.18,2,2 or more vehicles
3525969,2008-06-13 21:09:00,2008,1-k2,SDU,2197.0,2008-06-13 21:10:00,1.0,9.050308772943623,6.007449718079592,11.35,4.11,5.19,8.68,1,1 vehicle
3527237,2008-06-16 00:25:00,2008,1-d8,SDU,31392.0,2008-06-16 00:20:00,5.0,5.465272180098976,1.811228203445721,16.63,3.15,4.02,5.6,1,1 vehicle
3528550,2008-06-17 20:06:00,2008,523-01,SDU,1881.0,2008-06-17 20:10:00,4.0,15.836090129794277,15.592786574815282,10.33,5.32,7.38,9.07,1,1 vehicle
3529399,2008-06-18 20:04:00,2008,54-02,SDU,1779.0,2008-06-18 20:00:00,4.0,8.343676739107218,11.0845394985849,12.06,7.6,10.62,8.56,1,1 vehicle
3530827,2008-06-20 21:29:00,2008,35-07,SDU,6515.0,2008-06-20 21:30:00,1.0,2.7136086372850676,2.481668592393056,11.46,3.84,5.71,10.62,2,2 or more vehicles
3531844,2008-06-22 12:34:00,2008,1-b1,SDU,36156.0,2008-06-22 12:30:00,4.0,2.103930397149583,4.49414143740731,8.79,5.75,8.23,12.4,1,1 vehicle
3531911,2008-06-22 15:53:00,2008,848-01,SDU,4300.0,2008-06-22 15:50:00,3.0,2.1879759669711882,6.386439163438794,8.690000000000001,3.09,4.93,9.43,1,1 vehicle
3532206,2008-06-22 18:10:00,2008,47-11,SDU,1685.0,2008-06-22 18:10:00,0.0,1.542795644708958,2.85210964840569,13.71,8.1,10.26,11.44,1,1 vehicle
3534075,2008-06-25 10:53:00,2008,1-a6,SDU,6272.0,2008-06-25 10:50:00,3.0,6.228746054712779,6.807758685564477,13.05,2.63,4.44,14.47,2,2 or more vehicles
3534078,2008-06-25 09:30:00,2008,645-04,SDU,2481.0,2008-06-25 09:30:00,0.0,11.823494458399985,12.952885722419191,6.95,2.99,3.69,10.65,1,1 vehicle
3534737,2008-06-26 07:11:00,2008,1-f7,SDU,1578.0,2008-06-26 07:10:00,1.0,5.6548723086368895,5.451325677960265,0.94,0.53,0.71,5.93,1,1 vehicle
3536031,2008-06-27 18:50:00,2008,1-f5,SDU,31579.0,2008-06-27 18:50:00,0.0,2.0260684816034282,1.028741036313794,11.96,3.74,6.66,15.3,1,1 vehicle
3536299,2008-06-28 11:58:00,2008,931-01,SDU,4271.0,2008-06-28 12:00:00,2.0,1.987852727187668,4.324276234984997,7.55,7.02,9.57,7.4,1,1 vehicle
3536601,2008-06-28 21:49:00,2008,76-07,SDU,33750.0,2008-06-28 21:50:00,1.0,12.800342941647013,16.692827548500365,13.91,9.26,12.45,5.1,1,1 vehicle
3536809,2008-06-29 04:43:00,2008,36-01,SDU,31399.0,2008-06-29 04:40:00,3.0,14.952055874561024,11.778691413624069,9.29,3.22,9.21,6.1,1,1 vehicle
3537439,2008-06-30 09:32:00,2008,60-43,SDU,2636.0,2008-06-30 09:30:00,2.0,19.618235530740336,19.90216801771169,8.64,6.97,8.88,0.0,1,1 vehicle
3539185,2008-07-02 15:58:00,2008,60-08,SDU,32179.0,2008-07-02 16:00:00,2.0,7.1519771014324425,3.63933878874034,9.25,7.65,13.72,7.7,1,1 vehicle
3540569,2008-07-04 12:46:00,2008,1-g4,SDU,31674.0,2008-07-04 12:50:00,4.0,5.7366669821260325,2.9434338577391106,8.41,1.16,2.06,14.4,1,1 vehicle
3540727,2008-07-04 13:28:00,2008,54-08,SDU,31840.0,2008-07-04 13:30:00,2.0,4.429594305984742,6.071345129860637,12.26,2.98,4.21,15.5,1,1 vehicle
3541401,2008-07-05 14:32:00,2008,83-02,SDU,3474.0,2008-07-05 14:30:00,2.0,12.992801173925692,4.255580081063748,9.29,3.44,5.32,15.26,2,2 or more vehicles
3542732,2008-07-07 09:18:00,2008,1-q8,SDU,33394.0,2008-07-07 09:20:00,2.0,10.633837681205145,11.48327425375174,10.05,1.31,2.08,7.4,1,1 vehicle
3543490,2008-07-08 12:14:00,2008,1-k8,SDU,3223.0,2008-07-08 12:10:00,4.0,15.144987078553571,15.384253879331345,11.41,4.91,6.86,9.22,1,1 vehicle
3546271,2008-07-12 05:10:00,2008,92-10,SDU,34087.0,2008-07-12 05:10:00,0.0,3.2026977026538286,6.682100904890704,8.77,0.23,1.18,4.6,1,1 vehicle
3546408,2008-07-12 13:59:00,2008,1-g4,SDU,31674.0,2008-07-12 14:00:00,1.0,1.8987488225230438,2.9434338577391106,8.41,13.93,24.5,12.6,1,1 vehicle
3546665,2008-07-13 00:27:00,2008,61-38,SDU,2646.0,2008-07-13 00:30:00,3.0,1.3575608314337466,3.8609028288009,8.5,2.06,4.18,11.87,1,1 vehicle
3546704,2008-07-12 23:52:00,2008,47-11,SDU,1685.0,2008-07-12 23:50:00,2.0,1.0892627146835117,2.85210964840569,13.71,5.39,13.1,13.2,1,1 vehicle
3548642,2008-07-15 15:15:00,2008,f210-07,SDU,6235.0,2008-07-15 15:10:00,5.0,10.760351374348565,9.86079912464895,28.97,9.62,14.54,8.02,1,1 vehicle
3549083,2008-07-16 14:41:00,2008,1-m4,SDU,33431.0,2008-07-16 14:40:00,1.0,0.0902835269043739,4.073257225176333,8.95,3.46,5.78,13.1,1,1 vehicle
3550655,2008-07-18 18:57:00,2008,41-15,SDU,1370.0,2008-07-18 19:00:00,3.0,4.156453590911305,1.361433362983291,13.29,5.84,7.81,14.08,1,1 vehicle
3550739,2008-07-18 22:31:00,2008,503-01,SDU,1578.0,2008-07-18 22:30:00,1.0,13.517318669215383,13.049158483123596,3.23,4.86,13.36,11.81,1,1 vehicle
3551366,2008-07-19 21:09:00,2008,26-01,SDU,6310.0,2008-07-19 21:10:00,1.0,9.953457789835912,8.661999678256562,8.98,6.09,7.97,13.82,1,1 vehicle
3551652,2008-07-20 03:45:00,2008,35-08,SDU,36519.0,2008-07-20 03:40:00,5.0,7.988765298278409,5.046269591968834,8.83,4.1,4.86,5.5,1,1 vehicle
3552309,2008-07-21 04:30:00,2008,1-c2,SDU,6315.0,2008-07-21 04:30:00,0.0,4.61476850818111,6.674890552366854,7.62,9.25,12.25,13.38,1,1 vehicle
3553267,2008-07-22 11:43:00,2008,845-01,SDU,3595.0,2008-07-22 11:40:00,3.0,17.658470220339687,14.971994230315154,10.4,5.86,7.42,10.87,2,2 or more vehicles
3553717,2008-07-23 10:37:00,2008,360-02,SDU,1493.0,2008-07-23 10:40:00,3.0,8.54669509716027,9.100636214623147,12.5,10.2,12.48,7.88,1,1 vehicle
3555643,2008-07-25 19:08:00,2008,1-h4,SDU,32097.0,2008-07-25 19:10:00,2.0,11.164011830434392,6.809457005645053,11.31,8.98,10.37,6.8,1,1 vehicle
3556235,2008-07-26 18:24:00,2008,1-q5,SDU,3474.0,2008-07-26 18:20:00,4.0,12.128106259191227,11.409165744035429,13.83,3.43,5.88,15.4,1,1 vehicle
3556250,2008-07-26 19:01:00,2008,358-01,SDU,6515.0,2008-07-26 19:00:00,1.0,7.736233626621444,5.210323808095943,6.29,5.91,9.57,16.18,1,1 vehicle
3556269,2008-07-26 19:54:00,2008,61-22,SDU,32474.0,2008-07-26 19:50:00,4.0,15.401011812484484,10.555897121767453,11.51,9.03,11.07,12.1,2,2 or more vehicles
3556754,2008-07-27 12:50:00,2008,1-e2,SDU,1481.0,2008-07-27 12:50:00,0.0,2.925268434077826,3.0522745231845994,3.41,7.87,11.11,17.64,2,2 or more vehicles
3557316,2008-07-28 11:37:00,2008,821-01,SDU,3471.0,2008-07-28 11:40:00,3.0,5.768720077125764,7.64609910465302,5.7,2.24,3.33,17.82,2,2 or more vehicles
3558236,2008-07-29 17:43:00,2008,60-47,SDU,2641.0,2008-07-29 17:40:00,3.0,1.4403836799542118,1.3076373185269048,4.95,2.15,2.97,18.99,2,2 or more vehicles
3559803,2008-07-31 19:34:00,2008,361-01,SDU,1596.0,2008-07-31 19:30:00,4.0,5.495870633350935,3.326180053188963,8.97,3.06,4.54,16.36,1,1 vehicle
3560763,2008-08-01 20:11:00,2008,1-g4,SDU,31674.0,2008-08-01 20:10:00,1.0,3.9439373482515783,2.9434338577391106,8.41,6.0,7.55,19.4,1,1 vehicle
3563054,2008-08-04 18:13:00,2008,1-r0,SDU,4300.0,2008-08-04 18:10:00,3.0,7.143509306769986,2.8862770126462127,12.38,4.78,6.95,10.34,1,1 vehicle
3565374,2008-08-07 12:55:00,2008,354-02,SDU,36411.0,2008-08-07 12:50:00,5.0,6.54506614839944,7.480070497946684,5.93,0.87,1.76,12.4,1,1 vehicle
3566021,2008-08-08 08:39:00,2008,54-02,SDU,1779.0,2008-08-08 08:40:00,1.0,13.445281955770817,11.0845394985849,12.06,4.37,6.14,8.79,1,1 vehicle
3566184,2008-08-08 17:13:00,2008,1-p2,SDU,33357.0,2008-08-08 17:10:00,3.0,12.043732458414475,12.445794851228827,9.9,4.15,6.17,9.9,2,2 or more vehicles
3566649,2008-08-09 13:13:00,2008,1-g4,SDU,31674.0,2008-08-09 13:10:00,3.0,3.85648957107088,2.9434338577391106,8.41,2.47,5.1,13.3,3,2 or more vehicles
3567496,2008-08-10 18:17:00,2008,252-04,SDU,6208.0,2008-08-10 18:20:00,3.0,12.847952277521351,10.746328865255864,7.24,4.87,6.33,11.57,1,1 vehicle
3567515,2008-08-10 18:58:00,2008,923-04,SDU,5940.0,2008-08-10 19:00:00,2.0,0.19115289502961255,4.644827788959874,11.66,6.67,8.36,7.7,1,1 vehicle
3567775,2008-08-11 09:19:00,2008,1-d6,SDU,31399.0,2008-08-11 09:20:00,1.0,1.9850546727713965,2.8564832758413083,10.48,4.31,8.43,12.2,3,2 or more vehicles
3568595,2008-08-12 05:42:00,2008,1-b7,SDU,36132.0,2008-08-12 05:40:00,2.0,1.4152029107122281,3.5572778320905845,13.1,1.03,1.86,10.0,1,1 vehicle
3569657,2008-08-13 12:31:00,2008,1-b4,SDU,6045.0,2008-08-13 12:30:00,1.0,7.573206034643002,6.360219315714266,12.07,8.05,11.73,13.27,1,1 vehicle
3569964,2008-08-13 20:08:00,2008,508-02,SDU,1779.0,2008-08-13 20:10:00,2.0,12.599958461776241,9.962187208971905,5.72,3.55,4.99,11.89,1,1 vehicle
3570103,2008-08-14 04:50:00,2008,85-03,SDU,3595.0,2008-08-14 04:50:00,0.0,11.796166024237255,11.086744627975602,11.12,5.35,5.91,5.94,1,1 vehicle
3570586,2008-08-14 21:15:00,2008,82-12,SDU,33750.0,2008-08-14 21:10:00,5.0,15.103726317991226,13.312291262430248,9.1,9.8,13.03,12.3,1,1 vehicle
3572264,2008-08-17 07:02:00,2008,420-01,SDU,31363.0,2008-08-17 07:00:00,2.0,7.306739213138966,3.8504227892375225,11.32,8.11,11.37,11.3,1,1 vehicle
3572557,2008-08-17 21:27:00,2008,518-03,SDU,6802.0,2008-08-17 21:30:00,3.0,2.967410774418529,3.1057314137550858,11.43,1.92,6.89,12.89,1,1 vehicle
3574222,2008-08-20 08:15:00,2008,41-17,SDU,31363.0,2008-08-20 08:10:00,5.0,11.179885838366113,12.363112815580855,4.56,4.04,5.49,9.9,2,2 or more vehicles
3574766,2008-08-20 17:34:00,2008,864-04,SDU,4614.0,2008-08-20 17:30:00,4.0,10.03868289987821,5.824974314692375,11.87,1.94,5.12,14.04,1,1 vehicle
3575663,2008-08-21 21:17:00,2008,61-40,SDU,2642.0,2008-08-21 21:20:00,3.0,0.8136662533494485,0.7927433448582768,1.64,2.14,3.72,12.14,1,1 vehicle
3575760,2008-08-22 01:29:00,2008,35-05,SDU,36411.0,2008-08-22 01:30:00,1.0,3.5626256018874463,3.3689289838627756,4.84,4.58,6.27,10.5,1,1 vehicle
3576083,2008-08-22 13:12:00,2008,f88-02,SDU,4019.0,2008-08-22 13:10:00,2.0,11.67191096438234,6.364211851500939,20.48,1.12,3.65,13.1,2,2 or more vehicles
3576828,2008-08-23 17:47:00,2008,1-d2,SDU,36308.0,2008-08-23 17:50:00,3.0,8.342462026446338,8.371302373817642,13.69,7.06,10.39,10.6,2,2 or more vehicles
3577285,2008-08-24 07:35:00,2008,60-31,SDU,32355.0,2008-08-24 07:30:00,5.0,5.852167508069144,7.32961150790444,14.76,3.6,5.78,5.0,1,1 vehicle
3580252,2008-08-26 17:00:00,2008,41-16,SDU,31363.0,2008-08-26 17:00:00,0.0,10.306462457494156,4.6115007826263295,11.62,6.99,9.51,10.9,1,1 vehicle
3580717,2008-08-28 14:05:00,2008,504-01,SDU,1673.0,2008-08-28 14:00:00,5.0,9.057359146770285,8.596816864341474,6.63,7.65,10.62,10.78,2,2 or more vehicles
3581476,2008-08-30 06:09:00,2008,41-17,SDU,31363.0,2008-08-30 06:10:00,1.0,10.84793997114168,12.363112815580855,4.56,8.13,11.07,10.3,2,2 or more vehicles
3581923,2008-08-31 01:38:00,2008,35-04,SDU,36411.0,2008-08-31 01:40:00,2.0,6.046364989651816,4.502054796897285,8.82,4.93,6.66,8.5,1,1 vehicle
3583770,2008-09-02 14:28:00,2008,59-02,SDU,32190.0,2008-09-02 14:30:00,2.0,9.134010850474054,3.972460559685162,14.7,14.38,19.31,9.3,1,1 vehicle
3583920,2008-09-02 17:52:00,2008,1-r1,SDU,4300.0,2008-09-02 17:50:00,2.0,3.3391385704047702,4.229520579940802,3.94,4.32,7.57,8.97,3,2 or more vehicles
3584161,2008-09-03 06:35:00,2008,41-15,SDU,1370.0,2008-09-03 06:30:00,5.0,1.1666038021313812,1.361433362983291,13.29,1.21,2.25,6.06,1,1 vehicle
3585509,2008-09-04 18:25:00,2008,1-g8,SDU,1779.0,2008-09-04 18:20:00,5.0,6.161227741612102,4.97049771952842,8.600000000000001,4.58,5.84,10.41,3,2 or more vehicles
3586872,2008-09-06 17:23:00,2008,425-02,SDU,1362.0,2008-09-06 17:20:00,3.0,4.204049248969539,6.245785304434773,14.76,5.6,8.5,10.8,2,2 or more vehicles
3587337,2008-09-07 08:49:00,2008,1-s4,SDU,34238.0,2008-09-07 08:50:00,1.0,3.578419635755895,2.044687902619077,12.03,4.46,6.7,5.9,1,1 vehicle
3588510,2008-09-09 03:38:00,2008,45-01,SDU,1453.0,2008-09-09 03:40:00,2.0,6.902238037993404,6.206697467082469,5.8500000000000005,13.83,19.7,11.41,1,1 vehicle
3588560,2008-09-09 08:07:00,2008,1-d8,SDU,31392.0,2008-09-09 08:10:00,3.0,3.9550093910206767,1.811228203445721,16.63,8.06,10.68,8.5,2,2 or more vehicles
3589136,2008-09-10 00:30:00,2008,1-e1,SDU,31484.0,2008-09-10 00:30:00,0.0,4.026762001740751,4.9875155306340275,9.79,1.66,2.16,6.8,1,1 vehicle
3590280,2008-09-10 17:04:00,2008,1-d8,SDU,31392.0,2008-09-10 17:00:00,4.0,5.753719781956217,1.811228203445721,16.63,4.91,6.76,11.1,1,1 vehicle
3591150,2008-09-11 22:51:00,2008,34-05,SDU,1395.0,2008-09-11 22:50:00,1.0,2.7750006918655004,4.455773978664814,11.97,2.39,2.64,8.57,1,1 vehicle
3592896,2008-09-15 05:49:00,2008,43-01,SDU,1361.0,2008-09-15 05:50:00,1.0,8.717710466144013,6.488135829451195,13.3,5.5,7.77,10.78,1,1 vehicle
3594961,2008-09-10 15:31:00,2008,92-07,SDU,5981.0,2008-09-10 15:30:00,1.0,1.8465580116392877,4.3294707374769,12.48,6.07,10.55,12.99,1,1 vehicle
3595491,2008-09-18 13:49:00,2008,1-f5,SDU,31579.0,2008-09-18 13:50:00,1.0,5.713727120765329,1.028741036313794,11.96,10.96,16.07,10.3,1,1 vehicle
3595558,2008-09-18 15:29:00,2008,9340-02,SDU,4060.0,2008-09-18 15:30:00,1.0,16.698729341300183,19.15125495879788,5.95,2.26,8.07,11.78,1,1 vehicle
3596352,2008-09-20 00:27:00,2008,429-02,SDU,1453.0,2008-09-20 00:30:00,3.0,5.9781252238999265,6.251374669171158,4.32,17.03,22.34,10.48,1,1 vehicle
3596545,2008-09-20 09:39:00,2008,1-e1,SDU,31484.0,2008-09-20 09:40:00,1.0,9.444283269156978,4.9875155306340275,9.79,9.33,14.9,6.8,2,2 or more vehicles
3599752,2008-09-25 14:09:00,2008,518-02,SDU,6802.0,2008-09-25 14:10:00,1.0,17.7066501467212,14.938071940975734,13.59,6.41,10.98,9.48,1,1 vehicle
3599977,2008-09-20 22:17:00,2008,41-16,SDU,31363.0,2008-09-20 22:20:00,3.0,0.483555006884807,4.6115007826263295,11.62,6.75,9.02,3.3,1,1 vehicle
3600666,2008-09-26 18:24:00,2008,35-02,SDU,31399.0,2008-09-26 18:20:00,4.0,15.949698621603089,12.28642901367293,7.8,14.4,20.19,7.7,1,1 vehicle
3600746,2008-09-26 20:25:00,2008,1-j2,SDU,32097.0,2008-09-26 20:20:00,5.0,17.497001030655476,12.851629039775409,9.98,9.06,11.05,4.0,2,2 or more vehicles
3601666,2008-09-28 11:11:00,2008,809-01,SDU,33563.0,2008-09-28 11:10:00,1.0,6.446207520024494,6.458607183034007,1.93,3.18,5.98,9.1,1,1 vehicle
3602487,2008-09-29 10:40:00,2008,35-02,SDU,31399.0,2008-09-29 10:40:00,0.0,12.737786483344479,12.28642901367293,7.8,5.82,10.39,7.6,2,2 or more vehicles
3603406,2008-10-01 05:22:00,2008,1-m3,VHDU,33431.0,2008-10-01 05:20:00,2.0,11.751122685360292,13.227469441125152,11.32,11.45,17.25,-1.9,1,1 vehicle
3603516,2008-10-01 10:21:00,2008,1-m2,VHDU,33419.0,2008-10-01 10:20:00,1.0,7.418338246879596,5.573498711103916,13.26,9.28,11.86,0.8,1,1 vehicle
3603849,2008-10-01 21:43:00,2008,1-c2,VHDU,6315.0,2008-10-01 21:40:00,3.0,8.493521759751522,6.674890552366854,7.62,7.81,9.64,0.9,1,1 vehicle
3604007,2008-10-02 08:30:00,2008,1-p6,VHDU,3471.0,2008-10-02 08:30:00,0.0,2.9389715496563547,2.7742615388858822,4.92,5.63,8.0,-1.56,2,2 or more vehicles
3604979,2008-10-03 15:20:00,2008,f338-01,VHDU,36519.0,2008-10-03 15:20:00,0.0,8.934711163360303,13.93349128520185,25.69,5.33,7.21,-0.4,1,1 vehicle
3605303,2008-10-04 02:25:00,2008,1-d8,VHDU,31392.0,2008-10-04 02:20:00,5.0,5.247960590537241,1.811228203445721,16.63,3.05,6.86,-2.5,1,1 vehicle
3605458,2008-10-04 10:45:00,2008,829-02,VHDU,3371.0,2008-10-04 10:40:00,5.0,7.169964765646217,1.9391685769392983,15.75,4.07,5.74,1.88,2,2 or more vehicles
3607127,2008-10-01 11:00:00,2008,52-02,VHDU,1689.0,2008-10-01 11:00:00,0.0,13.257441145795234,12.04572010508629,14.69,14.01,17.35,-1.47,1,1 vehicle
3607245,2008-10-07 12:40:00,2008,45-01,VHDU,1453.0,2008-10-07 12:40:00,0.0,7.957052490132394,6.206697467082469,5.8500000000000005,9.79,14.41,10.76,1,1 vehicle
3607701,2008-10-08 07:37:00,2008,41-16,VHDU,31363.0,2008-10-08 07:40:00,3.0,2.852767162709769,4.6115007826263295,11.62,3.23,3.43,3.2,1,1 vehicle
3607709,2008-10-08 07:32:00,2008,41-16,VHDU,31363.0,2008-10-08 07:30:00,2.0,3.3914167546177865,4.6115007826263295,11.62,2.98,3.23,3.4,2,2 or more vehicles
3607714,2008-10-08 07:52:00,2008,41-15,VHDU,1370.0,2008-10-08 07:50:00,2.0,1.0436554258566488,1.361433362983291,13.29,4.23,4.41,2.4,1,1 vehicle
3610781,2008-10-13 12:14:00,2008,92-07,VHDU,5981.0,2008-10-13 12:10:00,4.0,2.5317605076721703,4.3294707374769,12.48,5.81,7.58,6.56,2,2 or more vehicles
3611032,2008-10-13 18:43:00,2008,1-g1,VHDU,1578.0,2008-10-13 18:40:00,3.0,9.98841605700713,11.984962478044778,10.93,7.15,10.22,6.7,2,2 or more vehicles
3611302,2008-10-14 08:09:00,2008,35-01,VHDU,31399.0,2008-10-14 08:10:00,1.0,7.28439437416585,4.900372212107007,8.51,3.22,4.02,2.2,1,1 vehicle
3612423,2008-10-15 22:12:00,2008,1-n1,VHDU,33357.0,2008-10-15 22:10:00,2.0,5.993942222492361,7.600410813299837,10.63,2.48,2.99,-3.7,1,1 vehicle
3613023,2008-10-16 23:29:00,2008,34-02,VHDU,1395.0,2008-10-16 23:30:00,1.0,2.692399974072602,5.246626996155354,8.9,7.78,10.61,7.57,1,1 vehicle
3613894,2008-10-18 03:28:00,2008,41-16,VHDU,31363.0,2008-10-18 03:30:00,2.0,6.360743346915332,4.6115007826263295,11.62,4.59,5.68,1.7,1,1 vehicle
3613899,2008-10-18 06:09:00,2008,1-d6,VHDU,31399.0,2008-10-18 06:10:00,1.0,3.901100000036782,2.8564832758413083,10.48,0.01,0.1,1.1,1,1 vehicle
3616609,2008-10-22 13:58:00,2008,1-d2,VHDU,36308.0,2008-10-22 14:00:00,2.0,7.34013999399985,8.371302373817642,13.69,7.24,8.72,0.6,2,2 or more vehicles
3616666,2008-10-22 15:21:00,2008,1-d2,VHDU,36308.0,2008-10-22 15:20:00,1.0,8.018561432454083,8.371302373817642,13.69,3.97,5.78,0.7,1,1 vehicle
3616821,2008-10-22 22:38:00,2008,41-16,VHDU,31363.0,2008-10-22 22:40:00,2.0,10.114270107077834,4.6115007826263295,11.62,7.87,11.56,0.9,1,1 vehicle
3616978,2008-10-23 10:46:00,2008,1-k2,VHDU,2197.0,2008-10-23 10:50:00,4.0,6.792473202254294,6.007449718079592,11.35,7.74,9.44,1.1,1,1 vehicle
3617359,2008-10-23 23:53:00,2008,1-d8,VHDU,31392.0,2008-10-23 23:50:00,3.0,0.1947566631339139,1.811228203445721,16.63,20.38,20.38,-1.8,1,1 vehicle
3617576,2008-10-24 11:30:00,2008,1-g4,VHDU,31674.0,2008-10-24 11:30:00,0.0,1.0098399775783975,2.9434338577391106,8.41,13.47,17.74,-0.5,1,1 vehicle
3617587,2008-10-24 11:46:00,2008,1-q3,VHDU,3474.0,2008-10-24 11:50:00,4.0,7.3763339987712575,3.9336919245067903,13.42,16.48,20.81,-3.84,2,2 or more vehicles
3618295,2008-10-25 16:31:00,2008,1-f5,VHDU,31579.0,2008-10-25 16:30:00,1.0,0.841708661387291,1.028741036313794,11.96,14.76,22.05,-0.6,4,2 or more vehicles
3618851,2008-10-26 17:03:00,2008,1-p3,VHDU,3471.0,2008-10-26 17:00:00,3.0,14.016738704517925,17.04322593257332,10.59,8.89,12.97,0.44,2,2 or more vehicles
3620127,2008-10-28 18:20:00,2008,60-30,VHDU,32355.0,2008-10-28 18:20:00,0.0,3.1175206706023983,0.3700734187950305,11.8,6.57,8.92,-0.9,1,1 vehicle
3621553,2008-10-31 13:18:00,2008,45-01,VHDU,1453.0,2008-10-31 13:20:00,2.0,6.392363234598688,6.206697467082469,5.8500000000000005,11.86,15.78,7.74,1,1 vehicle
3621559,2008-10-31 12:28:00,2008,50-01,VHDU,1779.0,2008-10-31 12:30:00,2.0,5.567364912011011,3.6583584434854974,9.24,10.28,18.0,6.46,1,1 vehicle
3622967,2008-11-03 08:56:00,2008,360-03,VHDU,1493.0,2008-11-03 09:00:00,4.0,15.691091177577924,12.333830388209408,12.42,9.27,11.73,1.55,1,1 vehicle
3624078,2008-11-05 07:45:00,2008,61-45,VHDU,32643.0,2008-11-05 07:40:00,5.0,2.9353220795828343,1.843407294456912,8.9,4.74,16.95,6.9,1,1 vehicle
3626889,2008-11-09 10:51:00,2008,54-02,VHDU,1779.0,2008-11-09 10:50:00,1.0,11.592666453566247,11.0845394985849,12.06,5.27,7.84,4.55,1,1 vehicle
3626897,2008-11-09 11:03:00,2008,1-g9,VHDU,1881.0,2008-11-09 11:00:00,3.0,10.546138131893652,9.88836273306173,9.12,7.31,11.53,5.07,1,1 vehicle
3627565,2008-11-10 14:04:00,2008,60-46,VHDU,2636.0,2008-11-10 14:00:00,4.0,5.154184589001485,1.8431777366694395,7.21,14.02,19.92,-6.04,1,1 vehicle
3628045,2008-11-11 11:46:00,2008,42-01,VHDU,1473.0,2008-11-11 11:50:00,4.0,7.616895535349058,5.682283768255924,9.37,6.41,8.53,1.79,1,1 vehicle
3629315,2008-11-13 12:55:00,2008,1-p3,VHDU,3471.0,2008-11-13 12:50:00,5.0,18.439222283914347,17.04322593257332,10.59,8.63,12.32,0.33,2,2 or more vehicles
3630104,2008-11-14 17:58:00,2008,37-01,VHDU,36411.0,2008-11-14 18:00:00,2.0,8.979760802114054,9.470095378240474,12.23,1.47,1.96,0.0,1,1 vehicle
3630175,2008-11-14 20:37:00,2008,61-36,VHDU,2646.0,2008-11-14 20:40:00,3.0,9.464549886248768,6.510486031780955,9.93,7.26,17.74,-1.65,1,1 vehicle
3630206,2008-11-14 22:20:00,2008,1-m3,VHDU,33431.0,2008-11-14 22:20:00,0.0,15.041526147227211,13.227469441125152,11.32,3.19,4.12,-3.0,1,1 vehicle
3630237,2008-11-14 22:30:00,2008,54-16,VHDU,31942.0,2008-11-14 22:30:00,0.0,10.99951628675115,7.746523918762176,7.6,11.79,16.07,-2.0,1,1 vehicle
3630985,2008-11-16 07:46:00,2008,30-02,VHDU,6310.0,2008-11-16 07:50:00,4.0,8.550451959647326,7.228154041565046,8.89,3.06,4.05,-4.47,1,1 vehicle
3631007,2008-11-16 10:38:00,2008,1-d1,VHDU,36308.0,2008-11-16 10:40:00,2.0,0.023635860898338756,1.5292496506417883,3.18,0.47,1.47,0.4,1,1 vehicle
3633880,2008-11-20 16:47:00,2008,821-01,VHDU,3471.0,2008-11-20 16:50:00,3.0,9.95603834867341,7.64609910465302,5.7,2.19,2.97,-4.3,1,1 vehicle
3635102,2008-11-22 13:15:00,2008,54-09,VHDU,1936.0,2008-11-22 13:10:00,5.0,1.9076877873571938,0.5920738112219328,11.26,9.93,14.8,3.41,1,1 vehicle
3635150,2008-11-22 19:08:00,2008,35-03,VHDU,36411.0,2008-11-22 19:10:00,2.0,15.991180206028938,12.565510462223775,8.47,2.57,3.53,0.5,1,1 vehicle
3635509,2008-11-23 13:18:00,2008,54-09,VHDU,1936.0,2008-11-23 13:20:00,2.0,0.6916482206610802,0.5920738112219328,11.26,13.89,20.74,0.91,1,1 vehicle
3635631,2008-11-23 18:56:00,2008,85-27,VHDU,4652.0,2008-11-23 19:00:00,4.0,15.907574873785876,15.062005699875211,7.41,7.51,10.06,-0.75,1,1 vehicle
3635656,2008-11-23 16:03:00,2008,85-04,VHDU,3696.0,2008-11-23 16:00:00,3.0,6.8046171988306146,4.839250240206277,7.15,1.67,3.49,-1.2,1,1 vehicle
3636286,2008-11-24 20:03:00,2008,1-r1,VHDU,4300.0,2008-11-24 20:00:00,3.0,6.492877127052979,4.229520579940802,3.94,12.5,14.31,-1.02,1,1 vehicle
3636345,2008-11-24 23:39:00,2008,1-f5,VHDU,31579.0,2008-11-24 23:40:00,1.0,4.499026082091964,1.028741036313794,11.96,7.3,9.11,2.7,1,1 vehicle
3638537,2008-11-28 14:31:00,2008,1-k8,VHDU,3223.0,2008-11-28 14:30:00,1.0,15.759390267223418,15.384253879331345,11.41,6.23,8.95,-4.48,1,1 vehicle
3640431,2008-12-02 00:36:00,2008,51-02,VDU,1673.0,2008-12-02 00:40:00,4.0,11.197217993217983,11.408055637162915,11.24,5.53,8.2,-2.25,1,1 vehicle
3641189,2008-12-03 07:03:00,2008,41-16,VDU,31363.0,2008-12-03 07:00:00,3.0,6.941151021930321,4.6115007826263295,11.62,11.83,16.86,-0.3,1,1 vehicle
3642723,2008-12-05 14:17:00,2008,75-06,VDU,3433.0,2008-12-05 14:20:00,3.0,7.390062347577105,4.244214080639283,11.95,1.06,1.79,-3.33,2,2 or more vehicles
3642833,2008-12-05 19:06:00,2008,1-g8,VDU,1779.0,2008-12-05 19:10:00,4.0,6.135420789790032,4.97049771952842,8.600000000000001,2.46,3.23,-8.88,2,2 or more vehicles
3643207,2008-12-06 11:58:00,2008,1-h2,VDU,31985.0,2008-12-06 12:00:00,2.0,8.107489634037812,8.113869305983009,10.7,13.16,18.03,0.9,1,1 vehicle
3644289,2008-12-08 10:44:00,2008,41-16,VDU,31363.0,2008-12-08 10:40:00,4.0,4.063659969357677,4.6115007826263295,11.62,0.35,2.25,-1.2,1,1 vehicle
3644361,2008-12-08 11:56:00,2008,54-11,VDU,31931.0,2008-12-08 12:00:00,4.0,11.146399144187193,8.506662669927525,11.07,1.8,3.33,-3.7,1,1 vehicle
3646133,2008-12-11 14:26:00,2008,37-01,VDU,36411.0,2008-12-11 14:30:00,4.0,9.31729586180503,9.470095378240474,12.23,11.0,16.66,1.2,1,1 vehicle
3646738,2008-12-12 11:39:00,2008,1-c2,VDU,6315.0,2008-12-12 11:40:00,1.0,5.72152548686942,6.674890552366854,7.62,3.5,4.41,-2.34,1,1 vehicle
3647955,2008-12-14 15:33:00,2008,261-02,VDU,6222.0,2008-12-14 15:30:00,3.0,0.2593272509813811,0.9555180049138156,13.75,3.34,4.14,-1.22,1,1 vehicle
3647971,2008-12-14 16:23:00,2008,36-06,VDU,1596.0,2008-12-14 16:20:00,3.0,7.640745384665969,5.4322212477658764,10.69,0.98,2.15,-8.41,1,1 vehicle
3648755,2008-12-16 00:31:00,2008,54-15,VDU,31942.0,2008-12-16 00:30:00,1.0,4.100927567388068,0.3649829257412452,9.1,14.1,22.74,2.2,2,2 or more vehicles
3650002,2008-12-18 05:41:00,2008,34-03,VDU,1395.0,2008-12-18 05:40:00,1.0,2.594365934797632,1.9799264204565696,1.52,2.88,4.67,-6.86,1,1 vehicle
3650801,2008-12-19 15:17:00,2008,51-01,VDU,1578.0,2008-12-19 15:20:00,3.0,11.156955938534354,12.265311189363167,7.16,3.71,4.83,1.27,1,1 vehicle
3650847,2008-12-19 16:31:00,2008,1-g1,VDU,1578.0,2008-12-19 16:30:00,1.0,14.967253928606523,11.984962478044778,10.93,4.32,5.52,-1.51,2,2 or more vehicles
3650906,2008-12-19 19:00:00,2008,37-01,VDU,36411.0,2008-12-19 19:00:00,0.0,8.955143042438154,9.470095378240474,12.23,0.21,0.88,-4.9,3,2 or more vehicles
3651507,2008-12-20 23:19:00,2008,76-04,VDU,3433.0,2008-12-20 23:20:00,1.0,19.588486803678773,16.232218446531423,13.06,0.99,1.89,-7.92,1,1 vehicle
3651592,2008-12-21 01:55:00,2008,45-03,VDU,1453.0,2008-12-21 01:50:00,5.0,3.370695725790572,2.3575337504404903,4.33,14.59,19.21,2.53,1,1 vehicle
3651802,2008-12-21 11:09:00,2008,85-01,VDU,3477.0,2008-12-21 11:10:00,1.0,17.418883335423793,15.285116347461903,12.73,7.79,11.01,-1.82,1,1 vehicle
3652203,2008-12-22 10:39:00,2008,50-03,VDU,1779.0,2008-12-22 10:40:00,1.0,8.62057010746153,12.213182790904918,9.6,9.2,14.57,3.67,1,1 vehicle
3652556,2008-12-22 22:23:00,2008,1-q7,VDU,33394.0,2008-12-22 22:20:00,3.0,16.223840385519253,16.212190161802457,9.65,6.98,9.0,6.2,1,1 vehicle
3653387,2008-12-24 22:45:00,2008,1-d8,VDU,31392.0,2008-12-24 22:40:00,5.0,0.6215955053033173,1.811228203445721,16.63,9.44,12.45,1.0,1,1 vehicle
3653587,2008-12-25 23:24:00,2008,41-15,VDU,1370.0,2008-12-25 23:20:00,4.0,4.036121727199172,1.361433362983291,13.29,5.15,10.22,0.76,1,1 vehicle
3653834,2008-12-26 20:38:00,2008,1-f5,VDU,31579.0,2008-12-26 20:40:00,2.0,0.9218713593180494,1.028741036313794,11.96,15.17,20.68,4.3,2,2 or more vehicles
3654519,2008-12-27 23:38:00,2008,85-12,VDU,4614.0,2008-12-27 23:40:00,2.0,8.253181433240899,5.763611681324042,9.5,5.01,6.89,3.78,1,1 vehicle
3654789,2008-12-28 18:12:00,2008,1-k2,VDU,2197.0,2008-12-28 18:10:00,2.0,8.350882097688691,6.007449718079592,11.35,11.67,14.77,5.2,1,1 vehicle
3656045,2008-12-30 17:29:00,2008,1-m9,VDU,3242.0,2008-12-30 17:30:00,1.0,8.129171021937948,5.492674552934827,11.1,8.6,11.73,-3.06,1,1 vehicle
3656114,2008-12-30 20:42:00,2008,1-d6,VDU,31399.0,2008-12-30 20:40:00,2.0,3.8823937971671367,2.8564832758413083,10.48,16.64,20.38,1.5,1,1 vehicle
3657138,2009-01-01 14:51:00,2009,82-03,VDU,33563.0,2009-01-01 14:50:00,1.0,3.5595314282545645,0.3760650112123629,11.33,0.5,0.88,-3.8,2,2 or more vehicles
3657368,2009-01-02 07:32:00,2009,1-q3,VDU,3474.0,2009-01-02 07:30:00,2.0,4.912306167459646,3.9336919245067903,13.42,2.72,3.65,2.99,1,1 vehicle
3657723,2009-01-02 19:15:00,2009,35-03,VDU,36411.0,2009-01-02 19:10:00,5.0,8.809178177321616,12.565510462223775,8.47,3.72,4.9,3.0,2,2 or more vehicles
3658566,2009-01-04 15:52:00,2009,1-d8,VDU,31392.0,2009-01-04 15:50:00,2.0,2.1735859812625082,1.811228203445721,16.63,1.23,1.47,0.2,1,1 vehicle
3658570,2009-01-04 16:15:00,2009,1-d8,VDU,31392.0,2009-01-04 16:10:00,5.0,2.001974690661849,1.811228203445721,16.63,0.89,1.27,0.3,1,1 vehicle
3658759,2009-01-05 01:35:00,2009,574-07,VDU,1924.0,2009-01-05 01:30:00,5.0,3.053087340740328,3.210218950768943,5.1,1.09,2.02,2.06,1,1 vehicle
3658802,2009-01-05 07:49:00,2009,1-d2,VDU,36308.0,2009-01-05 07:50:00,1.0,14.447675867475557,8.371302373817642,13.69,0.22,0.69,0.9,1,1 vehicle
3658967,2009-01-05 12:12:00,2009,1-a2,VDU,36386.0,2009-01-05 12:10:00,2.0,9.548855683053374,6.384128057059852,11.18,6.51,8.72,5.3,1,1 vehicle
3659073,2009-01-05 14:52:00,2009,821-01,VDU,3471.0,2009-01-05 14:50:00,2.0,7.27470576382021,7.64609910465302,5.7,2.89,4.01,0.2,1,1 vehicle
3659903,2009-01-07 02:03:00,2009,75-03,VDU,3433.0,2009-01-07 02:00:00,3.0,4.515088186290264,3.9158378277913126,9.46,7.07,10.39,2.41,1,1 vehicle
3660160,2009-01-07 13:49:00,2009,54-04,VDU,1868.0,2009-01-07 13:50:00,1.0,14.633432517296637,10.280100279519766,12.29,10.74,15.42,5.92,1,1 vehicle
3660500,2009-01-08 07:52:00,2009,92-07,VDU,5981.0,2009-01-08 07:50:00,2.0,7.8109856011734236,4.3294707374769,12.9,1.37,3.52,4.05,1,1 vehicle
3661451,2009-01-09 21:04:00,2009,30-01,VDU,6310.0,2009-01-09 21:00:00,4.0,2.0634390487210568,2.8295859653891235,8.07,6.59,9.02,1.87,1,1 vehicle
3661680,2009-01-10 12:36:00,2009,41-15,VDU,1370.0,2009-01-10 12:40:00,4.0,4.382196092992522,1.361433362983291,13.29,0.71,1.14,1.41,1,1 vehicle
3661752,2009-01-10 15:36:00,2009,1-g4,VDU,31674.0,2009-01-10 15:40:00,4.0,2.4082880688465695,2.9434338577391106,8.41,14.95,22.93,1.2,1,1 vehicle
3663062,2009-01-13 01:52:00,2009,1-f5,VDU,31579.0,2009-01-13 01:50:00,2.0,1.4885457432187006,1.028741036313794,11.96,4.28,5.19,-3.7,1,1 vehicle
3663972,2009-01-14 19:24:00,2009,41-15,VDU,1370.0,2009-01-14 19:20:00,4.0,4.250831076768713,1.361433362983291,13.29,6.98,10.09,2.59,1,1 vehicle
3664850,2009-01-16 15:24:00,2009,1-c7,VDU,6315.0,2009-01-16 15:20:00,4.0,6.700155134278019,7.2272366966,3.5,6.86,8.43,0.01,1,1 vehicle
3664854,2009-01-16 15:25:00,2009,82-01,VDU,3463.0,2009-01-16 15:20:00,5.0,2.4871987683048684,2.8505006265868884,10.93,1.38,2.48,0.51,1,1 vehicle
3665195,2009-01-17 06:37:00,2009,54-15,VDU,31942.0,2009-01-17 06:40:00,3.0,3.9769844685939146,0.3649829257412452,9.1,13.99,19.21,2.6,2,2 or more vehicles
3665822,2009-01-18 05:56:00,2009,1-p4,VDU,3463.0,2009-01-18 06:00:00,4.0,2.6789190585468514,6.428645425378839,11.46,3.56,4.67,-8.16,1,1 vehicle
3666157,2009-01-19 08:19:00,2009,574-07,VDU,1924.0,2009-01-19 08:20:00,1.0,3.123603003276794,3.210218950768943,5.1,10.85,13.03,2.02,1,1 vehicle
3666758,2009-01-20 07:00:00,2009,1-n1,VDU,33357.0,2009-01-20 07:00:00,0.0,12.064295880843542,7.600410813299837,10.63,10.91,12.79,-1.4,1,1 vehicle
3668513,2009-01-23 18:26:00,2009,82-01,VDU,3463.0,2009-01-23 18:30:00,4.0,0.7355270338676404,2.8505006265868884,10.93,4.92,7.12,3.61,3,2 or more vehicles
3669326,2009-01-25 11:48:00,2009,54-04,VDU,1868.0,2009-01-25 11:50:00,2.0,15.011085659100742,10.280100279519766,12.29,10.81,14.31,1.06,1,1 vehicle
3670420,2009-01-27 09:29:00,2009,574-07,VDU,1924.0,2009-01-27 09:30:00,1.0,3.3692168288072852,3.210218950768943,5.1,2.12,4.44,1.89,1,1 vehicle
3670666,2009-01-27 13:08:00,2009,35-04,VDU,36411.0,2009-01-27 13:10:00,2.0,2.1962058667020465,4.502054796897285,8.82,2.12,4.31,-1.5,1,1 vehicle
3671092,2009-01-27 19:48:00,2009,1-c8,VDU,36308.0,2009-01-27 19:50:00,2.0,6.0787068347489095,4.831712605587408,10.24,6.7,8.72,-1.0,1,1 vehicle
3671116,2009-01-27 21:05:00,2009,1-g3,VDU,1673.0,2009-01-27 21:00:00,5.0,9.882784053592522,5.382052364477969,11.64,10.12,12.38,1.31,1,1 vehicle
3672003,2009-01-29 14:45:00,2009,821-02,VDU,3371.0,2009-01-29 14:40:00,5.0,10.239606734043907,10.215577281106947,3.94,6.83,8.79,0.08,1,1 vehicle
3673694,2009-02-01 15:53:00,2009,61-38,VDU,2646.0,2009-02-01 15:50:00,3.0,5.528459364428039,3.8609028288009,8.5,1.16,1.76,-3.11,1,1 vehicle
3674270,2009-02-02 17:46:00,2009,1-a4,VDU,6272.0,2009-02-02 17:50:00,4.0,8.601289386975264,4.907967091663654,11.48,4.54,5.16,-5.1,1,1 vehicle
3675300,2009-02-04 14:55:00,2009,92-05,VDU,5975.0,2009-02-04 14:50:00,5.0,1.378775049995156,0.8526656987226161,1.24,7.25,10.03,-4.83,2,2 or more vehicles
3676009,2009-02-05 23:09:00,2009,61-38,VDU,2646.0,2009-02-05 23:10:00,1.0,4.984143417402144,3.8609028288009,8.5,1.93,2.94,-6.2,1,1 vehicle
3679483,2009-02-12 15:19:00,2009,41-22,VDU,1453.0,2009-02-12 15:20:00,1.0,9.522166356784433,9.547812554874811,1.88,13.97,17.93,0.76,1,1 vehicle
3679590,2009-02-12 19:48:00,2009,1-k5,VDU,33204.0,2009-02-12 19:50:00,2.0,0.20748780513862813,0.4927782706765492,7.0,0.09,0.88,-5.7,2,2 or more vehicles
3680075,2009-02-13 13:30:00,2009,35-04,VDU,36411.0,2009-02-13 13:30:00,0.0,4.4054466508314984,4.502054796897285,8.82,1.3,3.04,4.0,1,1 vehicle
3680771,2009-02-14 21:18:00,2009,41-15,VDU,1370.0,2009-02-14 21:20:00,2.0,1.0454742264708696,1.361433362983291,13.29,3.37,3.98,1.86,1,1 vehicle
3682647,2009-02-18 07:26:00,2009,1-d8,VDU,31392.0,2009-02-18 07:30:00,4.0,4.325626196639058,1.811228203445721,16.63,6.56,10.68,1.8,2,2 or more vehicles
3682726,2009-02-18 09:08:00,2009,1-g8,VDU,1779.0,2009-02-18 09:10:00,2.0,5.809556028264084,4.97049771952842,8.600000000000001,4.45,6.92,3.17,2,2 or more vehicles
3682756,2009-02-18 07:26:00,2009,1-d8,VDU,31392.0,2009-02-18 07:30:00,4.0,4.309002101991039,1.811228203445721,16.63,6.56,10.68,1.8,1,1 vehicle
3683090,2009-02-18 23:54:00,2009,1-d6,VDU,31399.0,2009-02-18 23:50:00,4.0,4.707389723286725,2.8564832758413083,10.48,8.28,11.86,1.3,1,1 vehicle
3683297,2009-02-19 11:56:00,2009,35-01,VDU,31399.0,2009-02-19 12:00:00,4.0,3.5888347798670925,4.900372212107007,8.51,4.99,7.64,1.8,1,1 vehicle
3684403,2009-02-21 10:50:00,2009,1-g8,VDU,1779.0,2009-02-21 10:50:00,0.0,5.753096804573492,4.97049771952842,8.600000000000001,3.48,5.42,4.93,2,2 or more vehicles
3684499,2009-02-21 15:55:00,2009,1-t0,VDU,4271.0,2009-02-21 15:50:00,5.0,15.114528957129648,16.112146503479053,8.99,2.29,3.1,1.14,1,1 vehicle
3685624,2009-02-23 21:01:00,2009,1-m9,VDU,3242.0,2009-02-23 21:00:00,1.0,6.9320255467138665,5.492674552934827,11.1,5.91,6.92,-3.42,1,1 vehicle
3686071,2009-02-24 14:42:00,2009,60-04,VDU,2175.0,2009-02-24 14:40:00,2.0,19.26208336356592,18.560533055097217,7.97,11.8,14.5,0.99,1,1 vehicle
3686155,2009-02-24 16:27:00,2009,1-m5,VDU,33431.0,2009-02-24 16:30:00,3.0,10.723782565035073,6.468729395855224,14.17,4.94,6.17,-2.4,3,2 or more vehicles
3686182,2009-02-24 17:15:00,2009,1-j1,VDU,32097.0,2009-02-24 17:10:00,5.0,2.10278834011245,3.198771852515269,10.83,8.28,9.76,-2.7,2,2 or more vehicles
3686222,2009-02-24 18:38:00,2009,954-02,VDU,34087.0,2009-02-24 18:40:00,2.0,2.592800706615827,2.3631906204162054,9.8,5.08,8.23,0.1,1,1 vehicle
3687661,2009-02-27 07:43:00,2009,1-d9,VDU,31484.0,2009-02-27 07:40:00,3.0,4.246337549069969,1.9957763377632372,4.41,8.57,11.66,-1.5,1,1 vehicle
3688004,2009-02-27 23:00:00,2009,1-d2,VDU,36308.0,2009-02-27 23:00:00,0.0,11.509351283626865,8.371302373817642,13.69,1.8,2.94,0.8,1,1 vehicle
3688418,2009-02-28 19:35:00,2009,41-13,VDU,7475.0,2009-02-28 19:30:00,5.0,5.481795158590239,5.664202954465976,2.6,0.34,0.55,1.39,2,2 or more vehicles
3688915,2009-03-01 19:45:00,2009,1-g4,VDU,31674.0,2009-03-01 19:40:00,5.0,0.17856593190135459,2.9434338577391106,8.41,13.31,29.01,2.2,2,2 or more vehicles
3688949,2009-03-01 19:51:00,2009,51-01,VDU,31572.0,2009-03-01 19:50:00,1.0,0.2481480640519613,0.926567118382983,7.16,8.54,12.41,2.7,1,1 vehicle
3689912,2009-03-03 14:19:00,2009,41-13,VDU,7475.0,2009-03-03 14:20:00,1.0,5.276596896136038,5.664202954465976,2.6,1.38,2.32,-2.5,2,2 or more vehicles
3689974,2009-03-03 16:33:00,2009,41-16,VDU,31363.0,2009-03-03 16:30:00,3.0,5.003780706507568,4.6115007826263295,11.62,11.54,15.09,-2.5,1,1 vehicle
3689982,2009-03-03 17:00:00,2009,41-15,VDU,1370.0,2009-03-03 17:00:00,0.0,4.489504441429086,1.361433362983291,13.29,7.45,10.88,-1.4,1,1 vehicle
3689995,2009-03-03 17:27:00,2009,574-02,VDU,31931.0,2009-03-03 17:30:00,3.0,13.033393338330978,15.630862904651623,8.34,20.15,34.5,-3.5,1,1 vehicle
3690499,2009-03-04 14:57:00,2009,85-04,VDU,3696.0,2009-03-04 15:00:00,3.0,2.9141913514817954,4.839250240206277,7.15,5.36,7.77,-5.46,2,2 or more vehicles
3690505,2009-03-04 15:24:00,2009,92-07,VDU,5981.0,2009-03-04 15:20:00,4.0,7.9286341428335785,4.3294707374769,12.9,9.21,15.91,-1.92,2,2 or more vehicles
3690522,2009-03-04 16:06:00,2009,92-07,VDU,5981.0,2009-03-04 16:10:00,4.0,6.633508115249442,4.3294707374769,12.9,10.98,17.05,-3.11,2,2 or more vehicles
3692055,2009-03-07 06:52:00,2009,1-m3,VDU,33431.0,2009-03-07 06:50:00,2.0,16.625340412743157,13.227469441125152,11.32,3.44,4.51,-8.8,1,1 vehicle
3693013,2009-03-09 07:44:00,2009,1-k2,VDU,2197.0,2009-03-09 07:40:00,4.0,5.9530562072281255,6.007449718079592,11.35,9.99,12.05,-2.76,1,1 vehicle
3693557,2009-03-08 14:15:00,2009,36-04,VDU,1596.0,2009-03-08 14:10:00,5.0,3.5640675491413907,3.6844463229595408,7.23,17.42,23.29,-2.71,1,1 vehicle
3695686,2009-03-13 16:12:00,2009,35-02,VDU,31399.0,2009-03-13 16:10:00,2.0,14.750341157744728,12.28642901367293,7.8,11.76,17.93,0.7,1,1 vehicle
3695980,2009-03-14 00:15:00,2009,420-01,VDU,31363.0,2009-03-14 00:10:00,5.0,2.398590925500871,3.8504227892375225,11.32,15.82,20.68,-0.3,1,1 vehicle
3695986,2009-03-14 05:15:00,2009,40-02,VDU,7475.0,2009-03-14 05:10:00,5.0,2.5838620416383256,1.8292648239084783,1.66,3.01,5.96,2.93,1,1 vehicle
3696673,2009-03-15 21:48:00,2009,429-02,VDU,1453.0,2009-03-15 21:50:00,2.0,6.708677419512325,6.251374669171158,4.32,13.4,19.5,3.37,1,1 vehicle
3696714,2009-03-15 23:44:00,2009,54-12,VDU,1938.0,2009-03-15 23:40:00,4.0,4.94429380908359,5.122886456510389,8.54,8.96,18.13,1.68,1,1 vehicle
3696886,2009-03-16 11:11:00,2009,1-d9,VDU,31484.0,2009-03-16 11:10:00,1.0,0.3539150199461002,1.9957763377632372,4.41,9.09,15.88,0.0,2,2 or more vehicles
3697486,2009-03-17 11:31:00,2009,61-36,VDU,2646.0,2009-03-17 11:30:00,1.0,4.195030505773113,6.510486031780955,9.93,0.38,1.56,0.85,1,1 vehicle
3699696,2009-03-21 16:52:00,2009,1-d8,VDU,31392.0,2009-03-21 16:50:00,2.0,5.112515455197938,1.811228203445721,16.63,12.79,17.15,-0.1,3,2 or more vehicles
3699723,2009-03-21 18:40:00,2009,1-d9,VDU,31484.0,2009-03-21 18:40:00,0.0,4.455003177447939,1.9957763377632372,4.41,8.05,11.66,-0.6,3,2 or more vehicles
3700303,2009-03-22 19:18:00,2009,428-01,VDU,31363.0,2009-03-22 19:20:00,2.0,13.563935808390237,12.15329147325765,21.0,4.52,6.27,-0.1,1,1 vehicle
3702808,2009-03-26 17:42:00,2009,421-01,VDU,31363.0,2009-03-26 17:40:00,2.0,7.1026010288883175,7.100638397135419,1.49,10.57,14.11,-0.1,1,1 vehicle
3703015,2009-03-27 07:47:00,2009,41-15,VDU,1370.0,2009-03-27 07:50:00,3.0,2.0744824192725995,1.361433362983291,13.29,3.39,4.47,-3.35,1,1 vehicle
3703445,2009-03-27 17:38:00,2009,82-01,VDU,3463.0,2009-03-27 17:40:00,2.0,5.869831762654906,2.8505006265868884,10.93,7.38,8.92,-6.53,1,1 vehicle
3703825,2009-03-28 13:27:00,2009,43-01,VDU,1361.0,2009-03-28 13:30:00,3.0,4.343507106451142,6.488135829451195,13.3,9.59,11.76,-1.21,1,1 vehicle
3703879,2009-03-28 16:59:00,2009,35-02,VDU,31399.0,2009-03-28 17:00:00,1.0,15.443455438733958,12.28642901367293,7.8,0.28,1.37,1.6,2,2 or more vehicles
3704091,2009-03-29 04:22:00,2009,61-31,VDU,32654.0,2009-03-29 04:20:00,2.0,18.65561176049589,12.508166723611712,13.67,0.82,1.57,-2.4,1,1 vehicle
3704262,2009-03-29 16:39:00,2009,35-02,VDU,31399.0,2009-03-29 16:40:00,1.0,12.739837015076263,12.28642901367293,7.8,4.18,7.94,-1.8,2,2 or more vehicles
3704286,2009-03-29 17:40:00,2009,54-16,VDU,31942.0,2009-03-29 17:40:00,0.0,5.822417087088587,7.746523918762176,7.6,15.07,18.23,-3.5,2,2 or more vehicles
3704753,2009-03-30 12:27:00,2009,1-k2,VDU,2197.0,2009-03-30 12:30:00,3.0,6.2517525588092315,6.007449718079592,11.35,10.64,13.65,-4.45,1,1 vehicle
3705579,2009-03-31 21:15:00,2009,41-16,VDU,31363.0,2009-03-31 21:10:00,5.0,7.445423502549857,4.6115007826263295,11.62,11.83,16.27,-0.3,1,1 vehicle
3707247,2009-04-03 16:34:00,2009,1-k6,VHDU,33204.0,2009-04-03 16:30:00,4.0,5.263738175199668,7.807893229156674,10.57,6.7,9.31,5.7,2,2 or more vehicles
3709936,2009-04-08 07:29:00,2009,1-e1,VHDU,31484.0,2009-04-08 07:30:00,1.0,3.4219967734039174,4.9875155306340275,9.79,7.99,10.78,-2.1,1,1 vehicle
3710528,2009-04-08 19:00:00,2009,1-g5,VHDU,1779.0,2009-04-08 19:00:00,0.0,6.85834471520939,7.000866790432446,2.48,0.07,0.62,5.16,2,2 or more vehicles
3711276,2009-04-10 10:14:00,2009,1-h4,VHDU,32097.0,2009-04-10 10:10:00,4.0,6.550421796769155,6.809457005645053,11.46,13.67,15.29,-3.0,1,1 vehicle
3712889,2009-04-13 14:35:00,2009,61-40,VHDU,2642.0,2009-04-13 14:30:00,5.0,1.4095462184782963,0.7927433448582768,1.64,3.01,4.44,-0.95,2,2 or more vehicles
3714400,2009-04-15 21:38:00,2009,37-01,VHDU,36411.0,2009-04-15 21:40:00,2.0,9.490837091764613,9.470095378240474,12.23,1.24,1.86,5.4,2,2 or more vehicles
3716477,2009-04-18 13:23:00,2009,829-02,VHDU,3371.0,2009-04-18 13:20:00,3.0,9.319248906829854,1.9391685769392983,15.75,5.67,8.17,10.27,2,2 or more vehicles
3719896,2009-04-24 10:17:00,2009,1-d6,VHDU,31399.0,2009-04-24 10:20:00,3.0,0.030946059496709644,2.8564832758413083,10.48,12.45,31.16,2.2,2,2 or more vehicles
3720987,2009-04-26 01:32:00,2009,61-35,VHDU,2646.0,2009-04-26 01:30:00,2.0,1.9497198847317572,3.4147436857726188,13.64,2.35,2.87,0.05,1,1 vehicle
3721034,2009-04-26 03:41:00,2009,1-e1,VHDU,31484.0,2009-04-26 03:40:00,1.0,6.731091659204962,4.9875155306340275,9.79,7.17,9.31,1.5,1,1 vehicle
3723259,2009-04-29 15:02:00,2009,522-03,VHDU,1881.0,2009-04-29 15:00:00,2.0,5.6213425414175076,5.97803663300197,11.42,7.29,11.3,10.65,1,1 vehicle
3724497,2009-05-02 02:50:00,2009,1-p9,VHDU,3471.0,2009-05-02 02:50:00,0.0,3.8264740271934095,3.634671517176708,1.58,1.04,1.69,6.22,1,1 vehicle
3724525,2009-05-02 04:46:00,2009,93-02,VHDU,34175.0,2009-05-02 04:50:00,4.0,1.3876442852809843,2.2346382814282277,9.93,4.39,6.08,1.5,1,1 vehicle
3725141,2009-05-03 13:12:00,2009,1-p5,VHDU,3463.0,2009-05-03 13:10:00,2.0,4.578884493365526,4.005505581134992,2.99,9.65,13.16,9.37,3,2 or more vehicles
3726400,2009-05-05 16:53:00,2009,1-a4,VHDU,6272.0,2009-05-05 16:50:00,3.0,1.966026788872053,4.907967091663654,11.48,13.63,17.87,7.7,1,1 vehicle
3727041,2009-05-06 16:29:00,2009,33-01,VHDU,31399.0,2009-05-06 16:30:00,1.0,9.299785338407684,10.766790604703466,12.83,7.77,10.39,8.5,2,2 or more vehicles
3728177,2009-05-08 11:30:00,2009,60-07,VHDU,2175.0,2009-05-08 11:30:00,0.0,10.335333515098895,6.6572981298054845,15.59,10.23,15.35,2.53,1,1 vehicle
3730633,2009-05-12 13:56:00,2009,1-g3,VHDU,1673.0,2009-05-12 14:00:00,4.0,0.6664132664021973,5.382052364477969,11.64,19.81,26.72,11.17,1,1 vehicle
3732652,2009-05-15 14:44:00,2009,1-d6,VHDU,31399.0,2009-05-15 14:40:00,4.0,4.606145914237514,2.8564832758413083,10.48,4.24,6.37,12.2,1,1 vehicle
3732941,2009-05-16 00:01:00,2009,1-t1,VHDU,4271.0,2009-05-16 00:00:00,1.0,11.833088258591108,6.49991970936017,11.239999999999998,4.41,6.79,3.78,1,1 vehicle
3734352,2009-05-18 11:34:00,2009,1-e1,VHDU,31484.0,2009-05-18 11:30:00,4.0,8.775352640790157,4.9875155306340275,9.79,3.15,5.29,10.0,2,2 or more vehicles
3735307,2009-05-19 20:49:00,2009,54-17,VHDU,31948.0,2009-05-19 20:50:00,1.0,6.464288055912258,8.505715469856504,7.43,4.51,5.78,8.9,1,1 vehicle
3735838,2009-05-20 20:27:00,2009,1-m8,VHDU,3242.0,2009-05-20 20:30:00,3.0,8.7690260592146,8.462555147729427,5.33,4.19,5.03,8.15,1,1 vehicle
3739248,2009-05-26 14:49:00,2009,85-12,VHDU,4614.0,2009-05-26 14:50:00,1.0,2.4304553722492495,5.763611681324042,9.5,4.31,6.14,8.21,1,1 vehicle
3739583,2009-05-27 06:36:00,2009,43-01,VHDU,1361.0,2009-05-27 06:40:00,4.0,8.765352327186532,6.488135829451195,13.3,0.51,0.94,6.45,2,2 or more vehicles
3741433,2009-05-29 14:46:00,2009,92-05,VHDU,5975.0,2009-05-29 14:50:00,4.0,0.6725512719145826,0.8526656987226161,1.24,5.05,10.03,14.36,2,2 or more vehicles
3741548,2009-05-29 18:37:00,2009,1-g8,VHDU,1779.0,2009-05-29 18:40:00,3.0,6.365230448306468,4.97049771952842,8.600000000000001,9.56,16.27,9.17,1,1 vehicle
3742014,2009-05-30 15:16:00,2009,815-01,VHDU,3463.0,2009-05-30 15:20:00,4.0,1.8660877366911017,6.41216742342198,13.61,7.58,9.67,13.68,1,1 vehicle
3742824,2009-06-01 02:00:00,2009,1-d8,SDU,31392.0,2009-06-01 02:00:00,0.0,1.2123028996192389,1.811228203445721,16.63,0.39,0.69,3.7,1,1 vehicle
3742969,2009-06-01 11:54:00,2009,60-07,SDU,2175.0,2009-06-01 11:50:00,4.0,10.354383785091374,6.6572981298054845,15.59,5.02,8.72,10.03,1,1 vehicle
3743015,2009-06-01 14:34:00,2009,1-g1,SDU,31572.0,2009-06-01 14:30:00,4.0,7.545811234769417,7.416893274742419,10.93,4.65,7.02,9.5,2,2 or more vehicles
3744964,2009-06-03 18:20:00,2009,76-09,SDU,33750.0,2009-06-03 18:20:00,0.0,7.981763866033932,2.6673072887815006,13.47,5.96,6.86,6.9,3,2 or more vehicles
3747193,2009-06-06 19:25:00,2009,45-01,SDU,1453.0,2009-06-06 19:20:00,5.0,6.28300108042247,6.206697467082469,5.8500000000000005,5.33,7.55,11.18,1,1 vehicle
3747208,2009-06-06 19:57:00,2009,1-q5,SDU,3474.0,2009-06-06 20:00:00,3.0,14.141585593345118,11.409165744035429,13.83,5.69,6.59,2.86,1,1 vehicle
3747506,2009-06-07 05:27:00,2009,65-01,SDU,2636.0,2009-06-07 05:30:00,3.0,3.6851493994974387,2.975545617233296,5.07,2.59,3.12,2.54,1,1 vehicle
3747597,2009-06-07 07:55:00,2009,92-07,SDU,5981.0,2009-06-07 07:50:00,5.0,5.581655333360408,4.3294707374769,12.9,1.33,1.73,3.89,1,1 vehicle
3747765,2009-06-07 16:22:00,2009,805-01,SDU,33563.0,2009-06-07 16:20:00,2.0,8.064699800439387,6.467310384736099,10.5,3.71,4.9,8.7,2,2 or more vehicles
3748801,2009-06-08 22:58:00,2009,1-h4,SDU,32097.0,2009-06-08 23:00:00,2.0,5.62601955289976,6.809457005645053,11.46,1.47,2.16,5.5,2,2 or more vehicles
3750000,2009-06-10 15:43:00,2009,51-01,SDU,31572.0,2009-06-10 15:40:00,3.0,4.036928942391564,0.926567118382983,7.16,5.15,8.4,11.8,2,2 or more vehicles
3751335,2009-06-12 13:21:00,2009,1-m2,SDU,33419.0,2009-06-12 13:20:00,1.0,10.144542908987118,5.573498711103916,13.26,5.04,8.43,10.6,1,1 vehicle
3751456,2009-06-12 16:07:00,2009,643-05,SDU,2692.0,2009-06-12 16:10:00,3.0,13.363456100111094,14.278441464754636,13.28,4.46,5.91,6.88,1,1 vehicle
3751661,2009-06-12 21:22:00,2009,60-28,SDU,2266.0,2009-06-12 21:20:00,2.0,14.603420870623754,13.582969366639208,12.02,7.58,9.57,8.38,1,1 vehicle
3751688,2009-06-13 01:23:00,2009,1-j2,SDU,32097.0,2009-06-13 01:20:00,3.0,13.049626652835196,12.851629039775409,9.98,6.81,9.11,2.5,1,1 vehicle
3752669,2009-06-14 22:33:00,2009,820-01,SDU,3471.0,2009-06-14 22:30:00,3.0,4.853098013956655,4.875693003351157,0.19,3.02,4.05,8.06,1,1 vehicle
3753451,2009-06-15 20:49:00,2009,61-33,SDU,2646.0,2009-06-15 20:50:00,1.0,8.53766401128719,10.974953957267978,13.81,2.3,3.33,9.45,1,1 vehicle
3755377,2009-06-18 11:47:00,2009,51-02,SDU,31572.0,2009-06-18 11:50:00,3.0,6.273668414759853,5.773738212981441,11.24,7.89,15.22,11.7,1,1 vehicle
3756328,2009-06-19 18:53:00,2009,82-01,SDU,3463.0,2009-06-19 18:50:00,3.0,2.3052553261936604,2.8505006265868884,10.93,9.1,12.58,7.08,1,1 vehicle
3756969,2009-06-20 22:03:00,2009,1-k9,SDU,3317.0,2009-06-20 22:00:00,3.0,4.628509490661616,5.731173545267037,11.4,1.35,2.41,8.41,1,1 vehicle
3759241,2009-06-23 19:24:00,2009,39-01,SDU,31387.0,2009-06-23 19:20:00,4.0,3.48680511561466,1.6348934580675056,15.67,4.37,5.86,7.3,2,2 or more vehicles
3759639,2009-06-24 11:18:00,2009,1-f8,SDU,31572.0,2009-06-24 11:20:00,2.0,4.818479601158576,4.9827662723502,5.76,4.66,6.92,8.9,3,2 or more vehicles
3760007,2009-06-24 19:26:00,2009,1-c8,SDU,36308.0,2009-06-24 19:30:00,4.0,5.000997619161346,4.831712605587408,10.24,5.45,7.55,13.1,1,1 vehicle
3761067,2009-06-26 12:12:00,2009,1-f3,SDU,1479.0,2009-06-26 12:10:00,2.0,0.6412410708427404,1.1330985534714593,4.78,1.26,2.58,13.99,1,1 vehicle
3761759,2009-06-27 13:37:00,2009,59-01,SDU,2175.0,2009-06-27 13:40:00,3.0,14.773390224443325,12.584237084727231,13.57,1.45,2.71,17.97,1,1 vehicle
3761798,2009-06-27 14:52:00,2009,47-03,SDU,1685.0,2009-06-27 14:50:00,2.0,6.422219764970823,8.981067267590838,9.71,4.34,5.61,13.1,1,1 vehicle
3761859,2009-06-27 16:59:00,2009,35-03,SDU,36411.0,2009-06-27 17:00:00,1.0,11.1995976306199,12.565510462223775,8.47,2.62,3.53,18.6,2,2 or more vehicles
3763098,2009-06-29 16:37:00,2009,1-h2,SDU,31985.0,2009-06-29 16:40:00,3.0,8.116437769081319,8.113869305983009,10.7,4.33,5.68,13.8,1,1 vehicle
3763171,2009-06-29 16:06:00,2009,1-s4,SDU,34238.0,2009-06-29 16:10:00,4.0,0.8067246595801059,2.044687902619077,12.03,3.88,6.76,19.5,1,1 vehicle
3763219,2009-06-29 22:09:00,2009,427-11,SDU,1486.0,2009-06-29 22:10:00,1.0,12.593559988462133,12.248048342736665,16.51,1.28,1.82,11.22,2,2 or more vehicles
3763884,2009-06-30 17:19:00,2009,85-33,SDU,4652.0,2009-06-30 17:20:00,1.0,8.674032393094723,6.570573262904891,14.01,6.73,7.77,9.35,1,1 vehicle
3766430,2009-07-03 17:30:00,2009,1-m8,SDU,3242.0,2009-07-03 17:30:00,0.0,7.018717410971117,8.462555147729427,5.33,5.61,7.68,16.56,2,2 or more vehicles
3767526,2009-07-05 13:35:00,2009,1-t1,SDU,4271.0,2009-07-05 13:30:00,5.0,7.057873202333398,6.49991970936017,11.239999999999998,6.66,9.02,12.64,3,2 or more vehicles
3768190,2009-07-06 15:02:00,2009,1-f8,SDU,31572.0,2009-07-06 15:00:00,2.0,3.0817266898012816,4.9827662723502,5.76,5.86,7.45,13.4,3,2 or more vehicles
3769071,2009-07-06 15:45:00,2009,1-m7,SDU,3242.0,2009-07-06 15:40:00,5.0,10.054572248972558,10.084174313361832,4.82,5.1,6.59,17.6,3,2 or more vehicles
3769319,2009-07-07 20:26:00,2009,1-q7,SDU,33394.0,2009-07-07 20:30:00,4.0,16.592253600263334,16.212190161802457,9.65,6.17,7.51,10.9,1,1 vehicle
3770364,2009-07-09 14:51:00,2009,76-09,SDU,33750.0,2009-07-09 14:50:00,1.0,8.957785043729373,2.6673072887815006,13.47,3.43,4.21,13.5,1,1 vehicle
3770811,2009-07-10 10:59:00,2009,837-03,SDU,3471.0,2009-07-10 11:00:00,1.0,4.842516769063408,4.4283120933992635,4.43,3.28,4.57,14.9,1,1 vehicle
3771684,2009-07-11 19:43:00,2009,1-k2,SDU,2197.0,2009-07-11 19:40:00,3.0,3.504289042512309,6.007449718079592,11.35,11.34,15.48,10.95,1,1 vehicle
3772283,2009-07-12 17:06:00,2009,1-r4,SDU,34413.0,2009-07-12 17:10:00,4.0,1.5080509182895752,2.8231648990216174,8.78,6.69,9.21,9.7,1,1 vehicle
3772298,2009-07-12 17:45:00,2009,1-r5,SDU,34413.0,2009-07-12 17:40:00,5.0,10.336291439669338,10.52769287484969,9.12,7.1,10.0,9.2,1,1 vehicle
3773581,2009-07-14 13:45:00,2009,60-36,SDU,2428.0,2009-07-14 13:40:00,5.0,16.288549976979265,17.093410122889587,11.51,6.74,11.83,11.96,1,1 vehicle
3774061,2009-07-15 09:10:00,2009,50-01,SDU,1779.0,2009-07-15 09:10:00,0.0,6.521136182305672,3.6583584434854974,9.24,5.95,8.82,11.17,1,1 vehicle
3775894,2009-07-18 04:51:00,2009,1-g3,SDU,1673.0,2009-07-18 04:50:00,1.0,8.465205616793927,5.382052364477969,11.64,0.16,0.65,7.01,1,1 vehicle
3776607,2009-07-19 13:40:00,2009,325-01,SDU,6420.0,2009-07-19 13:40:00,0.0,3.526019902607044,3.844334900649366,10.37,9.82,12.12,16.54,1,1 vehicle
3778175,2009-07-21 15:32:00,2009,85-10,SDU,34700.0,2009-07-21 15:30:00,2.0,8.839251318147902,10.855714753491744,9.86,4.74,6.17,10.8,1,1 vehicle
3778234,2009-07-21 17:28:00,2009,61-35,SDU,2646.0,2009-07-21 17:30:00,2.0,4.454111771722391,3.4147436857726188,13.64,2.82,4.99,11.56,1,1 vehicle
3778269,2009-07-21 19:07:00,2009,35-17,SDU,3225.0,2009-07-21 19:10:00,3.0,14.07005167547428,10.93266143735854,22.19,8.94,12.32,12.48,1,1 vehicle
3778735,2009-07-22 16:08:00,2009,41-15,SDU,1370.0,2009-07-22 16:10:00,2.0,4.932966916185681,1.361433362983291,13.29,5.4,6.63,16.48,2,2 or more vehicles
3779552,2009-07-23 19:41:00,2009,76-07,SDU,33750.0,2009-07-23 19:40:00,1.0,11.769059426200432,16.692827548500365,13.91,3.99,10.19,3.6,1,1 vehicle
3779879,2009-07-24 11:53:00,2009,714-02,SDU,33204.0,2009-07-24 11:50:00,3.0,8.751797285798498,7.965175514957294,6.97,4.05,6.47,5.9,1,1 vehicle
3779901,2009-07-22 15:10:00,2009,30-07,SDU,36519.0,2009-07-22 15:10:00,0.0,7.67785041571629,5.098949975482601,8.53,8.11,12.45,16.4,1,1 vehicle
3779978,2009-07-24 14:56:00,2009,1-a4,SDU,6272.0,2009-07-24 15:00:00,4.0,5.170399770599767,4.907967091663654,11.48,6.99,9.38,12.52,1,1 vehicle
3779983,2009-07-24 15:19:00,2009,1-d8,SDU,31392.0,2009-07-24 15:20:00,1.0,0.36965456684769454,1.811228203445721,16.63,4.89,7.25,8.5,1,1 vehicle
3780027,2009-07-24 16:43:00,2009,26-01,SDU,6310.0,2009-07-24 16:40:00,3.0,8.972051841059457,8.661999678256562,8.98,3.04,4.54,11.33,1,1 vehicle
3780498,2009-07-25 13:53:00,2009,32-03,SDU,6430.0,2009-07-25 13:50:00,3.0,10.170731876118433,7.87593362657015,7.62,3.03,5.03,10.07,1,1 vehicle
3783134,2009-07-29 14:49:00,2009,1-k6,SDU,33204.0,2009-07-29 14:50:00,1.0,8.446803502401615,7.807893229156674,10.57,7.13,10.0,10.6,2,2 or more vehicles
3783794,2009-07-30 16:14:00,2009,864-01,SDU,34413.0,2009-07-30 16:10:00,4.0,14.510213910809547,14.144455745689127,15.27,7.64,10.19,9.5,1,1 vehicle
3785226,2009-08-01 17:43:00,2009,1-c0,SDU,6222.0,2009-08-01 17:40:00,3.0,6.769253141738051,6.323365886803895,10.13,4.82,7.06,13.25,1,1 vehicle
3785683,2009-08-02 07:17:00,2009,1-g4,SDU,31674.0,2009-08-02 07:20:00,3.0,5.752690191456328,2.9434338577391106,8.41,0.46,1.08,7.9,1,1 vehicle
3787217,2009-08-04 13:42:00,2009,92-10,SDU,34087.0,2009-08-04 13:40:00,2.0,3.408178514313459,6.682100904890704,8.77,7.56,11.96,8.1,1,1 vehicle
3788282,2009-08-05 18:32:00,2009,1-p1,SDU,33357.0,2009-08-05 18:30:00,2.0,7.342184023163816,2.6900827429345155,10.45,9.31,15.39,14.1,3,2 or more vehicles
3790107,2009-08-08 20:52:00,2009,76-09,SDU,33750.0,2009-08-08 20:50:00,2.0,2.544076487495326,2.6673072887815006,13.47,1.27,3.33,13.6,1,1 vehicle
3790402,2009-08-09 10:15:00,2009,26-11,SDU,6546.0,2009-08-09 10:10:00,5.0,19.243406635036507,16.02413012746729,38.37,4.82,6.17,9.77,1,1 vehicle
3791496,2009-08-11 09:35:00,2009,570-01,SDU,1924.0,2009-08-11 09:30:00,5.0,7.303519449868916,7.230053658236988,18.63,0.01,0.26,11.36,1,1 vehicle
3791893,2009-08-11 16:22:00,2009,1-f8,SDU,31572.0,2009-08-11 16:20:00,2.0,4.660749996149643,4.9827662723502,5.76,5.14,8.46,15.2,3,2 or more vehicles
3792315,2009-08-12 11:12:00,2009,75-02,SDU,3433.0,2009-08-12 11:10:00,2.0,16.50334946491649,13.688896355889275,13.94,3.86,5.03,11.38,2,2 or more vehicles
3793068,2009-08-13 12:40:00,2009,1-n1,SDU,33357.0,2009-08-13 12:40:00,0.0,12.656927227634007,7.600410813299837,10.63,5.01,6.76,9.8,1,1 vehicle
3793952,2009-08-14 18:57:00,2009,1-f6,SDU,1578.0,2009-08-14 19:00:00,3.0,4.161296673732538,3.2714142691726864,3.61,2.55,4.08,12.78,2,2 or more vehicles
3793953,2009-08-14 19:04:00,2009,1-m3,SDU,33431.0,2009-08-14 19:00:00,4.0,15.98149853693848,13.227469441125152,11.32,3.51,5.98,8.9,2,2 or more vehicles
3793969,2009-08-14 16:55:00,2009,268-02,SDU,6424.0,2009-08-14 16:50:00,5.0,9.11106037206869,9.200171660110586,12.5,5.67,7.25,11.7,1,1 vehicle
3794224,2009-08-15 06:12:00,2009,574-10,SDU,1924.0,2009-08-15 06:10:00,2.0,3.2973325850488155,3.4423086637267892,4.12,0.56,2.25,9.31,1,1 vehicle
3794263,2009-08-15 09:31:00,2009,1-g5,SDU,1779.0,2009-08-15 09:30:00,1.0,6.773278075095467,7.000866790432446,2.48,3.27,5.48,10.29,1,1 vehicle
3794826,2009-08-15 13:54:00,2009,574-04,SDU,1919.0,2009-08-15 13:50:00,4.0,6.4334670147217325,3.500203272167804,15.55,6.32,7.71,12.4,1,1 vehicle
3794953,2009-08-16 19:46:00,2009,1-h1,SDU,1881.0,2009-08-16 19:50:00,4.0,9.591020307513752,6.599972837831535,9.95,1.94,2.41,10.82,1,1 vehicle
3795819,2009-08-17 22:23:00,2009,36-06,SDU,1596.0,2009-08-17 22:20:00,3.0,3.723429310687269,5.4322212477658764,10.69,0.25,1.27,9.64,1,1 vehicle
3798039,2009-08-21 14:05:00,2009,523-01,SDU,1881.0,2009-08-21 14:00:00,5.0,19.868342989397263,15.592786574815282,10.33,3.46,5.94,9.51,1,1 vehicle
3798785,2009-08-23 07:24:00,2009,1-g1,SDU,31572.0,2009-08-23 07:20:00,4.0,9.119737363269355,7.416893274742419,10.93,13.56,18.33,11.3,1,1 vehicle
3800364,2009-08-25 21:12:00,2009,43-01,SDU,1361.0,2009-08-25 21:10:00,2.0,3.6164601660679176,6.488135829451195,13.3,10.0,12.61,11.87,1,1 vehicle
3800375,2009-08-25 22:00:00,2009,93-03,SDU,4275.0,2009-08-25 22:00:00,0.0,6.620841330164908,6.981343938312302,14.04,2.71,5.04,2.64,1,1 vehicle
3800764,2009-08-26 15:57:00,2009,864-04,SDU,4614.0,2009-08-26 16:00:00,3.0,5.115856878329009,5.824974314692375,11.87,3.5,5.55,10.87,1,1 vehicle
3802076,2009-08-28 15:06:00,2009,61-35,SDU,2646.0,2009-08-28 15:10:00,4.0,1.9103881709483883,3.4147436857726188,13.64,7.83,10.68,6.11,1,1 vehicle
3802097,2009-08-28 15:48:00,2009,35-02,SDU,31399.0,2009-08-28 15:50:00,2.0,15.985085591801889,12.28642901367293,7.8,4.65,16.95,11.2,3,2 or more vehicles
3802470,2009-08-29 10:42:00,2009,1-s5,SDU,34238.0,2009-08-29 10:40:00,2.0,6.035602093533659,11.05888658286931,19.94,14.32,18.33,3.4,1,1 vehicle
3802684,2009-08-29 20:30:00,2009,25-02,SDU,6208.0,2009-08-29 20:30:00,0.0,8.830235267300134,5.525086509772727,10.89,6.47,8.92,8.8,1,1 vehicle
3802980,2009-08-30 10:49:00,2009,1-e1,SDU,31484.0,2009-08-30 10:50:00,1.0,5.941513658529104,4.9875155306340275,9.79,7.06,9.7,11.0,2,2 or more vehicles
3802995,2009-08-30 12:38:00,2009,1-f6,SDU,1578.0,2009-08-30 12:40:00,2.0,4.142619696491253,3.2714142691726864,3.61,7.71,10.94,12.29,2,2 or more vehicles
3803740,2009-08-31 16:45:00,2009,1-d8,SDU,31392.0,2009-08-31 16:40:00,5.0,1.2599952747856515,1.811228203445721,16.63,4.13,7.84,9.9,2,2 or more vehicles
3805060,2009-09-02 22:22:00,2009,1-p9,SDU,3471.0,2009-09-02 22:20:00,2.0,4.085542116293144,3.634671517176708,1.58,2.37,3.56,6.77,2,2 or more vehicles
3806630,2009-09-05 04:00:00,2009,1-d8,SDU,31392.0,2009-09-05 04:00:00,0.0,5.954308836093671,1.811228203445721,16.63,4.71,6.27,5.0,1,1 vehicle
3806749,2009-09-05 11:18:00,2009,26-04,SDU,6430.0,2009-09-05 11:20:00,2.0,7.206048263957591,8.221070880365758,11.76,6.04,8.4,9.04,1,1 vehicle
3806816,2009-09-05 14:38:00,2009,570-01,SDU,1924.0,2009-09-05 14:40:00,2.0,12.933280808820783,7.230053658236988,18.63,0.58,1.63,10.3,1,1 vehicle
3807002,2009-09-06 00:18:00,2009,41-17,SDU,31363.0,2009-09-06 00:20:00,2.0,12.574606021704398,12.363112815580855,4.56,6.0,10.19,9.5,4,2 or more vehicles
3808033,2009-09-07 17:15:00,2009,1-g1,SDU,31572.0,2009-09-07 17:10:00,5.0,4.531294801777113,7.416893274742419,10.93,1.82,3.66,10.6,2,2 or more vehicles
3810581,2009-09-12 06:02:00,2009,41-16,SDU,31363.0,2009-09-12 06:00:00,2.0,9.955507526534168,4.6115007826263295,11.62,5.09,6.47,8.8,1,1 vehicle
3811119,2009-09-12 10:17:00,2009,816-01,SDU,3463.0,2009-09-12 10:20:00,3.0,3.7680526852307246,3.6396059464553248,10.38,13.26,16.89,14.81,1,1 vehicle
3814190,2009-09-18 17:09:00,2009,92-09,SDU,5981.0,2009-09-18 17:10:00,1.0,2.2363472981854757,3.9180680850954337,7.41,0.55,0.75,9.6,1,1 vehicle
3814617,2009-09-19 16:04:00,2009,1-e1,SDU,31484.0,2009-09-19 16:00:00,4.0,7.873021116645877,4.9875155306340275,9.79,4.78,6.57,7.7,2,2 or more vehicles
3822030,2009-10-02 15:59:00,2009,1-j1,VHDU,32097.0,2009-10-02 16:00:00,1.0,0.08378074309282436,3.198771852515269,10.83,17.9,24.6,0.2,3,2 or more vehicles
3822634,2009-10-03 21:32:00,2009,1-e1,VHDU,31484.0,2009-10-03 21:30:00,2.0,8.340948568453456,4.9875155306340275,9.79,3.56,4.7,-2.8,2,2 or more vehicles
3823134,2009-10-04 18:41:00,2009,1-b0,VHDU,36156.0,2009-10-04 18:40:00,1.0,0.15631510907676124,5.81305271343813,12.09,7.16,9.31,-0.6,1,1 vehicle
3823184,2009-10-05 00:18:00,2009,82-03,VHDU,33563.0,2009-10-05 00:20:00,2.0,0.9132842169284793,0.3760650112123629,11.33,2.55,3.14,-2.7,1,1 vehicle
3824570,2009-10-06 19:23:00,2009,420-01,VHDU,31363.0,2009-10-06 19:20:00,3.0,1.6425022079333076,3.8504227892375225,11.32,5.78,7.74,1.5,1,1 vehicle
3825909,2009-09-02 11:57:00,2009,268-03,SDU,6424.0,2009-09-02 12:00:00,3.0,6.2690359493536345,6.519541867970013,8.91,3.15,4.5,9.77,1,1 vehicle
3827615,2009-10-11 09:23:00,2009,1-q8,VHDU,33394.0,2009-10-11 09:20:00,3.0,12.187700761460041,11.48327425375174,10.05,2.62,3.67,-1.8,2,2 or more vehicles
3829532,2009-10-14 07:53:00,2009,1-d9,VHDU,31484.0,2009-10-14 07:50:00,3.0,3.2707019576536167,1.9957763377632372,4.41,17.29,26.85,8.9,1,1 vehicle
3830197,2009-10-15 07:34:00,2009,82-05,VHDU,3658.0,2009-10-15 07:30:00,4.0,7.6403709289121915,8.494499780009738,10.92,9.73,13.33,7.28,1,1 vehicle
3831921,2009-10-18 04:32:00,2009,30-08,VHDU,36519.0,2009-10-18 04:30:00,2.0,1.8280880468681449,1.994531131397776,4.34,4.11,5.19,1.8,1,1 vehicle
3832085,2009-10-18 17:10:00,2009,1-d9,VHDU,31484.0,2009-10-18 17:10:00,0.0,5.265114359791453,1.9957763377632372,4.41,4.74,7.45,3.5,5,2 or more vehicles
3832159,2009-10-18 22:18:00,2009,1-c8,VHDU,36308.0,2009-10-18 22:20:00,2.0,4.281313609899698,4.831712605587408,10.24,0.9,1.37,1.2,2,2 or more vehicles
3834420,2009-10-21 17:28:00,2009,1-g4,VHDU,31674.0,2009-10-21 17:30:00,2.0,5.781580695147999,2.9434338577391106,8.41,4.11,5.29,5.5,3,2 or more vehicles
3835645,2009-10-23 18:39:00,2009,1-f6,VHDU,1578.0,2009-10-23 18:40:00,1.0,2.1384406013180124,3.2714142691726864,3.61,0.32,0.88,6.65,3,2 or more vehicles
3836354,2009-10-25 12:05:00,2009,76-09,VHDU,33750.0,2009-10-25 12:00:00,5.0,6.577308874108337,2.6673072887815006,13.47,4.69,6.96,1.5,1,1 vehicle
3836487,2009-10-25 18:05:00,2009,1-q9,VHDU,33394.0,2009-10-25 18:00:00,5.0,0.5170902714949083,0.908915067351008,12.64,1.51,1.76,-1.4,1,1 vehicle
3837520,2009-10-27 08:30:00,2009,35-01,VHDU,31399.0,2009-10-27 08:30:00,0.0,7.487228440421553,4.900372212107007,8.51,9.36,13.03,5.2,2,2 or more vehicles
3837590,2009-10-27 09:54:00,2009,54-02,VHDU,1779.0,2009-10-27 09:50:00,4.0,10.732673190549564,11.0845394985849,12.06,5.84,8.59,-0.11,1,1 vehicle
3837766,2009-10-27 12:04:00,2009,1-g9,VHDU,1881.0,2009-10-27 12:00:00,4.0,8.5221548876512,9.88836273306173,9.12,4.73,6.92,2.6,1,1 vehicle
3838173,2009-10-27 21:30:00,2009,1-p9,VHDU,3471.0,2009-10-27 21:30:00,0.0,3.8888470882505883,3.634671517176708,1.58,1.42,2.05,-0.01,1,1 vehicle
3839090,2009-10-29 11:27:00,2009,87-02,VHDU,33495.0,2009-10-29 11:30:00,3.0,4.419745133672716,4.247575140073028,8.5,2.52,3.82,5.7,1,1 vehicle
3840685,2009-11-01 11:31:00,2009,1-j1,VHDU,32097.0,2009-11-01 11:30:00,1.0,5.317670203946053,3.198771852515269,10.83,3.06,3.43,1.0,1,1 vehicle
3840686,2009-11-01 10:36:00,2009,60-47,VHDU,2641.0,2009-11-01 10:40:00,4.0,1.402398351067817,1.3076373185269048,4.95,2.05,3.07,1.54,1,1 vehicle
3840768,2009-11-01 16:03:00,2009,43-01,VHDU,1361.0,2009-11-01 16:00:00,3.0,12.042965111243523,6.488135829451195,13.3,3.22,3.92,5.08,1,1 vehicle
3841215,2009-11-02 13:00:00,2009,33-02,VHDU,1395.0,2009-11-02 13:00:00,0.0,11.844396508274498,10.874395868285587,8.73,4.62,5.61,3.06,1,1 vehicle
3842774,2009-11-04 20:14:00,2009,1-g9,VHDU,1881.0,2009-11-04 20:10:00,4.0,8.670442214004538,9.88836273306173,9.12,3.24,5.55,2.05,1,1 vehicle
3842783,2009-11-04 20:47:00,2009,1-g8,VHDU,1779.0,2009-11-04 20:50:00,3.0,5.062260327046081,4.97049771952842,8.600000000000001,4.75,9.28,2.96,2,2 or more vehicles
3843388,2009-11-05 18:45:00,2009,1-m3,VHDU,33431.0,2009-11-05 18:40:00,5.0,13.396698343866,13.227469441125152,11.32,5.69,9.31,1.6,1,1 vehicle
3843425,2009-11-05 20:44:00,2009,1-m3,VHDU,33431.0,2009-11-05 20:40:00,4.0,18.289853329050512,13.227469441125152,11.32,9.39,11.66,2.2,1,1 vehicle
3844473,2009-11-07 16:58:00,2009,1-r3,VHDU,4303.0,2009-11-07 17:00:00,2.0,1.954545491705917,7.357819026477832,15.81,1.71,5.25,2.15,1,1 vehicle
3844705,2009-11-08 02:45:00,2009,574-07,VHDU,1924.0,2009-11-08 02:40:00,5.0,4.376884082980744,3.210218950768943,5.1,0.89,2.22,3.47,1,1 vehicle
3846323,2009-11-10 20:36:00,2009,60-46,VHDU,2636.0,2009-11-10 20:40:00,4.0,2.6149787035386614,1.8431777366694395,7.21,5.23,6.24,-2.67,1,1 vehicle
3846602,2009-11-11 11:26:00,2009,1-m9,VHDU,3242.0,2009-11-11 11:30:00,4.0,6.595329600605339,5.492674552934827,11.1,5.32,6.82,2.8,1,1 vehicle
3847664,2009-11-12 23:12:00,2009,1-k3,VHDU,2197.0,2009-11-12 23:10:00,2.0,1.6343921784075746,5.350417813137898,11.87,7.95,10.94,5.29,1,1 vehicle
3847688,2009-11-12 21:36:00,2009,1-m8,VHDU,3242.0,2009-11-12 21:40:00,4.0,8.345946420391261,8.462555147729427,5.33,12.75,17.51,4.61,1,1 vehicle
3849940,2009-11-17 10:33:00,2009,56-01,VHDU,31948.0,2009-11-17 10:30:00,3.0,0.2083960380678632,3.8833227234733703,10.98,8.61,11.76,-0.5,1,1 vehicle
3850444,2009-11-17 19:11:00,2009,1-d8,VHDU,31392.0,2009-11-17 19:10:00,1.0,1.4292022282502586,1.811228203445721,16.63,5.67,7.55,-0.4,1,1 vehicle
3851223,2009-11-18 17:22:00,2009,1-m5,VHDU,33431.0,2009-11-18 17:20:00,2.0,11.133903297231937,6.468729395855224,14.17,3.74,4.9,-3.4,1,1 vehicle
3851752,2009-11-19 13:34:00,2009,429-01,VHDU,1453.0,2009-11-19 13:30:00,4.0,9.225589743166275,8.668989203579653,2.11,15.59,19.7,6.16,1,1 vehicle
3852295,2009-11-20 11:10:00,2009,34-02,VHDU,1395.0,2009-11-20 11:10:00,0.0,2.6668691399927806,5.246626996155354,8.9,2.54,3.78,4.54,1,1 vehicle
3853052,2009-11-21 15:02:00,2009,61-45,VHDU,32643.0,2009-11-21 15:00:00,2.0,3.2694880456801396,1.843407294456912,8.9,2.32,4.61,1.8,1,1 vehicle
3853089,2009-11-21 17:03:00,2009,1-m4,VHDU,33431.0,2009-11-21 17:00:00,3.0,8.009703124167334,4.073257225176333,8.95,6.64,9.31,-1.2,1,1 vehicle
3853146,2009-11-21 17:12:00,2009,85-03,VHDU,3595.0,2009-11-21 17:10:00,2.0,11.08759725202782,11.086744627975602,11.12,4.09,5.25,-0.54,2,2 or more vehicles
3853217,2009-11-21 23:50:00,2009,41-21,VHDU,1453.0,2009-11-21 23:50:00,0.0,9.762439382914788,11.289462995374912,3.28,10.58,12.64,5.79,2,2 or more vehicles
3854137,2009-11-23 13:13:00,2009,1-k5,VHDU,33204.0,2009-11-23 13:10:00,3.0,1.2524328547542383,0.4927782706765492,7.0,8.16,11.47,0.8,1,1 vehicle
3855865,2009-11-25 13:33:00,2009,76-04,VHDU,3433.0,2009-11-25 13:30:00,3.0,16.21216531972512,16.232218446531423,13.06,9.83,12.48,2.8,1,1 vehicle
3855993,2009-11-25 15:23:00,2009,54-06,VHDU,31958.0,2009-11-25 15:20:00,3.0,0.21571407657631794,3.816243689301748,12.24,14.68,34.59,3.57,2,2 or more vehicles
3856234,2009-11-26 07:40:00,2009,1-c8,VHDU,36308.0,2009-11-26 07:40:00,0.0,5.482043551483325,4.831712605587408,10.24,9.66,12.45,-1.7,3,2 or more vehicles
3856280,2009-11-26 08:44:00,2009,61-38,VHDU,2646.0,2009-11-26 08:40:00,4.0,4.884292229911291,3.8609028288009,8.5,7.08,9.64,-1.81,1,1 vehicle
3857201,2009-11-27 15:25:00,2009,1-d9,VHDU,31484.0,2009-11-27 15:20:00,5.0,1.7044629466077688,1.9957763377632372,4.41,9.86,12.25,-1.5,1,1 vehicle
3857255,2009-11-27 17:14:00,2009,1-g3,VHDU,1673.0,2009-11-27 17:10:00,4.0,3.859134979946563,5.382052364477969,11.64,1.2,3.59,-1.84,2,2 or more vehicles
3859559,2009-12-02 02:41:00,2009,41-17,VDU,31363.0,2009-12-02 02:40:00,1.0,12.797780575682175,12.363112815580855,4.56,14.71,20.38,-5.0,1,1 vehicle
3862045,2009-12-06 12:29:00,2009,1-g8,VDU,1779.0,2009-12-06 12:30:00,1.0,5.081320891806925,4.97049771952842,8.600000000000001,5.63,8.07,2.87,1,1 vehicle
3862689,2009-12-07 13:55:00,2009,1-m8,VDU,3242.0,2009-12-07 13:50:00,5.0,8.626204853816752,8.462555147729427,5.33,2.9,4.14,2.45,1,1 vehicle
3863612,2009-12-09 07:54:00,2009,61-45,VDU,32643.0,2009-12-09 07:50:00,4.0,3.4120400268192435,1.843407294456912,8.9,2.25,6.17,6.2,1,1 vehicle
3863937,2009-12-09 16:51:00,2009,1-p6,VDU,3471.0,2009-12-09 16:50:00,1.0,3.4351121732376555,2.7742615388858822,4.92,1.77,2.74,5.94,3,2 or more vehicles
3864314,2009-12-10 12:32:00,2009,1-h4,VDU,32097.0,2009-12-10 12:30:00,2.0,9.30505705232541,6.809457005645053,11.46,6.7,8.82,0.5,1,1 vehicle
3865453,2009-12-12 17:30:00,2009,75-03,VDU,3433.0,2009-12-12 17:30:00,0.0,2.4619729326738224,3.9158378277913126,9.46,2.96,5.39,8.11,2,2 or more vehicles
3865493,2009-12-12 19:49:00,2009,1-d8,VDU,31392.0,2009-12-12 19:50:00,1.0,2.913050860859067,1.811228203445721,16.63,10.76,14.6,6.3,2,2 or more vehicles
3866559,2009-12-14 14:11:00,2009,1-m8,VDU,3242.0,2009-12-14 14:10:00,1.0,8.935541658751777,8.462555147729427,5.33,2.16,3.69,4.87,1,1 vehicle
3867470,2009-12-15 19:35:00,2009,43-01,VDU,1361.0,2009-12-15 19:30:00,5.0,11.340246867533528,6.488135829451195,13.3,1.76,2.45,4.36,1,1 vehicle
3867499,2009-12-15 19:35:00,2009,43-01,VDU,1361.0,2009-12-15 19:30:00,5.0,11.357207108745891,6.488135829451195,13.3,1.76,2.45,4.36,1,1 vehicle
3867530,2009-12-15 22:42:00,2009,1-c5,VDU,6315.0,2009-12-15 22:40:00,2.0,5.4991004849703735,4.189300750163836,3.04,2.17,2.94,-1.76,1,1 vehicle
3867980,2009-12-16 17:39:00,2009,1-m5,VDU,33431.0,2009-12-16 17:40:00,1.0,5.323972747653497,6.468729395855224,14.17,2.37,2.65,0.2,1,1 vehicle
3868534,2009-12-17 17:24:00,2009,1-g9,VDU,1881.0,2009-12-17 17:20:00,4.0,10.647968983667553,9.88836273306173,9.12,1.09,3.0,-2.16,1,1 vehicle
3869569,2009-12-19 19:05:00,2009,1-p5,VDU,3463.0,2009-12-19 19:00:00,5.0,4.252187792617501,4.005505581134992,2.99,9.75,19.27,-2.54,2,2 or more vehicles
3869607,2009-12-19 21:58:00,2009,75-03,VDU,3433.0,2009-12-19 22:00:00,2.0,7.745894100600688,3.9158378277913126,9.46,14.76,19.63,-1.03,1,1 vehicle
3869847,2009-12-20 11:58:00,2009,1-d9,VDU,31484.0,2009-12-20 12:00:00,2.0,0.32121723290143717,1.9957763377632372,4.41,11.9,17.84,-4.5,2,2 or more vehicles
3869912,2009-12-20 15:34:00,2009,1-q7,VDU,33394.0,2009-12-20 15:30:00,4.0,16.04041128965615,16.212190161802457,9.65,8.81,10.15,-6.1,1,1 vehicle
3871787,2009-12-23 16:29:00,2009,1-k4,VDU,33204.0,2009-12-23 16:30:00,1.0,4.37120990127697,4.377143261503581,4.07,5.3,8.33,-8.2,1,1 vehicle
3872839,2009-12-27 14:20:00,2009,51-01,VDU,31572.0,2009-12-27 14:20:00,0.0,1.025382689777825,0.926567118382983,7.16,1.35,2.45,-1.3,1,1 vehicle
3872900,2009-12-27 18:49:00,2009,35-03,VDU,36411.0,2009-12-27 18:50:00,1.0,15.893249563726101,12.565510462223775,8.47,5.84,6.96,-7.1,2,2 or more vehicles
3872906,2009-12-27 19:07:00,2009,1-h4,VDU,32097.0,2009-12-27 19:10:00,3.0,5.527822645923607,6.809457005645053,11.46,3.2,4.41,-7.3,1,1 vehicle
3873470,2009-12-28 16:47:00,2009,1-k8,VDU,3223.0,2009-12-28 16:50:00,3.0,15.49238064206692,15.384253879331345,11.41,5.89,8.17,-7.7,1,1 vehicle
3875217,2009-12-30 17:46:00,2009,43-01,VDU,1361.0,2009-12-30 17:50:00,4.0,9.656789739073558,6.488135829451195,13.3,3.06,4.31,-5.78,1,1 vehicle
3875458,2009-12-31 10:04:00,2009,1-f3,VDU,1479.0,2009-12-31 10:00:00,4.0,0.5819314624310218,1.1330985534714593,4.78,0.39,0.81,-8.89,1,1 vehicle
3876445,2010-01-02 12:28:00,2010,35-07,VDU,6515.0,2010-01-02 12:30:00,2.0,1.1695538121363758,2.481668592393056,11.46,5.63,6.3,-6.11,1,1 vehicle
3876642,2010-01-02 23:13:00,2010,35-01,VDU,31399.0,2010-01-02 23:10:00,3.0,7.386421852864183,4.900372212107007,8.51,1.02,2.25,-4.3,1,1 vehicle
3876838,2010-01-03 12:47:00,2010,40-02,VDU,7475.0,2010-01-03 12:50:00,3.0,2.5864901897741124,1.8292648239084783,1.66,0.33,1.08,-4.56,1,1 vehicle
3877774,2010-01-05 16:46:00,2010,82-02,VDU,33563.0,2010-01-05 16:50:00,4.0,13.67832426351973,10.9166146109414,10.71,1.36,1.96,-6.0,1,1 vehicle
3878270,2010-01-06 12:19:00,2010,1-f7,VDU,1578.0,2010-01-06 12:20:00,1.0,5.732644465848776,5.451325677960265,0.94,2.39,3.13,-0.22,1,1 vehicle
3878320,2010-01-06 13:13:00,2010,43-01,VDU,1361.0,2010-01-06 13:10:00,3.0,10.320945498162864,6.488135829451195,13.3,2.79,4.01,2.42,1,1 vehicle
3879079,2010-01-07 15:13:00,2010,51-02,VDU,31572.0,2010-01-07 15:10:00,3.0,5.46968236904316,5.773738212981441,11.24,1.72,2.84,1.8,1,1 vehicle
3879085,2010-01-07 15:45:00,2010,51-02,VDU,31572.0,2010-01-07 15:40:00,5.0,5.8284897256745865,5.773738212981441,11.24,0.82,2.09,1.8,1,1 vehicle
3879401,2010-01-08 12:44:00,2010,1-b7,VDU,36132.0,2010-01-08 12:40:00,4.0,2.346804544229939,3.5572778320905845,13.1,2.35,4.61,4.4,1,1 vehicle
3879595,2010-01-08 20:21:00,2010,32-01,VDU,6420.0,2010-01-08 20:20:00,1.0,0.7752740654692734,1.8587537375923011,12.81,3.72,5.32,2.44,1,1 vehicle
3880848,2010-01-11 13:52:00,2010,518-01,VDU,1881.0,2010-01-11 13:50:00,2.0,14.609475837489935,15.708848790505064,6.24,3.85,4.5,1.29,1,1 vehicle
3880951,2010-01-11 15:35:00,2010,38-01,VDU,31392.0,2010-01-11 15:30:00,5.0,9.861868592447399,7.860927660955096,11.6,4.57,6.47,1.2,1,1 vehicle
3880983,2010-01-11 17:05:00,2010,1-c7,VDU,6315.0,2010-01-11 17:00:00,5.0,6.612494666161653,7.2272366966,3.5,4.05,4.67,0.17,1,1 vehicle
3881970,2010-01-13 10:17:00,2010,931-08,VDU,4060.0,2010-01-13 10:20:00,3.0,5.273547053856654,4.923576776295079,9.45,1.09,2.22,2.22,2,2 or more vehicles
3882135,2010-01-13 14:37:00,2010,60-04,VDU,2175.0,2010-01-13 14:40:00,3.0,15.64477868229933,18.560533055097217,7.97,1.3,3.49,3.05,1,1 vehicle
3882303,2010-01-14 01:36:00,2010,1-e1,VDU,31484.0,2010-01-14 01:40:00,4.0,5.974184094713837,4.9875155306340275,9.79,15.97,22.83,4.4,1,1 vehicle
3882549,2010-01-14 11:14:00,2010,1-c8,VDU,36308.0,2010-01-14 11:10:00,4.0,5.336222323210343,4.831712605587408,10.24,3.75,5.29,1.3,1,1 vehicle
3883086,2010-01-15 07:55:00,2010,47-12,VDU,1679.0,2010-01-15 07:50:00,5.0,11.330353578599592,10.954316682771935,12.42,5.64,13.52,2.83,1,1 vehicle
3883131,2010-01-15 09:18:00,2010,1-h0,VDU,1881.0,2010-01-15 09:20:00,2.0,5.940461005050408,2.491770257844639,7.74,3.61,4.73,2.05,1,1 vehicle
3883547,2010-01-15 19:33:00,2010,1-q2,VDU,3474.0,2010-01-15 19:30:00,3.0,4.603792036116593,4.198174247980663,5.52,11.71,14.01,-0.54,2,2 or more vehicles
3883925,2010-01-16 18:40:00,2010,1-f8,VDU,31572.0,2010-01-16 18:40:00,0.0,3.047871434829652,4.9827662723502,5.76,2.86,3.79,5.0,1,1 vehicle
3884330,2010-01-17 16:40:00,2010,54-12,VDU,1938.0,2010-01-17 16:40:00,0.0,3.676888464422329,5.122886456510389,8.54,6.12,9.77,4.45,1,1 vehicle
3884334,2010-01-17 17:04:00,2010,1-m1,VDU,3317.0,2010-01-17 17:00:00,4.0,2.344533230683263,1.3256499646624635,1.45,3.72,4.9,2.77,1,1 vehicle
3886471,2010-01-21 09:13:00,2010,1-e1,VDU,31484.0,2010-01-21 09:10:00,3.0,4.867343146632329,4.9875155306340275,9.79,10.77,14.21,4.6,2,2 or more vehicles
3886894,2010-01-21 19:18:00,2010,43-01,VDU,1361.0,2010-01-21 19:20:00,2.0,11.415059862646242,6.488135829451195,13.3,19.94,26.66,7.15,3,2 or more vehicles
3887113,2010-01-22 09:10:00,2010,429-01,VDU,1453.0,2010-01-22 09:10:00,0.0,9.655427948062899,8.668989203579653,2.11,5.8,7.45,2.24,1,1 vehicle
3887429,2010-01-22 18:38:00,2010,429-02,VDU,1453.0,2010-01-22 18:40:00,2.0,7.243038859340709,6.251374669171158,4.32,6.0,11.47,2.53,1,1 vehicle
3887450,2010-01-22 17:30:00,2010,574-06,VDU,1919.0,2010-01-22 17:30:00,0.0,4.7521351655740585,4.121506852812537,2.96,7.63,11.6,2.54,1,1 vehicle
3887461,2010-01-22 21:00:00,2010,1-d9,VDU,31484.0,2010-01-22 21:00:00,0.0,1.0362858750786605,1.9957763377632372,4.41,6.05,8.13,1.5,1,1 vehicle
3891269,2010-01-29 21:02:00,2010,76-04,VDU,3433.0,2010-01-29 21:00:00,2.0,14.632588773189982,16.232218446531423,13.06,3.42,4.14,-6.72,1,1 vehicle
3894574,2010-02-04 13:30:00,2010,38-02,VDU,31387.0,2010-02-04 13:30:00,0.0,11.177272794958325,9.944325910548493,4.01,9.56,13.23,-2.6,1,1 vehicle
3895028,2010-02-05 10:15:00,2010,43-01,VDU,1361.0,2010-02-05 10:10:00,5.0,4.80326074758561,6.488135829451195,13.3,9.33,12.15,1.76,1,1 vehicle
3895380,2010-02-05 20:33:00,2010,1-g1,VDU,31572.0,2010-02-05 20:30:00,3.0,4.547348561210214,7.416893274742419,10.93,5.37,7.15,2.6,1,1 vehicle
3896854,2010-02-08 13:56:00,2010,502-01,VDU,1679.0,2010-02-08 14:00:00,4.0,7.453645483698066,9.204665663593715,3.43,3.32,4.9,3.16,1,1 vehicle
3897968,2010-02-10 09:32:00,2010,1-h2,VDU,31985.0,2010-02-10 09:30:00,2.0,8.021155295603402,8.113869305983009,10.7,0.16,0.98,0.6,1,1 vehicle
3899277,2010-02-12 11:02:00,2010,1-p4,VDU,3463.0,2010-02-12 11:00:00,2.0,2.7842957727980266,6.428645425378839,11.46,5.19,6.99,3.99,2,2 or more vehicles
3900228,2010-02-14 11:31:00,2010,36-12,VDU,1479.0,2010-02-14 11:30:00,1.0,10.483873455287885,7.784369828621856,7.19,5.79,10.32,0.56,1,1 vehicle
3900256,2010-02-14 13:24:00,2010,60-46,VDU,2636.0,2010-02-14 13:20:00,4.0,3.714785679137908,1.8431777366694395,7.21,12.32,16.52,-9.6,1,1 vehicle
3900326,2010-02-14 17:16:00,2010,1-m2,VDU,33419.0,2010-02-14 17:20:00,4.0,6.876310543571042,5.573498711103916,13.26,12.94,17.05,-3.7,2,2 or more vehicles
3900952,2010-02-15 14:53:00,2010,1-q5,VDU,3474.0,2010-02-15 14:50:00,3.0,9.611762342202141,11.409165744035429,13.83,0.31,0.84,-2.32,2,2 or more vehicles
3901045,2010-02-15 17:05:00,2010,76-08,VDU,33750.0,2010-02-15 17:00:00,5.0,8.92937153949739,8.20722893967679,11.86,17.06,23.62,0.8,1,1 vehicle
3902963,2010-02-19 11:01:00,2010,92-09,VDU,5981.0,2010-02-19 11:00:00,1.0,4.642149881095029,3.9180680850954337,7.41,9.33,14.7,2.93,2,2 or more vehicles
3903302,2010-02-19 18:28:00,2010,54-02,VDU,1779.0,2010-02-19 18:30:00,2.0,10.643903313947153,11.0845394985849,12.06,3.37,6.56,-0.44,2,2 or more vehicles
3903626,2010-02-20 13:44:00,2010,93-02,VDU,34175.0,2010-02-20 13:40:00,4.0,2.0064357631215888,2.2346382814282277,9.93,8.68,11.86,-6.2,2,2 or more vehicles
3903999,2010-02-21 13:50:00,2010,1-h2,VDU,31985.0,2010-02-21 13:50:00,0.0,9.528253942960038,8.113869305983009,10.7,7.17,9.9,-4.7,1,1 vehicle
3906412,2010-02-25 16:18:00,2010,1-g5,VDU,1779.0,2010-02-25 16:20:00,2.0,6.811771630930602,7.000866790432446,2.48,11.75,16.3,-8.14,2,2 or more vehicles
3906510,2010-02-25 19:51:00,2010,41-15,VDU,1473.0,2010-02-25 19:50:00,1.0,3.5528809003743027,2.669518633501688,13.29,5.72,7.61,-3.0,1,1 vehicle
3909036,2010-03-03 08:55:00,2010,1-g1,VDU,31572.0,2010-03-03 08:50:00,5.0,5.830208161284559,7.416893274742419,10.93,5.27,8.4,1.3,1,1 vehicle
3909180,2010-03-03 15:36:00,2010,54-12,VDU,1938.0,2010-03-03 15:40:00,4.0,8.42313249137683,5.122886456510389,8.54,7.37,13.26,-0.62,2,2 or more vehicles
3910726,2010-03-06 18:05:00,2010,1-d9,VDU,31484.0,2010-03-06 18:00:00,5.0,2.1587795185603023,1.9957763377632372,4.41,8.2,10.78,-0.4,1,1 vehicle
3912414,2010-03-09 20:56:00,2010,33-01,VDU,31399.0,2010-03-09 21:00:00,4.0,6.304130840243374,10.766790604703466,12.83,3.44,5.49,6.5,1,1 vehicle
3914346,2010-03-13 07:28:00,2010,1-t4,VDU,4271.0,2010-03-13 07:30:00,2.0,8.057630635406873,1.758339721525823,11.0,4.99,6.53,0.45,1,1 vehicle
3914424,2010-03-13 13:50:00,2010,574-07,VDU,1924.0,2010-03-13 13:50:00,0.0,3.94980313462489,3.210218950768943,5.1,4.78,7.77,8.0,1,1 vehicle
3917501,2010-03-18 16:53:00,2010,931-09,VDU,5960.0,2010-03-18 16:50:00,3.0,11.259356060707411,11.700813351235215,5.69,6.73,8.46,-0.17,1,1 vehicle
3917991,2010-03-19 14:07:00,2010,45-01,VDU,1453.0,2010-03-19 14:10:00,3.0,3.962526715895318,6.206697467082469,5.8500000000000005,3.64,5.58,5.66,1,1 vehicle
3918238,2010-03-20 00:04:00,2010,305-01,VDU,36308.0,2010-03-20 00:00:00,4.0,7.024032976493075,8.056618367161038,9.57,3.69,5.19,1.6,1,1 vehicle
3918386,2010-03-20 06:33:00,2010,1-e1,VDU,31484.0,2010-03-20 06:30:00,3.0,1.8393632810626863,4.9875155306340275,9.79,3.24,3.82,0.8,1,1 vehicle
3918397,2010-03-20 07:04:00,2010,41-16,VDU,31363.0,2010-03-20 07:00:00,4.0,3.875681287555425,4.6115007826263295,11.62,3.4,4.02,1.3,1,1 vehicle
3918402,2010-03-20 07:16:00,2010,41-16,VDU,31363.0,2010-03-20 07:20:00,4.0,3.9498659025254006,4.6115007826263295,11.62,3.8,4.31,1.0,1,1 vehicle
3921301,2010-03-25 07:54:00,2010,43-01,VDU,1361.0,2010-03-25 07:50:00,4.0,2.7703031556168414,6.488135829451195,13.3,6.48,8.23,0.72,1,1 vehicle
3922123,2010-03-26 15:21:00,2010,1-g5,VDU,1779.0,2010-03-26 15:20:00,1.0,6.775658504442675,7.000866790432446,2.48,11.83,17.48,3.8,3,2 or more vehicles
3922196,2010-03-26 17:54:00,2010,76-10,VDU,3752.0,2010-03-26 17:50:00,4.0,4.584509885237767,5.31344750614094,8.0,11.16,14.8,-0.51,1,1 vehicle
3924799,2010-03-31 12:13:00,2010,82-03,VDU,33563.0,2010-03-31 12:10:00,3.0,3.752469866175811,0.3760650112123629,11.33,4.42,7.74,-6.5,3,2 or more vehicles
3924928,2010-03-31 15:43:00,2010,1-r1,VDU,4300.0,2010-03-31 15:40:00,3.0,4.491286574229256,4.229520579940802,3.94,5.04,6.1,-6.74,2,2 or more vehicles
3925438,2010-04-01 16:17:00,2010,55-02,VHDU,31958.0,2010-04-01 16:20:00,3.0,17.104927720575883,19.776587122748936,14.37,6.05,11.96,-3.2,1,1 vehicle
3925819,2010-04-02 15:15:00,2010,41-15,VHDU,1473.0,2010-04-02 15:10:00,5.0,6.557400514692944,2.669518633501688,13.29,9.02,11.79,-2.94,1,1 vehicle
3926649,2010-04-04 07:10:00,2010,34-05,VHDU,1395.0,2010-04-04 07:10:00,0.0,0.6700921414237752,4.455773978664814,11.97,1.93,2.74,-10.21,1,1 vehicle
3927247,2010-04-05 16:15:00,2010,1-m2,VHDU,33419.0,2010-04-05 16:10:00,5.0,0.9153047488233672,5.573498711103916,13.26,14.67,18.72,-0.2,2,2 or more vehicles
3927369,2010-04-05 18:02:00,2010,1-s4,VHDU,34238.0,2010-04-05 18:00:00,2.0,1.4049401194034588,2.044687902619077,12.03,15.58,19.99,-3.3,4,2 or more vehicles
3927560,2010-04-06 10:16:00,2010,1-b8,VHDU,36122.0,2010-04-06 10:20:00,4.0,7.798433495351716,3.3807083606755346,11.82,14.92,19.5,0.63,1,1 vehicle
3927994,2010-04-06 20:59:00,2010,43-01,VHDU,1361.0,2010-04-06 21:00:00,1.0,11.580719544354432,6.488135829451195,13.3,4.78,7.67,1.2,1,1 vehicle
3928850,2010-04-08 02:10:00,2010,54-03,VHDU,1868.0,2010-04-08 02:10:00,0.0,7.965854628529605,2.6913564127215324,14.08,4.66,5.12,-2.41,1,1 vehicle
3929539,2010-04-08 18:55:00,2010,61-24,VHDU,32474.0,2010-04-08 18:50:00,5.0,15.735823475832543,9.469232233801408,19.46,6.64,8.33,1.6,1,1 vehicle
3934905,2010-04-16 14:48:00,2010,61-45,VHDU,32643.0,2010-04-16 14:50:00,2.0,1.199730252313531,1.843407294456912,8.46,5.21,10.58,-1.4,1,1 vehicle
3937735,2010-04-21 05:59:00,2010,1-j1,VHDU,32097.0,2010-04-21 06:00:00,1.0,1.9830607106741047,3.198771852515269,10.83,4.83,5.88,-6.6,1,1 vehicle
3938125,2010-04-21 17:47:00,2010,746-01,VHDU,33424.0,2010-04-21 17:50:00,3.0,10.984573477546071,9.915082907694314,4.0,5.73,6.96,-3.8,1,1 vehicle
3938271,2010-04-22 03:09:00,2010,1-p6,VHDU,3471.0,2010-04-22 03:10:00,1.0,3.3298384924425655,2.7742615388858822,4.92,2.32,3.39,-4.51,1,1 vehicle
3938292,2010-04-22 04:14:00,2010,92-11,VHDU,5990.0,2010-04-22 04:10:00,4.0,6.6586978432731145,4.856153771530656,5.92,0.74,1.96,-4.73,2,2 or more vehicles
3938321,2010-04-22 06:22:00,2010,41-16,VHDU,31363.0,2010-04-22 06:20:00,2.0,9.899155522739486,4.6115007826263295,11.62,5.21,6.96,-3.1,1,1 vehicle
3943004,2010-04-29 15:22:00,2010,1-k6,VHDU,33204.0,2010-04-29 15:20:00,2.0,3.708891582407088,7.807893229156674,10.57,6.55,8.53,6.1,1,1 vehicle
3944626,2010-05-02 22:23:00,2010,35-08,VHDU,36519.0,2010-05-02 22:20:00,3.0,7.2879555005114725,5.046269591968834,8.83,2.77,3.72,3.9,1,1 vehicle
3947031,2010-05-05 15:52:00,2010,1-d9,VHDU,31484.0,2010-05-05 15:50:00,2.0,5.2002390709015955,1.9957763377632372,4.41,4.89,6.47,7.4,5,2 or more vehicles
3947428,2010-05-06 08:57:00,2010,54-02,VHDU,1779.0,2010-05-06 09:00:00,3.0,10.031621610393575,11.0845394985849,12.06,1.41,1.96,8.56,1,1 vehicle
3947725,2010-05-06 17:11:00,2010,829-02,VHDU,3371.0,2010-05-06 17:10:00,1.0,7.138200296360889,1.9391685769392983,15.75,10.44,13.65,14.61,1,1 vehicle
3948831,2010-05-08 07:20:00,2010,41-17,VHDU,31363.0,2010-05-08 07:20:00,0.0,10.623166078297043,12.363112815580855,4.56,5.0,6.66,6.2,1,1 vehicle
3948958,2010-05-08 16:05:00,2010,43-01,VHDU,1361.0,2010-05-08 16:00:00,5.0,5.276380921924904,6.488135829451195,13.3,6.9,8.72,9.02,2,2 or more vehicles
3951117,2010-05-11 15:55:00,2010,829-01,VHDU,3471.0,2010-05-11 15:50:00,5.0,12.723874392968213,9.317363479954343,11.43,1.39,3.56,12.13,2,2 or more vehicles
3952181,2010-05-13 10:41:00,2010,62-04,VHDU,32224.0,2010-05-13 10:40:00,1.0,3.163799352590954,0.403835073906412,12.06,9.84,13.33,1.7,1,1 vehicle
3953537,2010-05-15 14:31:00,2010,1-g9,VHDU,1881.0,2010-05-15 14:30:00,1.0,10.133512176361311,9.88836273306173,9.12,7.17,10.68,8.34,4,2 or more vehicles
3954784,2010-05-17 12:05:00,2010,59-02,VHDU,32190.0,2010-05-17 12:00:00,5.0,4.059830148542533,3.972460559685162,14.7,11.08,13.92,3.4,1,1 vehicle
3955941,2010-05-18 16:03:00,2010,54-02,VHDU,1779.0,2010-05-18 16:00:00,3.0,13.439749023191627,11.0845394985849,12.06,2.6,4.54,11.03,2,2 or more vehicles
3956613,2010-05-19 16:37:00,2010,1-d6,VHDU,31399.0,2010-05-19 16:40:00,3.0,1.2734666750729609,2.8564832758413083,10.48,4.02,6.47,9.6,2,2 or more vehicles
3956747,2010-05-19 23:31:00,2010,821-01,VHDU,3471.0,2010-05-19 23:30:00,1.0,10.016094438167077,7.64609910465302,5.7,5.34,8.13,12.27,1,1 vehicle
3958971,2010-05-23 17:05:00,2010,1-q5,VHDU,3474.0,2010-05-23 17:00:00,5.0,16.589873279326852,11.409165744035429,13.83,2.73,3.29,5.46,1,1 vehicle
3959728,2010-05-25 08:49:00,2010,518-03,VHDU,6802.0,2010-05-25 08:50:00,1.0,4.368612638566655,3.1057314137550858,11.43,4.37,6.89,7.52,1,1 vehicle
3961419,2010-05-26 18:33:00,2010,1-g1,VHDU,31572.0,2010-05-26 18:30:00,3.0,4.099789609544017,7.416893274742419,10.93,7.32,13.52,11.6,2,2 or more vehicles
3963096,2010-05-29 16:00:00,2010,61-39,VHDU,2642.0,2010-05-29 16:00:00,0.0,4.061747951767613,3.766087170529165,6.32,5.02,6.04,8.08,1,1 vehicle
3963124,2010-05-29 17:27:00,2010,420-01,VHDU,31363.0,2010-05-29 17:30:00,3.0,4.336888249820485,3.8504227892375225,11.32,4.71,5.78,9.7,1,1 vehicle
3965002,2010-05-31 13:53:00,2010,365-01,VHDU,1596.0,2010-05-31 13:50:00,3.0,10.038576374725688,13.504310426164936,14.36,6.74,10.36,11.95,1,1 vehicle
3967673,2010-06-04 16:50:00,2010,1-m5,SDU,33431.0,2010-06-04 16:50:00,0.0,12.032863333915714,6.468729395855224,14.17,4.67,5.68,10.2,1,1 vehicle
3968736,2010-06-06 09:33:00,2010,365-01,SDU,1596.0,2010-06-06 09:30:00,3.0,14.728123998249076,13.504310426164936,14.36,1.46,2.61,14.26,1,1 vehicle
3968870,2010-06-06 17:39:00,2010,34-05,SDU,1395.0,2010-06-06 17:40:00,1.0,1.110793480901642,4.455773978664814,11.97,5.3,7.08,12.94,1,1 vehicle
3969675,2010-06-07 16:42:00,2010,1-g5,SDU,1779.0,2010-06-07 16:40:00,2.0,6.856806356389766,7.000866790432446,2.48,7.45,8.98,13.51,4,2 or more vehicles
3970624,2010-06-09 02:28:00,2010,931-06,SDU,4060.0,2010-06-09 02:30:00,2.0,0.33904257887017136,2.36240251959002,5.66,0.42,1.43,3.34,1,1 vehicle
3972713,2010-06-12 23:40:00,2010,45-01,SDU,1453.0,2010-06-12 23:40:00,0.0,8.063286323985965,6.206697467082469,5.8500000000000005,2.91,4.21,9.58,1,1 vehicle
3973592,2010-06-14 12:20:00,2010,1-k9,SDU,3317.0,2010-06-14 12:20:00,0.0,4.427016055703106,5.731173545267037,11.4,3.2,4.54,14.25,1,1 vehicle
3973754,2010-06-14 14:49:00,2010,60-45,SDU,2631.0,2010-06-14 14:50:00,1.0,5.987203589015417,6.4985876809721335,3.48,5.25,7.97,13.48,1,1 vehicle
3975222,2010-06-16 16:48:00,2010,1-q0,SDU,3471.0,2010-06-16 16:50:00,2.0,4.090459203129192,3.5305709872854014,2.13,5.31,8.1,12.42,2,2 or more vehicles
3975353,2010-06-16 23:50:00,2010,f337-02,SDU,6515.0,2010-06-16 23:50:00,0.0,16.09621640594317,16.44904131279467,31.92,6.9,8.26,7.46,1,1 vehicle
3975615,2010-06-17 11:52:00,2010,1-h0,SDU,1881.0,2010-06-17 11:50:00,2.0,1.72346429809812,2.491770257844639,7.74,4.36,7.35,14.23,2,2 or more vehicles
3976052,2010-06-18 10:02:00,2010,1-t1,SDU,4271.0,2010-06-18 10:00:00,2.0,11.830580243357767,6.49991970936017,11.239999999999998,3.3,4.44,10.8,1,1 vehicle
3976643,2010-06-18 20:21:00,2010,61-29,SDU,32654.0,2010-06-18 20:20:00,1.0,9.067501571063216,8.391135288927227,13.14,2.18,2.84,12.2,1,1 vehicle
3976742,2010-06-19 04:02:00,2010,1-q5,SDU,3474.0,2010-06-19 04:00:00,2.0,15.435191028593428,11.409165744035429,13.83,3.12,5.19,11.1,1,1 vehicle
3976995,2010-06-19 17:30:00,2010,60-10,SDU,32179.0,2010-06-19 17:30:00,0.0,12.23374385042507,13.08208937889513,5.78,2.24,5.49,11.2,2,2 or more vehicles
3977042,2010-06-19 20:04:00,2010,1-d1,SDU,36308.0,2010-06-19 20:00:00,4.0,0.7804457978594859,1.5292496506417883,3.18,7.71,10.58,12.0,1,1 vehicle
3977492,2010-06-20 11:15:00,2010,1-m3,SDU,33431.0,2010-06-20 11:10:00,5.0,14.856146733901612,13.227469441125152,11.32,7.85,10.49,9.2,1,1 vehicle
3978085,2010-06-18 16:14:00,2010,32-02,SDU,6424.0,2010-06-18 16:10:00,4.0,5.767605311952517,4.62602433036841,11.61,3.7,6.14,17.58,1,1 vehicle
3979740,2010-06-23 14:07:00,2010,1-q8,SDU,33394.0,2010-06-23 14:10:00,3.0,16.232077121981714,11.48327425375174,10.05,7.32,8.88,13.0,1,1 vehicle
3980529,2010-06-24 21:37:00,2010,36-12,SDU,1479.0,2010-06-24 21:40:00,3.0,6.084404339404678,7.784369828621856,7.19,3.25,5.61,14.93,2,2 or more vehicles
3981019,2010-06-25 19:17:00,2010,41-16,SDU,31363.0,2010-06-25 19:20:00,3.0,1.792897277144026,4.6115007826263295,11.62,3.69,5.39,11.0,1,1 vehicle
3981352,2010-06-26 15:10:00,2010,60-32,SDU,32355.0,2010-06-26 15:10:00,0.0,16.628778247145867,16.071558073963168,13.14,1.03,2.35,11.3,1,1 vehicle
3981945,2010-06-27 15:46:00,2010,1-t0,SDU,4271.0,2010-06-27 15:50:00,4.0,18.512628083332746,16.112146503479053,8.99,3.98,6.43,13.42,1,1 vehicle
3982567,2010-06-28 12:34:00,2010,264-01,SDU,6222.0,2010-06-28 12:30:00,4.0,8.550531887726384,8.254225728246299,11.48,1.05,1.73,11.32,1,1 vehicle
3982779,2010-06-28 14:46:00,2010,1-a2,SDU,36386.0,2010-06-28 14:50:00,4.0,7.479798475925793,6.384128057059852,11.18,2.92,4.21,12.1,1,1 vehicle
3984205,2010-06-30 17:22:00,2010,1-g4,SDU,31674.0,2010-06-30 17:20:00,2.0,6.794122681560393,2.9434338577391106,8.41,2.65,3.53,13.6,2,2 or more vehicles
3984760,2010-07-01 15:17:00,2010,85-24,SDU,34733.0,2010-07-01 15:20:00,3.0,11.657308295230159,7.278638110488811,13.94,8.59,12.45,6.0,1,1 vehicle
3985889,2010-07-03 16:56:00,2010,1-d8,SDU,31392.0,2010-07-03 17:00:00,4.0,3.424734373982654,1.811228203445721,16.63,4.61,6.57,14.8,1,1 vehicle
3986635,2010-07-04 21:10:00,2010,1-k8,SDU,3223.0,2010-07-04 21:10:00,0.0,14.630186692434236,15.384253879331345,11.41,4.97,6.23,6.91,1,1 vehicle
3988444,2010-07-07 13:59:00,2010,460-01,SDU,1578.0,2010-07-07 14:00:00,1.0,7.865708654943298,8.484042787367784,11.16,13.3,20.16,12.21,1,1 vehicle
3988557,2010-07-07 17:48:00,2010,574-01,SDU,31931.0,2010-07-07 17:50:00,2.0,10.027479729076276,4.4991859417418425,16.82,10.5,22.25,6.3,1,1 vehicle
3988659,2010-07-07 22:35:00,2010,75-06,SDU,3433.0,2010-07-07 22:30:00,5.0,4.107827559523319,4.244214080639283,11.95,10.31,13.26,9.42,2,2 or more vehicles
3988713,2010-07-08 01:04:00,2010,1-d8,SDU,31392.0,2010-07-08 01:00:00,4.0,1.3346142358391804,1.811228203445721,16.63,3.97,9.9,8.3,1,1 vehicle
3990745,2010-07-11 07:33:00,2010,1-s9,SDU,4271.0,2010-07-11 07:30:00,3.0,19.405761223160457,18.30644535475735,11.51,0.81,1.27,8.83,1,1 vehicle
3990904,2010-07-11 15:51:00,2010,85-33,SDU,4652.0,2010-07-11 15:50:00,1.0,3.3902001969757984,6.570573262904891,14.01,3.38,5.45,10.31,1,1 vehicle
3992472,2010-07-13 13:30:00,2010,204-02,SDU,6272.0,2010-07-13 13:30:00,0.0,15.423437826824056,14.607354581481458,12.03,2.7,4.73,13.76,1,1 vehicle
3992949,2010-07-14 11:42:00,2010,85-10,SDU,34700.0,2010-07-14 11:40:00,2.0,8.373629647393606,10.855714753491744,9.86,2.86,4.61,8.7,2,2 or more vehicles
3993057,2010-07-14 14:55:00,2010,1-p2,SDU,33357.0,2010-07-14 14:50:00,5.0,15.003973842435338,12.445794851228827,9.9,4.24,6.57,12.1,1,1 vehicle
3993782,2010-07-15 15:46:00,2010,61-21,SDU,2481.0,2010-07-15 15:50:00,4.0,6.970860725286154,6.2608090114832855,10.5,3.95,5.52,9.72,1,1 vehicle
3993866,2010-07-15 18:14:00,2010,1-m5,SDU,33431.0,2010-07-15 18:10:00,4.0,0.5433739586095571,6.468729395855224,14.17,3.28,5.88,12.7,1,1 vehicle
3994943,2010-07-17 16:15:00,2010,30-04,SDU,6420.0,2010-07-17 16:10:00,5.0,7.7366583750351055,5.359811449264286,11.71,9.13,11.92,20.33,2,2 or more vehicles
3995013,2010-07-17 18:24:00,2010,350-01,SDU,31399.0,2010-07-17 18:20:00,4.0,12.146590596095665,9.947607235681645,12.08,3.14,4.61,19.1,1,1 vehicle
3996020,2010-07-19 10:42:00,2010,1-m9,SDU,3242.0,2010-07-19 10:40:00,2.0,8.867650787707833,5.492674552934827,11.1,3.71,5.19,12.85,1,1 vehicle
3997083,2010-07-20 15:14:00,2010,1-m2,SDU,33419.0,2010-07-20 15:10:00,4.0,2.866897367830403,5.573498711103916,13.26,7.94,9.8,11.4,1,1 vehicle
3997868,2010-07-21 18:27:00,2010,1-q7,SDU,33394.0,2010-07-21 18:30:00,3.0,16.329437610589608,16.212190161802457,9.65,1.4,3.14,15.9,1,1 vehicle
3998048,2010-07-22 02:25:00,2010,36-03,SDU,1596.0,2010-07-22 02:20:00,5.0,9.776495164663459,7.816411006870178,8.47,1.15,2.15,9.55,1,1 vehicle
3998937,2010-07-23 12:08:00,2010,61-35,SDU,2646.0,2010-07-23 12:10:00,2.0,1.9826762542920067,3.4147436857726188,13.64,3.17,4.24,14.41,1,1 vehicle
3998986,2010-07-23 13:31:00,2010,1-b1,SDU,36156.0,2010-07-23 13:30:00,1.0,5.074753624355814,4.49414143740731,8.79,5.78,8.13,11.5,1,1 vehicle
4000192,2010-07-25 16:51:00,2010,1-k2,SDU,2197.0,2010-07-25 16:50:00,1.0,4.623823518853341,6.007449718079592,11.35,2.48,3.33,18.05,1,1 vehicle
4001480,2010-07-27 14:14:00,2010,574-01,SDU,31931.0,2010-07-27 14:10:00,4.0,7.6760729847115785,4.4991859417418425,16.82,7.32,8.82,11.8,2,2 or more vehicles
4003681,2010-07-30 13:18:00,2010,60-02,SDU,31985.0,2010-07-30 13:20:00,2.0,0.4584496813394602,4.696286398233004,11.35,1.94,3.72,15.3,1,1 vehicle
4008511,2010-08-06 17:10:00,2010,36-06,SDU,1596.0,2010-08-06 17:10:00,0.0,2.5023035869065766,5.4322212477658764,10.69,5.08,7.22,11.6,1,1 vehicle
4009438,2010-08-08 13:26:00,2010,1-m9,SDU,3242.0,2010-08-08 13:30:00,4.0,6.7117463290178945,5.492674552934827,11.1,4.3,7.19,13.14,3,2 or more vehicles
4009547,2010-08-08 17:33:00,2010,508-03,SDU,1689.0,2010-08-08 17:30:00,3.0,5.477084966603539,6.258418493077006,12.6,4.78,6.92,13.52,1,1 vehicle
4009605,2010-08-08 19:58:00,2010,425-02,SDU,1361.0,2010-08-08 20:00:00,2.0,5.070131087760497,6.917005970284371,14.76,3.47,4.54,16.69,1,1 vehicle
4011126,2010-08-10 19:24:00,2010,1-g9,SDU,1881.0,2010-08-10 19:20:00,4.0,10.401623233624054,9.88836273306173,9.12,3.63,5.32,13.43,1,1 vehicle
4011616,2010-08-11 11:36:00,2010,1-c0,SDU,6222.0,2010-08-11 11:40:00,4.0,6.161194579198032,6.323365886803895,10.13,3.64,6.43,13.99,2,2 or more vehicles
4011681,2010-08-11 12:44:00,2010,574-01,SDU,31931.0,2010-08-11 12:40:00,4.0,6.318260563268073,4.4991859417418425,16.82,4.6,7.55,10.1,1,1 vehicle
4011747,2010-08-11 14:44:00,2010,47-11,SDU,1685.0,2010-08-11 14:40:00,4.0,3.699661893011502,2.85210964840569,13.71,6.68,7.64,14.77,1,1 vehicle
4012678,2010-08-13 01:00:00,2010,1-m3,SDU,33431.0,2010-08-13 01:00:00,0.0,16.54857285027901,13.227469441125152,11.32,3.54,4.9,11.5,1,1 vehicle
4013476,2010-08-14 10:37:00,2010,47-02,SDU,1578.0,2010-08-14 10:40:00,3.0,10.206807108583432,12.096600493605075,11.5,6.38,8.49,16.98,2,2 or more vehicles
4013517,2010-08-14 13:27:00,2010,427-05,SDU,1361.0,2010-08-14 13:30:00,3.0,17.7314608623883,12.722306661236498,14.49,8.98,11.3,13.63,1,1 vehicle
4015069,2010-08-14 16:00:00,2010,264-01,SDU,6222.0,2010-08-14 16:00:00,0.0,8.285051390739648,8.254225728246299,11.48,5.72,9.31,14.01,1,1 vehicle
4015119,2010-08-17 13:04:00,2010,1-s2,SDU,4830.0,2010-08-17 13:00:00,4.0,7.8051794669949075,10.350341163838008,8.69,3.91,5.45,11.88,1,1 vehicle
4016154,2010-08-15 15:10:00,2010,30-01,SDU,6310.0,2010-08-15 15:10:00,0.0,5.395437681375731,2.8295859653891235,8.07,10.65,13.75,15.77,1,1 vehicle
4016273,2010-08-19 01:54:00,2010,1-q9,SDU,33394.0,2010-08-19 01:50:00,4.0,3.6213249960933283,0.908915067351008,12.64,3.55,5.29,5.1,1,1 vehicle
4018610,2010-08-23 14:29:00,2010,99-01,SDU,5544.0,2010-08-23 14:30:00,1.0,2.7629256214057487,1.21089321665288,3.75,5.14,7.1,13.35,3,2 or more vehicles
4020140,2010-08-25 22:08:00,2010,829-01,SDU,3471.0,2010-08-25 22:10:00,2.0,7.556273098861462,9.317363479954343,11.43,2.81,3.85,7.97,1,1 vehicle
4022362,2010-08-29 14:43:00,2010,35-11,SDU,36519.0,2010-08-29 14:40:00,3.0,4.746504577428748,8.402290279671812,11.74,2.55,3.72,9.1,1,1 vehicle
4022380,2010-08-29 15:48:00,2010,1-t4,SDU,4271.0,2010-08-29 15:50:00,2.0,6.44496468796184,1.758339721525823,11.0,2.94,3.92,11.8,1,1 vehicle
4023810,2010-09-01 00:32:00,2010,50-03,SDU,1779.0,2010-09-01 00:30:00,2.0,10.888356548101347,12.213182790904918,9.6,1.68,3.26,12.48,1,1 vehicle
4024399,2010-09-01 18:40:00,2010,843-01,SDU,3292.0,2010-09-01 18:40:00,0.0,18.399050838748128,13.645363228698043,11.81,3.69,4.83,16.4,1,1 vehicle
4024432,2010-09-01 20:20:00,2010,1-f3,SDU,1479.0,2010-09-01 20:20:00,0.0,0.77203063203864,1.1330985534714593,4.78,5.11,7.74,14.02,2,2 or more vehicles
4025779,2010-09-04 06:13:00,2010,75-02,SDU,3433.0,2010-09-04 06:10:00,3.0,19.38972641763027,13.688896355889275,13.94,1.45,1.92,11.72,1,1 vehicle
4025813,2010-09-04 08:56:00,2010,94-04,SDU,34382.0,2010-09-04 09:00:00,4.0,19.52176467901348,16.96372952000077,7.12,1.1,2.35,14.4,1,1 vehicle
4025874,2010-09-04 13:57:00,2010,41-15,SDU,1473.0,2010-09-04 14:00:00,3.0,0.3904271754324353,2.669518633501688,13.29,10.24,16.79,15.44,2,2 or more vehicles
4026335,2010-09-05 12:42:00,2010,59-11,SDU,2197.0,2010-09-05 12:40:00,2.0,7.4777326379190034,5.562171923379275,7.66,1.99,2.94,18.03,1,1 vehicle
4026453,2010-09-05 18:19:00,2010,52-02,SDU,1689.0,2010-09-05 18:20:00,1.0,14.918004088968603,12.04572010508629,14.69,8.47,10.68,12.58,1,1 vehicle
4026572,2010-09-06 04:19:00,2010,34-02,SDU,1395.0,2010-09-06 04:20:00,1.0,3.1825122347302384,5.246626996155354,8.9,6.38,8.46,13.9,1,1 vehicle
4027131,2010-09-06 16:57:00,2010,341-01,SDU,36411.0,2010-09-06 17:00:00,3.0,8.060300673845866,7.668954339177006,7.68,6.22,8.92,11.1,1,1 vehicle
4027266,2010-09-06 23:28:00,2010,99-01,SDU,5544.0,2010-09-06 23:30:00,2.0,0.7215527114555499,1.21089321665288,3.75,6.53,8.77,11.62,1,1 vehicle
4027613,2010-09-07 13:40:00,2010,1-c2,SDU,6315.0,2010-09-07 13:40:00,0.0,7.785067209176198,6.674890552366854,7.62,5.98,11.3,16.88,1,1 vehicle
4030102,2010-09-11 14:35:00,2010,41-22,SDU,1453.0,2010-09-11 14:30:00,5.0,9.798684935757503,9.547812554874811,1.88,2.44,3.23,12.88,2,2 or more vehicles
4030439,2010-09-12 04:29:00,2010,37-04,SDU,6515.0,2010-09-12 04:30:00,1.0,2.7524946233643752,6.087446640656035,9.73,3.85,4.99,8.48,1,1 vehicle
4030696,2010-09-12 14:59:00,2010,340-01,SDU,6420.0,2010-09-12 15:00:00,1.0,9.91053306872127,8.398906561639683,6.2,7.99,10.81,13.12,3,2 or more vehicles
4031195,2010-09-13 12:47:00,2010,1-c0,SDU,6222.0,2010-09-13 12:50:00,3.0,6.532899946141863,6.323365886803895,10.13,3.87,8.3,8.09,1,1 vehicle
4036625,2010-09-21 10:25:00,2010,35-03,SDU,36411.0,2010-09-21 10:20:00,5.0,9.69955713036531,12.565510462223775,8.47,3.17,4.21,6.0,1,1 vehicle
4039261,2010-09-25 14:52:00,2010,85-24,SDU,34733.0,2010-09-25 14:50:00,2.0,4.0357633173934415,7.278638110488811,13.94,1.34,2.35,10.2,1,1 vehicle
4039727,2010-09-26 12:57:00,2010,99-01,SDU,5544.0,2010-09-26 13:00:00,3.0,1.8480280076645508,1.21089321665288,3.75,5.49,8.63,10.44,1,1 vehicle
4040536,2010-09-27 16:29:00,2010,1-b4,SDU,36049.0,2010-09-27 16:30:00,1.0,7.385138403155329,1.9506434494436529,12.07,12.77,21.07,10.8,3,2 or more vehicles
4042962,2010-10-01 17:05:00,2010,1-f8,VHDU,31572.0,2010-10-01 17:00:00,5.0,6.93344234171923,4.9827662723502,5.76,4.31,7.09,13.0,1,1 vehicle
4043419,2010-10-02 15:45:00,2010,1-a2,VHDU,36386.0,2010-10-02 15:40:00,5.0,8.917462624499608,6.384128057059852,11.18,11.44,17.25,10.8,1,1 vehicle
4043853,2010-10-03 12:08:00,2010,45-01,VHDU,1453.0,2010-10-03 12:10:00,2.0,7.095375889275151,6.206697467082469,5.8500000000000005,7.1,10.0,12.64,1,1 vehicle
4043871,2010-10-02 15:42:00,2010,76-09,VHDU,33750.0,2010-10-02 15:40:00,2.0,7.580987129177608,2.6673072887815006,13.47,6.32,14.31,13.6,1,1 vehicle
4045110,2010-10-05 04:54:00,2010,39-01,VHDU,31387.0,2010-10-05 04:50:00,4.0,5.6393801810342215,1.6348934580675056,15.67,11.42,15.68,6.2,1,1 vehicle
4045514,2010-10-05 15:34:00,2010,1-g2,VHDU,31572.0,2010-10-05 15:30:00,4.0,9.873241776888472,9.734372846346778,1.1,4.22,12.67,9.3,2,2 or more vehicles
4046300,2010-10-06 17:34:00,2010,38-01,VHDU,31392.0,2010-10-06 17:30:00,4.0,7.92407273083134,7.860927660955096,11.6,2.84,3.63,7.6,1,1 vehicle
4047012,2010-10-07 22:54:00,2010,420-01,VHDU,31363.0,2010-10-07 22:50:00,4.0,1.8203308954265682,3.8504227892375225,11.32,4.49,5.29,5.7,1,1 vehicle
4047872,2010-10-09 09:38:00,2010,1-s2,VHDU,4830.0,2010-10-09 09:40:00,2.0,7.96267900528002,10.350341163838008,8.69,0.49,0.81,-1.1,1,1 vehicle
4047875,2010-10-09 10:10:00,2010,1-p3,VHDU,3471.0,2010-10-09 10:10:00,0.0,14.0203904954509,17.04322593257332,10.59,2.92,4.05,4.55,1,1 vehicle
4047891,2010-10-09 11:46:00,2010,1-h3,VHDU,31985.0,2010-10-09 11:50:00,4.0,12.499987929608736,14.515482652677305,9.02,1.98,2.35,4.7,1,1 vehicle
4048434,2010-10-10 08:59:00,2010,92-07,VHDU,5981.0,2010-10-10 09:00:00,1.0,0.20854944854272317,4.3294707374769,12.89,0.55,0.81,3.69,1,1 vehicle
4053191,2010-10-18 07:06:00,2010,1-d8,VHDU,31392.0,2010-10-18 07:10:00,4.0,4.732150829051358,1.811228203445721,16.63,4.87,8.23,0.8,1,1 vehicle
4055970,2010-10-22 02:10:00,2010,74-02,VHDU,33424.0,2010-10-22 02:10:00,0.0,10.982768820688916,10.907060834452514,12.48,4.6,6.08,-4.5,1,1 vehicle
4056373,2010-10-22 16:54:00,2010,1-p1,VHDU,33357.0,2010-10-22 16:50:00,4.0,4.351968678329212,2.6900827429345155,10.45,5.33,7.64,-3.3,1,1 vehicle
4056488,2010-10-22 17:55:00,2010,61-31,VHDU,32654.0,2010-10-22 17:50:00,5.0,10.173148041687037,12.508166723611712,13.67,7.45,10.49,2.8,1,1 vehicle
4056835,2010-10-23 16:55:00,2010,82-03,VHDU,33563.0,2010-10-23 16:50:00,5.0,2.947878223939909,0.3760650112123629,11.33,0.83,1.57,-0.6,1,1 vehicle
4056928,2010-10-23 22:10:00,2010,1-c2,VHDU,6315.0,2010-10-23 22:10:00,0.0,6.944498997041284,6.674890552366854,7.62,5.06,6.63,-0.1,1,1 vehicle
4058089,2010-10-25 19:50:00,2010,1-k9,VHDU,3317.0,2010-10-25 19:50:00,0.0,1.2576240948720476,5.731173545267037,11.4,0.76,2.35,-0.16,1,1 vehicle
4058842,2010-10-26 22:46:00,2010,61-29,VHDU,32654.0,2010-10-26 22:50:00,4.0,5.409538586411829,8.391135288927227,13.14,10.28,14.31,2.3,2,2 or more vehicles
4058864,2010-10-26 23:51:00,2010,35-01,VHDU,31399.0,2010-10-26 23:50:00,1.0,6.112493843241774,4.900372212107007,8.51,10.65,15.48,5.5,1,1 vehicle
4062201,2010-11-01 14:38:00,2010,1-j1,VHDU,32097.0,2010-11-01 14:40:00,2.0,7.79916638090112,3.198771852515269,10.83,9.9,12.15,-1.5,4,2 or more vehicles
4062330,2010-11-01 17:28:00,2010,41-17,VHDU,31363.0,2010-11-01 17:30:00,2.0,11.729656477704973,12.363112815580855,4.56,2.73,3.53,3.5,1,1 vehicle
4062392,2010-11-01 22:17:00,2010,60-09,VHDU,32179.0,2010-11-01 22:20:00,3.0,10.58819379733716,6.06551570552272,10.98,14.71,24.01,-2.0,1,1 vehicle
4064795,2010-11-05 18:59:00,2010,1-c8,VHDU,36308.0,2010-11-05 19:00:00,1.0,8.809779427604024,4.831712605587408,10.24,2.85,3.92,-0.6,1,1 vehicle
4066333,2010-11-08 15:12:00,2010,50-05,VHDU,1881.0,2010-11-08 15:10:00,2.0,6.034356645563421,6.767463877909299,14.11,8.01,11.37,1.18,1,1 vehicle
4066628,2010-11-08 16:08:00,2010,417-02,VHDU,1487.0,2010-11-08 16:10:00,2.0,12.003281293635258,1.3892151095042993,17.72,6.13,8.4,-2.48,1,1 vehicle
4071087,2010-11-16 23:36:00,2010,1-q0,VHDU,3471.0,2010-11-16 23:40:00,4.0,3.04008923115537,3.5305709872854014,2.13,2.18,3.0,0.95,1,1 vehicle
4072487,2010-11-19 12:19:00,2010,574-01,VHDU,31931.0,2010-11-19 12:20:00,1.0,8.103492024839035,4.4991859417418425,16.82,2.73,4.31,3.3,1,1 vehicle
4072666,2010-11-19 17:30:00,2010,75-02,VHDU,3433.0,2010-11-19 17:30:00,0.0,16.086781213206052,13.688896355889275,13.94,1.7,2.58,0.33,2,2 or more vehicles
4073571,2010-11-21 15:49:00,2010,47-02,VHDU,1578.0,2010-11-21 15:50:00,1.0,13.865914238255531,12.096600493605075,11.5,0.06,0.62,2.54,1,1 vehicle
4073634,2010-11-21 18:51:00,2010,1-k7,VHDU,3223.0,2010-11-21 18:50:00,1.0,16.806849384434997,16.565651898144605,11.68,4.03,5.06,-3.16,2,2 or more vehicles
4074387,2010-11-22 12:20:00,2010,92-11,VHDU,5990.0,2010-11-22 12:20:00,0.0,4.188151297505005,4.856153771530656,5.92,2.19,3.13,-1.04,1,1 vehicle
4075596,2010-11-24 22:28:00,2010,54-02,VHDU,1779.0,2010-11-24 22:30:00,2.0,8.677934654069544,11.0845394985849,12.06,2.12,3.0,-1.59,1,1 vehicle
4076709,2010-11-26 23:29:00,2010,931-09,VHDU,5960.0,2010-11-26 23:30:00,1.0,10.000638550039154,11.700813351235215,5.69,7.62,11.27,-5.2,1,1 vehicle
4077386,2010-11-28 02:34:00,2010,92-05,VHDU,5975.0,2010-11-28 02:30:00,4.0,0.719288123848529,0.8526656987226161,1.24,0.31,0.55,-1.61,1,1 vehicle
4077835,2010-11-29 11:38:00,2010,1-f5,VHDU,31579.0,2010-11-29 11:40:00,2.0,1.9691720324930138,1.028741036313794,11.96,2.38,3.14,-0.3,2,2 or more vehicles
4078437,2010-11-29 18:54:00,2010,1-b2,VHDU,36049.0,2010-11-29 18:50:00,4.0,11.964437030611403,8.033192618523229,12.04,1.96,3.53,-0.7,1,1 vehicle
4078937,2010-11-30 18:46:00,2010,805-01,VHDU,33563.0,2010-11-30 18:50:00,4.0,3.8555710543997512,6.467310384736099,10.5,2.61,3.63,3.0,1,1 vehicle
4083784,2010-12-08 22:43:00,2010,1-k6,VDU,33204.0,2010-12-08 22:40:00,3.0,9.79991043118308,7.807893229156674,10.57,5.85,7.84,2.2,2,2 or more vehicles
4085050,2010-12-11 12:12:00,2010,60-04,VDU,2175.0,2010-12-11 12:10:00,2.0,18.50349513136834,18.560533055097217,7.97,1.86,2.64,1.73,1,1 vehicle
4085611,2010-12-12 17:14:00,2010,1-m4,VDU,33431.0,2010-12-12 17:10:00,4.0,1.9504769015043149,4.073257225176333,8.95,2.76,4.21,3.3,1,1 vehicle
4085612,2010-12-12 17:21:00,2010,1-m4,VDU,33431.0,2010-12-12 17:20:00,1.0,0.1380735961849336,4.073257225176333,8.95,3.09,5.0,2.8,1,1 vehicle
4085677,2010-12-12 21:21:00,2010,54-02,VDU,1779.0,2010-12-12 21:20:00,1.0,7.6807153680211755,11.0845394985849,12.06,2.77,3.52,2.01,1,1 vehicle
4085833,2010-12-13 08:54:00,2010,61-43,VDU,32643.0,2010-12-13 08:50:00,4.0,3.5623721597517264,3.963127449092952,3.08,2.43,3.82,3.6,1,1 vehicle
4086340,2010-12-13 16:22:00,2010,1-b9,VDU,36122.0,2010-12-13 16:20:00,2.0,2.833279320305186,5.329972713472354,6.02,5.4,7.74,5.6,1,1 vehicle
4086380,2010-12-13 17:32:00,2010,1-k3,VDU,2197.0,2010-12-13 17:30:00,2.0,2.1306881898591876,5.350417813137898,11.87,4.76,5.58,0.7,1,1 vehicle
4086409,2010-12-13 18:41:00,2010,54-05,VDU,31958.0,2010-12-13 18:40:00,1.0,10.140500035939299,7.188865613983409,12.34,2.64,5.0,5.9,1,1 vehicle
4089048,2010-12-17 12:30:00,2010,60-47,VDU,2641.0,2010-12-17 12:30:00,0.0,2.293757357339654,1.3076373185269048,4.95,8.32,18.1,-3.56,1,1 vehicle
4090245,2010-12-19 15:45:00,2010,61-43,VDU,32643.0,2010-12-19 15:40:00,5.0,4.246270188459661,3.963127449092952,3.08,5.21,7.84,-3.5,1,1 vehicle
4090293,2010-12-19 18:01:00,2010,35-08,VDU,36519.0,2010-12-19 18:00:00,1.0,5.511146542037696,5.046269591968834,8.83,9.01,12.35,-3.5,1,1 vehicle
4091425,2010-12-21 20:26:00,2010,1-g1,VDU,31572.0,2010-12-21 20:30:00,4.0,5.149608616626016,7.416893274742419,10.93,7.11,12.38,-9.5,3,2 or more vehicles
4091526,2010-12-22 02:43:00,2010,590-02,VDU,2175.0,2010-12-22 02:40:00,3.0,16.748032964924082,15.12912764938498,10.55,2.7,5.52,-8.65,1,1 vehicle
4092172,2010-12-23 13:31:00,2010,1-h1,VDU,1881.0,2010-12-23 13:30:00,1.0,11.350634280057157,6.599972837831535,9.95,8.1,11.89,-3.31,2,2 or more vehicles
4093515,2010-12-27 19:09:00,2010,1-m4,VDU,33431.0,2010-12-27 19:10:00,1.0,7.384797698942691,4.073257225176333,8.95,5.49,8.23,-0.9,5,2 or more vehicles
4094947,2010-12-29 20:21:00,2010,1-h3,VDU,31985.0,2010-12-29 20:20:00,1.0,14.488581592818486,14.515482652677305,9.02,2.95,4.02,-0.3,3,2 or more vehicles
4096285,2011-01-01 14:39:00,2011,54-03,VDU,1868.0,2011-01-01 14:40:00,1.0,2.780657028739463,2.6913564127215324,14.08,5.4,6.69,2.54,1,1 vehicle
4096643,2011-01-02 13:59:00,2011,1-h2,VDU,31985.0,2011-01-02 14:00:00,1.0,8.766521647299427,8.113869305983009,10.7,4.23,5.39,2.2,1,1 vehicle
4097274,2011-01-03 18:11:00,2011,1-c0,VDU,6222.0,2011-01-03 18:10:00,1.0,6.473744861830197,6.323365886803895,10.13,6.82,14.73,1.59,1,1 vehicle
4098182,2011-01-05 08:58:00,2011,1-q8,VDU,33394.0,2011-01-05 09:00:00,2.0,10.114704611068158,11.48327425375174,10.05,1.87,3.33,-6.9,1,1 vehicle
4098503,2011-01-05 12:37:00,2011,807-01,VDU,33563.0,2011-01-05 12:40:00,3.0,4.6905046726604525,6.458626410238519,10.37,1.52,3.04,-4.4,1,1 vehicle
4099116,2011-01-06 15:01:00,2011,43-01,VDU,1361.0,2011-01-06 15:00:00,1.0,5.137875565930067,6.488135829451195,13.3,11.18,14.93,-9.89,1,1 vehicle
4101740,2011-01-11 11:47:00,2011,93-02,VDU,34175.0,2011-01-11 11:50:00,3.0,0.06188305397175545,2.2346382814282277,9.93,7.68,9.41,-5.5,2,2 or more vehicles
4103228,2011-01-14 06:47:00,2011,1-e1,VDU,1481.0,2011-01-14 06:50:00,3.0,8.161754391390238,4.9888124957399,9.79,17.52,22.18,0.8,1,1 vehicle
4103331,2011-01-14 10:19:00,2011,1-e1,VDU,1481.0,2011-01-14 10:20:00,1.0,8.34963883043197,4.9888124957399,9.79,12.44,17.54,2.16,1,1 vehicle
4103943,2011-01-15 15:50:00,2011,41-15,VDU,1473.0,2011-01-15 15:50:00,0.0,6.7900025527146415,2.669518633501688,13.29,3.36,5.48,4.24,2,2 or more vehicles
4103949,2011-01-15 16:02:00,2011,41-16,VDU,31363.0,2011-01-15 16:00:00,2.0,0.8658880196842033,4.6115007826263295,11.62,3.42,4.12,1.3,1,1 vehicle
4104181,2011-01-16 01:35:00,2011,1-g2,VDU,31572.0,2011-01-16 01:30:00,5.0,9.361197458130459,9.734372846346778,1.1,1.95,2.81,3.2,1,1 vehicle
4104384,2011-01-16 12:41:00,2011,1-f3,VDU,1479.0,2011-01-16 12:40:00,1.0,0.37658895235219614,1.1330985534714593,4.78,0.29,0.84,2.13,4,2 or more vehicles
4104505,2011-01-16 19:46:00,2011,76-10,VDU,3752.0,2011-01-16 19:50:00,4.0,5.376781538147053,5.31344750614094,8.0,7.0,8.59,0.83,1,1 vehicle
4105560,2011-01-18 14:28:00,2011,35-04,VDU,36411.0,2011-01-18 14:30:00,2.0,1.9080611333950055,4.502054796897285,8.82,7.05,9.31,-5.4,1,1 vehicle
4105666,2011-01-18 18:52:00,2011,75-03,VDU,3433.0,2011-01-18 18:50:00,2.0,2.4867049746777865,3.9158378277913126,9.46,0.93,1.53,-8.89,2,2 or more vehicles
4106377,2011-01-20 09:50:00,2011,35-07,VDU,6515.0,2011-01-20 09:50:00,0.0,1.473012857419255,2.481668592393056,11.46,6.58,8.85,0.51,1,1 vehicle
4106523,2011-01-20 17:10:00,2011,821-01,VDU,3471.0,2011-01-20 17:10:00,0.0,6.745608636722024,7.64609910465302,5.7,3.69,8.75,0.58,1,1 vehicle
4106801,2011-01-20 17:26:00,2011,574-10,VDU,1924.0,2011-01-20 17:30:00,4.0,3.9447012415220013,3.4423086637267892,4.12,3.31,12.54,1.39,1,1 vehicle
4106814,2011-01-21 12:53:00,2011,54-12,VDU,1938.0,2011-01-21 12:50:00,3.0,4.1434819422848195,5.122886456510389,8.54,14.42,24.73,7.07,1,1 vehicle
4109951,2011-01-27 14:02:00,2011,30-02,VDU,6310.0,2011-01-27 14:00:00,2.0,8.410317775451944,7.228154041565046,8.89,3.85,4.86,4.21,1,1 vehicle
4110144,2011-01-27 22:56:00,2011,56-02,VDU,31948.0,2011-01-27 23:00:00,4.0,4.995825890459685,4.089604367560472,5.42,9.6,17.05,1.2,1,1 vehicle
4110209,2011-01-28 02:26:00,2011,1-d8,VDU,31392.0,2011-01-28 02:30:00,4.0,0.4100884300723758,1.811228203445721,16.63,5.71,8.04,0.5,1,1 vehicle
4110496,2011-01-28 14:50:00,2011,1-g9,VDU,1881.0,2011-01-28 14:50:00,0.0,9.75046689942472,9.88836273306173,9.12,6.4,9.93,-0.15,1,1 vehicle
4112498,2011-02-01 18:45:00,2011,82-02,VDU,33563.0,2011-02-01 18:40:00,5.0,8.704490521279327,10.9166146109414,10.71,12.13,16.27,-3.4,1,1 vehicle
4112760,2011-02-02 11:33:00,2011,1-d8,VDU,31392.0,2011-02-02 11:30:00,3.0,0.21913156683724405,1.811228203445721,16.63,4.17,5.88,-1.2,1,1 vehicle
4112985,2011-02-02 18:33:00,2011,1-f6,VDU,1578.0,2011-02-02 18:30:00,3.0,4.04480463783087,3.2714142691726864,3.61,1.65,2.35,-0.49,2,2 or more vehicles
4113342,2011-02-03 13:57:00,2011,1-b5,VDU,6045.0,2011-02-03 14:00:00,3.0,0.9846905682383053,7.297304255791511,14.29,3.23,4.11,-3.32,1,1 vehicle
4113375,2011-01-16 18:24:00,2011,1-e1,VDU,1481.0,2011-01-16 18:20:00,4.0,7.550893139773709,4.9888124957399,9.79,3.45,4.57,1.32,2,2 or more vehicles
4113457,2011-02-03 19:33:00,2011,43-01,VDU,1361.0,2011-02-03 19:30:00,3.0,5.067058058373201,6.488135829451195,13.3,0.83,1.76,-3.44,1,1 vehicle
4114025,2011-02-05 00:53:00,2011,92-07,VDU,5981.0,2011-02-05 00:50:00,3.0,0.4350839989799716,4.3294707374769,12.89,3.44,4.73,-6.98,1,1 vehicle
4114227,2011-02-04 12:18:00,2011,590-01,VDU,2175.0,2011-02-04 12:20:00,2.0,3.027381878826859,5.040284797828875,11.26,3.27,5.71,-3.41,1,1 vehicle
4115791,2011-02-08 15:33:00,2011,51-02,VDU,31572.0,2011-02-08 15:30:00,3.0,8.559346591628021,5.773738212981441,11.24,14.19,19.4,2.7,1,1 vehicle
4115839,2011-02-08 16:45:00,2011,43-01,VDU,1361.0,2011-02-08 16:40:00,5.0,2.2448414178211054,6.488135829451195,13.3,17.41,23.03,2.33,1,1 vehicle
4117845,2011-02-11 22:10:00,2011,35-05,VDU,36411.0,2011-02-11 22:10:00,0.0,4.949405176034755,3.3689289838627756,4.84,4.08,5.19,2.3,1,1 vehicle
4118072,2011-02-12 10:30:00,2011,47-02,VDU,1578.0,2011-02-12 10:30:00,0.0,8.172740299631302,12.096600493605075,11.5,10.87,19.89,4.41,1,1 vehicle
4118079,2011-02-12 11:18:00,2011,30-02,VDU,6310.0,2011-02-12 11:20:00,2.0,3.9315237921148505,7.228154041565046,8.89,8.06,9.96,2.84,1,1 vehicle
4118596,2011-02-13 15:52:00,2011,1-d8,VDU,31392.0,2011-02-13 15:50:00,2.0,2.3157797057674787,1.811228203445721,16.63,5.75,6.86,-3.2,1,1 vehicle
4118732,2011-02-13 21:08:00,2011,1-g1,VDU,31572.0,2011-02-13 21:10:00,2.0,9.236786830390583,7.416893274742419,10.93,10.09,14.77,1.7,1,1 vehicle
4118889,2011-02-14 10:15:00,2011,43-01,VDU,1361.0,2011-02-14 10:10:00,5.0,6.901817581806735,6.488135829451195,13.3,6.4,10.0,3.1,1,1 vehicle
4119464,2011-02-07 11:00:00,2011,1-d6,VDU,31399.0,2011-02-07 11:00:00,0.0,4.315041843687707,2.8564832758413083,10.48,4.81,7.64,-1.3,1,1 vehicle
4119585,2011-02-14 18:31:00,2011,45-01,VDU,1453.0,2011-02-14 18:30:00,1.0,8.687039105004978,6.206697467082469,5.85,6.87,8.62,2.79,1,1 vehicle
4120163,2011-02-16 16:22:00,2011,1-b2,VDU,36049.0,2011-02-16 16:20:00,2.0,10.484402891174009,8.033192618523229,12.06,6.44,11.37,3.5,1,1 vehicle
4120360,2011-02-17 07:51:00,2011,43-01,VDU,1361.0,2011-02-17 07:50:00,1.0,7.266050108009976,6.488135829451195,13.3,6.02,8.59,4.39,1,1 vehicle
4120433,2011-02-17 09:57:00,2011,56-02,VDU,31948.0,2011-02-17 10:00:00,3.0,1.9187026106121357,4.089604367560472,5.42,7.83,11.96,1.1,2,2 or more vehicles
4120434,2011-02-17 10:03:00,2011,47-02,VDU,1578.0,2011-02-17 10:00:00,3.0,12.525576502669281,12.096600493605075,11.5,3.41,5.58,4.8,1,1 vehicle
4120783,2011-02-17 22:35:00,2011,1-m9,VDU,3242.0,2011-02-17 22:30:00,5.0,6.5094916210969425,5.492674552934827,11.1,1.18,1.76,-6.28,1,1 vehicle
4124116,2011-02-24 08:07:00,2011,26-01,VDU,6310.0,2011-02-24 08:10:00,3.0,8.734099671715397,8.661999678256562,8.98,6.88,9.21,5.7,1,1 vehicle
4125599,2011-02-26 22:07:00,2011,1-d8,VDU,31392.0,2011-02-26 22:10:00,3.0,0.5334871897177145,1.811228203445721,16.63,9.94,13.52,-2.7,1,1 vehicle
4127671,2011-03-01 19:45:00,2011,62-05,VDU,31122.0,2011-03-01 19:40:00,5.0,3.347145196837508,3.814701604144087,12.2,1.22,2.16,-2.3,1,1 vehicle
4127843,2011-03-02 03:55:00,2011,85-10,VDU,34700.0,2011-03-02 03:50:00,5.0,9.894922574010414,10.855714753491744,9.86,11.92,16.27,-0.1,1,1 vehicle
4128137,2011-03-02 16:32:00,2011,42-02,VDU,1473.0,2011-03-02 16:30:00,2.0,13.22715572910096,13.240070593365528,13.31,5.17,6.63,3.2,2,2 or more vehicles
4129542,2011-03-05 02:55:00,2011,848-02,VDU,4300.0,2011-03-05 02:50:00,5.0,2.8475003882850034,3.515440362555078,11.28,1.55,1.89,-8.16,2,2 or more vehicles
4130164,2011-03-06 16:29:00,2011,1-h4,VDU,32097.0,2011-03-06 16:30:00,1.0,5.45816639124078,6.809457005645053,11.46,19.76,23.81,-2.5,1,1 vehicle
4130198,2011-03-06 18:47:00,2011,1-k3,VDU,2197.0,2011-03-06 18:50:00,3.0,5.466012898109432,5.350417813137898,11.87,12.63,15.61,-0.6,1,1 vehicle
4131316,2011-03-08 15:43:00,2011,61-45,VDU,32643.0,2011-03-08 15:40:00,3.0,4.540342726320813,1.843407294456912,8.46,3.0,8.43,-4.7,4,2 or more vehicles
4132037,2011-03-10 10:00:00,2011,1-q3,VDU,3474.0,2011-03-10 10:00:00,0.0,7.368122890607503,3.9336919245067903,13.42,14.89,18.49,-12.13,4,2 or more vehicles
4133009,2011-03-11 17:57:00,2011,1-q0,VDU,3471.0,2011-03-11 18:00:00,3.0,3.4977856176269673,3.5305709872854014,2.13,6.45,8.72,-5.35,1,1 vehicle
4133829,2011-03-13 14:23:00,2011,1-g4,VDU,31674.0,2011-03-13 14:20:00,3.0,3.1350116751395816,2.9434338577391106,8.41,10.53,13.33,0.8,1,1 vehicle
4133876,2011-03-13 18:35:00,2011,1-h2,VDU,31985.0,2011-03-13 18:30:00,5.0,11.108267372986408,8.113869305983009,10.7,16.94,22.44,-1.8,1,1 vehicle
4134127,2011-03-14 09:40:00,2011,82-03,VDU,33563.0,2011-03-14 09:40:00,0.0,2.1260216757894574,0.3760650112123629,11.33,22.21,36.36,7.1,1,1 vehicle
4134735,2011-03-15 12:43:00,2011,1-j1,VDU,32097.0,2011-03-15 12:40:00,3.0,0.6777643235316145,3.198771852515269,10.83,22.31,27.05,-6.4,2,2 or more vehicles
4135653,2011-03-16 20:28:00,2011,1-q1,VDU,3471.0,2011-03-16 20:30:00,2.0,2.911542732943303,2.742420285383358,7.1,12.22,17.02,-4.52,1,1 vehicle
4135771,2011-03-17 07:53:00,2011,51-01,VDU,31572.0,2011-03-17 07:50:00,3.0,0.3908922469940936,0.926567118382983,7.16,9.92,15.39,-4.1,2,2 or more vehicles
4136770,2011-03-18 17:19:00,2011,1-q5,VDU,3474.0,2011-03-18 17:20:00,1.0,16.987416011209785,11.409165744035429,13.83,10.41,15.48,-8.07,4,2 or more vehicles
4137359,2011-03-20 04:38:00,2011,308-01,VDU,7094.0,2011-03-20 04:40:00,2.0,12.010878356442483,8.48715444590082,10.83,4.46,5.48,-9.17,1,1 vehicle
4137445,2011-03-20 13:13:00,2011,1-c0,VDU,6222.0,2011-03-20 13:10:00,3.0,6.405072357012871,6.323365886803895,10.13,8.75,11.01,1.37,2,2 or more vehicles
4137863,2011-03-21 12:53:00,2011,1-b0,VDU,36156.0,2011-03-21 12:50:00,3.0,0.21074813084706356,5.81305271343813,12.09,6.15,9.31,1.4,1,1 vehicle
4137987,2011-03-21 16:21:00,2011,61-31,VDU,32654.0,2011-03-21 16:20:00,1.0,17.201849528168975,12.508166723611712,13.7,7.37,9.7,-0.3,1,1 vehicle
4138620,2011-03-22 16:35:00,2011,1-c8,VDU,36308.0,2011-03-22 16:30:00,5.0,0.18015870558418245,4.831712605587408,10.24,1.41,2.16,0.5,1,1 vehicle
4138775,2011-03-23 08:07:00,2011,1-f6,VDU,1578.0,2011-03-23 08:10:00,3.0,4.609636435319633,3.2714142691726864,3.61,2.38,3.82,-0.05,1,1 vehicle
4139754,2011-03-25 07:42:00,2011,574-06,VDU,1919.0,2011-03-25 07:40:00,2.0,3.547413394176583,4.121506852812537,2.96,2.83,3.46,0.79,1,1 vehicle
4140981,2011-03-27 14:01:00,2011,35-01,VDU,31399.0,2011-03-27 14:00:00,1.0,7.941471574262842,4.900372212107007,8.51,1.42,2.25,4.9,2,2 or more vehicles
4141803,2011-03-28 17:24:00,2011,1-m2,VDU,33419.0,2011-03-28 17:20:00,4.0,12.09420491549825,5.573498711103916,13.26,1.29,1.67,0.6,1,1 vehicle
4147087,2011-04-06 18:23:00,2011,43-01,VHDU,1361.0,2011-04-06 18:20:00,3.0,11.879671815012781,6.488135829451195,13.3,8.98,13.46,4.56,1,1 vehicle
4147487,2011-04-07 16:30:00,2011,1-a6,VHDU,6272.0,2011-04-07 16:30:00,0.0,4.214493650771271,6.807758685564477,13.05,13.63,18.29,8.47,1,1 vehicle
4147856,2011-04-08 11:15:00,2011,61-38,VHDU,2646.0,2011-04-08 11:10:00,5.0,5.65211910831499,3.8609028288009,8.47,1.14,2.15,5.54,1,1 vehicle
4148863,2011-04-10 06:44:00,2011,1-s4,VHDU,34238.0,2011-04-10 06:40:00,4.0,0.22614181500794234,2.044687902619077,12.03,4.78,6.76,1.1,1,1 vehicle
4149280,2011-04-11 08:08:00,2011,54-06,VHDU,31958.0,2011-04-11 08:10:00,2.0,0.22602378290664157,3.816243689301748,12.24,6.29,11.17,1.0,1,1 vehicle
4149805,2011-04-11 22:37:00,2011,99-01,VHDU,5544.0,2011-04-11 22:40:00,3.0,2.035178065484173,1.21089321665288,3.75,5.64,8.13,4.13,1,1 vehicle
4150991,2011-04-14 09:21:00,2011,43-01,VHDU,1361.0,2011-04-14 09:20:00,1.0,1.8647468948690777,6.488135829451195,13.3,11.01,16.37,3.98,1,1 vehicle
4151752,2011-04-15 16:34:00,2011,255-01,VHDU,6222.0,2011-04-15 16:30:00,4.0,10.260615205431405,11.422895962927598,10.89,3.25,4.54,2.31,1,1 vehicle
4153409,2011-04-18 21:31:00,2011,1-d8,VHDU,31392.0,2011-04-18 21:30:00,1.0,5.045120882751473,1.811228203445721,16.63,6.31,9.31,-1.3,1,1 vehicle
4153887,2011-04-19 19:39:00,2011,1-k7,VHDU,3223.0,2011-04-19 19:40:00,1.0,16.68785502367287,16.565651898144605,11.68,5.06,8.33,2.18,3,2 or more vehicles
4154316,2011-04-20 14:39:00,2011,85-04,VHDU,3696.0,2011-04-20 14:40:00,1.0,1.441569732584479,4.839250240206277,7.15,3.15,4.47,3.12,2,2 or more vehicles
4154717,2011-04-21 12:36:00,2011,47-01,VHDU,1578.0,2011-04-21 12:40:00,4.0,5.921070277017447,6.044210683234346,3.71,11.81,14.8,6.47,2,2 or more vehicles
4154836,2011-04-21 18:58:00,2011,420-01,VHDU,31363.0,2011-04-21 19:00:00,2.0,6.0700181811644764,3.8504227892375225,11.32,18.73,25.48,7.5,1,1 vehicle
4155571,2011-04-23 19:09:00,2011,39-01,VHDU,31387.0,2011-04-23 19:10:00,1.0,5.584640951815385,1.6348934580675056,15.67,7.13,12.54,0.4,2,2 or more vehicles
4155998,2011-04-25 00:30:00,2011,1-g8,VHDU,1779.0,2011-04-25 00:30:00,0.0,6.300903932448352,4.97049771952842,8.600000000000001,5.3,8.07,-0.53,1,1 vehicle
4156354,2011-04-25 18:52:00,2011,85-03,VHDU,3595.0,2011-04-25 18:50:00,2.0,11.09595416149885,11.086744627975602,11.12,3.6,4.44,1.53,2,2 or more vehicles
4159427,2011-05-01 00:02:00,2011,43-01,VHDU,1361.0,2011-05-01 00:00:00,2.0,2.1358675787726162,6.488135829451195,13.3,4.18,5.35,1.38,1,1 vehicle
4162771,2011-05-06 11:29:00,2011,731-02,VHDU,33431.0,2011-05-06 11:30:00,1.0,8.637272935851856,13.878354167089809,13.95,4.11,6.57,7.6,1,1 vehicle
4163198,2011-05-07 16:20:00,2011,36-11,VHDU,1590.0,2011-05-07 16:20:00,0.0,3.7384096415159713,4.097097125921327,7.99,8.29,11.04,5.23,1,1 vehicle
4164226,2011-05-05 22:40:00,2011,35-06,VHDU,36411.0,2011-05-05 22:40:00,0.0,8.463410620453228,6.5884371564411905,4.34,4.51,6.57,3.7,1,1 vehicle
4166341,2011-05-12 15:31:00,2011,60-09,VHDU,32179.0,2011-05-12 15:30:00,1.0,10.553201049712097,6.06551570552272,10.98,1.28,4.02,3.4,3,2 or more vehicles
4166686,2011-05-13 11:12:00,2011,60-45,VHDU,2631.0,2011-05-13 11:10:00,2.0,6.035816528809194,6.4985876809721335,3.48,3.18,4.63,3.82,1,1 vehicle
4167452,2011-05-14 16:38:00,2011,60-07,VHDU,2175.0,2011-05-14 16:40:00,2.0,0.4149403433421635,6.6572981298054845,15.58,4.24,5.81,6.17,1,1 vehicle
4167806,2011-05-15 07:26:00,2011,61-38,VHDU,2646.0,2011-05-15 07:30:00,4.0,6.703054790369955,3.8609028288009,8.47,0.75,1.2,7.23,1,1 vehicle
4170285,2011-05-18 21:38:00,2011,65-01,VHDU,2636.0,2011-05-18 21:40:00,2.0,1.780752806438637,2.975545617233296,5.07,12.23,15.29,-2.34,1,1 vehicle
4171288,2011-05-20 15:24:00,2011,93-02,VHDU,34175.0,2011-05-20 15:20:00,4.0,1.6135785272108283,2.2346382814282277,9.93,16.12,20.19,-2.6,1,1 vehicle
4172917,2011-05-23 17:00:00,2011,54-20,VHDU,2050.0,2011-05-23 17:00:00,0.0,15.444987489253833,19.99729007587939,11.24,9.25,12.87,1.86,1,1 vehicle
4173075,2011-05-24 07:38:00,2011,1-j1,VHDU,32097.0,2011-05-24 07:40:00,2.0,0.18011624207441476,3.198771852515269,10.83,13.6,16.07,-2.5,1,1 vehicle
4173986,2011-05-25 16:50:00,2011,93-03,VHDU,4275.0,2011-05-25 16:50:00,0.0,5.8742129528595415,6.981343938312302,14.04,0.0,0.02,-1.95,1,1 vehicle
4175750,2011-05-28 06:48:00,2011,75-03,VHDU,3433.0,2011-05-28 06:50:00,2.0,7.845384673688515,3.9158378277913126,9.46,0.29,0.78,6.26,1,1 vehicle
4176420,2011-05-30 06:23:00,2011,65-01,VHDU,2636.0,2011-05-30 06:20:00,3.0,3.6265890089228896,2.975545617233296,5.07,11.02,16.3,-4.28,1,1 vehicle
4176913,2011-05-30 01:16:00,2011,54-06,VHDU,31958.0,2011-05-30 01:20:00,4.0,8.80383756637146,3.816243689301748,12.24,13.73,23.72,1.3,1,1 vehicle
4178683,2011-06-02 11:38:00,2011,574-07,SDU,1924.0,2011-06-02 11:40:00,2.0,2.831023319824181,3.210218950768943,5.1,4.65,9.24,6.22,1,1 vehicle
4178843,2011-06-02 18:33:00,2011,62-03,SDU,32224.0,2011-06-02 18:30:00,3.0,13.99308221193551,10.874709591761894,15.23,9.22,11.96,-0.6,1,1 vehicle
4178952,2011-06-02 23:43:00,2011,1-h3,SDU,31985.0,2011-06-02 23:40:00,3.0,13.609610852370459,14.515482652677305,9.02,3.03,4.9,-0.1,1,1 vehicle
4180313,2011-06-04 22:00:00,2011,1-j2,SDU,32097.0,2011-06-04 22:00:00,0.0,8.989402386890092,12.851629039775409,9.98,10.59,15.09,3.2,1,1 vehicle
4182908,2011-06-08 18:03:00,2011,41-16,SDU,31363.0,2011-06-08 18:00:00,3.0,6.898593549406237,4.6115007826263295,11.62,10.18,13.82,6.6,1,1 vehicle
4183956,2011-06-10 20:39:00,2011,427-05,SDU,1361.0,2011-06-10 20:40:00,1.0,11.450880776744327,12.722306661236498,14.43,8.07,13.72,8.4,1,1 vehicle
4184465,2011-06-11 20:57:00,2011,50-04,SDU,1881.0,2011-06-11 21:00:00,3.0,13.004854616296532,13.359511799004318,8.59,5.82,7.58,7.91,1,1 vehicle
4184786,2011-06-12 10:16:00,2011,82-02,SDU,33563.0,2011-06-12 10:20:00,4.0,12.367173830296924,10.9166146109414,10.71,2.94,4.41,3.8,1,1 vehicle
4184863,2011-06-12 15:13:00,2011,523-01,SDU,1881.0,2011-06-12 15:10:00,3.0,18.688952650772297,15.592786574815282,10.33,5.0,7.91,9.63,1,1 vehicle
4186151,2011-06-14 14:56:00,2011,823-01,SDU,3371.0,2011-06-14 15:00:00,4.0,8.450210798069014,8.716520375746207,2.12,6.47,8.98,8.62,1,1 vehicle
4186923,2011-06-15 17:29:00,2011,55-02,SDU,31958.0,2011-06-15 17:30:00,1.0,16.38713200981574,19.776587122748936,14.37,18.08,25.19,7.3,1,1 vehicle
4186977,2011-06-15 20:15:00,2011,1-p3,SDU,3471.0,2011-06-15 20:10:00,5.0,13.966083234086726,17.04322593257332,10.59,5.22,6.95,5.49,1,1 vehicle
4188067,2011-06-17 19:06:00,2011,75-06,SDU,3433.0,2011-06-17 19:10:00,4.0,2.134483382632398,4.244214080639283,11.95,9.87,12.09,7.69,1,1 vehicle
4188115,2011-06-17 22:27:00,2011,41-16,SDU,31363.0,2011-06-17 22:30:00,3.0,8.99968934766112,4.6115007826263295,11.62,2.24,5.68,8.9,2,2 or more vehicles
4188415,2011-06-18 11:07:00,2011,1-r3,SDU,4303.0,2011-06-18 11:10:00,3.0,1.4400816375841996,7.357819026477832,17.56,4.77,7.38,7.11,1,1 vehicle
4189149,2011-06-19 16:42:00,2011,47-11,SDU,1685.0,2011-06-19 16:40:00,2.0,4.573019957470954,2.85210964840569,13.71,7.3,14.73,15.77,1,1 vehicle
4190385,2011-06-20 18:32:00,2011,82-02,SDU,33563.0,2011-06-20 18:30:00,2.0,8.452764561830833,10.9166146109414,10.71,5.29,8.04,6.6,1,1 vehicle
4190925,2011-06-21 11:17:00,2011,365-01,SDU,36504.0,2011-06-21 11:20:00,3.0,7.643073816504797,3.818324764347183,14.36,2.27,5.88,12.1,1,1 vehicle
4195486,2011-06-28 12:51:00,2011,60-36,SDU,2428.0,2011-06-28 12:50:00,1.0,19.211324914806415,17.093410122889587,11.51,3.53,6.99,8.85,1,1 vehicle
4196763,2011-06-30 13:57:00,2011,1-d6,SDU,31399.0,2011-06-30 14:00:00,3.0,0.22102992953268674,2.8564832758413083,10.48,3.73,5.78,15.5,2,2 or more vehicles
4196888,2011-06-30 17:35:00,2011,1-f3,SDU,1479.0,2011-06-30 17:30:00,5.0,0.7841525095845182,1.1330985534714593,4.78,1.47,3.52,14.76,1,1 vehicle
4197022,2011-06-30 23:26:00,2011,51-02,SDU,31572.0,2011-06-30 23:30:00,4.0,6.607408009776215,5.773738212981441,11.24,2.41,6.01,10.6,1,1 vehicle
4197545,2011-07-01 17:06:00,2011,1-g8,SDU,1779.0,2011-07-01 17:10:00,4.0,6.136240218734121,4.97049771952842,8.600000000000001,4.84,8.56,10.63,3,2 or more vehicles
4198890,2011-07-04 08:26:00,2011,56-01,SDU,31948.0,2011-07-04 08:30:00,4.0,6.402137132985824,3.8833227234733703,10.98,5.46,7.45,11.9,1,1 vehicle
4198902,2011-07-04 08:33:00,2011,54-16,SDU,31942.0,2011-07-04 08:30:00,3.0,5.2386517578265535,7.746523918762176,7.6,4.23,6.96,13.0,1,1 vehicle
4199150,2011-07-04 12:21:00,2011,1-k7,SDU,3223.0,2011-07-04 12:20:00,1.0,14.902744439210453,16.565651898144605,11.68,4.21,7.68,16.13,3,2 or more vehicles
4200081,2011-07-05 15:59:00,2011,1-q8,SDU,33394.0,2011-07-05 16:00:00,1.0,13.087968787271347,11.48327425375174,10.05,4.75,6.27,13.6,3,2 or more vehicles
4200401,2011-07-06 08:23:00,2011,43-01,SDU,1361.0,2011-07-06 08:20:00,3.0,11.63671514975011,6.488135829451195,13.3,1.69,2.94,10.53,1,1 vehicle
4200653,2011-07-06 14:25:00,2011,59-11,SDU,2197.0,2011-07-06 14:20:00,5.0,7.637401894982279,5.562171923379275,7.66,6.59,7.94,8.84,1,1 vehicle
4201900,2011-07-08 15:33:00,2011,1-b6,SDU,6134.0,2011-07-08 15:30:00,3.0,10.033556715473047,5.751425337701231,12.44,3.28,4.24,10.74,1,1 vehicle
4202314,2011-07-09 07:37:00,2011,1-j2,SDU,32097.0,2011-07-09 07:40:00,3.0,15.724860097846754,12.851629039775409,9.98,5.42,6.57,3.4,1,1 vehicle
4202349,2011-07-09 10:47:00,2011,1-d2,SDU,36308.0,2011-07-09 10:50:00,3.0,7.339376714266431,8.371302373817642,13.69,3.76,6.27,14.3,1,1 vehicle
4202655,2011-07-09 22:01:00,2011,45-01,SDU,1453.0,2011-07-09 22:00:00,1.0,3.701462087938496,6.206697467082469,5.85,3.54,4.8,12.41,1,1 vehicle
4203006,2011-07-10 11:31:00,2011,26-03,SDU,6424.0,2011-07-10 11:30:00,1.0,4.913168631507689,4.132808691165121,14.09,2.49,4.96,12.15,1,1 vehicle
4203015,2011-07-10 11:57:00,2011,41-15,SDU,1473.0,2011-07-10 12:00:00,3.0,6.9207339813455535,2.669518633501688,13.29,3.95,4.57,11.87,1,1 vehicle
4203080,2011-07-10 16:13:00,2011,41-16,SDU,31363.0,2011-07-10 16:10:00,3.0,8.674355163236648,4.6115007826263295,11.62,4.84,6.96,12.3,1,1 vehicle
4203663,2011-07-11 13:10:00,2011,1-t0,SDU,4271.0,2011-07-11 13:10:00,0.0,16.8823935353418,16.112146503479053,8.99,1.43,2.9,17.99,1,1 vehicle
4207305,2011-07-17 18:00:00,2011,54-04,SDU,1868.0,2011-07-17 18:00:00,0.0,6.279508751161548,10.280100279519766,12.29,6.82,9.02,16.3,2,2 or more vehicles
4207422,2011-07-17 22:50:00,2011,261-04,SDU,6235.0,2011-07-17 22:50:00,0.0,10.3337050810921,9.606552624450746,7.72,0.85,1.2,6.09,1,1 vehicle
4208720,2011-07-19 17:51:00,2011,41-21,SDU,1350.0,2011-07-19 17:50:00,1.0,1.4766101335869506,1.4041541058646172,3.28,5.86,8.04,12.91,1,1 vehicle
4211730,2011-07-24 15:51:00,2011,1-b6,SDU,6134.0,2011-07-24 15:50:00,1.0,1.60051644915989,5.751425337701231,12.44,7.67,12.51,13.56,1,1 vehicle
4212314,2011-07-25 14:01:00,2011,864-03,SDU,4614.0,2011-07-25 14:00:00,1.0,15.815814420386106,17.495498081520807,13.66,2.12,3.29,12.31,1,1 vehicle
4212965,2011-07-26 12:37:00,2011,54-06,SDU,31958.0,2011-07-26 12:40:00,3.0,7.8313833001800734,3.816243689301748,12.24,6.83,10.0,14.4,1,1 vehicle
4213228,2011-07-26 20:46:00,2011,60-22,SDU,32372.0,2011-07-26 20:50:00,4.0,8.357522049211907,8.387800559612256,3.16,3.94,6.37,12.7,1,1 vehicle
4213511,2011-07-27 11:49:00,2011,92-10,SDU,34087.0,2011-07-27 11:50:00,1.0,3.403213978020445,6.682100904890704,8.77,8.44,11.76,7.4,1,1 vehicle
4213577,2011-07-27 13:29:00,2011,745-05,SDU,3720.0,2011-07-27 13:30:00,1.0,8.022565305822903,3.2661775197218237,11.43,2.98,3.72,12.48,2,2 or more vehicles
4214869,2011-07-29 18:22:00,2011,1-g3,SDU,1673.0,2011-07-29 18:20:00,2.0,9.26595003863345,5.382052364477969,11.64,8.46,10.81,11.66,3,2 or more vehicles
4215949,2011-07-31 09:19:00,2011,37-01,SDU,36504.0,2011-07-31 09:20:00,1.0,3.3749394748854624,6.431018773253294,12.21,0.54,0.98,11.5,1,1 vehicle
4215997,2011-07-31 12:13:00,2011,35-15,SDU,6935.0,2011-07-31 12:10:00,3.0,15.704801508178543,8.522597050745297,18.57,13.47,15.55,8.72,1,1 vehicle
4216012,2011-07-31 13:19:00,2011,752-02,SDU,3242.0,2011-07-31 13:20:00,1.0,1.8015684176578715,5.754909946878213,13.9,3.09,3.92,13.92,1,1 vehicle
4216361,2011-08-01 02:43:00,2011,60-30,SDU,32355.0,2011-08-01 02:40:00,3.0,2.9385730199156326,0.3700734187950305,11.79,16.78,21.76,6.9,1,1 vehicle
4216616,2011-08-01 15:31:00,2011,87-01,SDU,33495.0,2011-08-01 15:30:00,1.0,5.1862047920971515,5.224729894838622,10.74,6.29,9.02,11.7,1,1 vehicle
4216666,2011-08-01 17:44:00,2011,37-01,SDU,36504.0,2011-08-01 17:40:00,4.0,8.12442881040336,6.431018773253294,12.21,6.89,8.92,14.8,1,1 vehicle
4216745,2011-08-01 19:14:00,2011,1-h4,SDU,32097.0,2011-08-01 19:10:00,4.0,7.29584976681003,6.809457005645053,11.46,8.87,11.96,13.1,2,2 or more vehicles
4217417,2011-08-02 17:32:00,2011,35-02,SDU,31399.0,2011-08-02 17:30:00,2.0,12.444237856952613,12.28642901367293,7.8,6.76,9.31,13.7,1,1 vehicle
4217545,2011-08-02 23:37:00,2011,1-k9,SDU,3317.0,2011-08-02 23:40:00,3.0,0.6200328254838631,5.731173545267037,11.4,0.9,1.47,12.03,1,1 vehicle
4218938,2011-08-04 16:02:00,2011,76-10,SDU,3752.0,2011-08-04 16:00:00,2.0,5.6286468334872595,5.31344750614094,8.0,6.2,9.05,14.03,1,1 vehicle
4219087,2011-08-05 16:01:00,2011,907-01,SDU,5940.0,2011-08-05 16:00:00,1.0,1.4672347571475732,10.265361722573118,23.93,9.97,14.24,10.0,1,1 vehicle
4219651,2011-08-06 16:44:00,2011,92-10,SDU,34087.0,2011-08-06 16:40:00,4.0,6.888260847565907,6.682100904890704,8.77,4.97,9.21,6.8,1,1 vehicle
4220085,2011-08-07 15:07:00,2011,37-03,SDU,36504.0,2011-08-07 15:10:00,3.0,8.531657912603015,8.829620230052322,13.36,1.03,3.04,19.9,1,1 vehicle
4220217,2011-08-07 21:09:00,2011,360-03,SDU,1493.0,2011-08-07 21:10:00,1.0,12.893961502800563,12.333830388209408,12.42,1.18,1.73,13.77,1,1 vehicle
4220353,2011-08-08 08:03:00,2011,30-01,SDU,6310.0,2011-08-08 08:00:00,3.0,6.500946128085781,2.8295859653891235,8.07,2.55,3.23,7.85,1,1 vehicle
4220411,2011-08-08 09:32:00,2011,848-01,SDU,4300.0,2011-08-08 09:30:00,2.0,7.1596531453579955,6.386439163438794,8.690000000000001,1.23,2.74,5.3,1,1 vehicle
4222589,2011-08-11 19:05:00,2011,54-02,SDU,1779.0,2011-08-11 19:00:00,5.0,11.478143028914662,11.0845394985849,12.06,5.5,6.59,13.13,2,2 or more vehicles
4222960,2011-08-12 13:41:00,2011,35-08,SDU,36519.0,2011-08-12 13:40:00,1.0,0.929945919972351,5.046269591968834,8.83,3.5,4.9,14.7,2,2 or more vehicles
4225543,2011-08-16 16:25:00,2011,523-01,SDU,1881.0,2011-08-16 16:20:00,5.0,15.496599017296422,15.592786574815282,10.33,5.09,7.74,8.83,1,1 vehicle
4225688,2011-08-16 23:32:00,2011,50-04,SDU,1881.0,2011-08-16 23:30:00,2.0,11.047246352843459,13.359511799004318,8.59,4.73,8.1,5.33,1,1 vehicle
4226293,2011-08-18 02:43:00,2011,1-h1,SDU,1881.0,2011-08-18 02:40:00,3.0,4.401950443057388,6.599972837831535,9.95,0.82,1.43,1.97,1,1 vehicle
4226334,2011-08-18 06:51:00,2011,41-15,SDU,1473.0,2011-08-18 06:50:00,1.0,6.924241185827937,2.669518633501688,13.29,1.72,2.09,5.23,1,1 vehicle
4227102,2011-08-19 16:00:00,2011,1-q5,SDU,3474.0,2011-08-19 16:00:00,0.0,6.050399505572045,11.409165744035429,13.83,1.61,2.77,6.79,4,2 or more vehicles
4227635,2011-08-20 22:08:00,2011,38-02,SDU,31387.0,2011-08-20 22:10:00,2.0,10.353226759558176,9.944325910548493,4.01,4.39,6.47,7.9,1,1 vehicle
4229145,2011-08-22 17:19:00,2011,523-01,SDU,1881.0,2011-08-22 17:20:00,1.0,16.390356247601467,15.592786574815282,10.33,1.42,2.74,10.88,1,1 vehicle
4229515,2011-08-23 15:29:00,2011,94-06,SDU,34382.0,2011-08-23 15:30:00,1.0,13.603692060400572,9.135902274759024,14.66,4.12,6.37,7.3,1,1 vehicle
4230012,2011-08-24 12:49:00,2011,41-16,SDU,31363.0,2011-08-24 12:50:00,1.0,6.569762487608969,4.6115007826263295,11.62,3.31,4.51,12.3,1,1 vehicle
4232399,2011-08-28 20:40:00,2011,1-b2,SDU,36049.0,2011-08-28 20:40:00,0.0,9.556441322786121,8.033192618523229,12.06,8.3,11.56,10.8,1,1 vehicle
4233046,2011-08-30 05:57:00,2011,1-h2,SDU,31985.0,2011-08-30 06:00:00,3.0,9.272943532846195,8.113869305983009,10.7,5.08,7.25,8.9,1,1 vehicle
4235928,2011-09-03 17:21:00,2011,39-01,SDU,31387.0,2011-09-03 17:20:00,1.0,3.9575579545283937,1.6348934580675056,15.67,4.38,6.17,14.2,1,1 vehicle
4238298,2011-09-07 15:33:00,2011,1-e1,SDU,1481.0,2011-09-07 15:30:00,3.0,3.961665918442251,4.9888124957399,9.79,1.76,5.03,7.5,1,1 vehicle
4238880,2011-09-08 19:47:00,2011,36-08,SDU,1590.0,2011-09-08 19:50:00,3.0,5.251143996369391,5.637880088532132,2.24,17.84,26.33,-2.51,1,1 vehicle
4239400,2011-09-09 18:07:00,2011,36-08,SDU,1590.0,2011-09-09 18:10:00,3.0,5.71722977152535,5.637880088532132,2.24,9.89,13.72,1.07,1,1 vehicle
4240234,2011-09-11 15:48:00,2011,1-r3,SDU,4303.0,2011-09-11 15:50:00,2.0,2.222324613452843,7.357819026477832,17.56,6.91,9.83,4.98,1,1 vehicle
4243912,2011-09-18 13:02:00,2011,30-08,SDU,36519.0,2011-09-18 13:00:00,2.0,2.1968973671360414,1.994531131397776,4.34,6.73,10.29,9.3,1,1 vehicle
4244271,2011-09-19 10:11:00,2011,1-c2,SDU,6315.0,2011-09-19 10:10:00,1.0,7.330333738045994,6.674890552366854,7.62,7.44,9.93,10.8,1,1 vehicle
4245808,2011-09-21 16:44:00,2011,1-d8,SDU,31392.0,2011-09-21 16:40:00,4.0,5.307823610543157,1.811228203445721,16.63,6.7,10.0,7.8,3,2 or more vehicles
4245921,2011-09-21 23:22:00,2011,36-11,SDU,1590.0,2011-09-21 23:20:00,2.0,5.767683473062852,4.097097125921327,7.99,6.56,8.72,0.74,2,2 or more vehicles
4246060,2011-09-22 08:56:00,2011,41-15,SDU,1473.0,2011-09-22 09:00:00,4.0,4.4849674099409205,2.669518633501688,13.29,2.5,2.67,4.34,1,1 vehicle
4251259,2011-10-03 12:05:00,2011,48-11,VHDU,1590.0,2011-10-03 12:00:00,5.0,6.295547246461051,5.508227997835785,4.92,10.85,12.87,2.96,1,1 vehicle
4251393,2011-10-03 16:23:00,2011,643-02,VHDU,2481.0,2011-10-03 16:20:00,3.0,10.082419331352924,9.89436024080259,7.14,9.75,12.81,3.9,1,1 vehicle
4252125,2011-10-05 12:06:00,2011,1-e1,VHDU,1481.0,2011-10-05 12:10:00,4.0,4.03026332155745,4.9888124957399,9.79,3.6,4.73,2.84,2,2 or more vehicles
4253720,2011-10-09 08:49:00,2011,874-02,VHDU,4828.0,2011-10-09 08:50:00,1.0,1.8045220169890592,3.539225613788423,4.94,0.74,1.6,4.37,1,1 vehicle
4253905,2011-10-09 20:09:00,2011,61-35,VHDU,2646.0,2011-10-09 20:10:00,1.0,3.914701314214734,3.4147436857726188,13.6,1.7,2.74,0.74,1,1 vehicle
4253987,2011-10-10 06:28:00,2011,1-h0,VHDU,1881.0,2011-10-10 06:30:00,2.0,1.4358090229516787,2.491770257844639,7.74,3.52,4.31,-3.18,1,1 vehicle
4254360,2011-10-10 18:10:00,2011,523-01,VHDU,1881.0,2011-10-10 18:10:00,0.0,16.976686550161535,15.592786574815282,10.33,3.74,6.1,-0.18,1,1 vehicle
4255450,2011-10-10 18:35:00,2011,1-m5,VHDU,33431.0,2011-10-10 18:30:00,5.0,11.180882675878276,6.468729395855224,14.17,4.78,6.66,-3.8,1,1 vehicle
4255872,2011-10-14 14:40:00,2011,54-15,VHDU,31942.0,2011-10-14 14:40:00,0.0,3.7829746348686673,0.3649829257412452,9.1,10.99,20.68,6.3,1,1 vehicle
4256380,2011-10-16 01:22:00,2011,1-e1,VHDU,1481.0,2011-10-16 01:20:00,2.0,3.5919513693385,4.9888124957399,9.79,5.8,7.18,1.94,1,1 vehicle
4256389,2011-10-16 01:52:00,2011,41-16,VHDU,31363.0,2011-10-16 01:50:00,2.0,5.06821759828248,4.6115007826263295,11.62,2.45,2.84,0.9,1,1 vehicle
4256783,2011-10-17 07:37:00,2011,1-c3,VHDU,6315.0,2011-10-17 07:40:00,3.0,0.25472043242946735,0.4198979929840348,4.99,7.38,9.21,1.13,1,1 vehicle
4256959,2011-10-17 10:52:00,2011,1-d6,VHDU,31399.0,2011-10-17 10:50:00,2.0,0.18854597226542225,2.8564832758413083,10.48,12.47,34.59,4.0,2,2 or more vehicles
4257117,2011-10-17 16:00:00,2011,1-c2,VHDU,6315.0,2011-10-17 16:00:00,0.0,4.524827380980998,6.674890552366854,7.62,12.38,16.04,5.82,1,1 vehicle
4257406,2011-10-18 17:08:00,2011,1-m3,VHDU,33431.0,2011-10-18 17:10:00,2.0,12.109395689005787,13.227469441125152,11.32,2.9,3.72,-5.7,1,1 vehicle
4257773,2011-10-19 15:55:00,2011,1-r6,VHDU,34326.0,2011-10-19 15:50:00,5.0,10.791774854835353,10.973465586124613,0.75,1.6,2.35,-6.2,1,1 vehicle
4258037,2011-10-15 06:40:00,2011,82-12,VHDU,33750.0,2011-10-15 06:40:00,0.0,14.314743673011215,13.312291262430248,9.1,3.7,7.55,5.6,1,1 vehicle
4259207,2011-10-22 23:00:00,2011,1-d8,VHDU,31392.0,2011-10-22 23:00:00,0.0,2.8669859519660634,1.811228203445721,16.63,0.52,1.76,1.2,1,1 vehicle
4259860,2011-10-24 10:33:00,2011,1-p9,VHDU,3471.0,2011-10-24 10:30:00,3.0,4.086981379816397,3.634671517176708,1.58,5.15,7.64,0.05,2,2 or more vehicles
4261012,2011-10-26 14:43:00,2011,31-03,VHDU,36411.0,2011-10-26 14:40:00,3.0,1.7860029918388807,0.0565468483814308,4.09,5.5,8.43,7.5,2,2 or more vehicles
4262574,2011-10-29 22:12:00,2011,61-01,VHDU,32377.0,2011-10-29 22:10:00,2.0,2.057740615764006,4.755521088381826,10.09,18.63,25.19,0.5,2,2 or more vehicles
4264254,2011-11-02 13:18:00,2011,83-02,VHDU,3474.0,2011-11-02 13:20:00,2.0,10.418330457028258,4.255580081063748,9.29,3.67,6.3,-2.03,1,1 vehicle
4264335,2011-11-02 16:13:00,2011,1-m2,VHDU,33419.0,2011-11-02 16:10:00,3.0,3.8751458242792878,5.573498711103916,13.26,24.03,30.38,1.0,1,1 vehicle
4265214,2011-11-04 20:22:00,2011,1-m4,VHDU,33431.0,2011-11-04 20:20:00,2.0,0.6345196318130117,4.073257225176333,8.95,3.0,4.8,5.1,1,1 vehicle
4265261,2011-11-05 00:06:00,2011,1-m5,VHDU,33431.0,2011-11-05 00:10:00,4.0,10.850869242832779,6.468729395855224,14.17,3.09,5.68,5.7,1,1 vehicle
4265870,2011-11-06 04:19:00,2011,94-01,VHDU,4271.0,2011-11-06 04:20:00,1.0,2.4491088897662463,5.40726558119129,11.3,2.28,3.49,2.5,1,1 vehicle
4266007,2011-11-05 17:37:00,2011,39-01,VHDU,31387.0,2011-11-05 17:40:00,3.0,4.245740411985547,1.6348934580675056,15.67,4.9,8.23,1.3,1,1 vehicle
4266028,2011-11-06 10:40:00,2011,1-b9,VHDU,36122.0,2011-11-06 10:40:00,0.0,4.5284320182922295,5.329972713472354,6.02,3.68,5.68,3.5,1,1 vehicle
4266225,2011-11-06 23:03:00,2011,41-16,VHDU,31363.0,2011-11-06 23:00:00,3.0,2.0166225415077483,4.6115007826263295,11.62,7.26,12.05,2.9,1,1 vehicle
4267416,2011-11-09 01:56:00,2011,33-01,VHDU,31399.0,2011-11-09 02:00:00,4.0,7.528761511049108,10.766790604703466,12.83,4.46,5.0,7.3,1,1 vehicle
4268087,2011-11-10 12:14:00,2011,1-e1,VHDU,1481.0,2011-11-10 12:10:00,4.0,9.223326231103002,4.9888124957399,9.79,15.07,19.86,8.47,2,2 or more vehicles
4269075,2011-11-12 14:03:00,2011,76-01,VHDU,3242.0,2011-11-12 14:00:00,3.0,16.636945834750236,15.035281530121656,10.25,2.97,4.11,7.24,1,1 vehicle
4269485,2011-11-13 07:11:00,2011,1-c8,VHDU,36308.0,2011-11-13 07:10:00,1.0,1.384834046333925,4.831712605587408,10.24,5.02,7.64,7.0,1,1 vehicle
4269717,2011-11-13 23:04:00,2011,1-h4,VHDU,32097.0,2011-11-13 23:00:00,4.0,4.845481932102197,6.809457005645053,11.46,6.87,8.82,4.2,1,1 vehicle
4271932,2011-11-17 23:26:00,2011,1-q6,VHDU,3380.0,2011-11-17 23:30:00,4.0,15.013850071785246,15.021941782213212,4.34,2.63,4.27,4.63,1,1 vehicle
4273233,2011-11-20 18:13:00,2011,1-m4,VHDU,33431.0,2011-11-20 18:10:00,3.0,0.6271091290776806,4.073257225176333,8.95,5.76,8.82,-0.4,1,1 vehicle
4273529,2011-11-21 12:07:00,2011,39-01,VHDU,31387.0,2011-11-21 12:10:00,3.0,4.220013545943662,1.6348934580675056,15.67,9.4,13.23,1.4,1,1 vehicle
4273745,2011-11-21 18:17:00,2011,30-04,VHDU,6420.0,2011-11-21 18:20:00,3.0,6.646647453501133,5.359811449264286,11.71,3.82,6.04,1.13,1,1 vehicle
4273844,2011-11-22 02:41:00,2011,1-f3,VHDU,1479.0,2011-11-22 02:40:00,1.0,1.1702370981847372,1.1330985534714593,4.78,4.2,6.1,2.93,1,1 vehicle
4274840,2011-11-23 17:55:00,2011,1-m9,VHDU,3242.0,2011-11-23 17:50:00,5.0,5.293796528384111,5.492674552934827,11.1,15.12,18.29,0.43,1,1 vehicle
4274860,2011-11-23 19:15:00,2011,1-g1,VHDU,31572.0,2011-11-23 19:10:00,5.0,6.879119223329854,7.416893274742419,10.93,2.81,4.15,1.6,1,1 vehicle
4274907,2011-11-23 22:30:00,2011,43-01,VHDU,1361.0,2011-11-23 22:30:00,0.0,7.509610816245464,6.488135829451195,13.3,10.33,13.98,3.73,1,1 vehicle
4274967,2011-11-23 15:57:00,2011,82-02,VHDU,33563.0,2011-11-23 16:00:00,3.0,9.632818529286286,10.9166146109414,10.71,2.28,4.21,0.5,1,1 vehicle
4275394,2011-11-24 19:10:00,2011,41-16,VHDU,31363.0,2011-11-24 19:10:00,0.0,7.506954633465795,4.6115007826263295,11.62,2.15,2.84,-1.1,1,1 vehicle
4275757,2011-11-25 15:43:00,2011,43-01,VHDU,1361.0,2011-11-25 15:40:00,3.0,5.2146520904856395,6.488135829451195,13.3,5.61,9.87,1.64,1,1 vehicle
4276119,2011-11-26 14:07:00,2011,26-01,VHDU,6310.0,2011-11-26 14:10:00,3.0,8.965605508990064,8.661999678256562,8.98,2.61,2.94,-7.3,2,2 or more vehicles
4276295,2011-11-26 23:44:00,2011,1-f5,VHDU,31579.0,2011-11-26 23:40:00,4.0,1.5336966569440618,1.028741036313794,11.93,5.79,7.45,-2.0,1,1 vehicle
4277138,2011-11-29 01:16:00,2011,1-p1,VHDU,33357.0,2011-11-29 01:20:00,4.0,1.0137045797643305,2.6900827429345155,10.45,11.21,16.46,-4.6,2,2 or more vehicles
4277668,2011-11-30 12:33:00,2011,51-02,VHDU,31572.0,2011-11-30 12:30:00,3.0,4.213100673858847,5.773738212981441,11.24,6.23,10.06,-3.1,1,1 vehicle
4279357,2011-12-04 14:17:00,2011,61-03,VDU,2481.0,2011-12-04 14:20:00,3.0,0.9643211766751227,0.5983411752410052,5.22,13.35,16.76,-1.97,1,1 vehicle
4279393,2011-12-04 15:49:00,2011,38-02,VDU,31387.0,2011-12-04 15:50:00,1.0,9.236776373753326,9.944325910548493,4.01,11.66,15.19,-6.1,1,1 vehicle
4280534,2011-12-06 20:25:00,2011,1-d8,VDU,31392.0,2011-12-06 20:20:00,5.0,5.6271231281378125,1.811228203445721,16.63,6.1,7.55,-6.2,2,2 or more vehicles
4282170,2011-12-10 08:00:00,2011,41-21,VDU,1350.0,2011-12-10 08:00:00,0.0,1.8536530109592133,1.4041541058646172,3.28,10.36,12.18,-5.16,2,2 or more vehicles
4282322,2011-12-10 20:03:00,2011,1-f6,VDU,1578.0,2011-12-10 20:00:00,3.0,4.283993986353845,3.2714142691726864,3.61,16.85,27.8,2.23,2,2 or more vehicles
4282573,2011-12-11 10:31:00,2011,1-e1,VDU,1481.0,2011-12-11 10:30:00,1.0,4.765366027631621,4.9888124957399,9.79,5.63,7.02,0.54,1,1 vehicle
4283670,2011-12-13 15:21:00,2011,1-c8,VDU,36308.0,2011-12-13 15:20:00,1.0,3.449935650786221,4.831712605587408,10.24,11.78,14.6,0.4,1,1 vehicle
4283703,2011-12-13 16:15:00,2011,41-16,VDU,31363.0,2011-12-13 16:10:00,5.0,6.047577361417612,4.6115007826263295,11.62,10.25,12.64,1.4,1,1 vehicle
4285082,2011-12-16 15:39:00,2011,92-07,VDU,5981.0,2011-12-16 15:40:00,1.0,7.758858415815098,4.3294707374769,12.89,8.23,13.13,-2.0,2,2 or more vehicles
4285928,2011-12-18 13:36:00,2011,1-g3,VDU,1673.0,2011-12-18 13:40:00,4.0,1.0150259177355931,5.382052364477969,11.64,17.22,22.51,2.14,2,2 or more vehicles
4285950,2011-12-18 14:56:00,2011,51-02,VDU,31572.0,2011-12-18 15:00:00,4.0,9.279552895490042,5.773738212981441,11.24,12.06,16.66,3.1,1,1 vehicle
4287134,2011-12-21 14:38:00,2011,261-02,VDU,6222.0,2011-12-21 14:40:00,2.0,3.0811697388382493,0.9555180049138156,13.75,13.9,19.63,5.76,1,1 vehicle
4288336,2011-12-24 11:39:00,2011,51-02,VDU,31572.0,2011-12-24 11:40:00,1.0,6.703555900018235,5.773738212981441,11.24,2.17,3.69,2.3,1,1 vehicle
4288352,2011-12-24 12:44:00,2011,1-f5,VDU,31579.0,2011-12-24 12:40:00,4.0,2.250036444530257,1.028741036313794,11.93,13.83,22.15,0.8,1,1 vehicle
4288764,2011-12-26 17:08:00,2011,41-16,VDU,31363.0,2011-12-26 17:10:00,2.0,1.6394757548738519,4.6115007826263295,11.62,9.04,12.64,-4.4,1,1 vehicle
4288777,2011-12-26 17:56:00,2011,1-f5,VDU,31579.0,2011-12-26 18:00:00,4.0,3.5081928189932867,1.028741036313794,11.93,8.37,12.94,-3.1,6,2 or more vehicles
4289250,2011-12-27 14:34:00,2011,1-m2,VDU,33419.0,2011-12-27 14:30:00,4.0,3.6807950075164317,5.573498711103916,13.26,2.75,4.7,-1.7,1,1 vehicle
4289735,2011-12-27 17:14:00,2011,427-04,VDU,1361.0,2011-12-27 17:10:00,4.0,1.895539380972949,4.0971905697725415,7.26,5.24,6.23,0.55,1,1 vehicle
4291250,2012-01-01 22:25:00,2012,1-k5,VDU,33204.0,2012-01-01 22:20:00,5.0,1.7033566650326946,0.4927782706765492,7.0,9.86,11.86,-2.5,1,1 vehicle
4291517,2012-01-02 13:19:00,2012,35-01,VDU,31399.0,2012-01-02 13:20:00,1.0,4.921821063619819,4.900372212107007,8.51,0.72,1.47,-5.1,1,1 vehicle
4291898,2012-01-03 11:01:00,2012,1-f5,VDU,31579.0,2012-01-03 11:00:00,1.0,4.105501265594524,1.028741036313794,11.93,3.46,3.92,-7.0,1,1 vehicle
4292763,2012-01-05 07:21:00,2012,1-c7,VDU,6315.0,2012-01-05 07:20:00,1.0,8.35065920597422,7.2272366966,3.5,1.24,2.54,-9.2,1,1 vehicle
4293392,2012-01-06 12:53:00,2012,34-02,VDU,1395.0,2012-01-06 12:50:00,3.0,3.180004554853818,5.246626996155354,8.9,4.51,6.92,4.37,1,1 vehicle
4293932,2012-01-07 20:53:00,2012,92-07,VDU,5981.0,2012-01-07 20:50:00,3.0,5.218683306010282,4.3294707374769,12.89,0.42,1.04,1.23,1,1 vehicle
4294334,2012-01-08 20:35:00,2012,1-c8,VDU,36308.0,2012-01-08 20:30:00,5.0,1.6991744758115972,4.831712605587408,10.24,8.06,10.49,1.4,1,1 vehicle
4294363,2012-01-08 20:55:00,2012,51-01,VDU,31572.0,2012-01-08 20:50:00,5.0,0.738752266898722,0.926567118382983,7.16,3.51,7.71,1.4,2,2 or more vehicles
4294663,2012-01-09 13:24:00,2012,1-d6,VDU,31399.0,2012-01-09 13:20:00,4.0,1.8172098866277033,2.8564832758413083,10.48,3.86,8.92,1.3,1,1 vehicle
4294822,2012-01-09 20:13:00,2012,41-21,VDU,1350.0,2012-01-09 20:10:00,3.0,1.4337087682650715,1.4041541058646172,3.28,18.76,23.06,-0.12,1,1 vehicle
4297494,2012-01-16 08:49:00,2012,829-02,VDU,3371.0,2012-01-16 08:50:00,1.0,5.242000059017384,1.9391685769392983,15.75,7.6,9.87,6.56,1,1 vehicle
4297876,2012-01-16 21:13:00,2012,61-33,VDU,2646.0,2012-01-16 21:10:00,3.0,13.228462711243777,10.974953957267978,13.84,1.46,4.99,6.36,2,2 or more vehicles
4299304,2012-01-19 16:05:00,2012,93-02,VDU,34175.0,2012-01-19 16:00:00,5.0,4.120013448045563,2.2346382814282277,9.93,10.66,15.39,-5.2,1,1 vehicle
4300665,2012-01-23 01:15:00,2012,726-01,VDU,3223.0,2012-01-23 01:10:00,5.0,19.15050363199109,15.79704541049008,14.6,0.45,1.33,-4.0,1,1 vehicle
4301210,2012-01-23 20:33:00,2012,1-f5,VDU,31579.0,2012-01-23 20:30:00,3.0,1.436956475752334,1.028741036313794,11.93,16.96,22.25,1.6,1,1 vehicle
4302108,2012-01-25 13:22:00,2012,1-k7,VDU,3223.0,2012-01-25 13:20:00,2.0,16.72617110454814,16.565651898144605,11.68,4.61,6.53,-1.69,1,1 vehicle
4302911,2012-01-27 10:25:00,2012,61-02,VDU,32377.0,2012-01-27 10:20:00,5.0,2.9080769503412687,7.139746978705814,14.79,3.15,3.82,-7.2,1,1 vehicle
4302953,2012-01-27 11:32:00,2012,1-d8,VDU,31392.0,2012-01-27 11:30:00,2.0,0.5934287422424862,1.811228203445721,16.63,16.13,20.38,-1.3,2,2 or more vehicles
4303032,2012-01-27 14:34:00,2012,1-p1,VDU,33357.0,2012-01-27 14:30:00,4.0,0.48779107488126777,2.6900827429345155,10.45,12.69,15.68,-0.6,2,2 or more vehicles
4304187,2012-01-30 10:11:00,2012,64-01,VDU,2631.0,2012-01-30 10:10:00,1.0,1.8254163881779204,3.0850796312939655,6.8,4.68,7.02,1.29,1,1 vehicle
4305647,2012-02-01 22:46:00,2012,1-g4,VDU,31674.0,2012-02-01 22:50:00,4.0,0.20896560873145179,2.9434338577391106,8.41,5.24,7.25,2.4,1,1 vehicle
4305976,2012-02-02 12:08:00,2012,1-k3,VDU,2197.0,2012-02-02 12:10:00,2.0,5.638811332177842,5.350417813137898,11.87,3.33,6.82,-1.37,1,1 vehicle
4306428,2012-02-03 09:44:00,2012,1-g1,VDU,31572.0,2012-02-03 09:40:00,4.0,8.854411276230602,7.416893274742419,10.93,1.97,4.25,3.0,3,2 or more vehicles
4309476,2012-02-09 06:14:00,2012,41-15,VDU,1473.0,2012-02-09 06:10:00,4.0,2.910034205955074,2.669518633501688,13.29,1.08,1.66,1.44,1,1 vehicle
4309506,2012-02-09 09:22:00,2012,1-c0,VDU,6222.0,2012-02-09 09:20:00,2.0,6.2711970985567165,6.323365886803895,10.13,3.54,4.44,2.38,1,1 vehicle
4310046,2012-02-10 09:51:00,2012,1-d2,VDU,36308.0,2012-02-10 09:50:00,1.0,8.729064557495473,8.371302373817642,13.7,6.21,9.11,0.36,1,1 vehicle
4310372,2012-02-10 20:43:00,2012,1-g1,VDU,31572.0,2012-02-10 20:40:00,3.0,9.171222656861838,7.416893274742419,10.93,10.22,14.77,1.71,2,2 or more vehicles
4310667,2012-02-11 14:14:00,2012,574-06,VDU,1919.0,2012-02-11 14:10:00,4.0,4.073570959616614,4.121506852812537,2.96,4.47,6.2,3.23,1,1 vehicle
4314218,2012-02-17 19:55:00,2012,54-12,VDU,1938.0,2012-02-17 19:50:00,5.0,7.000765470360304,5.122886456510389,8.54,9.19,11.69,-1.54,1,1 vehicle
4314950,2012-02-17 21:29:00,2012,30-01,VDU,6310.0,2012-02-17 21:30:00,1.0,6.309488166843761,2.8295859653891235,8.07,7.32,8.95,-4.67,2,2 or more vehicles
4315290,2012-02-20 11:58:00,2012,1-d2,VDU,36308.0,2012-02-20 12:00:00,2.0,5.038618137822339,8.371302373817642,13.7,1.3,2.65,3.31,1,1 vehicle
4315393,2012-02-20 13:35:00,2012,429-02,VDU,1350.0,2012-02-20 13:30:00,5.0,5.941814545587958,5.685793567904326,4.32,6.21,9.6,1.81,1,1 vehicle
4315400,2012-02-20 13:37:00,2012,1-t4,VDU,4271.0,2012-02-20 13:40:00,3.0,11.2951267974172,1.758339721525823,11.0,7.24,8.82,-2.04,1,1 vehicle
4317573,2012-02-23 19:06:00,2012,93-03,VDU,4275.0,2012-02-23 19:10:00,4.0,8.309540857820405,6.981343938312302,14.04,23.62,28.63,-4.68,2,2 or more vehicles
4317587,2012-02-23 19:38:00,2012,92-09,VDU,5981.0,2012-02-23 19:40:00,2.0,3.355212378635108,3.9180680850954337,7.41,8.34,11.86,2.79,1,1 vehicle
4317767,2012-02-24 07:38:00,2012,41-15,VDU,1473.0,2012-02-24 07:40:00,2.0,2.1741565876117837,2.669518633501688,13.29,11.39,15.42,1.7,1,1 vehicle
4318893,2012-02-26 15:20:00,2012,42-01,VDU,1473.0,2012-02-26 15:20:00,0.0,6.070203821059239,5.682283768255924,10.47,8.06,10.78,5.97,2,2 or more vehicles
4318957,2012-02-26 18:51:00,2012,54-06,VDU,31958.0,2012-02-26 18:50:00,1.0,9.477154965633689,3.816243689301748,12.24,3.87,5.59,1.0,1,1 vehicle
4319697,2012-02-17 15:21:00,2012,92-09,VDU,5981.0,2012-02-17 15:20:00,1.0,2.6081681894952857,3.9180680850954337,7.41,9.64,13.82,-2.13,1,1 vehicle
4320373,2012-02-28 23:24:00,2012,54-11,VDU,31932.0,2012-02-28 23:20:00,4.0,6.771454059598261,1.6555647354751262,11.07,4.43,6.37,2.22,2,2 or more vehicles
4321332,2012-03-01 16:55:00,2012,1-k2,VDU,2197.0,2012-03-01 16:50:00,5.0,4.987935464827865,6.007449718079592,11.35,7.93,10.03,-0.76,1,1 vehicle
4322620,2012-03-04 12:01:00,2012,35-03,VDU,36411.0,2012-03-04 12:00:00,1.0,11.192663147370864,12.565510462223775,8.49,1.65,3.04,-1.44,1,1 vehicle
4322979,2012-03-05 10:33:00,2012,85-03,VDU,3595.0,2012-03-05 10:30:00,3.0,11.977049552211026,11.086744627975602,11.12,10.32,12.12,-3.06,1,1 vehicle
4324156,2012-03-06 19:29:00,2012,41-16,VDU,31363.0,2012-03-06 19:30:00,1.0,4.904340582389637,4.6115007826263295,11.62,14.67,19.21,-1.04,1,1 vehicle
4324705,2012-03-07 18:54:00,2012,36-11,VDU,1590.0,2012-03-07 18:50:00,4.0,4.431428881327577,4.097097125921327,7.99,17.36,21.34,-7.08,1,1 vehicle
4324755,2012-03-07 21:59:00,2012,1-k3,VDU,2197.0,2012-03-07 22:00:00,1.0,5.715839537655235,5.350417813137898,11.87,11.52,13.59,-0.66,1,1 vehicle
4324888,2012-03-08 08:03:00,2012,47-12,VDU,1679.0,2012-03-08 08:00:00,3.0,11.85258289691118,10.954316682771935,12.42,13.64,16.59,-3.04,1,1 vehicle
4325031,2012-03-08 13:48:00,2012,45-06,VDU,1350.0,2012-03-08 13:50:00,2.0,3.166204004065692,4.922629951275584,9.02,13.58,17.8,0.09,1,1 vehicle
4325135,2012-03-08 18:09:00,2012,1-c8,VDU,36308.0,2012-03-08 18:10:00,1.0,0.09960583716577767,4.831712605587408,10.24,6.88,11.47,-0.51,1,1 vehicle
4325244,2012-03-08 21:38:00,2012,41-15,VDU,1473.0,2012-03-08 21:40:00,2.0,2.594825512087647,2.669518633501688,13.29,9.28,11.76,0.65,1,1 vehicle
4325496,2012-03-09 09:17:00,2012,1-d8,VDU,31392.0,2012-03-09 09:20:00,3.0,6.035952138324087,1.811228203445721,16.63,14.65,20.87,-3.53,1,1 vehicle
4327744,2012-03-13 19:08:00,2012,1-k9,VDU,3317.0,2012-03-13 19:10:00,2.0,4.232684455550923,5.731173545267037,11.4,5.58,8.36,3.81,1,1 vehicle
4328253,2012-03-14 16:04:00,2012,1-m1,VDU,3317.0,2012-03-14 16:00:00,4.0,2.34312850483459,1.3256499646624635,1.45,3.5,5.22,2.44,1,1 vehicle
4328708,2012-03-15 15:03:00,2012,26-01,VDU,6310.0,2012-03-15 15:00:00,3.0,8.786566697765442,8.661999678256562,8.98,3.59,4.41,0.91,1,1 vehicle
4329422,2012-03-16 21:39:00,2012,1-d8,VDU,31392.0,2012-03-16 21:40:00,1.0,2.4347579216982114,1.811228203445721,16.63,2.79,3.53,-3.44,2,2 or more vehicles
4330135,2012-03-18 19:12:00,2012,41-16,VDU,31363.0,2012-03-18 19:10:00,2.0,7.21126766964963,4.6115007826263295,11.62,17.27,23.03,-0.81,3,2 or more vehicles
4330161,2012-03-18 21:51:00,2012,429-02,VDU,1350.0,2012-03-18 21:50:00,1.0,4.823557673148339,5.685793567904326,4.32,17.74,23.59,1.9,1,1 vehicle
4332836,2012-03-23 16:28:00,2012,1-k3,VDU,2197.0,2012-03-23 16:30:00,2.0,4.215334940329717,5.350417813137898,11.87,3.01,5.94,8.77,1,1 vehicle
4333400,2012-03-25 00:07:00,2012,574-07,VDU,1924.0,2012-03-25 00:10:00,3.0,3.857821791502018,3.210218950768943,5.1,10.58,18.39,7.94,1,1 vehicle
4334473,2012-03-26 17:22:00,2012,82-03,VDU,33563.0,2012-03-26 17:20:00,2.0,2.70940901215552,0.3760650112123629,11.33,16.98,30.97,11.53,3,2 or more vehicles
4336687,2012-03-31 01:53:00,2012,76-03,VDU,3433.0,2012-03-31 01:50:00,3.0,10.556043012648706,11.688514772049754,7.96,5.12,6.5,1.79,1,1 vehicle
4337426,2012-04-01 20:41:00,2012,1-h4,VHDU,32097.0,2012-04-01 20:40:00,1.0,4.662015714479417,6.809457005645053,11.46,1.34,1.47,-3.52,1,1 vehicle
4341138,2012-04-08 23:05:00,2012,35-02,VHDU,31399.0,2012-04-08 23:00:00,5.0,12.936185721681086,12.28642901367293,7.8,0.95,2.16,0.01,1,1 vehicle
4341621,2012-04-10 07:34:00,2012,92-07,VHDU,5981.0,2012-04-10 07:30:00,4.0,3.5282295603368903,4.3294707374769,12.89,4.45,6.17,1.07,1,1 vehicle
4343642,2012-04-12 16:30:00,2012,821-01,VHDU,3471.0,2012-04-12 16:30:00,0.0,10.10467754013503,7.64609910465302,5.7,5.31,7.41,0.49,1,1 vehicle
4345050,2012-04-15 16:54:00,2012,1-a4,VHDU,6272.0,2012-04-15 16:50:00,4.0,4.112992566144865,4.907967091663654,11.48,3.89,5.42,7.29,1,1 vehicle
4345083,2012-04-15 19:19:00,2012,1-f5,VHDU,31579.0,2012-04-15 19:20:00,1.0,0.27627753130478455,1.028741036313794,11.93,6.68,10.49,5.41,2,2 or more vehicles
4347075,2012-04-18 18:55:00,2012,360-03,VHDU,31591.0,2012-04-18 18:50:00,5.0,10.86971918304977,7.306352513995508,12.42,5.46,8.33,1.86,1,1 vehicle
4348425,2012-04-21 19:18:00,2012,722-01,VHDU,3223.0,2012-04-21 19:20:00,2.0,10.42399340586431,8.429013133402183,14.9,6.78,8.59,4.38,1,1 vehicle
4349803,2012-04-24 12:09:00,2012,1-a2,VHDU,36386.0,2012-04-24 12:10:00,1.0,5.4104553303601435,6.384128057059852,11.18,3.92,5.49,6.11,1,1 vehicle
4349944,2012-04-24 15:31:00,2012,87-01,VHDU,33495.0,2012-04-24 15:30:00,1.0,6.242266603486145,5.224729894838622,10.74,8.55,10.29,-0.83,1,1 vehicle
4352182,2012-04-28 19:26:00,2012,68-09,VHDU,32390.0,2012-04-28 19:30:00,4.0,5.430835864418404,5.520385900144957,8.17,12.89,16.86,3.44,1,1 vehicle
4352198,2012-04-28 20:15:00,2012,30-04,VHDU,6420.0,2012-04-28 20:10:00,5.0,7.728595395925517,5.359811449264286,11.71,7.0,9.24,6.4,1,1 vehicle
4352428,2012-04-29 10:29:00,2012,34-02,VHDU,1395.0,2012-04-29 10:30:00,1.0,7.9165890052184436,5.246626996155354,8.9,6.43,8.33,7.92,1,1 vehicle
4358816,2012-05-10 23:09:00,2012,821-01,VHDU,3471.0,2012-05-10 23:10:00,1.0,5.761755701255437,7.64609910465302,5.7,5.0,8.17,5.3,1,1 vehicle
4360421,2012-05-14 11:11:00,2012,72-01,VHDU,33204.0,2012-05-14 11:10:00,1.0,4.40961768581789,5.751617273861404,5.0,9.92,13.92,-2.32,1,1 vehicle
4360993,2012-05-14 22:55:00,2012,60-09,VHDU,32179.0,2012-05-14 22:50:00,5.0,9.27080065857608,6.06551570552272,10.98,6.41,9.41,-3.11,1,1 vehicle
4361985,2012-05-17 11:49:00,2012,60-07,VHDU,2175.0,2012-05-17 11:50:00,1.0,0.6451782121597802,6.6572981298054845,15.58,5.62,7.58,4.87,1,1 vehicle
4363610,2012-05-20 20:57:00,2012,1-m8,VHDU,3242.0,2012-05-20 21:00:00,3.0,8.606862182013321,8.462555147729427,5.33,0.98,2.35,8.38,1,1 vehicle
4364173,2012-05-21 18:58:00,2012,62-04,VHDU,32224.0,2012-05-21 19:00:00,2.0,3.218120378900662,0.403835073906412,12.06,5.92,7.94,6.97,2,2 or more vehicles
4364229,2012-05-21 23:04:00,2012,61-45,VHDU,2738.0,2012-05-21 23:00:00,4.0,2.8329637466302446,4.881859631806077,8.46,3.45,5.68,6.12,1,1 vehicle
4365994,2012-05-24 16:18:00,2012,60-07,VHDU,2175.0,2012-05-24 16:20:00,2.0,4.034676334905254,6.6572981298054845,15.58,9.67,15.12,9.15,1,1 vehicle
4366357,2012-05-25 11:00:00,2012,1-g1,VHDU,31572.0,2012-05-25 11:00:00,0.0,2.6606101411743137,7.416893274742419,10.93,5.32,8.62,10.28,1,1 vehicle
4366976,2012-05-26 15:47:00,2012,60-04,VHDU,2175.0,2012-05-26 15:50:00,3.0,15.596614503107537,18.560533055097217,7.97,6.3,10.06,8.2,1,1 vehicle
4368690,2012-05-29 16:57:00,2012,54-11,VHDU,31932.0,2012-05-29 17:00:00,3.0,6.664429845856675,1.6555647354751262,11.07,2.42,5.29,16.78,1,1 vehicle
4368723,2012-05-29 18:53:00,2012,931-09,VHDU,5960.0,2012-05-29 18:50:00,3.0,11.452710663330178,11.700813351235215,5.69,7.68,10.22,6.38,1,1 vehicle
4369687,2012-05-30 23:23:00,2012,82-01,VHDU,3463.0,2012-05-30 23:20:00,3.0,2.0312229867453406,2.8505006265868884,10.93,4.22,5.48,6.76,1,1 vehicle
4370149,2012-05-31 15:04:00,2012,54-05,VHDU,31958.0,2012-05-31 15:00:00,4.0,2.411279507931505,7.188865613983409,12.34,1.79,3.92,15.49,1,1 vehicle
4374586,2012-06-07 14:32:00,2012,60-47,SDU,2641.0,2012-06-07 14:30:00,2.0,1.0740632012323188,1.3076373185269048,4.92,4.95,10.55,7.45,1,1 vehicle
4374725,2012-06-07 19:30:00,2012,45-03,SDU,1453.0,2012-06-07 19:30:00,0.0,2.8331020729542438,2.3575337504404903,4.33,5.7,7.55,10.25,1,1 vehicle
4376077,2012-06-10 18:30:00,2012,574-04,SDU,1919.0,2012-06-10 18:30:00,0.0,7.1584981996180845,3.500203272167804,15.61,5.87,7.02,11.35,1,1 vehicle
4377534,2012-06-13 01:10:00,2012,835-02,SDU,3477.0,2012-06-13 01:10:00,0.0,1.9310611853894477,6.6509176767578415,13.01,4.13,5.94,1.88,1,1 vehicle
4378700,2012-06-15 01:46:00,2012,204-05,SDU,36156.0,2012-06-15 01:50:00,4.0,19.265521420229202,19.59310550213876,11.44,2.08,2.84,7.69,1,1 vehicle
4379034,2012-06-15 11:16:00,2012,60-02,SDU,31985.0,2012-06-15 11:20:00,4.0,7.1866880326082425,4.696286398233004,11.34,5.56,10.29,9.82,2,2 or more vehicles
4379579,2012-06-16 17:00:00,2012,31-01,SDU,36411.0,2012-06-16 17:00:00,0.0,11.267698664258413,6.5902468003778445,9.53,6.36,9.41,11.66,1,1 vehicle
4380090,2012-06-17 20:08:00,2012,1-f5,SDU,31579.0,2012-06-17 20:10:00,2.0,2.616674887071154,1.028741036313794,11.93,2.19,4.12,11.03,2,2 or more vehicles
4383523,2012-06-23 16:53:00,2012,41-13,SDU,7475.0,2012-06-23 16:50:00,3.0,5.222694304419229,5.664202954465976,2.6,0.05,0.06,14.31,2,2 or more vehicles
4384835,2012-06-25 20:27:00,2012,1-q1,SDU,3471.0,2012-06-25 20:30:00,3.0,2.333254079265753,2.742420285383358,7.1,3.52,5.39,11.38,1,1 vehicle
4384944,2012-06-26 01:48:00,2012,518-03,SDU,6802.0,2012-06-26 01:50:00,2.0,0.5740891638720701,3.1057314137550858,11.43,1.55,2.48,9.78,1,1 vehicle
4385455,2012-06-26 17:22:00,2012,68-10,SDU,2481.0,2012-06-26 17:20:00,2.0,6.955012221822856,8.70501630835198,15.27,6.48,7.71,11.21,1,1 vehicle
4385485,2012-06-26 18:35:00,2012,62-05,SDU,31122.0,2012-06-26 18:30:00,5.0,4.723969403519606,3.814701604144087,12.2,1.78,3.04,10.67,1,1 vehicle
4385588,2012-06-26 23:37:00,2012,1-h1,SDU,1881.0,2012-06-26 23:40:00,3.0,9.007636033673915,6.599972837831535,9.95,2.54,3.92,10.0,1,1 vehicle
4386479,2012-06-28 13:24:00,2012,41-15,SDU,1473.0,2012-06-28 13:20:00,4.0,5.298037806466299,2.669518633501688,13.29,6.02,8.04,13.58,1,1 vehicle
4386527,2012-06-28 14:51:00,2012,305-01,SDU,36308.0,2012-06-28 14:50:00,1.0,8.883770456463388,8.056618367161038,9.57,5.78,8.23,14.13,2,2 or more vehicles
4386530,2012-06-28 13:24:00,2012,41-15,SDU,1473.0,2012-06-28 13:20:00,4.0,5.282880392781248,2.669518633501688,13.29,6.02,8.04,13.58,1,1 vehicle
4386898,2012-06-29 08:01:00,2012,47-12,SDU,1679.0,2012-06-29 08:00:00,1.0,11.969602803707451,10.954316682771935,12.42,7.61,9.28,6.14,1,1 vehicle
4387697,2012-06-30 16:05:00,2012,54-12,SDU,1938.0,2012-06-30 16:00:00,5.0,5.89422763262896,5.122886456510389,8.54,3.2,4.08,13.12,1,1 vehicle
4387739,2012-06-30 17:43:00,2012,85-31,SDU,4652.0,2012-06-30 17:40:00,3.0,9.112291821991814,8.233614808095979,8.02,3.32,4.37,5.75,1,1 vehicle
4388338,2012-07-01 21:22:00,2012,36-11,SDU,1590.0,2012-07-01 21:20:00,2.0,4.334954135170767,4.097097125921327,7.99,2.27,2.93,5.22,1,1 vehicle
4388931,2012-07-02 16:11:00,2012,1-d8,SDU,31392.0,2012-07-02 16:10:00,1.0,0.6235602774728322,1.811228203445721,16.63,4.08,6.08,10.03,2,2 or more vehicles
4389650,2012-07-03 19:28:00,2012,54-04,SDU,1868.0,2012-07-03 19:30:00,2.0,6.254224764442559,10.280100279519766,12.29,5.51,7.58,13.65,1,1 vehicle
4389661,2012-07-03 20:11:00,2012,35-02,SDU,31399.0,2012-07-03 20:10:00,1.0,12.38272595108915,12.28642901367293,7.8,5.35,8.33,13.78,1,1 vehicle
4390286,2012-07-04 19:05:00,2012,37-03,SDU,36504.0,2012-07-04 19:00:00,5.0,10.861165511590775,8.829620230052322,13.36,5.59,7.74,12.79,1,1 vehicle
4390695,2012-07-05 14:03:00,2012,1-a6,SDU,6272.0,2012-07-05 14:00:00,3.0,11.390833540032355,6.807758685564477,13.05,3.85,5.71,13.91,2,2 or more vehicles
4390835,2012-07-05 19:09:00,2012,612-02,SDU,2319.0,2012-07-05 19:10:00,1.0,8.674954347511212,5.449305767902145,12.47,3.76,6.17,11.9,1,1 vehicle
4391179,2012-07-06 11:26:00,2012,842-04,SDU,3292.0,2012-07-06 11:30:00,4.0,7.783343180946612,10.095658459934072,8.14,4.36,6.69,13.29,1,1 vehicle
4391812,2012-07-07 14:16:00,2012,337-01,SDU,36504.0,2012-07-07 14:20:00,4.0,8.356396726572374,8.257846551021085,0.64,3.67,5.1,13.3,1,1 vehicle
4392024,2012-07-07 23:50:00,2012,1-d1,SDU,36308.0,2012-07-07 23:50:00,0.0,2.966874186369962,1.5292496506417883,3.18,1.47,2.35,12.15,2,2 or more vehicles
4392363,2012-07-05 13:23:00,2012,39-01,SDU,31387.0,2012-07-05 13:20:00,3.0,0.8151692600721011,1.6348934580675056,15.67,2.79,4.51,12.54,1,1 vehicle
4392807,2012-07-08 18:00:00,2012,61-35,SDU,2646.0,2012-07-08 18:00:00,0.0,4.355001482099941,3.4147436857726188,13.6,1.72,2.12,11.6,1,1 vehicle
4393079,2012-07-09 16:17:00,2012,61-21,SDU,2481.0,2012-07-09 16:20:00,3.0,3.160728749262673,6.2608090114832855,10.48,11.35,14.14,10.09,2,2 or more vehicles
4393146,2012-07-09 18:54:00,2012,26-04,SDU,7092.0,2012-07-09 18:50:00,4.0,8.430227133370753,8.202330219030165,11.76,9.89,12.51,15.1,1,1 vehicle
4394610,2012-07-11 17:25:00,2012,1-p1,SDU,33357.0,2012-07-11 17:20:00,5.0,6.601133762055228,2.6900827429345155,10.45,3.74,6.37,15.29,3,2 or more vehicles
4395115,2012-07-13 07:46:00,2012,1-d8,SDU,31392.0,2012-07-13 07:50:00,4.0,0.6004703555699769,1.811228203445721,16.63,4.96,7.55,12.16,1,1 vehicle
4395493,2012-07-13 18:17:00,2012,848-02,SDU,4300.0,2012-07-13 18:20:00,3.0,7.436543446874551,3.515440362555078,11.28,6.49,8.92,13.13,1,1 vehicle
4395788,2012-07-14 11:26:00,2012,1-m5,SDU,33431.0,2012-07-14 11:30:00,4.0,2.355862029266726,6.468729395855224,14.17,4.4,6.17,7.38,1,1 vehicle
4396387,2012-07-15 18:26:00,2012,617-01,SDU,2323.0,2012-07-15 18:30:00,4.0,3.5531104272504295,2.1872319153654174,2.91,4.13,6.27,17.75,1,1 vehicle
4398310,2012-07-18 14:44:00,2012,32-01,SDU,6420.0,2012-07-18 14:40:00,4.0,5.475863133918259,1.8587537375923011,12.81,3.89,5.22,13.59,1,1 vehicle
4398815,2012-07-19 14:15:00,2012,60-31,SDU,32355.0,2012-07-19 14:10:00,5.0,9.79149240267515,7.32961150790444,14.78,1.02,1.86,9.83,1,1 vehicle
4399177,2012-07-20 07:55:00,2012,848-02,SDU,4300.0,2012-07-20 07:50:00,5.0,2.889542114349595,3.515440362555078,11.28,3.84,6.23,9.1,1,1 vehicle
4399504,2012-07-20 14:12:00,2012,54-18,SDU,31950.0,2012-07-20 14:10:00,2.0,9.065256799385649,9.34063742761611,17.33,5.66,9.31,13.78,1,1 vehicle
4399593,2012-07-20 19:56:00,2012,435-02,SDU,1496.0,2012-07-20 20:00:00,4.0,7.252397184080415,7.355674807437691,13.9,4.11,5.48,8.9,1,1 vehicle
4399958,2012-07-21 18:29:00,2012,643-05,SDU,2692.0,2012-07-21 18:30:00,1.0,12.05842353059171,14.278441464754636,13.28,13.16,16.79,10.13,1,1 vehicle
4402946,2012-07-26 16:03:00,2012,1-h4,SDU,32097.0,2012-07-26 16:00:00,3.0,10.022970028886776,6.809457005645053,11.46,8.11,10.49,8.73,1,1 vehicle
4403017,2012-07-26 17:39:00,2012,1-d2,SDU,36308.0,2012-07-26 17:40:00,1.0,12.813358332464283,8.371302373817642,13.7,4.32,6.96,16.58,3,2 or more vehicles
4404135,2012-07-28 10:20:00,2012,752-03,SDU,3242.0,2012-07-28 10:20:00,0.0,18.655972204707876,15.966532081971524,7.72,1.21,2.28,15.75,1,1 vehicle
4404191,2012-07-28 18:11:00,2012,54-12,SDU,1938.0,2012-07-28 18:10:00,1.0,7.73233782931845,5.122886456510389,8.54,1.17,1.82,14.49,2,2 or more vehicles
4404753,2012-07-29 20:22:00,2012,61-22,SDU,32474.0,2012-07-29 20:20:00,2.0,5.203996800435687,10.555897121767453,11.48,8.3,10.29,8.92,1,1 vehicle
4406680,2012-08-01 21:20:00,2012,426-02,SDU,31364.0,2012-08-01 21:20:00,0.0,1.9446014227055564,1.4561121092861575,4.75,7.09,9.02,12.25,1,1 vehicle
4408663,2012-08-05 03:22:00,2012,30-04,SDU,6420.0,2012-08-05 03:20:00,2.0,5.4416959941372385,5.359811449264286,11.71,0.56,0.75,9.38,1,1 vehicle
4409843,2012-08-07 06:42:00,2012,1-k3,SDU,2197.0,2012-08-07 06:40:00,2.0,5.409078716518374,5.350417813137898,11.87,6.01,7.64,11.55,1,1 vehicle
4411440,2012-08-08 20:09:00,2012,1-d2,SDU,36308.0,2012-08-08 20:10:00,1.0,12.81558592451495,8.371302373817642,13.7,5.55,11.86,12.73,3,2 or more vehicles
4411767,2012-08-09 12:29:00,2012,1-q8,SDU,33487.0,2012-08-09 12:30:00,1.0,6.59507392402401,6.748750985237469,10.05,10.47,15.97,21.14,1,1 vehicle
4412394,2012-08-10 13:46:00,2012,1-p3,SDU,3471.0,2012-08-10 13:50:00,4.0,18.054609593145045,17.04322593257332,10.59,7.13,11.56,21.87,3,2 or more vehicles
4413608,2012-08-13 07:51:00,2012,35-01,SDU,31399.0,2012-08-13 07:50:00,1.0,8.135930497690731,4.900372212107007,8.51,7.66,11.17,14.91,1,1 vehicle
4413974,2012-08-13 15:03:00,2012,1-m9,SDU,3242.0,2012-08-13 15:00:00,3.0,8.413912750612003,5.492674552934827,11.1,5.98,7.97,10.77,1,1 vehicle
4414190,2012-08-14 02:02:00,2012,1-b9,SDU,36122.0,2012-08-14 02:00:00,2.0,4.7966750891916625,5.329972713472354,6.02,1.48,2.65,12.0,1,1 vehicle
4414845,2012-08-14 21:42:00,2012,76-10,SDU,33751.0,2012-08-14 21:40:00,2.0,2.8963717641289004,0.615783075840013,8.0,0.12,1.08,16.68,1,1 vehicle
4415915,2012-08-16 18:25:00,2012,59-11,SDU,2197.0,2012-08-16 18:20:00,5.0,3.7434305605463485,5.562171923379275,7.66,12.69,15.58,8.64,1,1 vehicle
4416580,2012-08-17 20:39:00,2012,1-d8,SDU,31392.0,2012-08-17 20:40:00,1.0,1.0577714177230835,1.811228203445721,16.63,5.32,7.84,11.12,1,1 vehicle
4416966,2012-08-18 18:30:00,2012,1-h4,SDU,32097.0,2012-08-18 18:30:00,0.0,4.0240048431060425,6.809457005645053,11.46,6.55,10.09,10.94,1,1 vehicle
4417585,2012-08-20 10:06:00,2012,1-g3,SDU,1673.0,2012-08-20 10:10:00,4.0,3.284541071051217,5.382052364477969,11.64,0.59,1.43,16.06,1,1 vehicle
4418130,2012-08-21 02:29:00,2012,45-01,SDU,1453.0,2012-08-21 02:30:00,1.0,8.058328527198807,6.206697467082469,5.85,4.33,5.88,13.79,1,1 vehicle
4420781,2012-08-24 14:49:00,2012,76-03,SDU,3433.0,2012-08-24 14:50:00,1.0,14.72760844182686,11.688514772049754,7.96,10.93,14.05,10.82,2,2 or more vehicles
4420888,2012-08-24 18:08:00,2012,1-b5,SDU,6045.0,2012-08-24 18:10:00,2.0,9.735637079702485,7.297304255791511,14.29,6.97,8.79,9.33,1,1 vehicle
4421198,2012-08-25 15:53:00,2012,1-b2,SDU,36049.0,2012-08-25 15:50:00,3.0,9.581633243927714,8.033192618523229,12.06,5.0,9.21,8.44,1,1 vehicle
4421862,2012-08-25 11:01:00,2012,249-02,SDU,36127.0,2012-08-25 11:00:00,1.0,15.54082410989884,11.900776627669831,16.44,3.52,6.86,9.99,1,1 vehicle
4422219,2012-08-27 14:08:00,2012,54-06,SDU,31958.0,2012-08-27 14:10:00,2.0,2.2702571432443994,3.816243689301748,12.24,8.53,14.41,11.23,1,1 vehicle
4424109,2012-08-29 17:56:00,2012,54-20,SDU,2050.0,2012-08-29 18:00:00,4.0,18.98023603003336,19.99729007587939,11.24,4.01,5.84,9.22,1,1 vehicle
4424382,2012-08-31 10:13:00,2012,99-01,SDU,5544.0,2012-08-31 10:10:00,3.0,0.8189820992929873,1.21089321665288,3.75,10.46,13.97,10.71,1,1 vehicle
4425009,2012-09-01 17:38:00,2012,206-01,SDU,6272.0,2012-09-01 17:40:00,2.0,7.501055780721891,6.550442577840435,1.06,8.22,11.37,12.68,1,1 vehicle
4425193,2012-09-02 02:19:00,2012,41-16,SDU,31363.0,2012-09-02 02:20:00,1.0,7.78561284103954,4.6115007826263295,11.62,10.37,15.78,8.55,1,1 vehicle
4425420,2012-09-02 15:22:00,2012,64-01,SDU,2631.0,2012-09-02 15:20:00,2.0,5.241173760469459,3.0850796312939655,6.8,0.87,1.2,12.09,1,1 vehicle
4425644,2012-09-03 08:43:00,2012,63-02,SDU,31122.0,2012-09-03 08:40:00,3.0,3.4488777541230675,0.0723277669925947,12.78,5.41,7.06,7.47,1,1 vehicle
4426339,2012-09-03 22:06:00,2012,56-02,SDU,31948.0,2012-09-03 22:10:00,4.0,4.601341913719032,4.089604367560472,5.42,14.48,20.38,6.89,1,1 vehicle
4428395,2012-09-08 03:37:00,2012,61-38,SDU,2646.0,2012-09-08 03:40:00,3.0,6.274207315252657,3.8609028288009,8.47,6.64,8.92,2.63,1,1 vehicle
4428639,2012-09-08 21:02:00,2012,1-f7,SDU,31577.0,2012-09-08 21:00:00,2.0,0.9185985890042789,1.371046631608786,0.94,2.44,2.94,7.21,2,2 or more vehicles
4429772,2012-09-10 17:59:00,2012,752-02,SDU,3242.0,2012-09-10 18:00:00,1.0,10.104619375334755,5.754909946878213,13.9,18.72,24.11,-0.01,1,1 vehicle
4431840,2012-09-15 01:29:00,2012,1-d9,SDU,31488.0,2012-09-15 01:30:00,1.0,2.8169644499158197,3.4577407582901083,4.41,4.52,5.59,6.21,1,1 vehicle
4432158,2012-09-16 00:24:00,2012,1-f5,SDU,31579.0,2012-09-16 00:20:00,4.0,2.9661639770006976,1.028741036313794,11.93,1.79,5.98,5.57,1,1 vehicle
4436010,2012-09-23 04:43:00,2012,420-01,SDU,31363.0,2012-09-23 04:40:00,3.0,1.8306669544537972,3.8504227892375225,11.32,3.99,5.59,7.46,1,1 vehicle
4438641,2012-09-27 18:31:00,2012,1-f8,SDU,31577.0,2012-09-27 18:30:00,1.0,4.633670354949478,4.303271038168447,5.76,11.39,16.37,4.47,2,2 or more vehicles
4438999,2012-09-28 13:02:00,2012,50-02,SDU,1779.0,2012-09-28 13:00:00,2.0,6.329121683843283,4.847820076075346,7.6,4.33,7.68,5.43,1,1 vehicle
4439128,2012-09-28 18:05:00,2012,54-05,SDU,31958.0,2012-09-28 18:00:00,5.0,3.431372586007688,7.188865613983409,12.34,5.13,10.29,4.92,1,1 vehicle
4442567,2012-10-05 07:45:00,2012,43-01,VHDU,31364.0,2012-10-05 07:40:00,5.0,0.3853290449242204,3.7630196539385503,13.3,2.7,4.02,2.17,1,1 vehicle
4443461,2012-10-07 01:52:00,2012,1-d8,VHDU,31392.0,2012-10-07 01:50:00,2.0,0.8872579125636737,1.811228203445721,16.63,3.12,4.51,1.41,1,1 vehicle
4443684,2012-10-07 17:17:00,2012,1-j1,VHDU,32097.0,2012-10-07 17:20:00,3.0,0.10679234706514679,3.198771852515269,10.83,13.29,17.93,1.06,1,1 vehicle
4443734,2012-10-07 21:28:00,2012,1-m4,VHDU,33431.0,2012-10-07 21:30:00,2.0,2.553805067637205,4.073257225176333,8.95,0.82,1.96,-0.7,1,1 vehicle
4444389,2012-10-07 18:46:00,2012,1-m5,VHDU,33431.0,2012-10-07 18:50:00,4.0,3.1758271453272546,6.468729395855224,14.17,7.93,10.58,-0.07,1,1 vehicle
4446150,2012-10-12 05:53:00,2012,41-16,VHDU,31363.0,2012-10-12 05:50:00,3.0,7.275540459783677,4.6115007826263295,11.62,3.13,4.02,2.89,1,1 vehicle
4447618,2012-10-15 13:50:00,2012,62-05,VHDU,31122.0,2012-10-15 13:50:00,0.0,6.24200440010633,3.814701604144087,12.2,3.31,4.12,3.34,1,1 vehicle
4447936,2012-10-16 08:26:00,2012,429-02,VHDU,1350.0,2012-10-16 08:30:00,4.0,5.818508593635351,5.685793567904326,4.32,2.62,3.52,2.1,1,1 vehicle
4448720,2012-10-17 12:44:00,2012,93-02,VHDU,34175.0,2012-10-17 12:40:00,4.0,2.7501283958648814,2.2346382814282277,9.93,5.53,7.64,-3.44,1,1 vehicle
4451251,2012-10-22 09:47:00,2012,50-01,VHDU,1779.0,2012-10-22 09:50:00,3.0,5.0728863776845765,3.6583584434854974,9.24,2.33,3.65,-1.68,1,1 vehicle
4452812,2012-10-24 19:08:00,2012,82-05,VHDU,33661.0,2012-10-24 19:10:00,2.0,4.376706250049958,1.840275137807545,10.92,5.79,8.33,0.74,1,1 vehicle
4452971,2012-10-25 09:12:00,2012,1-r5,VHDU,4323.0,2012-10-25 09:10:00,2.0,3.6861615276021062,6.898259003671207,9.89,1.46,1.76,-12.24,2,2 or more vehicles
4453024,2012-10-25 09:26:00,2012,47-12,VHDU,1679.0,2012-10-25 09:30:00,4.0,10.756879514203712,10.954316682771935,12.42,7.42,9.41,-2.12,1,1 vehicle
4454052,2012-10-27 17:06:00,2012,92-10,VHDU,34087.0,2012-10-27 17:10:00,4.0,4.450358736185261,6.682100904890704,8.77,1.42,2.65,-1.21,1,1 vehicle
4454089,2012-10-27 17:10:00,2012,75-06,VHDU,3433.0,2012-10-27 17:10:00,0.0,2.627224093084291,4.244214080639283,11.95,5.73,7.28,2.21,1,1 vehicle
4456139,2012-10-31 13:59:00,2012,1-m3,VHDU,33431.0,2012-10-31 14:00:00,1.0,12.186485858463715,13.227469441125152,11.32,15.78,20.48,-1.83,1,1 vehicle
4456237,2012-10-31 16:00:00,2012,271-01,VHDU,6315.0,2012-10-31 16:00:00,0.0,2.923046043532233,5.3060720070101155,10.11,10.07,13.23,1.33,2,2 or more vehicles
4456296,2012-10-31 18:30:00,2012,92-11,VHDU,5990.0,2012-10-31 18:30:00,0.0,5.280227629696455,4.856153771530656,5.92,11.7,16.92,3.14,1,1 vehicle
4456963,2012-11-02 10:21:00,2012,1-f5,VHDU,31579.0,2012-11-02 10:20:00,1.0,0.5210776073409881,1.028741036313794,11.93,31.61,53.12,-1.06,1,1 vehicle
4457793,2012-11-04 03:08:00,2012,252-03,VHDU,36122.0,2012-11-04 03:10:00,2.0,19.24564146617376,16.12383450702177,8.99,13.99,17.93,0.92,1,1 vehicle
4459148,2012-11-06 17:15:00,2012,54-12,VHDU,1938.0,2012-11-06 17:10:00,5.0,5.598382324657268,5.122886456510389,8.54,1.66,2.74,-0.66,1,1 vehicle
4459669,2012-11-08 00:25:00,2012,54-06,VHDU,31958.0,2012-11-08 00:20:00,5.0,0.781448175366609,3.816243689301748,12.24,0.62,1.67,0.84,1,1 vehicle
4460598,2012-11-09 18:01:00,2012,43-01,VHDU,31364.0,2012-11-09 18:00:00,1.0,6.46841831995287,3.7630196539385503,13.3,14.34,22.05,1.89,2,2 or more vehicles
4462279,2012-11-13 15:36:00,2012,1-k3,VHDU,2197.0,2012-11-13 15:40:00,4.0,8.360901916955106,5.350417813137898,11.87,0.86,1.73,1.99,1,1 vehicle
4462336,2012-11-13 17:27:00,2012,1-k7,VHDU,3223.0,2012-11-13 17:30:00,3.0,15.884933710665937,16.565651898144605,11.68,0.07,0.58,-1.8,1,1 vehicle
4462394,2012-11-13 22:11:00,2012,1-d9,VHDU,31488.0,2012-11-13 22:10:00,1.0,2.637179001217221,3.4577407582901083,4.41,5.05,5.88,1.97,1,1 vehicle
4462422,2012-11-14 01:00:00,2012,39-01,VHDU,31387.0,2012-11-14 01:00:00,0.0,6.315565922666842,1.6348934580675056,15.67,0.65,1.27,1.56,1,1 vehicle
4462442,2012-11-14 05:03:00,2012,1-c7,VHDU,6315.0,2012-11-14 05:00:00,3.0,8.877751967866054,7.2272366966,3.5,4.91,5.74,-1.09,1,1 vehicle
4463370,2012-11-15 18:32:00,2012,38-02,VHDU,31387.0,2012-11-15 18:30:00,2.0,8.3848489387751,9.944325910548493,4.01,3.17,4.8,-1.24,2,2 or more vehicles
4463382,2012-11-15 19:59:00,2012,43-01,VHDU,31364.0,2012-11-15 20:00:00,1.0,8.793296056677772,3.7630196539385503,13.3,1.28,2.16,-0.25,1,1 vehicle
4463944,2012-11-16 17:46:00,2012,1-k8,VHDU,3223.0,2012-11-16 17:50:00,4.0,15.270330742588733,15.384253879331345,11.41,7.93,12.58,-2.66,1,1 vehicle
4464013,2012-11-16 21:37:00,2012,1-q1,VHDU,3471.0,2012-11-16 21:40:00,3.0,2.4908088919496545,2.742420285383358,7.1,9.58,14.7,0.06,1,1 vehicle
4464208,2012-11-17 11:34:00,2012,1-c0,VHDU,6222.0,2012-11-17 11:30:00,4.0,6.159850829511884,6.323365886803895,10.13,3.11,5.94,-3.15,1,1 vehicle
4466449,2012-11-22 11:40:00,2012,1-c7,VHDU,6315.0,2012-11-22 11:40:00,0.0,7.192533984688769,7.2272366966,3.5,3.35,4.41,2.41,1,1 vehicle
4466480,2012-11-22 12:46:00,2012,1-c8,VHDU,36308.0,2012-11-22 12:50:00,4.0,0.1816556590622092,4.831712605587408,10.24,3.34,5.59,1.39,1,1 vehicle
4466659,2012-11-22 20:58:00,2012,1-d8,VHDU,31392.0,2012-11-22 21:00:00,2.0,4.5902391126591,1.811228203445721,16.63,5.06,5.88,0.71,1,1 vehicle
4467273,2012-11-24 00:46:00,2012,1-a9,VHDU,36156.0,2012-11-24 00:50:00,4.0,11.789428387522083,13.901023635043588,5.65,2.72,3.92,2.09,1,1 vehicle
4467412,2012-11-24 12:05:00,2012,1-d1,VHDU,36308.0,2012-11-24 12:00:00,5.0,2.599385112833348,1.5292496506417883,3.18,6.52,9.51,2.1,1,1 vehicle
4467730,2012-11-25 11:47:00,2012,35-01,VHDU,31399.0,2012-11-25 11:50:00,3.0,4.995292897995005,4.900372212107007,8.51,6.22,13.92,1.35,1,1 vehicle
4470202,2012-11-30 16:03:00,2012,36-06,VHDU,1596.0,2012-11-30 16:00:00,3.0,2.565763213369716,5.4322212477658764,10.69,1.49,2.09,-5.77,1,1 vehicle
4471858,2012-12-04 13:26:00,2012,255-01,VDU,6222.0,2012-12-04 13:30:00,4.0,12.335919278016263,11.422895962927598,10.89,2.83,3.85,2.28,1,1 vehicle
4472856,2012-12-06 14:28:00,2012,425-01,VDU,1350.0,2012-12-06 14:30:00,2.0,17.41440130037176,12.015757431086543,11.96,1.56,2.45,2.16,1,1 vehicle
4473357,2012-12-07 17:53:00,2012,1-s6,VDU,34148.0,2012-12-07 17:50:00,3.0,2.2691319911559056,0.6188238112472331,8.77,4.28,7.06,-0.95,2,2 or more vehicles
4473362,2012-12-07 18:10:00,2012,809-01,VDU,33563.0,2012-12-07 18:10:00,0.0,6.033821842473363,6.458607183034007,1.93,9.87,14.6,1.14,1,1 vehicle
4473503,2012-12-08 01:41:00,2012,41-16,VDU,31363.0,2012-12-08 01:40:00,1.0,1.0097417123553454,4.6115007826263295,11.62,7.49,12.05,1.59,1,1 vehicle
4473614,2012-12-08 11:29:00,2012,36-12,VDU,1479.0,2012-12-08 11:30:00,1.0,4.87809058005059,7.784369828621856,7.19,4.94,8.04,2.25,1,1 vehicle
4473792,2012-12-08 23:59:00,2012,41-16,VDU,31363.0,2012-12-09 00:00:00,1.0,1.085000220393549,4.6115007826263295,11.62,3.75,5.0,-1.58,1,1 vehicle
4475063,2012-12-11 22:47:00,2012,61-26,VDU,32355.0,2012-12-11 22:50:00,3.0,14.501016027227703,16.186635207162652,13.57,5.18,6.37,0.08,1,1 vehicle
4475836,2012-12-13 07:56:00,2012,1-g1,VDU,31572.0,2012-12-13 08:00:00,4.0,8.723698015626084,7.416893274742419,10.93,1.95,2.65,0.18,1,1 vehicle
4476768,2012-12-15 00:30:00,2012,35-04,VDU,36411.0,2012-12-15 00:30:00,0.0,7.804590024269239,4.502054796897285,8.82,7.33,10.49,-4.0,1,1 vehicle
4477059,2012-12-15 17:27:00,2012,1-s1,VDU,34326.0,2012-12-15 17:30:00,3.0,0.883888334846957,2.795018837787393,7.88,7.71,9.51,-3.58,1,1 vehicle
4477776,2012-12-17 11:41:00,2012,36-11,VDU,1590.0,2012-12-17 11:40:00,1.0,3.7417826888752064,4.097097125921327,7.99,7.85,10.33,-8.12,2,2 or more vehicles
4478086,2012-12-17 20:35:00,2012,36-04,VDU,31599.0,2012-12-17 20:30:00,5.0,1.3947283915928068,1.1922106175281395,8.16,6.06,10.39,-1.53,1,1 vehicle
4478521,2012-12-18 23:22:00,2012,54-02,VDU,1779.0,2012-12-18 23:20:00,2.0,8.690146785291262,11.0845394985849,12.06,2.91,4.54,-6.59,1,1 vehicle
4480715,2012-12-23 13:43:00,2012,93-01,VDU,4271.0,2012-12-23 13:40:00,3.0,1.6370309319215657,1.7057193753947664,1.72,4.22,8.53,0.77,3,2 or more vehicles
4481747,2012-12-27 12:44:00,2012,1-d9,VDU,31488.0,2012-12-27 12:40:00,4.0,2.757518775782448,3.4577407582901083,4.41,14.55,19.11,0.02,1,1 vehicle
4481794,2012-12-27 14:16:00,2012,34-05,VDU,1395.0,2012-12-27 14:20:00,4.0,3.119563046560871,4.455773978664814,11.97,6.67,8.52,-0.29,1,1 vehicle
4485857,2013-01-05 18:21:00,2013,1-d2,VDU,36308.0,2013-01-05 18:20:00,1.0,8.571401915455626,8.371302373817642,13.7,1.65,2.25,1.67,2,2 or more vehicles
4485904,2013-01-05 21:05:00,2013,1-g9,VDU,31882.0,2013-01-05 21:00:00,5.0,7.696305294666915,6.975496895193262,9.12,1.08,2.16,2.02,1,1 vehicle
4486772,2013-01-07 18:24:00,2013,63-02,VDU,31122.0,2013-01-07 18:20:00,4.0,3.690105290809268,0.0723277669925947,12.78,3.57,7.06,0.51,1,1 vehicle
4486980,2013-01-08 11:20:00,2013,75-03,VDU,3433.0,2013-01-08 11:20:00,0.0,3.972277112463602,3.9158378277913126,9.46,0.36,0.84,1.27,1,1 vehicle
4487129,2013-01-08 19:40:00,2013,1-d8,VDU,31392.0,2013-01-08 19:40:00,0.0,5.677914959110165,1.811228203445721,16.63,3.36,4.51,0.12,1,1 vehicle
4488079,2013-01-10 23:16:00,2013,1-m8,VDU,3242.0,2013-01-10 23:20:00,4.0,7.139679092349638,8.462555147729427,5.33,2.17,3.1,-0.93,1,1 vehicle
4488734,2013-01-12 10:21:00,2013,1-c8,VDU,36308.0,2013-01-12 10:20:00,1.0,2.2557565693488284,4.831712605587408,10.24,1.42,2.06,0.45,2,2 or more vehicles
4488740,2013-01-12 11:06:00,2013,41-15,VDU,1473.0,2013-01-12 11:10:00,4.0,3.6658918859533816,2.669518633501688,13.29,2.85,3.43,0.95,1,1 vehicle
4488765,2013-01-12 13:08:00,2013,1-c0,VDU,6222.0,2013-01-12 13:10:00,2.0,6.43200898916713,6.323365886803895,10.13,0.87,1.82,2.23,1,1 vehicle
4488800,2013-01-12 15:24:00,2013,39-01,VDU,31387.0,2013-01-12 15:20:00,4.0,2.6339435029849265,1.6348934580675056,15.67,4.74,6.08,-0.52,1,1 vehicle
4488837,2013-01-12 17:11:00,2013,47-02,VDU,31577.0,2013-01-12 17:10:00,1.0,10.220604016616583,9.390488346681892,11.5,2.56,3.23,1.74,1,1 vehicle
4489123,2013-01-13 13:22:00,2013,45-01,VDU,1453.0,2013-01-13 13:20:00,2.0,5.91851989537064,6.206697467082469,5.85,8.15,10.29,3.1,1,1 vehicle
4489314,2013-01-14 07:43:00,2013,54-15,VDU,31942.0,2013-01-14 07:40:00,3.0,2.9708085739317966,0.3649829257412452,9.1,6.1,8.72,-1.49,2,2 or more vehicles
4490827,2013-01-16 07:57:00,2013,1-d2,VDU,36308.0,2013-01-16 08:00:00,3.0,11.97871069924463,8.371302373817642,13.7,1.31,2.94,2.67,1,1 vehicle
4491713,2013-01-19 18:23:00,2013,1-c7,VDU,6315.0,2013-01-19 18:20:00,3.0,5.909322961485739,7.2272366966,3.5,6.99,9.83,2.75,1,1 vehicle
4491895,2013-01-20 05:21:00,2013,54-03,VDU,1868.0,2013-01-20 05:20:00,1.0,2.029506190725532,2.6913564127215324,14.08,8.44,10.81,3.19,1,1 vehicle
4492296,2013-01-21 12:07:00,2013,61-27,VDU,32474.0,2013-01-21 12:10:00,3.0,19.028869941419305,19.19286766351891,15.62,8.05,8.92,-1.24,1,1 vehicle
4494143,2013-01-24 18:45:00,2013,1-d8,VDU,31392.0,2013-01-24 18:40:00,5.0,4.9200878219364546,1.811228203445721,16.63,5.04,7.15,-0.1,4,2 or more vehicles
4494221,2013-01-25 00:01:00,2013,56-01,VDU,31948.0,2013-01-25 00:00:00,1.0,2.2603692334450485,3.8833227234733703,10.98,4.31,7.25,1.12,1,1 vehicle
4495915,2013-01-29 09:56:00,2013,1-c3,VDU,6315.0,2013-01-29 10:00:00,4.0,0.35315270941108845,0.4198979929840348,4.99,8.19,9.96,1.25,1,1 vehicle
4498447,2013-02-04 09:07:00,2013,61-23,VDU,32474.0,2013-02-04 09:10:00,3.0,0.48499892891839114,2.0725391992519797,5.99,12.12,15.68,-1.24,1,1 vehicle
4499235,2013-02-05 17:18:00,2013,1-q0,VDU,3471.0,2013-02-05 17:20:00,2.0,2.885335091112321,3.5305709872854014,2.13,4.42,5.39,-0.56,2,2 or more vehicles
4499355,2013-02-06 07:49:00,2013,60-04,VDU,2175.0,2013-02-06 07:50:00,1.0,16.027952952120874,18.560533055097217,7.97,2.57,4.54,-2.24,1,1 vehicle
4501949,2013-02-11 20:08:00,2013,41-16,VDU,31363.0,2013-02-11 20:10:00,2.0,0.4104921668488982,4.6115007826263295,11.62,3.22,4.21,0.65,1,1 vehicle
4504706,2013-02-17 11:58:00,2013,60-01,VDU,31985.0,2013-02-17 12:00:00,2.0,4.356949668630719,4.3342196891503555,8.53,8.07,13.72,-2.94,1,1 vehicle
4505373,2013-02-18 16:10:00,2013,75-02,VDU,3433.0,2013-02-18 16:10:00,0.0,8.094193650000825,13.688896355889275,13.94,1.65,1.86,1.13,1,1 vehicle
4506792,2013-02-21 16:19:00,2013,1-j2,VDU,32097.0,2013-02-21 16:20:00,1.0,9.454715079557397,12.851629039775409,9.98,4.11,5.19,4.09,2,2 or more vehicles
4509151,2013-02-26 19:57:00,2013,1-f5,VDU,31579.0,2013-02-26 20:00:00,3.0,2.4358354998810543,1.028741036313794,11.93,5.57,8.13,5.88,2,2 or more vehicles
4509257,2013-02-27 07:18:00,2013,41-16,VDU,31363.0,2013-02-27 07:20:00,2.0,5.245464976850595,4.6115007826263295,11.62,9.7,13.13,4.51,2,2 or more vehicles
4510668,2013-03-01 18:41:00,2013,1-j1,VDU,32097.0,2013-03-01 18:40:00,1.0,2.3514731742314336,3.198771852515269,10.83,10.68,14.7,-0.62,1,1 vehicle
4510929,2013-03-02 04:37:00,2013,1-f8,VDU,31577.0,2013-03-02 04:40:00,3.0,2.952513931758612,4.303271038168447,5.76,1.46,2.25,0.72,1,1 vehicle
4510975,2013-03-01 14:25:00,2013,1-n0,VDU,3242.0,2013-03-01 14:20:00,5.0,13.312682283121315,14.629964090000165,9.74,13.16,18.42,7.35,1,1 vehicle
4511101,2013-03-02 19:26:00,2013,268-02,VDU,6424.0,2013-03-02 19:30:00,4.0,8.255633957936755,9.200171660110586,12.5,6.51,8.82,3.44,1,1 vehicle
4511107,2013-03-02 20:10:00,2013,42-01,VDU,1473.0,2013-03-02 20:10:00,0.0,6.085237205690597,5.682283768255924,10.17,7.55,10.39,6.29,1,1 vehicle
4511559,2013-03-03 07:40:00,2013,85-26,VDU,4652.0,2013-03-03 07:40:00,0.0,16.02723471605314,16.06319435938401,7.54,1.96,2.22,0.76,1,1 vehicle
4512691,2013-03-06 04:31:00,2013,1-d8,VDU,31392.0,2013-03-06 04:30:00,1.0,6.034676639963277,1.811228203445721,16.63,15.22,23.72,-8.52,1,1 vehicle
4512860,2013-03-06 13:18:00,2013,92-07,VDU,5981.0,2013-03-06 13:20:00,2.0,3.2405512992072727,4.3294707374769,12.89,9.01,14.9,-2.09,3,2 or more vehicles
4513293,2013-03-07 08:30:00,2013,574-03,VDU,1919.0,2013-03-07 08:30:00,0.0,15.13855220964177,14.54265234841502,11.59,11.82,17.12,0.38,1,1 vehicle
4513302,2013-03-07 13:16:00,2013,1-s5,VDU,34238.0,2013-03-07 13:20:00,4.0,18.389317955186797,11.05888658286931,19.94,10.68,12.84,-6.11,1,1 vehicle
4513866,2013-03-08 17:32:00,2013,51-01,VDU,31572.0,2013-03-08 17:30:00,2.0,1.187369359899151,0.926567118382983,7.16,12.22,15.97,6.05,2,2 or more vehicles
4513894,2013-03-08 18:49:00,2013,1-p2,VDU,33357.0,2013-03-08 18:50:00,1.0,13.25919546244777,12.445794851228827,9.9,11.31,16.37,-3.21,1,1 vehicle
4515261,2013-03-11 21:08:00,2013,1-p2,VDU,33357.0,2013-03-11 21:10:00,2.0,9.244850701697708,12.445794851228827,9.9,1.4,3.43,-2.35,1,1 vehicle
4516725,2013-03-14 11:22:00,2013,1-c0,VDU,6222.0,2013-03-14 11:20:00,2.0,6.178339004395523,6.323365886803895,10.13,2.22,3.29,0.72,1,1 vehicle
4516949,2013-03-14 16:20:00,2013,30-02,VDU,6310.0,2013-03-14 16:20:00,0.0,5.239035500824777,7.228154041565046,8.89,5.39,8.53,2.37,1,1 vehicle
4517560,2013-03-15 19:02:00,2013,42-02,VDU,1473.0,2013-03-15 19:00:00,2.0,9.548448832959203,13.240070593365528,13.31,6.18,8.56,1.47,1,1 vehicle
4518609,2013-03-18 09:10:00,2013,93-03,VDU,4275.0,2013-03-18 09:10:00,0.0,4.269650343636651,6.981343938312302,14.04,1.32,3.2,-10.58,2,2 or more vehicles
4518662,2013-03-18 09:27:00,2013,93-03,VDU,4275.0,2013-03-18 09:30:00,3.0,4.276678754557159,6.981343938312302,14.04,1.74,3.7,-10.51,2,2 or more vehicles
4520254,2013-03-21 08:20:00,2013,34-02,VDU,1395.0,2013-03-21 08:20:00,0.0,7.746102881797798,5.246626996155354,8.9,9.15,12.09,-0.31,1,1 vehicle
4523103,2013-03-26 22:35:00,2013,1-g4,VDU,31674.0,2013-03-26 22:30:00,5.0,3.3493288636749194,2.9434338577391106,8.41,1.21,2.35,1.36,1,1 vehicle
4523886,2013-03-28 10:02:00,2013,1-b0,VDU,36156.0,2013-03-28 10:00:00,2.0,0.11040112502027448,5.81305271343813,12.09,4.57,5.59,0.63,1,1 vehicle
4524098,2013-03-28 18:55:00,2013,1-g1,VDU,31572.0,2013-03-28 18:50:00,5.0,6.095357828120625,7.416893274742419,10.93,3.36,5.19,5.39,2,2 or more vehicles
4524339,2013-03-29 18:25:00,2013,341-01,VDU,36415.0,2013-03-29 18:20:00,5.0,3.6797482859694455,5.187637194716856,7.68,3.64,4.61,5.61,1,1 vehicle
4524861,2013-03-31 05:36:00,2013,574-07,VDU,1924.0,2013-03-31 05:40:00,4.0,1.4789195783097104,3.210218950768943,5.1,4.25,8.66,3.22,1,1 vehicle
4525161,2013-04-01 04:25:00,2013,30-04,VHDU,6420.0,2013-04-01 04:20:00,5.0,7.467910170684135,5.359811449264286,11.71,2.83,4.44,1.93,1,1 vehicle
4525909,2013-04-02 12:15:00,2013,1-k5,VHDU,33204.0,2013-04-02 12:10:00,5.0,2.0515719000348898,0.4927782706765492,7.0,1.96,3.63,6.74,1,1 vehicle
4527140,2013-04-04 12:27:00,2013,39-01,VHDU,31387.0,2013-04-04 12:30:00,3.0,4.48891292297187,1.6348934580675056,15.67,0.19,1.18,6.63,2,2 or more vehicles
4528162,2013-04-06 02:27:00,2013,51-01,VHDU,31572.0,2013-04-06 02:30:00,3.0,0.746698075711899,0.926567118382983,7.16,4.06,6.17,2.14,2,2 or more vehicles
4530321,2013-04-10 18:01:00,2013,1-p1,VHDU,33357.0,2013-04-10 18:00:00,1.0,2.9746716315356294,2.6900827429345155,10.45,10.22,11.96,-8.17,3,2 or more vehicles
4531782,2013-04-13 14:43:00,2013,61-35,VHDU,2646.0,2013-04-13 14:40:00,3.0,3.332745137967853,3.4147436857726188,13.6,5.18,10.49,-2.07,1,1 vehicle
4532030,2013-04-14 06:00:00,2013,1-b7,VHDU,36132.0,2013-04-14 06:00:00,0.0,0.3070601118926768,3.5572778320905845,13.1,3.34,6.47,3.65,2,2 or more vehicles
4532118,2013-04-14 10:07:00,2013,821-01,VHDU,3471.0,2013-04-14 10:10:00,3.0,5.760212784092332,7.64609910465302,5.7,7.5,11.14,-0.17,2,2 or more vehicles
4532828,2013-04-15 16:27:00,2013,249-02,VHDU,36127.0,2013-04-15 16:30:00,3.0,8.444474663292876,11.900776627669831,16.62,2.96,4.61,8.2,1,1 vehicle
4535392,2013-04-20 15:48:00,2013,30-01,VHDU,6310.0,2013-04-20 15:50:00,2.0,3.459085712709031,2.8295859653891235,8.07,8.85,12.05,3.74,1,1 vehicle
4538207,2013-04-26 16:13:00,2013,1-t5,VHDU,4275.0,2013-04-26 16:10:00,3.0,13.683852376328625,4.136612856631306,10.28,3.11,4.5,-6.51,2,2 or more vehicles
4538608,2013-04-27 19:30:00,2013,41-15,VHDU,1473.0,2013-04-27 19:30:00,0.0,8.053779754664353,2.669518633501688,13.29,10.8,14.7,3.35,1,1 vehicle
4539527,2013-04-29 17:18:00,2013,68-07,VHDU,32390.0,2013-04-29 17:20:00,2.0,4.215184676416249,3.6529314234955184,17.0,3.74,5.68,-4.44,1,1 vehicle
4542063,2013-05-04 17:06:00,2013,1-p9,VHDU,3471.0,2013-05-04 17:10:00,4.0,3.9352020897317455,3.634671517176708,1.58,1.58,3.1,6.07,2,2 or more vehicles
4544615,2013-05-09 16:56:00,2013,1-e1,VHDU,31488.0,2013-05-09 17:00:00,4.0,1.2975888584433943,3.522383406880032,9.79,3.0,4.02,8.66,2,2 or more vehicles
4544646,2013-05-09 14:15:00,2013,823-01,VHDU,3371.0,2013-05-09 14:10:00,5.0,8.493834055622038,8.716520375746207,2.12,2.83,4.6,9.01,1,1 vehicle
4544884,2013-05-10 10:23:00,2013,93-03,VHDU,4275.0,2013-05-10 10:20:00,3.0,11.595366161297505,6.981343938312302,14.04,5.47,7.46,-0.46,1,1 vehicle
4545665,2013-05-11 20:49:00,2013,360-02,VHDU,1493.0,2013-05-11 20:50:00,1.0,8.83582467993298,9.100636214623147,12.5,4.7,6.66,1.89,1,1 vehicle
4548718,2013-05-17 13:37:00,2013,42-02,VHDU,1473.0,2013-05-17 13:40:00,3.0,9.543136878483944,13.240070593365528,13.31,3.25,4.21,7.7,1,1 vehicle
4548844,2013-05-17 16:19:00,2013,47-02,VHDU,31577.0,2013-05-17 16:20:00,1.0,9.597148045336729,9.390488346681892,11.5,2.57,4.02,9.19,1,1 vehicle
4549202,2013-05-18 13:12:00,2013,54-12,VHDU,1938.0,2013-05-18 13:10:00,2.0,5.958198440289694,5.122886456510389,8.54,13.42,19.89,7.63,2,2 or more vehicles
4549388,2013-05-18 17:51:00,2013,1-h4,VHDU,32097.0,2013-05-18 17:50:00,1.0,5.255747613572319,6.809457005645053,11.46,13.06,17.64,7.16,1,1 vehicle
4550828,2013-05-22 09:49:00,2013,50-01,VHDU,1779.0,2013-05-22 09:50:00,1.0,2.5664000984259427,3.6583584434854974,9.24,6.19,10.0,4.52,1,1 vehicle
4552457,2013-05-25 00:42:00,2013,1-s8,VHDU,34148.0,2013-05-25 00:40:00,2.0,15.576502693149566,16.62822149409735,9.7,8.4,13.03,3.89,1,1 vehicle
4554791,2013-05-29 12:21:00,2013,1-a6,VHDU,6272.0,2013-05-29 12:20:00,1.0,7.369179592261102,6.807758685564477,13.05,4.93,6.37,10.68,1,1 vehicle
4555588,2013-05-31 00:12:00,2013,574-10,VHDU,1924.0,2013-05-31 00:10:00,2.0,3.257894520850469,3.4423086637267892,4.12,4.38,9.05,6.59,1,1 vehicle
4556451,2013-06-01 17:54:00,2013,83-02,SDU,3474.0,2013-06-01 17:50:00,4.0,11.281349628096539,4.255580081063748,9.29,2.87,5.43,3.36,1,1 vehicle
4556670,2013-06-02 02:49:00,2013,429-02,SDU,1350.0,2013-06-02 02:50:00,1.0,6.46238332201127,5.685793567904326,4.32,4.4,5.45,6.44,1,1 vehicle
4557155,2013-06-03 01:53:00,2013,1-a9,SDU,36156.0,2013-06-03 01:50:00,3.0,12.370873116910357,13.901023635043588,5.65,4.07,5.39,7.68,1,1 vehicle
4559078,2013-06-06 07:03:00,2013,45-03,SDU,1453.0,2013-06-06 07:00:00,3.0,2.4012580445212004,2.3575337504404903,4.33,8.17,10.19,9.41,2,2 or more vehicles
4560289,2013-06-07 19:11:00,2013,42-02,SDU,1473.0,2013-06-07 19:10:00,1.0,10.746145648348381,13.240070593365528,13.31,4.51,9.41,10.59,1,1 vehicle
4561162,2013-06-09 16:05:00,2013,99-01,SDU,5544.0,2013-06-09 16:00:00,5.0,0.5874257343952228,1.21089321665288,3.75,3.45,4.63,10.36,2,2 or more vehicles
4562112,2013-06-11 08:29:00,2013,1-h0,SDU,31882.0,2013-06-11 08:30:00,1.0,3.912141597397515,1.048912143314543,7.74,6.45,10.0,10.52,1,1 vehicle
4562744,2013-06-11 23:30:00,2013,54-04,SDU,1868.0,2013-06-11 23:30:00,0.0,14.261006136921226,10.280100279519766,12.29,4.73,6.89,10.65,1,1 vehicle
4563537,2013-06-13 11:50:00,2013,61-32,SDU,32654.0,2013-06-13 11:50:00,0.0,8.498234944632381,13.14299609040736,11.76,0.03,0.1,8.53,1,1 vehicle
4564239,2013-06-14 15:41:00,2013,38-02,SDU,31387.0,2013-06-14 15:40:00,1.0,9.39066698684586,9.944325910548493,4.01,4.34,6.47,10.29,1,1 vehicle
4564283,2013-06-14 17:20:00,2013,1-f6,SDU,31577.0,2013-06-14 17:20:00,0.0,0.9050472033092205,0.866726910174939,3.61,1.52,3.14,9.83,2,2 or more vehicles
4567851,2013-06-20 13:05:00,2013,821-01,SDU,3471.0,2013-06-20 13:00:00,5.0,9.896655755017939,7.64609910465302,5.7,7.28,9.11,9.18,2,2 or more vehicles
4568093,2013-06-20 18:00:00,2013,358-02,SDU,6515.0,2013-06-20 18:00:00,0.0,3.2260175904283668,2.5021897307658043,7.52,5.15,7.7,16.14,1,1 vehicle
4568226,2013-06-20 23:13:00,2013,1-a9,SDU,36156.0,2013-06-20 23:10:00,3.0,11.801927222504853,13.901023635043588,5.65,3.8,5.39,12.28,4,2 or more vehicles
4568983,2013-06-22 11:42:00,2013,427-04,SDU,31365.0,2013-06-22 11:40:00,2.0,1.2719756121925816,0.1007673098225247,7.26,3.69,5.0,9.91,1,1 vehicle
4570097,2013-06-24 14:46:00,2013,308-01,SDU,36308.0,2013-06-24 14:50:00,4.0,12.691038931370684,12.46819243680131,10.83,4.26,8.43,11.69,2,2 or more vehicles
4570996,2013-06-26 10:54:00,2013,41-21,SDU,1350.0,2013-06-26 10:50:00,4.0,1.4086450898187561,1.4041541058646172,3.28,11.46,15.09,7.78,3,2 or more vehicles
4571221,2013-06-26 19:02:00,2013,953-02,SDU,4275.0,2013-06-26 19:00:00,2.0,8.901978417660054,9.352071861940251,8.42,11.64,13.33,5.0,1,1 vehicle
4572090,2013-06-28 13:04:00,2013,1-c2,SDU,6315.0,2013-06-28 13:00:00,4.0,4.0225174135487505,6.674890552366854,7.62,9.46,12.97,9.52,2,2 or more vehicles
4572228,2013-06-28 17:15:00,2013,1-g1,SDU,31572.0,2013-06-28 17:10:00,5.0,4.995178661230613,7.416893274742419,10.93,8.63,11.27,9.6,2,2 or more vehicles
4572288,2013-06-28 20:41:00,2013,1-g3,SDU,1673.0,2013-06-28 20:40:00,1.0,9.273782267019657,5.382052364477969,11.64,5.09,6.79,8.0,2,2 or more vehicles
4572311,2013-06-28 21:57:00,2013,1-d8,SDU,31392.0,2013-06-28 22:00:00,3.0,5.7777523426502935,1.811228203445721,16.63,3.2,3.82,3.98,1,1 vehicle
4572509,2013-06-28 14:25:00,2013,550-04,SDU,6802.0,2013-06-28 14:20:00,5.0,6.8043105052582495,5.606874259261656,10.58,4.52,7.8,11.57,1,1 vehicle
4572542,2013-06-29 08:53:00,2013,41-15,SDU,1473.0,2013-06-29 08:50:00,3.0,0.9771268846731678,2.669518633501688,13.29,0.86,1.24,7.5,1,1 vehicle
4572591,2013-06-29 13:54:00,2013,58-01,SDU,2050.0,2013-06-29 13:50:00,4.0,7.284375705357496,3.9981174783629543,8.67,4.05,5.58,10.07,2,2 or more vehicles
4573271,2013-06-30 18:23:00,2013,435-00,SDU,1481.0,2013-06-30 18:20:00,3.0,0.773822942404924,0.4171045231269972,4.61,7.18,9.77,13.2,1,1 vehicle
4574331,2013-07-02 14:59:00,2013,1-g4,SDU,31674.0,2013-07-02 15:00:00,1.0,2.5600230491525813,2.9434338577391106,8.41,7.14,10.29,8.85,2,2 or more vehicles
4574996,2013-07-04 00:30:00,2013,60-39,SDU,32533.0,2013-07-04 00:30:00,0.0,13.38489918739825,17.49194375395495,14.18,0.04,0.72,4.97,1,1 vehicle
4575826,2013-07-05 11:24:00,2013,1-p9,SDU,3471.0,2013-07-05 11:20:00,4.0,3.873202495374603,3.634671517176708,1.58,2.32,3.03,9.11,3,2 or more vehicles
4575982,2013-07-05 19:38:00,2013,1-g4,SDU,31674.0,2013-07-05 19:40:00,2.0,1.2357417853539268,2.9434338577391106,8.41,17.24,31.95,8.77,3,2 or more vehicles
4576001,2013-07-05 20:47:00,2013,30-02,SDU,6310.0,2013-07-05 20:50:00,3.0,10.666988966008367,7.228154041565046,8.89,9.41,13.95,9.45,2,2 or more vehicles
4576200,2013-07-06 05:44:00,2013,1-j2,SDU,32097.0,2013-07-06 05:40:00,4.0,16.355766859270243,12.851629039775409,9.98,1.64,2.45,4.38,1,1 vehicle
4576319,2013-07-06 13:51:00,2013,76-07,SDU,33643.0,2013-07-06 13:50:00,1.0,2.03658743281126,5.475857574929004,13.91,6.67,8.72,10.26,1,1 vehicle
4576632,2013-07-07 02:52:00,2013,26-03,SDU,6424.0,2013-07-07 02:50:00,2.0,3.962186078569358,4.132808691165121,14.09,2.69,3.69,1.72,1,1 vehicle
4577576,2013-07-08 17:23:00,2013,1-q2,SDU,3474.0,2013-07-08 17:20:00,3.0,3.459868796233694,4.198174247980663,5.52,6.29,8.1,5.88,2,2 or more vehicles
4579400,2013-07-12 07:34:00,2013,429-02,SDU,1350.0,2013-07-12 07:30:00,4.0,5.382902397442468,5.685793567904326,4.32,7.06,9.47,8.18,1,1 vehicle
4579541,2013-07-12 11:14:00,2013,35-08,SDU,36519.0,2013-07-12 11:10:00,4.0,3.6288886640792097,5.046269591968834,8.83,2.25,3.72,6.22,2,2 or more vehicles
4579754,2013-07-12 18:42:00,2013,842-02,SDU,3380.0,2013-07-12 18:40:00,2.0,16.719587549227274,13.429649994560764,12.69,2.18,3.59,9.16,1,1 vehicle
4580093,2013-07-13 16:18:00,2013,42-01,SDU,1473.0,2013-07-13 16:20:00,2.0,3.733436103539748,5.682283768255924,10.17,5.74,7.68,9.65,2,2 or more vehicles
4580139,2013-07-13 17:08:00,2013,1-d8,SDU,31392.0,2013-07-13 17:10:00,2.0,0.11361479622522343,1.811228203445721,16.63,5.17,7.06,7.75,1,1 vehicle
4581268,2013-07-15 16:31:00,2013,1-b7,SDU,36132.0,2013-07-15 16:30:00,1.0,1.1596977462053575,3.5572778320905845,13.1,3.77,5.98,11.01,1,1 vehicle
4582359,2013-07-17 15:01:00,2013,870-03,SDU,4912.0,2013-07-17 15:00:00,1.0,7.7290391082391094,7.4454227458823805,14.35,6.89,7.68,6.96,1,1 vehicle
4582553,2013-07-17 15:23:00,2013,42-02,SDU,1473.0,2013-07-17 15:20:00,3.0,9.997030272542176,13.240070593365528,13.31,2.73,3.2,10.01,1,1 vehicle
4582693,2013-07-18 10:48:00,2013,42-02,SDU,1473.0,2013-07-18 10:50:00,2.0,17.61382485421561,13.240070593365528,13.31,6.99,9.67,11.46,1,1 vehicle
4583594,2013-07-20 11:44:00,2013,570-01,SDU,1924.0,2013-07-20 11:40:00,4.0,7.04052316258027,7.230053658236988,18.63,4.0,5.65,11.22,1,1 vehicle
4583916,2013-07-21 01:45:00,2013,1-d8,SDU,31392.0,2013-07-21 01:40:00,5.0,5.528928150767279,1.811228203445721,16.63,11.9,15.39,9.82,2,2 or more vehicles
4584110,2013-07-21 15:07:00,2013,1-h4,SDU,32097.0,2013-07-21 15:10:00,3.0,10.164964987403643,6.809457005645053,11.46,15.63,19.4,12.95,4,2 or more vehicles
4584138,2013-07-21 16:20:00,2013,1-h2,SDU,31985.0,2013-07-21 16:20:00,0.0,8.031960547326925,8.113869305983009,10.7,8.77,11.56,11.53,2,2 or more vehicles
4584779,2013-07-22 17:22:00,2013,1-h0,SDU,31882.0,2013-07-22 17:20:00,2.0,2.5634596824451985,1.048912143314543,7.74,1.28,2.74,16.25,2,2 or more vehicles
4585198,2013-07-23 12:40:00,2013,1-t3,SDU,4271.0,2013-07-23 12:40:00,0.0,1.0085791834994622,0.5442768450431809,2.52,5.33,6.3,19.57,2,2 or more vehicles
4585565,2013-07-24 01:30:00,2013,1-p2,SDU,33357.0,2013-07-24 01:30:00,0.0,12.591973784259105,12.445794851228827,9.9,3.67,4.51,7.86,1,1 vehicle
4587000,2013-07-26 17:21:00,2013,85-02,SDU,3591.0,2013-07-26 17:20:00,1.0,7.846651217843636,7.360647551082131,12.97,6.1,8.2,15.71,3,2 or more vehicles
4587347,2013-07-27 10:23:00,2013,864-00,SDU,4323.0,2013-07-27 10:20:00,3.0,1.569668608072776,1.4561688215915984,3.23,0.68,1.79,18.97,1,1 vehicle
4587371,2013-07-27 12:15:00,2013,85-04,SDU,3696.0,2013-07-27 12:10:00,5.0,8.0619261499739,4.839250240206277,7.15,4.44,6.04,17.98,1,1 vehicle
4587932,2013-07-28 15:07:00,2013,1-q3,SDU,3474.0,2013-07-28 15:10:00,3.0,6.055787179332626,3.9336919245067903,13.42,1.78,3.36,14.39,1,1 vehicle
4588306,2013-07-29 09:52:00,2013,45-01,SDU,1453.0,2013-07-29 09:50:00,2.0,3.7750545025285644,6.206697467082469,5.85,2.19,2.94,12.34,1,1 vehicle
4588934,2013-07-30 10:39:00,2013,42-02,SDU,1473.0,2013-07-30 10:40:00,1.0,14.417791769018281,13.240070593365528,13.31,4.44,5.32,12.36,2,2 or more vehicles
4589672,2013-07-31 17:15:00,2013,417-02,SDU,1487.0,2013-07-31 17:10:00,5.0,10.114170697928758,1.3892151095042993,17.72,9.28,11.63,9.84,1,1 vehicle
4589733,2013-07-31 20:08:00,2013,931-02,SDU,4271.0,2013-07-31 20:10:00,2.0,13.975510978195146,12.629268396948548,10.18,6.85,9.9,8.99,1,1 vehicle
4589888,2013-08-01 07:53:00,2013,92-07,SDU,5981.0,2013-08-01 07:50:00,3.0,6.685041948095645,4.3294707374769,12.89,8.96,12.71,7.87,2,2 or more vehicles
4590749,2013-08-02 12:56:00,2013,254-01,SDU,36122.0,2013-08-02 13:00:00,4.0,0.20255138749895651,5.719877538979474,11.9,3.55,5.39,14.08,1,1 vehicle
4590955,2013-08-02 18:07:00,2013,1-a4,SDU,6272.0,2013-08-02 18:10:00,3.0,6.11673817001878,4.907967091663654,11.48,3.3,4.31,13.22,2,2 or more vehicles
4591463,2013-08-03 15:56:00,2013,574-03,SDU,1919.0,2013-08-03 16:00:00,4.0,13.856365803308844,14.54265234841502,11.59,8.49,11.76,14.92,2,2 or more vehicles
4591469,2013-08-03 16:25:00,2013,1-c7,SDU,6315.0,2013-08-03 16:20:00,5.0,8.953488265332929,7.2272366966,3.5,12.91,16.66,15.32,3,2 or more vehicles
4592462,2013-08-05 14:40:00,2013,643-03,SDU,2481.0,2013-08-05 14:40:00,0.0,8.984237738471226,9.929908355861333,7.74,7.51,9.83,11.16,1,1 vehicle
4592508,2013-08-05 17:19:00,2013,61-30,SDU,32654.0,2013-08-05 17:20:00,1.0,2.2483089689290203,3.1268205082111917,13.81,3.96,5.78,10.86,1,1 vehicle
4593970,2013-08-07 16:42:00,2013,1-a9,SDU,36156.0,2013-08-07 16:40:00,2.0,13.041574137587734,13.901023635043588,5.65,6.47,8.92,11.78,2,2 or more vehicles
4593987,2013-08-07 17:13:00,2013,1-d2,SDU,36308.0,2013-08-07 17:10:00,3.0,6.493196047948486,8.371302373817642,13.7,8.71,13.13,11.42,2,2 or more vehicles
4594472,2013-08-08 20:40:00,2013,26-04,SDU,6430.0,2013-08-08 20:40:00,0.0,12.83185422680863,8.221070880365758,11.76,14.99,18.88,9.56,1,1 vehicle
4595029,2013-08-09 23:44:00,2013,85-39,SDU,34450.0,2013-08-09 23:40:00,4.0,17.10727807685523,3.695307337107368,13.78,0.57,1.18,7.47,1,1 vehicle
4595995,2013-08-12 09:07:00,2013,85-03,SDU,3595.0,2013-08-12 09:10:00,3.0,11.566273295066337,11.086744627975602,11.12,4.03,5.22,8.05,1,1 vehicle
4596600,2013-08-12 21:26:00,2013,60-36,SDU,2428.0,2013-08-12 21:30:00,4.0,16.74366307937422,17.093410122889587,11.51,3.42,5.74,9.56,1,1 vehicle
4596637,2013-08-13 02:18:00,2013,1-n1,SDU,33357.0,2013-08-13 02:20:00,2.0,2.8802934810013046,7.600410813299837,10.63,4.07,5.49,4.57,1,1 vehicle
4596682,2013-08-13 07:57:00,2013,60-47,SDU,2641.0,2013-08-13 08:00:00,3.0,1.3134921275701106,1.3076373185269048,4.92,1.54,3.36,10.39,1,1 vehicle
4597176,2013-08-13 15:48:00,2013,1-q2,SDU,3474.0,2013-08-13 15:50:00,2.0,4.598143171071713,4.198174247980663,5.52,11.46,13.93,11.18,3,2 or more vehicles
4597978,2013-08-15 10:25:00,2013,87-01,SDU,33495.0,2013-08-15 10:20:00,5.0,0.7739955514068686,5.224729894838622,10.74,6.73,9.02,12.17,1,1 vehicle
4598609,2013-08-16 11:18:00,2013,1-g9,SDU,31882.0,2013-08-16 11:20:00,2.0,8.748815566977106,6.975496895193262,9.12,3.04,5.59,11.32,1,1 vehicle
4598653,2013-08-16 14:38:00,2013,41-21,SDU,1350.0,2013-08-16 14:40:00,2.0,1.359893235472582,1.4041541058646172,3.28,4.97,6.5,10.62,2,2 or more vehicles
4598847,2013-08-16 23:32:00,2013,61-38,SDU,2646.0,2013-08-16 23:30:00,2.0,1.696829599966417,3.8609028288009,8.47,2.5,3.72,7.47,2,2 or more vehicles
4599188,2013-08-17 16:42:00,2013,61-36,SDU,2646.0,2013-08-17 16:40:00,2.0,6.3524039635691425,6.510486031780955,9.85,0.86,2.31,8.72,1,1 vehicle
4600961,2013-08-20 14:25:00,2013,1-a2,SDU,36386.0,2013-08-20 14:20:00,5.0,3.029932171298447,6.384128057059852,11.18,5.89,9.11,13.22,1,1 vehicle
4601094,2013-08-20 19:00:00,2013,1-g9,SDU,31882.0,2013-08-20 19:00:00,0.0,4.287272148972848,6.975496895193262,9.12,0.57,1.08,12.26,2,2 or more vehicles
4601581,2013-08-21 19:05:00,2013,43-01,SDU,31364.0,2013-08-21 19:00:00,5.0,1.3253048128641802,3.7630196539385503,13.3,9.34,12.15,11.12,1,1 vehicle
4601838,2013-08-22 11:38:00,2013,54-12,SDU,1938.0,2013-08-22 11:40:00,2.0,1.3603999067119716,5.122886456510389,8.54,13.67,19.8,11.12,2,2 or more vehicles
4602598,2013-08-23 14:15:00,2013,1-h1,SDU,1881.0,2013-08-23 14:10:00,5.0,4.548255968832917,6.599972837831535,9.95,4.8,9.6,13.59,2,2 or more vehicles
4603837,2013-08-26 12:08:00,2013,60-02,SDU,31985.0,2013-08-26 12:10:00,2.0,7.85178515688981,4.696286398233004,11.34,8.09,11.86,7.02,1,1 vehicle
4604683,2013-08-27 15:53:00,2013,1-f8,SDU,31577.0,2013-08-27 15:50:00,3.0,5.55264092325709,4.303271038168447,5.76,5.8,8.13,10.94,3,2 or more vehicles
4606492,2013-08-31 04:34:00,2013,30-01,SDU,6310.0,2013-08-31 04:30:00,4.0,5.2142390167590955,2.8295859653891235,8.07,7.27,9.96,6.25,1,1 vehicle
4607527,2013-09-02 15:27:00,2013,612-01,SDU,31122.0,2013-09-02 15:30:00,3.0,7.031737564751877,7.0787246682945595,11.95,5.64,7.84,4.93,1,1 vehicle
4608658,2013-09-04 18:28:00,2013,1-q9,SDU,33394.0,2013-09-04 18:30:00,2.0,6.656444751765094,0.908915067351008,12.64,3.9,5.68,5.78,1,1 vehicle
4610140,2013-09-07 13:31:00,2013,1-s1,SDU,34326.0,2013-09-07 13:30:00,1.0,0.1889216668469617,2.795018837787393,7.88,3.51,5.78,15.15,1,1 vehicle
4610676,2013-09-08 18:10:00,2013,60-09,SDU,32179.0,2013-09-08 18:10:00,0.0,7.80516738824018,6.06551570552272,10.98,6.32,10.19,7.52,1,1 vehicle
4613491,2013-09-13 14:45:00,2013,1-b6,SDU,6134.0,2013-09-13 14:40:00,5.0,9.11218226767874,5.751425337701231,12.44,7.76,10.13,8.97,1,1 vehicle
4613557,2013-09-13 18:07:00,2013,1-b4,SDU,36049.0,2013-09-13 18:10:00,3.0,3.1307929888346058,1.9506434494436529,12.07,7.87,11.17,7.12,1,1 vehicle
4613897,2013-09-14 17:12:00,2013,752-02,SDU,3242.0,2013-09-14 17:10:00,2.0,0.6435847604967961,5.754909946878213,13.9,5.72,8.2,7.24,1,1 vehicle
4614285,2013-09-15 16:32:00,2013,1-m5,SDU,33431.0,2013-09-15 16:30:00,2.0,3.4636903859447776,6.468729395855224,14.17,17.79,23.13,-0.51,1,1 vehicle
4616233,2013-09-19 07:57:00,2013,1-k4,SDU,33204.0,2013-09-19 08:00:00,3.0,4.369252664917916,4.377143261503581,4.07,0.21,0.98,-0.33,1,1 vehicle
4616686,2013-09-20 07:42:00,2013,92-07,SDU,5981.0,2013-09-20 07:40:00,2.0,4.829626147130929,4.3294707374769,12.89,4.64,7.68,8.5,2,2 or more vehicles
4616942,2013-09-20 14:15:00,2013,1-a2,SDU,36386.0,2013-09-20 14:10:00,5.0,7.8603137539409635,6.384128057059852,11.18,6.12,9.11,7.91,1,1 vehicle
4617418,2013-09-21 17:18:00,2013,1-g8,SDU,1779.0,2013-09-21 17:20:00,2.0,5.360920618489837,4.97049771952842,8.600000000000001,4.36,5.35,8.0,2,2 or more vehicles
4617420,2013-09-21 17:18:00,2013,f338-01,SDU,36519.0,2013-09-21 17:20:00,2.0,7.937049529837,13.93349128520185,25.84,3.75,5.59,7.59,1,1 vehicle
4620781,2013-09-28 07:10:00,2013,85-10,SDU,34700.0,2013-09-28 07:10:00,0.0,12.638702016028585,10.855714753491744,9.86,3.13,4.02,0.69,1,1 vehicle
4621220,2013-09-28 16:23:00,2013,82-01,SDU,3463.0,2013-09-28 16:20:00,3.0,0.6359146391555925,2.8505006265868884,10.93,4.03,5.45,4.46,1,1 vehicle
4621313,2013-09-29 16:28:00,2013,85-04,SDU,3696.0,2013-09-29 16:30:00,2.0,3.3145569321291046,4.839250240206277,7.15,2.86,4.8,7.18,2,2 or more vehicles
4623941,2013-10-03 21:29:00,2013,1-a3,VHDU,6272.0,2013-10-03 21:30:00,1.0,13.354357441903371,13.691688950930176,9.44,2.16,2.67,7.67,1,1 vehicle
4624656,2013-10-05 05:35:00,2013,574-06,VHDU,1919.0,2013-10-05 05:30:00,5.0,4.274587664913383,4.121506852812537,2.96,11.77,15.06,2.32,1,1 vehicle
4625218,2013-10-06 16:17:00,2013,939-01,VHDU,35963.0,2013-10-06 16:20:00,3.0,5.344277118071085,4.949274260890756,8.68,8.07,10.09,-2.75,1,1 vehicle
4628277,2013-10-12 04:01:00,2013,62-04,VHDU,32224.0,2013-10-12 04:00:00,1.0,1.467585122531107,0.403835073906412,12.06,16.31,20.58,5.85,1,1 vehicle
4629970,2013-10-08 20:43:00,2013,1-d9,VHDU,31488.0,2013-10-08 20:40:00,3.0,3.1161883530177183,3.4577407582901083,4.41,8.68,11.96,1.49,1,1 vehicle
4630435,2013-10-16 07:36:00,2013,61-23,VHDU,32474.0,2013-10-16 07:40:00,4.0,0.05611590250363452,2.0725391992519797,5.99,8.18,11.07,0.78,1,1 vehicle
4631333,2013-10-17 13:21:00,2013,85-03,VHDU,3595.0,2013-10-17 13:20:00,1.0,9.63221203085087,11.086744627975602,11.12,6.58,7.97,2.85,2,2 or more vehicles
4632399,2013-10-19 14:12:00,2013,1-d8,VHDU,31392.0,2013-10-19 14:10:00,2.0,5.807447276116941,1.811228203445721,16.63,3.88,5.29,2.08,1,1 vehicle
4635293,2013-10-25 00:11:00,2013,1-s5,VHDU,34238.0,2013-10-25 00:10:00,1.0,5.889818367697366,11.05888658286931,19.94,4.09,6.86,-1.65,2,2 or more vehicles
4636003,2013-10-26 11:56:00,2013,32-01,VHDU,6420.0,2013-10-26 12:00:00,4.0,4.72923931183778,1.8587537375923011,12.81,8.24,12.22,1.76,2,2 or more vehicles
4636273,2013-10-26 23:41:00,2013,85-04,VHDU,3696.0,2013-10-26 23:40:00,1.0,4.994122873895716,4.839250240206277,7.15,1.42,1.96,1.08,2,2 or more vehicles
4636634,2013-10-27 13:45:00,2013,425-02,VHDU,1361.0,2013-10-27 13:40:00,5.0,12.708016201041977,6.917005970284371,14.76,10.27,13.95,3.9,1,1 vehicle
4637010,2013-10-28 13:53:00,2013,1-k8,VHDU,3223.0,2013-10-28 13:50:00,3.0,15.157439044278858,15.384253879331345,11.41,6.62,9.51,3.51,1,1 vehicle
4637730,2013-10-29 17:32:00,2013,931-01,VHDU,4271.0,2013-10-29 17:30:00,2.0,3.770496913190152,4.324276234984997,7.55,5.13,6.17,-1.77,1,1 vehicle
4638690,2013-10-31 20:17:00,2013,1-g8,VHDU,1779.0,2013-10-31 20:20:00,3.0,5.782337491225716,4.97049771952842,8.600000000000001,2.07,2.48,-3.14,1,1 vehicle
4640043,2013-11-03 04:23:00,2013,54-12,VHDU,1938.0,2013-11-03 04:20:00,3.0,5.19366570413761,5.122886456510389,8.54,5.45,9.28,0.55,1,1 vehicle
4641206,2013-11-06 07:38:00,2013,1-m9,VHDU,3242.0,2013-11-06 07:40:00,2.0,5.283981861986859,5.492674552934827,11.1,10.19,13.39,1.35,1,1 vehicle
4641229,2013-11-06 08:54:00,2013,92-07,VHDU,5981.0,2013-11-06 08:50:00,4.0,3.7090124337536796,4.3294707374769,12.89,8.44,12.32,2.49,1,1 vehicle
4642671,2013-11-08 21:23:00,2013,1-p3,VHDU,3471.0,2013-11-08 21:20:00,3.0,16.03333858399391,17.04322593257332,10.59,1.95,3.1,-4.2,1,1 vehicle
4642675,2013-11-08 18:40:00,2013,82-08,VHDU,3658.0,2013-11-08 18:40:00,0.0,1.056836473522346,4.0233059203129375,7.34,1.02,2.87,-3.2,1,1 vehicle
4642855,2013-11-09 07:03:00,2013,54-03,VHDU,1868.0,2013-11-09 07:00:00,3.0,3.33712213051353,2.6913564127215324,14.08,0.7,2.02,-3.09,1,1 vehicle
4642862,2013-11-09 08:22:00,2013,1-b9,VHDU,36122.0,2013-11-09 08:20:00,2.0,5.634655564593329,5.329972713472354,6.02,1.22,2.16,-0.06,1,1 vehicle
4642893,2013-11-09 13:13:00,2013,41-16,VHDU,31363.0,2013-11-09 13:10:00,3.0,7.592866356578915,4.6115007826263295,11.62,4.91,6.96,2.09,1,1 vehicle
4642919,2013-11-09 12:45:00,2013,1-s9,VHDU,4271.0,2013-11-09 12:40:00,5.0,18.405591656236684,18.30644535475735,11.51,5.04,6.3,-6.2,1,1 vehicle
4643057,2013-11-09 23:07:00,2013,1-g4,VHDU,31674.0,2013-11-09 23:10:00,3.0,6.193751217411444,2.9434338577391106,8.41,7.92,12.54,3.31,1,1 vehicle
4644248,2013-11-12 09:45:00,2013,85-05,VHDU,3696.0,2013-11-12 09:40:00,5.0,1.3168564500193294,0.6389369605298947,2.15,12.81,19.63,-0.2,1,1 vehicle
4644777,2013-11-13 06:34:00,2013,85-04,VHDU,3696.0,2013-11-13 06:30:00,4.0,4.721854512907255,4.839250240206277,7.15,8.15,12.61,-2.03,1,1 vehicle
4646518,2013-11-15 18:27:00,2013,1-g5,VHDU,1779.0,2013-11-15 18:30:00,3.0,6.88250271627154,7.000866790432446,2.48,2.21,2.94,2.51,2,2 or more vehicles
4647271,2013-11-17 18:34:00,2013,62-04,VHDU,32224.0,2013-11-17 18:30:00,4.0,1.4246582177244724,0.403835073906412,12.06,6.35,9.21,-6.94,1,1 vehicle
4647273,2013-11-17 18:36:00,2013,1-d8,VHDU,31392.0,2013-11-17 18:40:00,4.0,3.597446916712243,1.811228203445721,16.63,6.91,8.53,-6.35,2,2 or more vehicles
4647962,2013-11-19 07:56:00,2013,1-f5,VHDU,31579.0,2013-11-19 08:00:00,4.0,2.6284640658280836,1.028741036313794,11.93,7.28,9.9,3.94,1,1 vehicle
4648114,2013-11-19 13:50:00,2013,36-06,VHDU,1596.0,2013-11-19 13:50:00,0.0,3.085282885196284,5.4322212477658764,10.69,13.15,20.22,0.17,1,1 vehicle
4648198,2013-11-19 15:41:00,2013,1-q1,VHDU,3471.0,2013-11-19 15:40:00,1.0,2.5103398796135994,2.742420285383358,7.1,9.04,15.84,0.64,3,2 or more vehicles
4648211,2013-11-19 16:21:00,2013,61-38,VHDU,2646.0,2013-11-19 16:20:00,1.0,4.844219246851769,3.8609028288009,8.47,12.24,15.52,-1.22,1,1 vehicle
4648666,2013-11-20 16:25:00,2013,931-09,VHDU,5960.0,2013-11-20 16:20:00,5.0,10.78337194520868,11.700813351235215,5.69,8.01,9.24,-9.67,1,1 vehicle
4648689,2013-11-20 17:30:00,2013,43-01,VHDU,31364.0,2013-11-20 17:30:00,0.0,3.9892815269830777,3.7630196539385503,13.3,9.6,12.45,0.01,1,1 vehicle
4649721,2013-11-22 20:27:00,2013,43-01,VHDU,31364.0,2013-11-22 20:30:00,3.0,1.8623359204744747,3.7630196539385503,13.3,3.39,5.1,2.33,1,1 vehicle
4650406,2013-11-24 17:01:00,2013,261-04,VHDU,6235.0,2013-11-24 17:00:00,1.0,11.30358553609853,9.606552624450746,7.72,5.25,7.84,1.3,1,1 vehicle
4652327,2013-11-28 20:46:00,2013,36-01,VHDU,31399.0,2013-11-28 20:50:00,4.0,9.843412572748113,11.778691413624069,9.29,6.54,10.19,2.41,1,1 vehicle
4652397,2013-11-29 01:48:00,2013,35-03,VHDU,36411.0,2013-11-29 01:50:00,2.0,16.258959342561308,12.565510462223775,8.49,6.63,9.9,1.45,1,1 vehicle
4652775,2013-11-29 17:21:00,2013,1-t0,VHDU,4271.0,2013-11-29 17:20:00,1.0,19.320790339679185,16.112146503479053,8.99,4.34,8.95,2.01,1,1 vehicle
4654305,2013-12-03 11:37:00,2013,39-01,VDU,31387.0,2013-12-03 11:40:00,3.0,7.444921886139259,1.6348934580675056,15.67,7.33,13.13,-2.93,1,1 vehicle
4654322,2013-12-03 11:46:00,2013,1-f6,VDU,31577.0,2013-12-03 11:50:00,4.0,0.06246418590636618,0.866726910174939,3.61,8.16,13.82,0.17,1,1 vehicle
4654612,2013-12-03 19:51:00,2013,60-24,VDU,32365.0,2013-12-03 19:50:00,1.0,6.997542461186758,5.444060080340623,8.31,4.39,5.98,-6.2,1,1 vehicle
4654746,2013-12-04 09:26:00,2013,1-d9,VDU,31488.0,2013-12-04 09:30:00,4.0,2.926672754229446,3.4577407582901083,4.41,4.59,6.37,-7.92,2,2 or more vehicles
4656385,2013-12-07 23:48:00,2013,1-b4,VDU,36049.0,2013-12-07 23:50:00,2.0,4.475634697362574,1.9506434494436529,12.07,10.11,20.78,-0.67,1,1 vehicle
4656610,2013-12-08 14:38:00,2013,1-d8,VDU,31392.0,2013-12-08 14:40:00,2.0,0.7885227164565953,1.811228203445721,16.63,4.98,6.66,0.32,1,1 vehicle
4656636,2013-12-08 16:27:00,2013,1-g3,VDU,1673.0,2013-12-08 16:30:00,3.0,10.115057229694248,5.382052364477969,11.64,6.01,9.02,3.59,1,1 vehicle
4656790,2013-12-09 07:37:00,2013,41-15,VDU,1473.0,2013-12-09 07:40:00,3.0,5.979424283372378,2.669518633501688,13.29,6.4,8.3,3.0,1,1 vehicle
4656924,2013-12-09 10:46:00,2013,1-a1,VDU,36386.0,2013-12-09 10:50:00,4.0,2.3965211839377747,3.488285220225965,9.01,1.42,2.16,1.37,1,1 vehicle
4656925,2013-12-09 07:37:00,2013,41-15,VDU,1473.0,2013-12-09 07:40:00,3.0,5.981650694485437,2.669518633501688,13.29,6.4,8.3,3.0,2,2 or more vehicles
4657178,2013-12-09 17:32:00,2013,65-02,VDU,32635.0,2013-12-09 17:30:00,2.0,7.059401343787911,4.133860433011997,9.22,2.44,5.19,2.11,1,1 vehicle
4657347,2013-12-10 09:29:00,2013,35-01,VDU,31399.0,2013-12-10 09:30:00,1.0,6.29862637894241,4.900372212107007,8.51,2.6,3.33,1.17,1,1 vehicle
4658049,2013-12-11 16:22:00,2013,41-16,VDU,31363.0,2013-12-11 16:20:00,2.0,3.010495356459804,4.6115007826263295,11.62,6.37,7.45,0.6,1,1 vehicle
4658467,2013-12-12 16:46:00,2013,54-17,VDU,31950.0,2013-12-12 16:50:00,4.0,1.6346899930494592,0.9059057682404476,7.43,6.96,10.0,-1.38,1,1 vehicle
4658647,2013-12-13 08:42:00,2013,704-02,VDU,3103.0,2013-12-13 08:40:00,2.0,7.43397469749954,0.9902480430268944,17.39,20.41,27.05,2.0,1,1 vehicle
4658799,2013-12-13 14:12:00,2013,45-00,VDU,1350.0,2013-12-13 14:10:00,2.0,3.8248808901971403,2.936346783367598,1.87,3.07,3.43,2.12,2,2 or more vehicles
4658848,2013-12-13 15:14:00,2013,35-04,VDU,36411.0,2013-12-13 15:10:00,4.0,6.369938432064319,4.502054796897285,8.82,3.27,4.02,1.23,1,1 vehicle
4659186,2013-12-14 12:00:00,2013,1-m9,VDU,3242.0,2013-12-14 12:00:00,0.0,6.601905799382067,5.492674552934827,11.1,7.05,10.91,0.41,1,1 vehicle
4659263,2013-12-14 17:00:00,2013,61-21,VDU,2481.0,2013-12-14 17:00:00,0.0,3.40024111360761,6.2608090114832855,9.71,1.66,2.15,-0.25,1,1 vehicle
4659283,2013-12-14 17:58:00,2013,1-g9,VDU,31882.0,2013-12-14 18:00:00,2.0,7.75213852125761,6.975496895193262,9.12,3.58,4.61,-0.91,3,2 or more vehicles
4660593,2013-12-17 16:07:00,2013,1-f5,VDU,31579.0,2013-12-17 16:10:00,3.0,3.676367552772385,1.028741036313794,11.93,17.51,25.38,1.76,2,2 or more vehicles
4661420,2013-12-19 17:30:00,2013,1-c5,VDU,6315.0,2013-12-19 17:30:00,0.0,4.126025109372534,4.189300750163836,3.04,7.74,10.49,-0.93,1,1 vehicle
4661850,2013-12-20 17:24:00,2013,54-05,VDU,31958.0,2013-12-20 17:20:00,4.0,5.7183020996665945,7.188865613983409,12.34,11.01,17.44,0.59,1,1 vehicle
4663108,2013-12-23 16:15:00,2013,34-02,VDU,1395.0,2013-12-23 16:10:00,5.0,2.627197353014527,5.246626996155354,8.9,6.03,8.4,1.42,2,2 or more vehicles
4663378,2013-12-24 15:49:00,2013,1-e1,VDU,31488.0,2013-12-24 15:50:00,1.0,4.5608403486516504,3.522383406880032,9.79,9.16,12.64,-0.86,1,1 vehicle
4663383,2013-12-24 16:18:00,2013,1-e1,VDU,31488.0,2013-12-24 16:20:00,2.0,6.354037488916518,3.522383406880032,9.79,8.12,12.05,-1.56,2,2 or more vehicles
4663564,2013-12-25 13:30:00,2013,36-12,VDU,1479.0,2013-12-25 13:30:00,0.0,9.183524723426494,7.784369828621856,7.19,7.93,13.65,2.07,1,1 vehicle
4663695,2013-12-26 11:56:00,2013,1-k6,VDU,33204.0,2013-12-26 12:00:00,4.0,3.159511248841798,7.807893229156674,10.57,13.94,17.25,-2.2,1,1 vehicle
4663819,2013-12-27 00:42:00,2013,1-b9,VDU,36122.0,2013-12-27 00:40:00,2.0,6.831099019266352,5.329972713472354,6.02,12.86,17.64,-1.06,1,1 vehicle
4664156,2013-12-27 16:36:00,2013,1-e1,VDU,31488.0,2013-12-27 16:40:00,4.0,0.8306486299676261,3.522383406880032,9.79,7.49,10.98,-3.1,1,1 vehicle
4664808,2013-12-29 13:02:00,2013,41-22,VDU,1350.0,2013-12-29 13:00:00,2.0,2.2418468265133877,2.259852353483001,1.88,11.72,14.47,-2.07,2,2 or more vehicles
4664880,2013-12-29 15:42:00,2013,1-d8,VDU,31392.0,2013-12-29 15:40:00,2.0,0.0356102655439705,1.811228203445721,16.63,18.3,21.17,-6.67,2,2 or more vehicles
4665219,2013-12-30 14:05:00,2013,1-s1,VDU,34326.0,2013-12-30 14:00:00,5.0,0.45273614709219906,2.795018837787393,7.88,18.33,21.46,-2.19,1,1 vehicle
4666657,2014-01-02 21:40:00,2014,427-06,VDU,31380.0,2014-01-02 21:40:00,0.0,17.632158324910385,13.1804183372558,5.06,10.79,15.19,2.78,1,1 vehicle
4666872,2014-01-03 12:50:00,2014,35-05,VDU,36411.0,2014-01-03 12:50:00,0.0,2.2316882557818554,3.3689289838627756,4.84,7.48,10.88,2.75,1,1 vehicle
4668872,2014-01-08 11:06:00,2014,60-07,VDU,2175.0,2014-01-08 11:10:00,4.0,0.42369672527108504,6.6572981298054845,15.58,9.9,14.24,1.53,1,1 vehicle
4668892,2014-01-08 11:46:00,2014,82-05,VDU,33661.0,2014-01-08 11:50:00,4.0,2.5447880419849573,1.840275137807545,10.92,7.65,9.21,1.11,1,1 vehicle
4670141,2014-01-10 19:00:00,2014,38-02,VDU,31387.0,2014-01-10 19:00:00,0.0,11.710890991456674,9.944325910548493,4.01,7.26,11.17,-0.67,2,2 or more vehicles
4670255,2014-01-11 00:33:00,2014,85-04,VDU,3696.0,2014-01-11 00:30:00,3.0,2.264512798952814,4.839250240206277,7.15,1.57,3.78,0.93,1,1 vehicle
4670450,2014-01-11 14:50:00,2014,30-04,VDU,6420.0,2014-01-11 14:50:00,0.0,5.258353099413011,5.359811449264286,11.71,2.16,3.2,-8.28,1,1 vehicle
4670506,2014-01-11 19:00:00,2014,1-b5,VDU,6045.0,2014-01-11 19:00:00,0.0,13.643525531249193,7.297304255791511,14.29,0.65,1.27,0.32,2,2 or more vehicles
4670571,2014-01-11 23:02:00,2014,35-09,VDU,36519.0,2014-01-11 23:00:00,2.0,0.9105806845104985,1.7074617700598915,5.48,7.59,9.11,-10.03,1,1 vehicle
4670574,2014-01-11 20:04:00,2014,1-q0,VDU,3471.0,2014-01-11 20:00:00,4.0,4.095909585856129,3.5305709872854014,2.13,0.59,1.07,-1.44,1,1 vehicle
4670764,2014-01-12 07:10:00,2014,41-17,VDU,1350.0,2014-01-12 07:10:00,0.0,6.859088728060238,6.841931195549181,4.56,8.93,11.73,-0.75,1,1 vehicle
4670795,2014-01-12 12:37:00,2014,1-h3,VDU,31985.0,2014-01-12 12:40:00,3.0,16.062879923996768,14.515482652677305,9.02,12.84,17.35,-4.8,2,2 or more vehicles
4671484,2014-01-13 18:38:00,2014,1-f5,VDU,31579.0,2014-01-13 18:40:00,2.0,3.5664777060318245,1.028741036313794,11.92,21.34,28.71,5.0,2,2 or more vehicles
4672823,2014-01-16 21:50:00,2014,518-03,VDU,6802.0,2014-01-16 21:50:00,0.0,6.440419746240452,3.1057314137550858,11.43,1.02,2.18,1.83,1,1 vehicle
4673514,2014-01-18 09:47:00,2014,1-e1,VDU,31488.0,2014-01-18 09:50:00,3.0,4.912590413007281,3.522383406880032,9.79,6.84,8.72,2.72,1,1 vehicle
4673895,2014-01-19 11:47:00,2014,1-g1,VDU,31572.0,2014-01-19 11:50:00,3.0,9.240280120706263,7.416893274742419,10.93,5.58,8.53,6.36,1,1 vehicle
4674049,2014-01-19 19:30:00,2014,75-02,VDU,3433.0,2014-01-19 19:30:00,0.0,7.870504576219054,13.688896355889275,13.94,0.44,1.14,-3.13,1,1 vehicle
4675085,2014-01-21 20:45:00,2014,36-01,VDU,31399.0,2014-01-21 20:40:00,5.0,9.582027932765655,11.778691413624069,9.29,6.6,8.62,6.51,1,1 vehicle
4675373,2014-01-22 13:47:00,2014,75-06,VDU,3433.0,2014-01-22 13:50:00,3.0,7.169526274085985,4.244214080639283,11.95,0.16,0.75,1.11,1,1 vehicle
4675473,2014-01-22 16:20:00,2014,1-h4,VDU,32097.0,2014-01-22 16:20:00,0.0,8.370300253956765,6.809457005645053,11.46,1.99,2.65,1.53,1,1 vehicle
4676502,2014-01-25 02:54:00,2014,1-g8,VDU,1779.0,2014-01-25 02:50:00,4.0,5.7862286443595785,4.97049771952842,8.600000000000001,2.69,3.92,2.54,1,1 vehicle
4679320,2014-01-31 10:01:00,2014,1-d6,VDU,31399.0,2014-01-31 10:00:00,1.0,0.43233959041448444,2.8564832758413083,10.48,9.52,14.31,2.35,1,1 vehicle
4682935,2014-02-07 17:37:00,2014,34-03,VDU,1395.0,2014-02-07 17:40:00,3.0,2.442494717591579,1.9799264204565696,1.52,4.14,5.06,1.2,1,1 vehicle
4683252,2014-02-08 14:11:00,2014,417-01,VDU,31488.0,2014-02-08 14:10:00,1.0,6.535317079562429,3.9814362695232663,8.4,1.11,2.84,3.33,1,1 vehicle
4683308,2014-02-08 18:00:00,2014,1-d8,VDU,31392.0,2014-02-08 18:00:00,0.0,3.658367426782881,1.811228203445721,16.63,8.3,10.88,-0.59,1,1 vehicle
4683685,2014-02-09 15:51:00,2014,61-01,VDU,32377.0,2014-02-09 15:50:00,1.0,1.708820226496242,4.755521088381826,10.09,13.05,15.68,-2.53,1,1 vehicle
4684855,2014-02-11 22:15:00,2014,82-01,VDU,3463.0,2014-02-11 22:10:00,5.0,2.0380693357008295,2.8505006265868884,10.93,7.32,10.19,0.97,1,1 vehicle
4687266,2014-02-17 09:27:00,2014,1-r3,VDU,4406.0,2014-02-17 09:30:00,3.0,5.856257613718381,7.05860661928788,17.56,2.42,4.24,-6.66,1,1 vehicle
4689258,2014-02-20 14:59:00,2014,1-q1,VDU,3471.0,2014-02-20 15:00:00,1.0,2.800141976811513,2.742420285383358,7.1,1.93,7.31,2.62,1,1 vehicle
4690172,2014-02-22 15:41:00,2014,1-r7,VDU,4323.0,2014-02-22 15:40:00,1.0,5.549189669586754,5.67442215411124,10.1,10.46,12.51,-2.11,2,2 or more vehicles
4691734,2014-02-25 23:29:00,2014,33-04,VDU,1395.0,2014-02-25 23:30:00,1.0,4.048090227096575,3.8873317209957774,3.0,8.39,10.85,1.4,2,2 or more vehicles
4692602,2014-02-27 14:37:00,2014,417-02,VDU,1487.0,2014-02-27 14:40:00,3.0,3.666410828216196,1.3892151095042993,17.72,7.41,8.72,-0.14,1,1 vehicle
4693373,2014-02-28 23:03:00,2014,60-26,VDU,32365.0,2014-02-28 23:00:00,3.0,0.5744405925265278,2.35603885525555,10.84,19.03,22.54,-1.67,1,1 vehicle
4693567,2014-03-01 09:18:00,2014,30-02,VDU,6310.0,2014-03-01 09:20:00,2.0,3.0193233227479075,7.228154041565046,8.89,3.57,4.34,-0.53,2,2 or more vehicles
4695247,2014-03-04 13:34:00,2014,41-16,VDU,31363.0,2014-03-04 13:30:00,4.0,6.903599576348341,4.6115007826263295,11.62,3.17,5.68,1.31,1,1 vehicle
4695433,2014-03-04 19:44:00,2014,1-g1,VDU,31572.0,2014-03-04 19:40:00,4.0,9.079128286428828,7.416893274742419,10.93,4.3,6.17,1.62,2,2 or more vehicles
4695846,2014-03-05 14:39:00,2014,51-02,VDU,31572.0,2014-03-05 14:40:00,1.0,8.261397001873267,5.773738212981441,11.24,1.19,3.72,-1.03,1,1 vehicle
4696503,2014-03-06 18:28:00,2014,1-g3,VDU,1673.0,2014-03-06 18:30:00,2.0,9.373448231773851,5.382052364477969,11.64,10.01,13.95,-0.5,3,2 or more vehicles
4696518,2014-03-06 19:22:00,2014,1-f5,VDU,31579.0,2014-03-06 19:20:00,2.0,1.6732979766318379,1.028741036313794,11.92,8.16,11.17,-1.25,1,1 vehicle
4697560,2014-03-09 00:32:00,2014,43-01,VDU,31364.0,2014-03-09 00:30:00,2.0,3.8497802639078036,3.7630196539385503,13.3,7.52,8.92,0.99,2,2 or more vehicles
4701114,2014-03-16 15:44:00,2014,37-03,VDU,36504.0,2014-03-16 15:40:00,4.0,9.488116261534062,8.829620230052322,13.36,12.57,16.56,-1.47,1,1 vehicle
4701305,2014-03-17 09:14:00,2014,82-03,VDU,33563.0,2014-03-17 09:10:00,4.0,0.48483111519217154,0.3760650112123629,11.33,6.95,9.6,-7.0,3,2 or more vehicles
4702394,2014-03-18 11:58:00,2014,87-01,VDU,33495.0,2014-03-18 12:00:00,2.0,10.417854184434152,5.224729894838622,10.74,2.95,4.9,-9.07,1,1 vehicle
4702640,2014-03-18 15:18:00,2014,429-02,VDU,1350.0,2014-03-18 15:20:00,2.0,6.321191848670879,5.685793567904326,4.32,11.22,14.01,-0.97,1,1 vehicle
4703585,2014-03-20 10:21:00,2014,1-g3,VDU,1673.0,2014-03-20 10:20:00,1.0,0.2787109200929053,5.382052364477969,11.64,18.03,25.09,1.65,2,2 or more vehicles
4703983,2014-03-20 22:38:00,2014,1-d8,VDU,31392.0,2014-03-20 22:40:00,2.0,2.0687775580774184,1.811228203445721,16.63,13.36,15.78,-3.03,1,1 vehicle
4704412,2014-03-21 14:56:00,2014,76-15,VDU,33654.0,2014-03-21 15:00:00,4.0,5.257807676593014,0.96895568343592,14.13,18.14,23.72,-0.2,2,2 or more vehicles
4705993,2014-03-25 08:00:00,2014,30-06,VDU,36415.0,2014-03-25 08:00:00,0.0,2.8150001074816973,4.716207867910791,12.47,2.09,4.21,1.26,1,1 vehicle
4707674,2014-03-28 07:19:00,2014,1-d9,VDU,31488.0,2014-03-28 07:20:00,1.0,4.677857934839324,3.4577407582901083,4.41,5.07,6.08,-2.09,1,1 vehicle
4710142,2014-04-01 14:22:00,2014,36-04,VHDU,31599.0,2014-04-01 14:20:00,2.0,0.8615253267905886,1.1922106175281395,8.16,1.43,3.14,7.76,1,1 vehicle
4715605,2014-04-11 17:19:00,2014,1-j2,VHDU,32097.0,2014-04-11 17:20:00,1.0,9.677766333526334,12.851629039775409,9.98,5.38,7.25,-1.62,2,2 or more vehicles
4715862,2014-04-12 10:45:00,2014,61-34,VHDU,2646.0,2014-04-12 10:40:00,5.0,8.528605272917881,10.1750264156985,13.42,7.2,9.6,0.63,1,1 vehicle
4717190,2014-04-15 11:28:00,2014,1-j1,VHDU,32097.0,2014-04-15 11:30:00,2.0,4.928858415043144,3.198771852515269,10.83,16.67,19.4,-1.42,1,1 vehicle
4717203,2014-04-15 12:10:00,2014,54-10,VHDU,31931.0,2014-04-15 12:10:00,0.0,2.9612936645255483,2.024564862693844,14.07,4.81,10.68,-0.62,1,1 vehicle
4717328,2014-04-15 17:20:00,2014,54-03,VHDU,1868.0,2014-04-15 17:20:00,0.0,5.7503285860023325,2.6913564127215324,14.08,11.29,17.15,1.23,1,1 vehicle
4717710,2014-04-16 14:29:00,2014,43-01,VHDU,31364.0,2014-04-16 14:30:00,1.0,10.056898166061861,3.7630196539385503,13.3,4.57,7.06,2.77,1,1 vehicle
4717772,2014-04-16 17:28:00,2014,1-b9,VHDU,36122.0,2014-04-16 17:30:00,2.0,6.092429460142666,5.329972713472354,6.02,4.54,6.66,-0.23,1,1 vehicle
4718154,2014-04-17 16:12:00,2014,36-11,VHDU,1590.0,2014-04-17 16:10:00,2.0,6.0226072177998455,4.097097125921327,7.99,5.45,8.03,-3.96,2,2 or more vehicles
4718426,2014-04-18 12:35:00,2014,1-j1,VHDU,32097.0,2014-04-18 12:30:00,5.0,0.3574942582204653,3.198771852515269,10.83,16.22,21.17,-2.04,1,1 vehicle
4718430,2014-04-18 12:52:00,2014,917-03,VHDU,4472.0,2014-04-18 12:50:00,2.0,15.283419469368772,14.133770953045456,9.02,11.02,21.27,7.61,1,1 vehicle
4719112,2014-04-20 08:35:00,2014,1-h3,VHDU,31985.0,2014-04-20 08:30:00,5.0,14.825815371855395,14.515482652677305,9.02,10.17,12.74,-1.52,1,1 vehicle
4721096,2014-04-24 14:47:00,2014,1-p9,VHDU,3471.0,2014-04-24 14:50:00,3.0,4.084850682503778,3.634671517176708,1.58,3.21,4.44,14.11,2,2 or more vehicles
4722427,2014-04-27 05:44:00,2014,1-d8,VHDU,31392.0,2014-04-27 05:40:00,4.0,5.67308409443591,1.811228203445721,16.63,0.64,1.47,-0.5,1,1 vehicle
4724897,2014-05-01 16:10:00,2014,36-03,VHDU,31599.0,2014-05-01 16:10:00,0.0,2.5630236559224926,4.109114946230979,4.0,2.79,4.51,7.72,1,1 vehicle
4727568,2014-05-06 10:37:00,2014,1-s5,VHDU,34238.0,2014-05-06 10:40:00,3.0,6.694825241638723,11.05888658286931,19.9,3.91,5.59,2.68,1,1 vehicle
4727980,2014-05-06 16:43:00,2014,41-17,VHDU,1350.0,2014-05-06 16:40:00,3.0,8.49399923056237,6.841931195549181,4.56,7.67,11.2,8.35,1,1 vehicle
4728560,2014-05-07 13:01:00,2014,92-10,VHDU,34087.0,2014-05-07 13:00:00,1.0,4.132644847117878,6.682100904890704,8.77,6.75,12.15,3.02,1,1 vehicle
4730889,2014-05-11 21:10:00,2014,37-01,VHDU,36504.0,2014-05-11 21:10:00,0.0,7.725416243733059,6.431018773253294,12.21,2.6,4.8,4.6,1,1 vehicle
4731777,2014-05-12 19:24:00,2014,734-01,VHDU,33431.0,2014-05-12 19:20:00,4.0,4.4755853773860945,3.896229561404278,10.59,6.56,7.94,1.8,1,1 vehicle
4735247,2014-05-18 06:08:00,2014,41-16,VHDU,31363.0,2014-05-18 06:10:00,2.0,7.71415168792161,4.6115007826263295,11.62,7.38,10.39,5.48,1,1 vehicle
4736005,2014-05-19 13:50:00,2014,426-01,VHDU,31364.0,2014-05-19 13:50:00,0.0,2.0704595982890344,1.731350363455631,2.35,8.63,11.17,7.76,1,1 vehicle
4736134,2014-05-19 15:18:00,2014,1-d6,VHDU,31399.0,2014-05-19 15:20:00,2.0,4.697227531414549,2.8564832758413083,10.48,2.13,4.7,10.1,2,2 or more vehicles
4736884,2014-05-20 16:43:00,2014,54-20,VHDU,2050.0,2014-05-20 16:40:00,3.0,16.517592958862416,19.99729007587939,11.24,1.67,2.9,8.47,1,1 vehicle
4739258,2014-05-24 15:13:00,2014,1-t4,VHDU,4271.0,2014-05-24 15:10:00,3.0,9.751251939540271,1.758339721525823,10.99,10.19,13.75,10.08,3,2 or more vehicles
4743722,2014-05-31 11:53:00,2014,38-03,VHDU,1395.0,2014-05-31 11:50:00,3.0,10.294139008660158,10.795312424017284,3.54,6.92,9.87,10.11,2,2 or more vehicles
4746498,2014-06-04 11:49:00,2014,85-11,SDU,4614.0,2014-06-04 11:50:00,1.0,4.350089914030589,4.103208150008344,13.07,5.17,8.85,14.2,2,2 or more vehicles
4749378,2014-06-08 18:12:00,2014,36-11,SDU,1590.0,2014-06-08 18:10:00,2.0,4.312961755662964,4.097097125921327,7.99,6.36,8.73,10.68,1,1 vehicle
4750015,2014-06-10 04:53:00,2014,1-d8,SDU,31392.0,2014-06-10 04:50:00,3.0,0.7626781446559843,1.811228203445721,16.63,8.24,11.56,8.43,2,2 or more vehicles
4753159,2014-06-14 06:29:00,2014,848-02,SDU,4300.0,2014-06-14 06:30:00,1.0,2.892824072204769,3.515440362555078,11.28,2.16,3.46,11.24,1,1 vehicle
4754671,2014-06-16 21:15:00,2014,420-01,SDU,31363.0,2014-06-16 21:10:00,5.0,1.7894704035009292,3.8504227892375225,11.32,1.53,2.55,9.63,1,1 vehicle
4755751,2014-06-18 17:33:00,2014,82-03,SDU,33563.0,2014-06-18 17:30:00,3.0,3.1667121055416874,0.3760650112123629,11.33,4.34,7.35,14.06,2,2 or more vehicles
4757627,2014-06-21 18:57:00,2014,47-02,SDU,31577.0,2014-06-21 19:00:00,3.0,11.880669376645246,9.390488346681892,11.5,3.04,3.82,10.7,1,1 vehicle
4757913,2014-06-21 18:57:00,2014,47-02,SDU,31577.0,2014-06-21 19:00:00,3.0,11.882054708574154,9.390488346681892,11.5,3.04,3.82,10.7,1,1 vehicle
4758088,2014-06-22 16:50:00,2014,37-01,SDU,36504.0,2014-06-22 16:50:00,0.0,9.227775470292192,6.431018773253294,12.21,4.12,5.39,12.81,1,1 vehicle
4758295,2014-06-23 07:25:00,2014,39-01,SDU,31387.0,2014-06-23 07:20:00,5.0,3.3722428962092756,1.6348934580675056,15.67,2.74,4.21,7.44,1,1 vehicle
4759768,2014-06-25 07:57:00,2014,1-d8,SDU,31392.0,2014-06-25 08:00:00,3.0,4.078466030106068,1.811228203445721,16.63,7.17,9.11,9.02,1,1 vehicle
4761008,2014-06-26 18:16:00,2014,1-a9,SDU,36156.0,2014-06-26 18:20:00,4.0,15.547006712020147,13.901023635043588,5.65,2.69,4.31,11.98,1,1 vehicle
4761836,2014-06-27 22:14:00,2014,1-b2,SDU,36049.0,2014-06-27 22:10:00,4.0,9.065076359809433,8.033192618523229,12.03,3.39,5.39,10.68,1,1 vehicle
4762084,2014-06-28 07:29:00,2014,1-e1,SDU,31488.0,2014-06-28 07:30:00,1.0,1.0805009555460892,3.522383406880032,9.79,0.5,0.98,11.17,2,2 or more vehicles
4762309,2014-06-28 17:42:00,2014,31-01,SDU,36411.0,2014-06-28 17:40:00,2.0,2.627414639170387,6.5902468003778445,9.49,3.84,5.0,15.55,2,2 or more vehicles
4762347,2014-06-28 17:37:00,2014,51-02,SDU,31572.0,2014-06-28 17:40:00,3.0,6.889971236279042,5.773738212981441,11.24,4.63,6.08,12.46,1,1 vehicle
4768637,2014-07-09 04:52:00,2014,1-q5,SDU,33480.0,2014-07-09 04:50:00,2.0,9.375663857543818,8.323557642546657,13.83,1.28,1.76,8.16,1,1 vehicle
4768655,2014-07-09 07:36:00,2014,1-k3,SDU,2197.0,2014-07-09 07:40:00,4.0,7.672254807546523,5.350417813137898,11.87,1.27,1.66,10.02,1,1 vehicle
4769084,2014-07-09 19:21:00,2014,82-02,SDU,33563.0,2014-07-09 19:20:00,1.0,8.934709687367235,10.9166146109414,10.71,0.67,1.57,13.29,2,2 or more vehicles
4770080,2014-07-11 15:46:00,2014,75-03,SDU,3433.0,2014-07-11 15:50:00,4.0,2.5451269948057087,3.9158378277913126,9.46,5.51,7.21,15.57,2,2 or more vehicles
4770249,2014-07-11 23:55:00,2014,1-g3,SDU,1673.0,2014-07-11 23:50:00,5.0,5.915660602169762,5.382052364477969,11.64,2.79,7.32,13.01,1,1 vehicle
4770700,2014-07-12 18:09:00,2014,47-11,SDU,1685.0,2014-07-12 18:10:00,1.0,1.1837502385522753,2.85210964840569,13.71,6.21,8.1,15.31,1,1 vehicle
4771724,2014-07-14 14:49:00,2014,54-16,SDU,31950.0,2014-07-14 14:50:00,1.0,7.116724159906726,7.485227201742805,7.6,5.58,8.33,12.68,1,1 vehicle
4774192,2014-07-18 15:18:00,2014,1-d1,SDU,36308.0,2014-07-18 15:20:00,2.0,2.9660231961459806,1.5292496506417883,3.18,10.33,15.78,12.92,2,2 or more vehicles
4774551,2014-07-19 08:45:00,2014,1-n1,SDU,33357.0,2014-07-19 08:40:00,5.0,11.652996813897527,7.600410813299837,10.63,0.68,1.96,11.97,1,1 vehicle
4774805,2014-07-20 00:22:00,2014,61-33,SDU,2646.0,2014-07-20 00:20:00,2.0,10.271335324944777,10.974953957267978,13.84,0.18,0.71,12.88,1,1 vehicle
4776961,2014-07-23 12:19:00,2014,953-01,SDU,34073.0,2014-07-23 12:20:00,1.0,7.695567627969928,5.4312983365459395,11.27,6.65,8.82,16.54,1,1 vehicle
4778167,2014-07-25 13:05:00,2014,374-01,SDU,31399.0,2014-07-25 13:00:00,5.0,3.4739087329406377,3.9705013876027375,7.54,3.58,5.78,12.74,1,1 vehicle
4778655,2014-07-26 09:30:00,2014,354-01,SDU,6310.0,2014-07-26 09:30:00,0.0,11.051472700669978,11.762643828486516,8.74,0.74,1.27,12.91,1,1 vehicle
4778851,2014-07-26 18:20:00,2014,60-09,SDU,32179.0,2014-07-26 18:20:00,0.0,8.826877861799312,6.06551570552272,10.98,4.45,5.78,11.17,2,2 or more vehicles
4778945,2014-07-27 00:16:00,2014,85-03,SDU,3595.0,2014-07-27 00:20:00,4.0,9.631770748774068,11.086744627975602,11.12,1.17,1.4,9.39,2,2 or more vehicles
4779208,2014-07-27 12:05:00,2014,1-q5,SDU,33480.0,2014-07-27 12:00:00,5.0,9.235182395260775,8.323557642546657,13.83,0.5,1.67,16.35,1,1 vehicle
4779584,2014-07-28 09:52:00,2014,1-p6,SDU,3471.0,2014-07-28 09:50:00,2.0,4.508770979919334,2.7742615388858822,4.92,3.39,4.44,16.09,2,2 or more vehicles
4780076,2014-07-29 07:20:00,2014,427-12,SDU,31380.0,2014-07-29 07:20:00,0.0,4.498865520270321,8.344923350684882,14.45,4.28,6.86,12.88,1,1 vehicle
4780401,2014-07-29 13:16:00,2014,1-s5,SDU,34238.0,2014-07-29 13:20:00,4.0,9.201704295930602,11.05888658286931,19.9,7.56,11.27,10.22,1,1 vehicle
4781028,2014-07-30 12:34:00,2014,848-01,SDU,4300.0,2014-07-30 12:30:00,4.0,6.375005979437077,6.386439163438794,8.690000000000001,7.67,10.71,6.83,2,2 or more vehicles
4781949,2014-07-31 19:56:00,2014,1-k5,SDU,33204.0,2014-07-31 20:00:00,4.0,0.04239117532015544,0.4927782706765492,7.0,6.9,9.21,7.63,1,1 vehicle
4782521,2014-08-01 15:46:00,2014,1-k4,SDU,33204.0,2014-08-01 15:50:00,4.0,3.854421414297883,4.377143261503581,4.07,4.84,6.86,12.67,2,2 or more vehicles
4782872,2014-08-02 05:13:00,2014,1-m8,SDU,3242.0,2014-08-02 05:10:00,3.0,8.711106501442078,8.462555147729427,5.33,4.95,6.27,4.27,1,1 vehicle
4782907,2014-08-02 06:15:00,2014,54-06,SDU,31958.0,2014-08-02 06:10:00,5.0,8.244327766153381,3.816243689301748,12.24,1.29,1.67,7.19,1,1 vehicle
4783031,2014-08-02 14:48:00,2014,60-30,SDU,32355.0,2014-08-02 14:50:00,2.0,0.4654193023842518,0.3700734187950305,11.79,3.71,7.35,10.05,1,1 vehicle
4783250,2014-08-02 21:43:00,2014,56-01,SDU,31948.0,2014-08-02 21:40:00,3.0,3.5626136143985536,3.8833227234733703,10.98,2.27,3.23,8.49,1,1 vehicle
4783687,2014-08-03 16:28:00,2014,41-15,SDU,1473.0,2014-08-03 16:30:00,2.0,0.3108453116169917,2.669518633501688,13.29,9.18,13.2,12.47,2,2 or more vehicles
4785623,2014-08-06 13:47:00,2014,35-14,SDU,6935.0,2014-08-06 13:50:00,3.0,5.267491494572386,11.317774587177112,27.6,1.67,3.1,13.67,1,1 vehicle
4785628,2014-08-06 13:41:00,2014,51-02,SDU,31572.0,2014-08-06 13:40:00,1.0,6.77383082073769,5.773738212981441,11.24,3.99,5.98,16.05,3,2 or more vehicles
4785649,2014-08-06 14:42:00,2014,60-03,SDU,31985.0,2014-08-06 14:40:00,2.0,16.870248639623355,15.210660974645302,11.98,4.93,8.72,14.54,1,1 vehicle
4785727,2014-08-06 16:24:00,2014,1-g9,SDU,31882.0,2014-08-06 16:20:00,4.0,8.163359636560163,6.975496895193262,9.12,5.65,9.21,18.9,1,1 vehicle
4786391,2014-08-07 13:16:00,2014,1-d8,SDU,31392.0,2014-08-07 13:20:00,4.0,5.435798635250328,1.811228203445721,16.63,9.83,13.13,11.53,2,2 or more vehicles
4786565,2014-08-07 18:18:00,2014,82-06,SDU,3658.0,2014-08-07 18:20:00,2.0,4.174553289560081,3.6348423937434946,4.96,6.74,9.05,11.02,3,2 or more vehicles
4787012,2014-08-08 16:23:00,2014,1-k4,SDU,33204.0,2014-08-08 16:20:00,3.0,4.0733841623189555,4.377143261503581,4.07,8.2,11.56,10.2,3,2 or more vehicles
4787022,2014-08-07 13:50:00,2014,1-s7,SDU,34148.0,2014-08-07 13:50:00,0.0,7.540711604441274,7.715396274319851,8.44,6.6,9.21,8.69,1,1 vehicle
4787048,2014-08-08 18:22:00,2014,550-03,SDU,6802.0,2014-08-08 18:20:00,2.0,10.870125759969994,16.977022149137177,29.37,3.41,6.89,10.61,1,1 vehicle
4787635,2014-08-09 23:38:00,2014,427-04,SDU,31365.0,2014-08-09 23:40:00,2.0,1.9850088590598802,0.1007673098225247,7.26,4.08,4.9,11.36,2,2 or more vehicles
4787974,2014-08-10 15:03:00,2014,55-02,SDU,31958.0,2014-08-10 15:00:00,3.0,16.37405693808542,19.776587122748936,14.37,8.2,23.81,13.57,1,1 vehicle
4787993,2014-08-10 15:44:00,2014,1-p9,SDU,3471.0,2014-08-10 15:40:00,4.0,3.687166803146502,3.634671517176708,1.58,5.55,8.66,11.17,1,1 vehicle
4789212,2014-08-12 11:54:00,2014,264-03,SDU,6315.0,2014-08-12 11:50:00,4.0,3.2916902709133553,3.2423689786376366,6.65,2.25,4.99,16.97,1,1 vehicle
4789783,2014-08-13 09:08:00,2014,54-09,SDU,1936.0,2014-08-13 09:10:00,2.0,1.235573263842875,0.5920738112219328,11.26,15.57,21.04,9.26,1,1 vehicle
4790833,2014-08-14 17:11:00,2014,82-06,SDU,3658.0,2014-08-14 17:10:00,1.0,5.008543639106134,3.6348423937434946,4.96,2.03,2.61,11.18,3,2 or more vehicles
4792248,2014-08-17 13:58:00,2014,1-g9,SDU,31882.0,2014-08-17 14:00:00,2.0,4.402790970002388,6.975496895193262,9.12,0.84,2.45,12.94,3,2 or more vehicles
4792285,2014-08-17 15:15:00,2014,35-15,SDU,6935.0,2014-08-17 15:10:00,5.0,6.613460735112362,8.522597050745297,18.57,2.73,5.61,7.93,1,1 vehicle
4793632,2014-08-19 02:00:00,2014,574-04,SDU,1919.0,2014-08-19 02:00:00,0.0,0.3783719460677586,3.500203272167804,15.61,2.39,3.07,8.83,1,1 vehicle
4794494,2014-08-20 14:31:00,2014,68-08,SDU,32390.0,2014-08-20 14:30:00,1.0,6.581903712776322,4.230874006445677,7.55,9.63,12.15,6.05,1,1 vehicle
4794726,2014-08-21 02:39:00,2014,39-01,SDU,31387.0,2014-08-21 02:40:00,1.0,3.2605782400580035,1.6348934580675056,15.67,0.27,1.08,6.22,1,1 vehicle
4795565,2014-08-22 14:04:00,2014,35-14,SDU,6935.0,2014-08-22 14:00:00,4.0,14.94217656418517,11.317774587177112,27.6,2.85,4.21,10.69,1,1 vehicle
4795983,2014-08-23 12:37:00,2014,54-09,SDU,1936.0,2014-08-23 12:40:00,3.0,4.285406026519072,0.5920738112219328,11.26,3.75,5.06,10.27,1,1 vehicle
4797759,2014-08-26 09:54:00,2014,643-07,SDU,2692.0,2014-08-26 09:50:00,4.0,9.216505742292682,9.173554504484168,18.07,9.15,13.33,13.51,1,1 vehicle
4799346,2014-08-28 16:31:00,2014,528-02,SDU,31985.0,2014-08-28 16:30:00,1.0,9.890492894455951,9.156093725176646,10.11,3.14,4.51,13.89,1,1 vehicle
4799369,2014-08-28 17:34:00,2014,99-01,SDU,5544.0,2014-08-28 17:30:00,4.0,0.671883770755582,1.21089321665288,3.28,4.85,6.83,11.71,4,2 or more vehicles
4800675,2014-08-31 09:40:00,2014,1-b8,SDU,36122.0,2014-08-31 09:40:00,0.0,9.00272964476863,3.3807083606755346,11.82,20.8,31.46,13.39,1,1 vehicle
4803009,2014-09-03 21:14:00,2014,36-06,SDU,1596.0,2014-09-03 21:10:00,4.0,9.64169491588049,5.4322212477658764,10.69,1.22,1.66,8.92,1,1 vehicle
4803689,2014-09-05 08:05:00,2014,41-16,SDU,31363.0,2014-09-05 08:00:00,5.0,6.5816810716527305,4.6115007826263295,11.62,3.12,3.82,7.96,1,1 vehicle
4804339,2014-09-05 21:45:00,2014,870-03,SDU,4912.0,2014-09-05 21:40:00,5.0,10.048947235365652,7.4454227458823805,14.35,4.23,5.81,8.85,1,1 vehicle
4804384,2014-09-06 01:42:00,2014,512-01,SDU,1689.0,2014-09-06 01:40:00,2.0,14.400033203940414,12.706266962314938,15.04,5.82,8.04,6.87,1,1 vehicle
4804707,2014-09-06 21:15:00,2014,54-09,SDU,1936.0,2014-09-06 21:10:00,5.0,0.48447629316354207,0.5920738112219328,11.26,5.32,6.99,10.96,1,1 vehicle
4805930,2014-09-08 14:00:00,2014,56-01,SDU,31948.0,2014-09-08 14:00:00,0.0,1.6152052035451923,3.8833227234733703,10.98,9.08,13.23,10.03,1,1 vehicle
4810015,2014-09-16 08:37:00,2014,752-02,SDU,3242.0,2014-09-16 08:40:00,3.0,9.362414938915231,5.754909946878213,13.9,2.45,4.05,8.26,1,1 vehicle
4811232,2014-09-18 09:09:00,2014,60-23,SDU,32372.0,2014-09-18 09:10:00,1.0,3.116077281839014,1.0080423895503003,12.65,9.54,13.33,8.47,1,1 vehicle
4813162,2014-09-21 19:43:00,2014,76-08,SDU,33643.0,2014-09-21 19:40:00,3.0,1.2957879803188554,6.4254042227708075,11.86,2.43,3.33,9.96,1,1 vehicle
4814923,2014-09-25 07:21:00,2014,76-08,SDU,33643.0,2014-09-25 07:20:00,1.0,4.120153872930167,6.4254042227708075,11.86,18.06,25.09,8.97,1,1 vehicle
4817622,2014-09-29 17:52:00,2014,939-01,SDU,35963.0,2014-09-29 17:50:00,2.0,2.5311321967157223,4.949274260890756,8.68,16.06,23.32,7.06,1,1 vehicle
4818490,2014-10-01 15:51:00,2014,1-s5,VHDU,34238.0,2014-10-01 15:50:00,1.0,9.722647053486467,11.05888658286931,19.9,9.21,12.35,4.19,1,1 vehicle
4818644,2014-10-02 01:07:00,2014,1-p3,VHDU,3471.0,2014-10-02 01:10:00,3.0,14.42376853415883,17.04322593257332,10.59,11.13,18.95,5.84,2,2 or more vehicles
4820063,2014-10-05 01:18:00,2014,870-03,VHDU,4912.0,2014-10-05 01:20:00,2.0,9.605364288448493,7.4454227458823805,14.35,13.24,16.86,7.11,1,1 vehicle
4820091,2014-10-05 03:08:00,2014,1-e1,VHDU,31488.0,2014-10-05 03:10:00,2.0,3.4820433917707536,3.522383406880032,9.79,5.73,9.41,3.51,1,1 vehicle
4820195,2014-10-05 09:50:00,2014,1-s9,VHDU,4271.0,2014-10-05 09:50:00,0.0,19.631685130553752,18.30644535475735,11.49,3.01,4.57,6.84,1,1 vehicle
4820952,2014-10-06 19:48:00,2014,821-01,VHDU,3471.0,2014-10-06 19:50:00,2.0,5.317750911601655,7.64609910465302,5.7,6.33,11.2,12.1,1,1 vehicle
4821680,2014-10-08 07:49:00,2014,60-42,VHDU,32533.0,2014-10-08 07:50:00,1.0,10.837474576471998,10.687519387917828,2.57,6.17,11.96,5.9,1,1 vehicle
4821968,2014-10-08 14:40:00,2014,36-06,VHDU,1596.0,2014-10-08 14:40:00,0.0,6.9136447875600515,5.4322212477658764,10.69,1.6,3.46,11.5,1,1 vehicle
4824123,2014-10-11 17:13:00,2014,427-11,VHDU,31380.0,2014-10-11 17:10:00,3.0,3.4799225883199556,4.968368046629869,13.94,3.65,5.19,4.55,1,1 vehicle
4824601,2014-10-13 03:08:00,2014,61-22,VHDU,32474.0,2014-10-13 03:10:00,2.0,5.1886759570471614,10.555897121767453,12.25,1.01,1.37,-1.05,1,1 vehicle
4827300,2014-10-17 12:39:00,2014,1-h1,VHDU,1881.0,2014-10-17 12:40:00,1.0,10.01175367678191,6.599972837831535,9.95,6.19,11.47,6.34,1,1 vehicle
4828018,2014-10-18 13:25:00,2014,36-11,VHDU,1590.0,2014-10-18 13:20:00,5.0,3.7467099163920223,4.097097125921327,7.99,3.35,4.7,3.86,1,1 vehicle
4828174,2014-10-18 22:13:00,2014,1-q1,VHDU,3471.0,2014-10-18 22:10:00,3.0,2.3225900888966517,2.742420285383358,7.1,2.96,4.01,5.73,1,1 vehicle
4828423,2014-10-19 10:58:00,2014,512-01,VHDU,1689.0,2014-10-19 11:00:00,2.0,10.124459568443148,12.706266962314938,15.04,6.0,8.69,2.62,1,1 vehicle
4828621,2014-10-20 06:39:00,2014,35-03,VHDU,36411.0,2014-10-20 06:40:00,1.0,15.61341209273807,12.565510462223775,8.49,3.41,4.41,0.53,1,1 vehicle
4829289,2014-10-20 06:45:00,2014,35-02,VHDU,31399.0,2014-10-20 06:40:00,5.0,15.839315249095955,12.28642901367293,7.8,5.36,7.94,2.82,1,1 vehicle
4829384,2014-10-20 20:52:00,2014,1-g4,VHDU,31674.0,2014-10-20 20:50:00,2.0,5.804093286010555,2.9434338577391106,8.41,8.9,12.94,-1.65,1,1 vehicle
4830219,2014-10-22 17:27:00,2014,1-k2,VHDU,2197.0,2014-10-22 17:30:00,3.0,5.418312687831336,6.007449718079592,11.35,0.48,0.94,-0.29,1,1 vehicle
4830688,2014-10-23 15:28:00,2014,1-q3,VHDU,3474.0,2014-10-23 15:30:00,2.0,6.220386178865066,3.9336919245067903,13.42,6.09,7.83,-3.15,1,1 vehicle
4830696,2014-10-23 15:46:00,2014,61-21,VHDU,2481.0,2014-10-23 15:50:00,4.0,3.959545922446676,6.2608090114832855,9.71,6.31,8.66,3.09,1,1 vehicle
4830733,2014-10-23 12:01:00,2014,1-m8,VHDU,3242.0,2014-10-23 12:00:00,1.0,8.647918110420962,8.462555147729427,5.33,0.18,0.88,0.54,2,2 or more vehicles
4831628,2014-10-25 16:45:00,2014,821-03,VHDU,3371.0,2014-10-25 16:40:00,5.0,3.357223224280789,5.605000581782615,5.61,5.69,7.81,2.39,1,1 vehicle
4832728,2014-10-27 15:45:00,2014,1-h4,VHDU,32097.0,2014-10-27 15:40:00,5.0,5.91181649050149,6.809457005645053,11.46,9.58,11.76,-1.56,1,1 vehicle
4833216,2014-10-28 14:04:00,2014,1-m9,VHDU,3242.0,2014-10-28 14:00:00,4.0,9.781433435915796,5.492674552934827,11.1,10.32,12.94,0.74,1,1 vehicle
4834344,2014-10-30 15:42:00,2014,59-02,VHDU,32190.0,2014-10-30 15:40:00,2.0,0.762281155324415,3.972460559685162,14.7,6.01,10.49,-0.5,1,1 vehicle
4834537,2014-10-31 06:21:00,2014,1-c0,VHDU,6222.0,2014-10-31 06:20:00,1.0,6.277746469845666,6.323365886803895,10.13,24.1,36.98,8.48,2,2 or more vehicles
4837745,2014-11-05 13:07:00,2014,1-q3,VHDU,3474.0,2014-11-05 13:10:00,3.0,6.81949640393331,3.9336919245067903,13.42,6.18,6.63,-1.09,1,1 vehicle
4839726,2014-11-09 04:50:00,2014,35-09,VHDU,36519.0,2014-11-09 04:50:00,0.0,0.86876943755823,1.7074617700598915,5.48,10.41,14.7,-4.85,1,1 vehicle
4839921,2014-11-09 17:13:00,2014,1-q0,VHDU,3471.0,2014-11-09 17:10:00,3.0,4.089049648685181,3.5305709872854014,2.13,0.95,1.63,-3.4,2,2 or more vehicles
4840693,2014-11-10 20:48:00,2014,1-k3,VHDU,2197.0,2014-11-10 20:50:00,2.0,4.7046249918689655,5.350417813137898,11.87,4.68,5.39,-8.02,2,2 or more vehicles
4840961,2014-11-11 12:05:00,2014,41-15,VHDU,1473.0,2014-11-11 12:00:00,5.0,7.352404492676801,2.669518633501688,13.29,2.86,4.47,3.68,1,1 vehicle
4841130,2014-11-11 15:03:00,2014,75-06,VHDU,3433.0,2014-11-11 15:00:00,3.0,7.451882011322439,4.244214080639283,11.95,0.21,0.52,-1.33,2,2 or more vehicles
4841187,2014-11-11 16:37:00,2014,75-06,VHDU,3433.0,2014-11-11 16:40:00,3.0,7.975886078567775,4.244214080639283,11.95,1.04,1.63,-1.46,1,1 vehicle
4843525,2014-11-15 18:01:00,2014,1-c8,VHDU,36308.0,2014-11-15 18:00:00,1.0,6.052775780349007,4.831712605587408,10.24,0.32,0.98,4.95,2,2 or more vehicles
4843957,2014-11-16 18:34:00,2014,1-p4,VHDU,3463.0,2014-11-16 18:30:00,4.0,2.6637854113785666,6.428645425378839,11.46,2.98,3.95,2.84,1,1 vehicle
4844144,2014-11-17 09:18:00,2014,82-02,VHDU,33563.0,2014-11-17 09:20:00,2.0,10.828092169726265,10.9166146109414,10.71,4.37,5.1,3.97,1,1 vehicle
4844578,2014-11-17 14:45:00,2014,1-k7,VHDU,3223.0,2014-11-17 14:40:00,5.0,14.972993644239425,16.565651898144605,11.68,3.83,5.71,4.66,1,1 vehicle
4844665,2014-11-17 21:13:00,2014,1-k6,VHDU,33204.0,2014-11-17 21:10:00,3.0,4.170269269219773,7.807893229156674,10.57,1.51,2.35,0.65,1,1 vehicle
4846607,2014-11-21 21:35:00,2014,1-p5,VHDU,3463.0,2014-11-21 21:30:00,5.0,14.258122215726194,4.005505581134992,2.99,1.87,2.87,-0.41,1,1 vehicle
4847272,2014-11-23 11:39:00,2014,1-k8,VHDU,3223.0,2014-11-23 11:40:00,1.0,19.570821232288292,15.384253879331345,11.41,3.86,4.76,1.36,1,1 vehicle
4847341,2014-11-23 15:52:00,2014,1-p4,VHDU,3463.0,2014-11-23 15:50:00,2.0,7.4672891831224435,6.428645425378839,11.46,0.5,1.56,-1.29,2,2 or more vehicles
4848164,2014-11-24 16:00:00,2014,1-q5,VHDU,33480.0,2014-11-24 16:00:00,0.0,4.809503928851002,8.323557642546657,13.83,2.06,4.41,5.16,1,1 vehicle
4848783,2014-11-26 08:34:00,2014,50-01,VHDU,1779.0,2014-11-26 08:30:00,4.0,2.586162208421148,3.6583584434854974,9.24,3.08,5.45,2.1,1,1 vehicle
4848872,2014-11-26 11:42:00,2014,1-d8,VHDU,31392.0,2014-11-26 11:40:00,2.0,2.210678462098534,1.811228203445721,16.63,3.45,4.41,-1.09,3,2 or more vehicles
4848923,2014-11-26 13:02:00,2014,1-d2,VHDU,36308.0,2014-11-26 13:00:00,2.0,3.481415607511142,8.371302373817642,13.7,5.04,7.94,0.71,2,2 or more vehicles
4849462,2014-11-27 14:08:00,2014,1-k2,VHDU,2197.0,2014-11-27 14:10:00,2.0,2.419431639142188,6.007449718079592,11.35,1.64,2.28,-2.54,1,1 vehicle
4849997,2014-11-28 18:16:00,2014,1-k7,VHDU,3223.0,2014-11-28 18:20:00,4.0,16.690924876654112,16.565651898144605,11.68,11.58,15.22,7.93,3,2 or more vehicles
4851313,2014-12-01 14:02:00,2014,427-06,VDU,31380.0,2014-12-01 14:00:00,2.0,16.173091680146896,13.1804183372558,5.06,6.75,9.51,1.04,1,1 vehicle
4852939,2014-12-04 13:48:00,2014,61-03,VDU,2481.0,2014-12-04 13:50:00,2.0,1.2010288499544417,0.5983411752410052,5.22,0.14,1.63,-3.53,1,1 vehicle
4852960,2014-12-04 14:38:00,2014,1-m8,VDU,3242.0,2014-12-04 14:40:00,2.0,7.327001873375156,8.462555147729427,5.33,2.35,4.47,-1.38,1,1 vehicle
4852987,2014-12-04 15:58:00,2014,1-q2,VDU,3474.0,2014-12-04 16:00:00,2.0,4.600195566057524,4.198174247980663,5.52,12.11,15.17,-4.74,2,2 or more vehicles
4855140,2014-12-08 19:03:00,2014,1-a1,VDU,36386.0,2014-12-08 19:00:00,3.0,1.022101558132085,3.488285220225965,9.01,11.46,14.8,0.65,1,1 vehicle
4855606,2014-12-10 13:42:00,2014,1-b7,VDU,36132.0,2014-12-10 13:40:00,2.0,0.6531081936644092,3.5572778320905845,13.1,8.46,23.23,1.56,1,1 vehicle
4857049,2014-12-13 17:16:00,2014,82-03,VDU,33563.0,2014-12-13 17:20:00,4.0,5.888694089488628,0.3760650112123629,11.33,3.43,4.12,-6.68,2,2 or more vehicles
4858026,2014-12-15 19:45:00,2014,61-03,VDU,2481.0,2014-12-15 19:40:00,5.0,2.6439787975069167,0.5983411752410052,5.22,7.22,9.21,-6.56,1,1 vehicle
4858259,2014-12-16 12:17:00,2014,1-g4,VDU,31674.0,2014-12-16 12:20:00,3.0,1.065739174852007,2.9434338577391106,8.41,25.18,43.81,-0.28,1,1 vehicle
4858266,2014-12-16 12:42:00,2014,41-13,VDU,7475.0,2014-12-16 12:40:00,2.0,5.251553561631162,5.664202954465976,2.51,0.08,0.09,-2.08,2,2 or more vehicles
4858282,2014-12-16 13:19:00,2014,41-13,VDU,7475.0,2014-12-16 13:20:00,1.0,5.480726522874624,5.664202954465976,2.51,0.08,0.09,-1.28,4,2 or more vehicles
4859070,2014-12-18 09:05:00,2014,1-b5,VDU,6045.0,2014-12-18 09:00:00,5.0,6.448557696296139,7.297304255791511,14.29,5.97,7.74,-2.34,1,1 vehicle
4859150,2014-12-18 10:18:00,2014,1-g3,VDU,1673.0,2014-12-18 10:20:00,2.0,4.587143887124735,5.382052364477969,11.64,4.01,5.12,-0.62,3,2 or more vehicles
4859371,2014-12-18 19:53:00,2014,829-01,VDU,3471.0,2014-12-18 19:50:00,3.0,12.2270312379924,9.317363479954343,11.43,2.22,3.43,-4.68,1,1 vehicle
4859633,2014-12-19 13:50:00,2014,1-f5,VDU,31579.0,2014-12-19 13:50:00,0.0,2.6050442615505536,1.028741036313794,11.92,4.59,6.47,-0.06,1,1 vehicle
4859636,2014-12-19 13:58:00,2014,35-01,VDU,31399.0,2014-12-19 14:00:00,2.0,4.434898231845489,4.900372212107007,8.51,3.04,4.51,-1.37,3,2 or more vehicles
4859681,2014-12-19 14:51:00,2014,37-03,VDU,36504.0,2014-12-19 14:50:00,1.0,6.682910537583368,8.829620230052322,13.36,5.4,8.72,-0.69,1,1 vehicle
4860078,2014-12-20 13:45:00,2014,41-15,VDU,1473.0,2014-12-20 13:40:00,5.0,2.811413777549207,2.669518633501688,13.29,12.3,17.8,1.35,2,2 or more vehicles
4860445,2014-12-21 08:00:00,2014,85-03,VDU,3595.0,2014-12-21 08:00:00,0.0,11.496752488577071,11.086744627975602,11.12,2.71,4.44,-0.02,1,1 vehicle
4860816,2014-12-22 09:46:00,2014,38-02,VDU,31387.0,2014-12-22 09:50:00,4.0,9.445487046477181,9.944325910548493,4.01,6.32,8.43,-2.81,1,1 vehicle
4861564,2014-12-23 13:06:00,2014,1-c0,VDU,6222.0,2014-12-23 13:10:00,4.0,6.501780069245811,6.323365886803895,10.13,5.62,9.02,1.59,1,1 vehicle
4861932,2014-12-24 14:01:00,2014,1-a6,VDU,36270.0,2014-12-24 14:00:00,1.0,0.46106114419798666,4.464514206348191,13.14,2.64,3.92,-2.06,1,1 vehicle
4862103,2014-12-25 17:33:00,2014,1-g4,VDU,31674.0,2014-12-25 17:30:00,3.0,0.6683491312801783,2.9434338577391106,8.41,10.38,15.09,1.08,1,1 vehicle
4862265,2014-12-26 16:14:00,2014,1-h4,VDU,32097.0,2014-12-26 16:10:00,4.0,5.36967185450593,6.809457005645053,11.46,3.25,4.02,-8.42,1,1 vehicle
4862353,2014-12-26 23:23:00,2014,1-b9,VDU,36122.0,2014-12-26 23:20:00,3.0,8.24650029799186,5.329972713472354,6.02,5.75,6.37,-9.68,1,1 vehicle
4862948,2014-12-28 10:38:00,2014,1-c2,VDU,6315.0,2014-12-28 10:40:00,2.0,3.981670108415097,6.674890552366854,7.62,7.35,9.18,2.85,3,2 or more vehicles
4863938,2014-12-30 11:10:00,2014,426-01,VDU,31364.0,2014-12-30 11:10:00,0.0,2.1137312252563385,1.731350363455631,2.35,1.05,2.65,2.59,1,1 vehicle
4864367,2014-12-31 15:44:00,2014,41-16,VDU,31363.0,2014-12-31 15:40:00,4.0,5.897441522187242,4.6115007826263295,11.62,5.01,6.76,0.86,1,1 vehicle
4864388,2014-12-31 17:27:00,2014,41-16,VDU,31363.0,2014-12-31 17:30:00,3.0,0.04709500180071687,4.6115007826263295,11.62,3.78,4.51,1.06,1,1 vehicle
4864980,2015-01-02 08:45:00,2015,1-m5,VDU,33431.0,2015-01-02 08:40:00,5.0,1.8790645241519206,6.468729395855224,14.17,0.37,0.78,-5.12,1,1 vehicle
4865770,2015-01-04 18:12:00,2015,41-21,VDU,1350.0,2015-01-04 18:10:00,2.0,1.3657020190936477,1.4041541058646172,3.28,12.88,16.82,6.97,3,2 or more vehicles
4866929,2015-01-07 11:06:00,2015,35-03,VDU,36411.0,2015-01-07 11:10:00,4.0,12.376491138047191,12.565510462223775,8.49,11.8,16.76,1.16,2,2 or more vehicles
4867194,2015-01-07 11:51:00,2015,1-k3,VDU,2197.0,2015-01-07 11:50:00,1.0,1.7474185907618096,5.350417813137898,11.87,11.98,15.81,2.45,1,1 vehicle
4867576,2015-01-08 11:47:00,2015,36-06,VDU,1596.0,2015-01-08 11:50:00,3.0,2.7230563641228147,5.4322212477658764,10.69,3.07,7.87,-2.0,1,1 vehicle
4867846,2015-01-09 00:09:00,2015,41-15,VDU,1473.0,2015-01-09 00:10:00,1.0,0.38545447691185997,2.669518633501688,13.29,4.9,5.97,-1.33,1,1 vehicle
4868075,2015-01-09 11:23:00,2015,51-01,VDU,31572.0,2015-01-09 11:20:00,3.0,0.9410876936678898,0.926567118382983,7.16,4.8,8.92,-2.49,1,1 vehicle
4868169,2015-01-09 15:21:00,2015,1-h2,VDU,31985.0,2015-01-09 15:20:00,1.0,10.924404272621043,8.113869305983009,10.7,7.38,8.72,-5.62,1,1 vehicle
4868228,2015-01-09 17:51:00,2015,43-01,VDU,31364.0,2015-01-09 17:50:00,1.0,2.9151695772910946,3.7630196539385503,13.3,1.71,2.74,-4.89,1,1 vehicle
4868342,2015-01-09 23:23:00,2015,61-33,VDU,2646.0,2015-01-09 23:20:00,3.0,8.455540706248417,10.974953957267978,13.84,1.5,2.22,-2.9,1,1 vehicle
4868559,2015-01-10 16:58:00,2015,75-02,VDU,3433.0,2015-01-10 17:00:00,2.0,14.399939662652582,13.688896355889275,13.94,2.75,4.93,-6.47,1,1 vehicle
4868866,2015-01-11 09:40:00,2015,1-a2,VDU,36386.0,2015-01-11 09:40:00,0.0,5.748651593084499,6.384128057059852,11.13,0.82,1.86,-5.64,1,1 vehicle
4869178,2015-01-12 07:43:00,2015,50-01,VDU,1779.0,2015-01-12 07:40:00,3.0,6.367343385414146,3.6583584434854974,9.24,4.35,6.07,-1.78,1,1 vehicle
4869746,2015-01-13 08:35:00,2015,1-d2,VDU,36308.0,2015-01-13 08:30:00,5.0,4.6809867287391445,8.371302373817642,13.7,17.58,23.23,0.05,1,1 vehicle
4869825,2015-01-13 12:07:00,2015,1-d6,VDU,31399.0,2015-01-13 12:10:00,3.0,0.15374166851306134,2.8564832758413083,10.48,9.24,14.41,0.71,2,2 or more vehicles
4870336,2015-01-14 16:37:00,2015,41-16,VDU,31363.0,2015-01-14 16:40:00,3.0,6.0640241692942825,4.6115007826263295,11.62,2.76,4.02,-5.18,2,2 or more vehicles
4870748,2015-01-15 16:42:00,2015,1-d5,VDU,31399.0,2015-01-15 16:40:00,2.0,2.495728374347037,2.8626965608024255,1.78,3.54,8.43,-5.16,1,1 vehicle
4871699,2015-01-17 09:25:00,2015,41-15,VDU,1473.0,2015-01-17 09:20:00,5.0,2.8847009439085003,2.669518633501688,13.29,3.28,5.22,-0.41,1,1 vehicle
4873219,2015-01-20 14:20:00,2015,54-02,VDU,1779.0,2015-01-20 14:20:00,0.0,11.716674065325586,11.0845394985849,12.06,1.23,2.48,1.01,1,1 vehicle
4874909,2015-01-24 13:30:00,2015,1-b0,VDU,36156.0,2015-01-24 13:30:00,0.0,9.879390612034094,5.81305271343813,12.09,1.38,1.67,-0.12,1,1 vehicle
4874975,2015-01-24 17:17:00,2015,1-d8,VDU,31392.0,2015-01-24 17:20:00,3.0,3.8039218752031454,1.811228203445721,16.63,18.17,22.74,-2.63,2,2 or more vehicles
4875001,2015-01-22 15:25:00,2015,574-06,VDU,1919.0,2015-01-22 15:20:00,5.0,3.6210508446361254,4.121506852812537,2.96,6.35,8.49,1.99,1,1 vehicle
4875321,2015-01-25 11:33:00,2015,1-d8,VDU,31392.0,2015-01-25 11:30:00,3.0,1.1699036799729656,1.811228203445721,16.63,17.78,23.03,0.18,1,1 vehicle
4875355,2015-01-25 14:10:00,2015,35-05,VDU,36411.0,2015-01-25 14:10:00,0.0,2.077449356216805,3.3689289838627756,4.84,15.52,19.99,1.21,2,2 or more vehicles
4875691,2015-01-26 09:51:00,2015,1-e1,VDU,31488.0,2015-01-26 09:50:00,1.0,6.372585817405731,3.522383406880032,9.79,7.75,10.19,-1.28,1,1 vehicle
4876361,2015-01-27 11:47:00,2015,43-01,VDU,31364.0,2015-01-27 11:50:00,3.0,1.1577550581739975,3.7630196539385503,13.3,3.56,4.9,0.83,1,1 vehicle
4876661,2015-01-28 08:29:00,2015,43-01,VDU,31364.0,2015-01-28 08:30:00,1.0,6.685149832496606,3.7630196539385503,13.3,1.38,2.06,-1.94,1,1 vehicle
4877011,2015-01-28 21:00:00,2015,41-16,VDU,31363.0,2015-01-28 21:00:00,0.0,10.234942922723649,4.6115007826263295,11.62,5.04,7.25,0.04,1,1 vehicle
4878160,2015-01-30 16:28:00,2015,1-f3,VDU,1479.0,2015-01-30 16:30:00,2.0,0.7209099551918058,1.1330985534714593,4.78,0.38,1.07,-3.98,1,1 vehicle
4879031,2015-02-01 20:17:00,2015,43-01,VDU,31364.0,2015-02-01 20:20:00,3.0,2.5471918335666057,3.7630196539385503,13.3,7.85,9.6,0.54,2,2 or more vehicles
4879521,2015-02-02 13:58:00,2015,82-01,VDU,3463.0,2015-02-02 14:00:00,2.0,3.099037213118094,2.8505006265868884,10.93,8.13,13.3,-6.29,1,1 vehicle
4880273,2015-02-03 16:18:00,2015,1-p1,VDU,33357.0,2015-02-03 16:20:00,2.0,0.48356172435751804,2.6900827429345155,10.45,3.54,5.88,-2.26,1,1 vehicle
4881452,2015-02-05 15:42:00,2015,1-f8,VDU,31577.0,2015-02-05 15:40:00,2.0,2.781203774321498,4.303271038168447,5.76,10.06,14.6,5.04,1,1 vehicle
4882004,2015-02-06 14:58:00,2015,39-01,VDU,31387.0,2015-02-06 15:00:00,2.0,3.5629284203596114,1.6348934580675056,15.67,10.69,13.23,-2.22,1,1 vehicle
4882424,2015-02-07 11:40:00,2015,1-h0,VDU,31882.0,2015-02-07 11:40:00,0.0,3.6325970353566226,1.048912143314543,7.74,3.45,5.0,2.96,1,1 vehicle
4885788,2015-02-13 19:12:00,2015,37-03,VDU,36504.0,2015-02-13 19:10:00,2.0,7.429447317537025,8.829620230052322,13.36,8.02,10.39,-2.19,2,2 or more vehicles
4887391,2015-02-17 09:46:00,2015,1-g3,VDU,1673.0,2015-02-17 09:50:00,4.0,9.747703472754761,5.382052364477969,11.64,2.46,2.94,-3.53,1,1 vehicle
4887815,2015-02-17 20:29:00,2015,816-01,VDU,3463.0,2015-02-17 20:30:00,1.0,4.823336370561682,3.6396059464553248,10.38,2.39,4.9,-4.69,1,1 vehicle
4891195,2015-02-24 11:46:00,2015,1-a9,VDU,36156.0,2015-02-24 11:50:00,4.0,14.871615032900506,13.901023635043588,5.65,6.4,8.23,-1.67,2,2 or more vehicles
4891342,2015-02-24 15:58:00,2015,1-g3,VDU,1673.0,2015-02-24 16:00:00,2.0,8.272922466441484,5.382052364477969,11.64,0.82,1.11,-2.12,1,1 vehicle
4892133,2015-02-25 22:49:00,2015,72-01,VDU,33204.0,2015-02-25 22:50:00,1.0,6.526382188278287,5.751617273861404,5.0,4.51,6.96,-0.17,1,1 vehicle
4892450,2015-02-26 16:14:00,2015,1-g1,VDU,31572.0,2015-02-26 16:10:00,4.0,4.430288267036458,7.416893274742419,10.93,6.65,21.66,-1.32,2,2 or more vehicles
4892746,2015-02-27 12:02:00,2015,1-k7,VDU,3223.0,2015-02-27 12:00:00,2.0,15.217279282795838,16.565651898144605,11.68,5.49,7.25,-2.06,1,1 vehicle
4892888,2015-02-27 15:10:00,2015,37-01,VDU,36504.0,2015-02-27 15:10:00,0.0,4.898346505605401,6.431018773253294,12.21,7.48,9.21,-3.04,1,1 vehicle
4892937,2015-02-27 19:17:00,2015,1-h2,VDU,31985.0,2015-02-27 19:20:00,3.0,8.394084773526929,8.113869305983009,10.7,10.48,16.56,-3.39,1,1 vehicle
4896859,2015-03-06 19:01:00,2015,51-01,VDU,31572.0,2015-03-06 19:00:00,1.0,2.8705545404241164,0.926567118382983,7.16,6.22,10.68,1.34,1,1 vehicle
4897074,2015-03-07 10:18:00,2015,1-g1,VDU,31572.0,2015-03-07 10:20:00,2.0,3.511549181993235,7.416893274742419,10.93,4.66,6.08,-1.1,1,1 vehicle
4897235,2015-03-07 19:29:00,2015,1-e1,VDU,31488.0,2015-03-07 19:30:00,1.0,3.985495008510562,3.522383406880032,9.79,10.46,13.62,-0.21,1,1 vehicle
4897702,2015-03-09 02:13:00,2015,54-02,VDU,1779.0,2015-03-09 02:10:00,3.0,10.134633363386024,11.0845394985849,12.06,8.19,12.94,-2.1,1,1 vehicle
4898880,2015-03-10 14:30:00,2015,1-d8,VDU,31392.0,2015-03-10 14:30:00,0.0,2.632605553338049,1.811228203445721,16.63,16.75,21.07,-3.05,2,2 or more vehicles
4898899,2015-03-10 15:40:00,2015,1-g8,VDU,1779.0,2015-03-10 15:40:00,0.0,6.124129678096958,4.97049771952842,8.600000000000001,17.17,24.66,-0.39,1,1 vehicle
4899225,2015-03-11 12:14:00,2015,425-02,VDU,1361.0,2015-03-11 12:10:00,4.0,12.960647933738521,6.917005970284371,14.76,10.01,14.41,0.57,1,1 vehicle
4900169,2015-03-13 11:40:00,2015,1-k6,VDU,33204.0,2015-03-13 11:40:00,0.0,4.119537164983905,7.807893229156674,10.57,4.0,5.68,-0.59,1,1 vehicle
4900319,2015-03-13 13:47:00,2015,51-02,VDU,31572.0,2015-03-13 13:50:00,3.0,4.259409449053702,5.773738212981441,11.24,18.99,25.38,4.41,1,1 vehicle
4901253,2015-03-15 16:07:00,2015,1-c8,VDU,36308.0,2015-03-15 16:10:00,3.0,1.1919364258495195,4.831712605587408,10.24,9.74,13.13,2.45,1,1 vehicle
4901353,2015-03-15 22:00:00,2015,41-17,VDU,1350.0,2015-03-15 22:00:00,0.0,8.371541640702844,6.841931195549181,4.56,14.49,22.9,5.34,1,1 vehicle
4903575,2015-03-19 15:01:00,2015,61-21,VDU,2481.0,2015-03-19 15:00:00,1.0,4.115294907424536,6.2608090114832855,9.71,0.08,0.55,2.7,1,1 vehicle
4904406,2015-03-20 20:37:00,2015,35-03,VDU,36411.0,2015-03-20 20:40:00,3.0,15.551719433096226,12.565510462223775,8.49,3.38,4.21,2.84,1,1 vehicle
4904427,2015-03-20 22:16:00,2015,1-m4,VDU,33431.0,2015-03-20 22:20:00,4.0,4.9985529066543135,4.073257225176333,8.95,13.94,19.01,1.16,1,1 vehicle
4905044,2015-03-22 15:05:00,2015,1-s9,VDU,4271.0,2015-03-22 15:00:00,5.0,18.361861954777492,18.30644535475735,11.49,3.6,4.44,5.25,1,1 vehicle
4905121,2015-03-22 15:38:00,2015,61-30,VDU,32654.0,2015-03-22 15:40:00,2.0,0.8462197759230062,3.1268205082111917,13.81,4.54,6.08,4.43,1,1 vehicle
4905138,2015-03-22 19:56:00,2015,45-06,VDU,1350.0,2015-03-22 20:00:00,4.0,3.405844535989987,4.922629951275584,9.02,2.84,3.65,1.41,1,1 vehicle
4905153,2015-03-22 21:15:00,2015,41-16,VDU,31363.0,2015-03-22 21:10:00,5.0,7.954393686954924,4.6115007826263295,11.62,2.4,3.04,-0.28,1,1 vehicle
4905179,2015-03-22 22:49:00,2015,58-01,VDU,2050.0,2015-03-22 22:50:00,1.0,3.3391152439837115,3.9981174783629543,8.67,4.91,6.76,0.29,1,1 vehicle
4905201,2015-03-22 21:14:00,2015,41-16,VDU,31363.0,2015-03-22 21:10:00,4.0,8.01307490661324,4.6115007826263295,11.62,2.4,3.04,-0.28,2,2 or more vehicles
4905726,2015-03-23 16:44:00,2015,36-07,VDU,31591.0,2015-03-23 16:40:00,4.0,3.4891019705892563,2.4786463022842136,5.1,13.82,17.35,-4.87,2,2 or more vehicles
4905775,2015-03-23 19:12:00,2015,61-30,VDU,32654.0,2015-03-23 19:10:00,2.0,4.892368714652702,3.1268205082111917,13.81,4.32,5.68,-1.9,2,2 or more vehicles
4907993,2015-03-27 10:18:00,2015,1-a6,VDU,36270.0,2015-03-27 10:20:00,2.0,3.7837279840115077,4.464514206348191,13.14,1.44,2.55,-0.54,1,1 vehicle
4908394,2015-03-27 19:02:00,2015,35-06,VDU,36415.0,2015-03-27 19:00:00,2.0,5.89645109935073,4.6028820030654085,4.38,5.13,7.06,-1.99,2,2 or more vehicles
4909020,2015-03-29 15:01:00,2015,360-02,VDU,1493.0,2015-03-29 15:00:00,1.0,9.648713926392738,9.100636214623147,12.5,0.71,0.98,-0.96,1,1 vehicle
4909476,2015-03-30 11:11:00,2015,1-a6,VDU,36270.0,2015-03-30 11:10:00,1.0,1.6801584979952515,4.464514206348191,13.14,10.02,15.39,-2.96,1,1 vehicle
4909755,2015-03-30 13:55:00,2015,82-03,VDU,33563.0,2015-03-30 13:50:00,5.0,0.5460393520481551,0.3760650112123629,11.33,3.68,5.59,-2.84,1,1 vehicle
4909820,2015-03-30 13:55:00,2015,82-03,VDU,33563.0,2015-03-30 13:50:00,5.0,0.5429345486372353,0.3760650112123629,11.33,3.68,5.59,-2.84,1,1 vehicle
4910758,2015-04-01 11:34:00,2015,1-b8,VHDU,36122.0,2015-04-01 11:30:00,4.0,4.809184657953606,3.3807083606755346,11.82,6.92,8.62,-4.3,1,1 vehicle
4910832,2015-04-01 13:05:00,2015,1-k6,VHDU,33204.0,2015-04-01 13:00:00,5.0,8.365261431073012,7.807893229156674,10.57,7.16,11.17,-5.61,1,1 vehicle
4913989,2015-04-08 10:03:00,2015,34-05,VHDU,1395.0,2015-04-08 10:00:00,3.0,3.8513102640280796,4.455773978664814,11.97,4.68,6.69,1.63,1,1 vehicle
4915004,2015-04-09 20:31:00,2015,35-01,VHDU,31399.0,2015-04-09 20:30:00,1.0,5.524492889700799,4.900372212107007,8.51,0.79,1.86,-1.39,1,1 vehicle
4915483,2015-04-10 20:56:00,2015,1-h1,VHDU,1881.0,2015-04-10 21:00:00,4.0,11.164783011730332,6.599972837831535,9.95,9.29,14.14,-0.4,1,1 vehicle
4916099,2015-04-12 14:40:00,2015,1-j2,VHDU,32097.0,2015-04-12 14:40:00,0.0,8.687213800039158,12.851629039775409,9.98,13.94,16.37,-5.2,14,2 or more vehicles
4916464,2015-04-11 19:30:00,2015,36-03,VHDU,31599.0,2015-04-11 19:30:00,0.0,7.2523823491859405,4.109114946230979,4.0,8.39,13.92,-6.06,3,2 or more vehicles
4918643,2015-04-16 16:12:00,2015,92-11,VHDU,5990.0,2015-04-16 16:10:00,2.0,6.229152785105225,4.856153771530656,5.92,1.86,3.07,9.01,2,2 or more vehicles
4919431,2015-04-18 12:53:00,2015,42-01,VHDU,1473.0,2015-04-18 12:50:00,3.0,7.792382217812654,5.682283768255924,10.169999999999998,9.04,13.43,7.78,1,1 vehicle
4921339,2015-04-21 13:57:00,2015,35-03,VHDU,36411.0,2015-04-21 14:00:00,3.0,11.019173241369636,12.565510462223775,8.49,9.27,13.33,5.31,2,2 or more vehicles
4921475,2015-04-21 16:18:00,2015,1-s4,VHDU,34238.0,2015-04-21 16:20:00,2.0,3.195605699754331,2.044687902619077,12.0,20.95,27.15,1.59,1,1 vehicle
4922519,2015-04-23 09:00:00,2015,82-02,VHDU,33563.0,2015-04-23 09:00:00,0.0,10.218607579699466,10.9166146109414,10.71,5.61,7.84,-3.27,1,1 vehicle
4922587,2015-04-23 16:33:00,2015,1-g4,VHDU,31674.0,2015-04-23 16:30:00,3.0,1.1214844208208141,2.9434338577391106,8.41,9.42,13.43,0.62,1,1 vehicle
4923249,2015-04-24 14:49:00,2015,82-02,VHDU,33563.0,2015-04-24 14:50:00,1.0,11.395178342557445,10.9166146109414,10.71,5.82,8.33,-3.84,1,1 vehicle
4923330,2015-04-24 15:12:00,2015,82-02,VHDU,33563.0,2015-04-24 15:10:00,2.0,8.983860414423022,10.9166146109414,10.71,4.79,7.55,-3.77,1,1 vehicle
4923453,2015-04-24 18:17:00,2015,1-p1,VHDU,33357.0,2015-04-24 18:20:00,3.0,0.8591755186757364,2.6900827429345155,10.45,9.39,11.56,-8.25,1,1 vehicle
4924209,2015-04-26 18:47:00,2015,1-q8,VHDU,33487.0,2015-04-26 18:50:00,3.0,6.52669992679922,6.748750985237469,10.05,11.85,15.09,-4.36,1,1 vehicle
4924270,2015-04-26 18:46:00,2015,85-04,VHDU,3696.0,2015-04-26 18:50:00,4.0,6.728624270505386,4.839250240206277,7.15,9.27,12.84,-2.69,1,1 vehicle
4927177,2015-04-30 17:02:00,2015,41-22,VHDU,1350.0,2015-04-30 17:00:00,2.0,2.2571615784789194,2.259852353483001,1.88,6.68,9.34,2.46,2,2 or more vehicles
4927934,2015-05-02 14:01:00,2015,1-b9,VHDU,36122.0,2015-05-02 14:00:00,1.0,4.361160271393174,5.329972713472354,6.02,4.38,10.49,7.5,1,1 vehicle
4929921,2015-05-05 16:50:00,2015,82-02,VHDU,33563.0,2015-05-05 16:50:00,0.0,7.723033373505701,10.9166146109414,10.71,3.6,4.61,-0.87,1,1 vehicle
4931181,2015-05-07 14:46:00,2015,420-01,VHDU,31363.0,2015-05-07 14:50:00,4.0,3.190002857563577,3.8504227892375225,11.32,9.97,12.64,1.82,1,1 vehicle
4936279,2015-05-16 17:42:00,2015,39-01,VHDU,31387.0,2015-05-16 17:40:00,2.0,6.004166045605497,1.6348934580675056,15.67,4.05,5.88,4.41,1,1 vehicle
4936486,2015-05-16 16:02:00,2015,47-11,VHDU,1685.0,2015-05-16 16:00:00,2.0,4.474311621947507,2.85210964840569,13.71,3.02,3.78,5.96,2,2 or more vehicles
4936625,2015-05-17 17:34:00,2015,1-g4,VHDU,31674.0,2015-05-17 17:30:00,4.0,0.604606032496074,2.9434338577391106,8.41,11.18,14.8,6.22,1,1 vehicle
4937278,2015-05-18 14:35:00,2015,85-06,VHDU,3696.0,2015-05-18 14:30:00,5.0,11.338491108979786,6.833850024128578,12.92,3.45,4.86,3.67,1,1 vehicle
4937980,2015-05-19 15:29:00,2015,359-01,VHDU,36415.0,2015-05-19 15:30:00,1.0,3.600362336958921,0.8562202816638138,7.56,10.72,14.41,7.33,1,1 vehicle
4938531,2015-05-20 14:07:00,2015,512-01,VHDU,1689.0,2015-05-20 14:10:00,3.0,14.499278973557637,12.706266962314938,15.04,14.13,17.97,3.37,1,1 vehicle
4938783,2015-05-21 04:37:00,2015,35-03,VHDU,36411.0,2015-05-21 04:40:00,3.0,8.861738761959842,12.565510462223775,8.49,3.89,5.68,0.91,1,1 vehicle
4938987,2015-05-21 12:06:00,2015,50-01,VHDU,1779.0,2015-05-21 12:10:00,4.0,2.645846552446523,3.6583584434854974,9.24,11.03,14.21,2.83,1,1 vehicle
4939970,2015-05-23 01:04:00,2015,37-03,VHDU,36504.0,2015-05-23 01:00:00,4.0,8.884460726444342,8.829620230052322,13.36,4.41,6.17,3.48,1,1 vehicle
4940062,2015-05-23 07:02:00,2015,51-02,VHDU,31572.0,2015-05-23 07:00:00,2.0,5.299527264879072,5.773738212981441,11.24,9.35,14.31,7.48,1,1 vehicle
4940088,2015-05-23 10:50:00,2015,1-r3,VHDU,4406.0,2015-05-23 10:50:00,0.0,8.743574415643247,7.05860661928788,17.56,4.86,6.3,8.29,2,2 or more vehicles
4940542,2015-05-24 14:33:00,2015,590-01,VHDU,2175.0,2015-05-24 14:30:00,3.0,7.49974544934722,5.040284797828875,11.26,2.02,6.56,7.3,1,1 vehicle
4940978,2015-05-25 15:00:00,2015,60-07,VHDU,2175.0,2015-05-25 15:00:00,0.0,11.026197781322791,6.6572981298054845,15.58,2.38,3.85,7.07,2,2 or more vehicles
4941077,2015-05-25 16:57:00,2015,523-02,VHDU,6802.0,2015-05-25 17:00:00,3.0,13.627102471213156,11.963029435323364,7.96,6.57,10.91,9.81,1,1 vehicle
4943190,2015-05-28 20:37:00,2015,1-p3,VHDU,3471.0,2015-05-28 20:40:00,3.0,15.007880248637928,17.04322593257332,10.59,7.21,9.31,4.08,1,1 vehicle
4943736,2015-05-29 13:23:00,2015,99-01,VHDU,5544.0,2015-05-29 13:20:00,3.0,0.5856512515956317,1.21089321665288,3.28,4.5,6.3,9.22,2,2 or more vehicles
4944207,2015-05-30 10:52:00,2015,612-03,VHDU,2304.0,2015-05-30 10:50:00,2.0,4.578638274840011,10.535353510901745,17.24,8.71,11.86,10.22,1,1 vehicle
4945399,2015-06-01 15:03:00,2015,435-00,SDU,1481.0,2015-06-01 15:00:00,3.0,0.9698119000327684,0.4171045231269972,4.61,7.16,10.85,11.12,1,1 vehicle
4945589,2015-06-02 02:46:00,2015,1-q7,SDU,33487.0,2015-06-02 02:50:00,4.0,0.9837907501937332,2.473295195759243,9.65,4.52,6.37,-1.13,1,1 vehicle
4948339,2015-06-06 00:59:00,2015,1-c0,SDU,6222.0,2015-06-06 01:00:00,1.0,6.284288126904084,6.323365886803895,10.13,1.19,1.86,5.05,3,2 or more vehicles
4948495,2015-06-05 10:25:00,2015,1-h1,SDU,1881.0,2015-06-05 10:20:00,5.0,9.506277518725868,6.599972837831535,9.95,3.17,5.52,8.13,1,1 vehicle
4949148,2015-06-05 00:20:00,2015,249-01,SDU,36122.0,2015-06-05 00:20:00,0.0,1.8068491577856183,2.8656442688808204,5.3,0.49,1.47,3.09,2,2 or more vehicles
4949288,2015-06-07 16:05:00,2015,731-02,SDU,33431.0,2015-06-07 16:00:00,5.0,10.957474000907766,13.878354167089809,13.95,12.12,15.88,7.18,1,1 vehicle
4949951,2015-06-07 09:12:00,2015,42-02,SDU,1473.0,2015-06-07 09:10:00,2.0,11.679756669979632,13.240070593365528,13.31,2.45,3.65,7.06,1,1 vehicle
4951485,2015-06-10 19:43:00,2015,255-01,SDU,6222.0,2015-06-10 19:40:00,3.0,6.588957506745645,11.422895962927598,10.89,3.13,5.29,9.63,1,1 vehicle
4953159,2015-06-13 13:59:00,2015,574-02,SDU,31931.0,2015-06-13 14:00:00,1.0,14.10839742543065,15.630862904651623,8.34,8.38,10.39,5.08,1,1 vehicle
4953176,2015-06-13 14:48:00,2015,1-d8,SDU,31392.0,2015-06-13 14:50:00,2.0,1.797181076578581,1.811228203445721,16.63,6.29,9.9,8.67,5,2 or more vehicles
4953612,2015-06-14 14:25:00,2015,939-02,SDU,35963.0,2015-06-14 14:20:00,5.0,0.5332488058822038,3.881853818299356,9.91,2.5,3.14,6.63,1,1 vehicle
4953614,2015-06-14 14:26:00,2015,1-k7,SDU,3223.0,2015-06-14 14:30:00,4.0,17.066405653215813,16.565651898144605,11.68,3.82,5.88,12.91,2,2 or more vehicles
4954184,2015-06-15 11:45:00,2015,52-04,SDU,1689.0,2015-06-15 11:40:00,5.0,15.341239535498085,15.465014971271502,11.75,10.4,13.23,8.5,1,1 vehicle
4955934,2015-06-18 05:31:00,2015,427-12,SDU,31380.0,2015-06-18 05:30:00,1.0,5.387824391721063,8.344923350684882,14.45,5.98,7.84,7.33,1,1 vehicle
4956648,2015-06-18 18:42:00,2015,37-03,SDU,36504.0,2015-06-18 18:40:00,2.0,11.003697345258495,8.829620230052322,13.36,5.21,7.35,9.11,2,2 or more vehicles
4957608,2015-06-20 12:21:00,2015,574-01,SDU,31931.0,2015-06-20 12:20:00,1.0,4.938207857951481,4.4991859417418425,16.82,6.75,9.51,7.86,1,1 vehicle
4958309,2015-06-21 17:11:00,2015,60-32,SDU,32355.0,2015-06-21 17:10:00,1.0,14.438008921387262,16.071558073963168,10.13,1.82,3.53,11.23,1,1 vehicle
4958311,2015-06-21 17:17:00,2015,1-q0,SDU,3471.0,2015-06-21 17:20:00,3.0,2.896784669762946,3.5305709872854014,2.13,5.12,7.18,9.0,2,2 or more vehicles
4959280,2015-06-22 21:02:00,2015,1-d8,SDU,31392.0,2015-06-22 21:00:00,2.0,3.1191241646294534,1.811228203445721,16.63,4.95,6.37,6.14,1,1 vehicle
4960112,2015-06-23 20:09:00,2015,26-06,SDU,6430.0,2015-06-23 20:10:00,1.0,8.078015503177783,6.464287669900802,10.74,5.2,6.07,8.57,1,1 vehicle
4960788,2015-06-24 21:30:00,2015,1-e1,SDU,31488.0,2015-06-24 21:30:00,0.0,6.461234439517981,3.522383406880032,9.79,2.0,3.14,7.97,1,1 vehicle
4962004,2015-06-26 17:36:00,2015,54-02,SDU,1779.0,2015-06-26 17:40:00,4.0,11.469373893784546,11.0845394985849,12.06,4.5,5.52,17.8,1,1 vehicle
4962345,2015-06-27 09:32:00,2015,1-q0,SDU,3471.0,2015-06-27 09:30:00,2.0,3.629277711430887,3.5305709872854014,2.13,2.58,4.99,14.98,2,2 or more vehicles
4962826,2015-06-28 08:59:00,2015,271-01,SDU,6315.0,2015-06-28 09:00:00,1.0,5.162221670853729,5.3060720070101155,10.11,10.21,14.14,11.04,1,1 vehicle
4963667,2015-06-28 07:00:00,2015,1-s9,SDU,4271.0,2015-06-28 07:00:00,0.0,19.370485951040283,18.30644535475735,11.49,3.95,6.17,8.26,1,1 vehicle
4965076,2015-07-01 16:48:00,2015,99-01,SDU,5544.0,2015-07-01 16:50:00,2.0,1.155929077865721,1.21089321665288,3.28,3.82,5.23,8.79,1,1 vehicle
4965150,2015-07-01 20:06:00,2015,1-a7,SDU,36270.0,2015-07-01 20:10:00,4.0,7.432512984507559,7.406305507969019,10.22,2.78,4.02,9.18,1,1 vehicle
4965754,2015-07-02 15:15:00,2015,61-26,SDU,32355.0,2015-07-02 15:10:00,5.0,14.189854455274721,16.186635207162652,13.57,15.02,18.72,5.64,1,1 vehicle
4967219,2015-07-04 15:43:00,2015,1-q1,SDU,3471.0,2015-07-04 15:40:00,3.0,3.390517563013684,2.742420285383358,7.1,4.33,6.43,12.92,1,1 vehicle
4967228,2015-07-04 16:16:00,2015,1-h4,SDU,32097.0,2015-07-04 16:20:00,4.0,5.370638379342717,6.809457005645053,11.46,6.52,8.23,7.17,1,1 vehicle
4969372,2015-07-07 21:06:00,2015,47-02,SDU,31577.0,2015-07-07 21:10:00,4.0,11.901102620911157,9.390488346681892,11.5,4.05,6.27,11.81,1,1 vehicle
4970143,2015-07-09 00:25:00,2015,848-01,SDU,4300.0,2015-07-09 00:20:00,5.0,7.650118520207097,6.386439163438794,8.690000000000001,4.95,6.86,2.86,2,2 or more vehicles
4970564,2015-07-09 11:40:00,2015,833-01,SDU,3474.0,2015-07-09 11:40:00,0.0,6.216281651847867,5.3797927827410765,4.86,6.81,8.27,1.22,1,1 vehicle
4970570,2015-07-09 17:51:00,2015,1-q3,SDU,3474.0,2015-07-09 17:50:00,1.0,4.9142287408059255,3.9336919245067903,13.42,3.58,5.7,2.54,1,1 vehicle
4972089,2015-07-12 14:57:00,2015,41-15,SDU,1473.0,2015-07-12 15:00:00,3.0,0.40316192826958136,2.669518633501688,13.29,3.68,3.98,11.61,1,1 vehicle
4972121,2015-07-12 16:19:00,2015,54-11,SDU,31932.0,2015-07-12 16:20:00,1.0,1.5048635346116603,1.6555647354751262,11.07,6.34,8.23,11.58,1,1 vehicle
4972930,2015-07-13 17:52:00,2015,1-p2,SDU,33357.0,2015-07-13 17:50:00,2.0,8.678316645951677,12.445794851228827,9.9,8.53,10.78,8.82,1,1 vehicle
4974049,2015-07-15 15:28:00,2015,1-d8,SDU,31392.0,2015-07-15 15:30:00,2.0,5.3505250950354055,1.811228203445721,16.63,0.0,0.0,11.21,1,1 vehicle
4975130,2015-07-17 14:39:00,2015,1-g9,SDU,31882.0,2015-07-17 14:40:00,1.0,2.8076533806196693,6.975496895193262,9.12,8.49,13.72,12.76,2,2 or more vehicles
4975155,2015-07-17 15:00:00,2015,1-m8,SDU,3242.0,2015-07-17 15:00:00,0.0,7.562048683642983,8.462555147729427,5.33,5.09,7.19,6.43,2,2 or more vehicles
4975233,2015-07-16 16:47:00,2015,917-04,SDU,4472.0,2015-07-16 16:50:00,3.0,9.705528919566282,9.634508374308025,9.37,5.29,6.56,8.07,1,1 vehicle
4975246,2015-07-17 19:20:00,2015,1-g8,SDU,1779.0,2015-07-17 19:20:00,0.0,5.841862966384298,4.97049771952842,8.600000000000001,6.88,10.22,13.43,3,2 or more vehicles
4975347,2015-07-17 23:09:00,2015,272-01,SDU,6420.0,2015-07-17 23:10:00,1.0,10.954122255980868,12.089602696489877,8.65,0.31,0.88,7.94,1,1 vehicle
4975754,2015-07-18 22:34:00,2015,704-03,SDU,33204.0,2015-07-18 22:30:00,4.0,6.276557077712812,5.601685950187052,7.04,4.15,6.27,6.45,1,1 vehicle
4975809,2015-07-19 02:05:00,2015,82-02,SDU,33563.0,2015-07-19 02:00:00,5.0,12.96961772174681,10.9166146109414,10.71,7.94,10.29,9.19,1,1 vehicle
4979322,2015-07-23 22:35:00,2015,39-01,SDU,31387.0,2015-07-23 22:30:00,5.0,4.388780904184332,1.6348934580675056,15.67,2.94,3.72,8.71,1,1 vehicle
4980247,2015-07-25 13:06:00,2015,608-01,SDU,32372.0,2015-07-25 13:10:00,4.0,13.346603071726099,9.76455769127184,9.85,4.78,7.64,10.39,1,1 vehicle
4980387,2015-07-25 20:12:00,2015,1-b4,SDU,36049.0,2015-07-25 20:10:00,2.0,4.805438563740949,1.9506434494436529,12.05,2.98,3.82,9.74,1,1 vehicle
4980864,2015-07-26 20:36:00,2015,1-h0,SDU,31882.0,2015-07-26 20:40:00,4.0,3.2785046085425185,1.048912143314543,7.74,2.61,4.51,9.61,1,1 vehicle
4981455,2015-07-27 14:00:00,2015,864-04,SDU,4614.0,2015-07-27 14:00:00,0.0,8.93894536651701,5.824974314692375,11.87,4.77,6.79,12.12,1,1 vehicle
4981792,2015-07-28 07:51:00,2015,68-07,SDU,32390.0,2015-07-28 07:50:00,1.0,0.7783010505284182,3.6529314234955184,17.0,1.6,3.14,2.72,1,1 vehicle
4982487,2015-07-29 02:35:00,2015,61-33,SDU,2646.0,2015-07-29 02:30:00,5.0,12.694001258016518,10.974953957267978,13.84,0.06,0.39,5.0,1,1 vehicle
4983665,2015-07-30 16:55:00,2015,612-01,SDU,31122.0,2015-07-30 16:50:00,5.0,6.142578855996019,7.0787246682945595,11.93,2.39,3.14,9.24,1,1 vehicle
4986007,2015-08-03 12:28:00,2015,76-10,SDU,33751.0,2015-08-03 12:30:00,2.0,0.6885819289516536,0.615783075840013,8.0,6.47,9.9,8.2,2,2 or more vehicles
4986086,2015-08-03 16:10:00,2015,30-04,SDU,6420.0,2015-08-03 16:10:00,0.0,5.451729761691937,5.359811449264286,11.71,3.34,5.55,16.03,1,1 vehicle
4987195,2015-08-04 15:51:00,2015,87-01,SDU,33495.0,2015-08-04 15:50:00,1.0,7.7703947863047595,5.224729894838622,10.74,7.26,9.7,7.7,1,1 vehicle
4988871,2015-08-07 07:54:00,2015,50-05,SDU,31882.0,2015-08-07 07:50:00,4.0,3.188160136923645,5.057933775872968,14.11,0.03,0.49,8.92,1,1 vehicle
4989201,2015-08-07 15:42:00,2015,26-06,SDU,6430.0,2015-08-07 15:40:00,2.0,11.531817325583864,6.464287669900802,10.74,2.57,3.23,13.56,1,1 vehicle
4990143,2015-08-09 15:30:00,2015,1-e1,SDU,31488.0,2015-08-09 15:30:00,0.0,1.6439558405051058,3.522383406880032,9.79,7.78,10.78,12.89,1,1 vehicle
4990185,2015-08-09 17:15:00,2015,47-03,SDU,1685.0,2015-08-09 17:10:00,5.0,8.12388094116563,8.981067267590838,9.71,2.16,3.78,11.46,1,1 vehicle
4990258,2015-08-09 19:45:00,2015,1-f5,SDU,31579.0,2015-08-09 19:40:00,5.0,3.5172234738550245,1.028741036313794,11.92,6.23,10.49,9.73,3,2 or more vehicles
4992279,2015-08-12 10:38:00,2015,94-03,SDU,4271.0,2015-08-12 10:40:00,2.0,15.875058085969567,15.26307140589362,9.01,5.55,6.79,9.44,1,1 vehicle
4993274,2015-08-13 19:24:00,2015,1-d8,SDU,31392.0,2015-08-13 19:20:00,4.0,5.804218576202868,1.811228203445721,16.63,9.82,12.74,5.75,1,1 vehicle
4993990,2015-08-14 22:48:00,2015,1-s4,SDU,34238.0,2015-08-14 22:50:00,2.0,1.7145912613850265,2.044687902619077,12.0,6.52,8.92,6.23,1,1 vehicle
4994107,2015-08-15 02:16:00,2015,60-46,SDU,2636.0,2015-08-15 02:20:00,4.0,4.867858514678207,1.8431777366694395,7.28,5.27,7.47,3.42,1,1 vehicle
4994839,2015-08-16 18:30:00,2015,76-08,SDU,33643.0,2015-08-16 18:30:00,0.0,1.7389437091317541,6.4254042227708075,11.86,1.1,1.67,9.69,1,1 vehicle
4995151,2015-08-17 11:29:00,2015,93-01,SDU,4271.0,2015-08-17 11:30:00,1.0,1.638159569178431,1.7057193753947664,1.72,7.28,10.45,14.65,1,1 vehicle
4995996,2015-08-18 10:32:00,2015,722-03,SDU,3223.0,2015-08-18 10:30:00,2.0,5.670425068684698,3.716016482145556,8.97,0.7,1.4,13.37,2,2 or more vehicles
4999085,2015-08-22 12:40:00,2015,1-q5,SDU,33480.0,2015-08-22 12:40:00,0.0,8.858857482865933,8.323557642546657,13.83,1.34,2.74,14.27,2,2 or more vehicles
4999624,2015-08-23 09:09:00,2015,58-01,SDU,2050.0,2015-08-23 09:10:00,1.0,3.494560900755345,3.9981174783629543,8.67,6.45,9.41,8.73,1,1 vehicle
4999736,2015-08-23 17:05:00,2015,85-09,SDU,34700.0,2015-08-23 17:00:00,5.0,0.5240121750408036,1.803700904588818,10.38,3.46,5.1,10.85,1,1 vehicle
4999752,2015-08-23 17:23:00,2015,1-d8,SDU,31392.0,2015-08-23 17:20:00,3.0,6.082293000331266,1.811228203445721,16.63,4.27,7.15,9.01,1,1 vehicle
5000513,2015-08-25 00:54:00,2015,42-02,SDU,1473.0,2015-08-25 00:50:00,4.0,9.570128099745325,13.240070593365528,13.31,3.41,6.46,15.74,1,1 vehicle
5001219,2015-08-25 14:00:00,2015,51-01,SDU,31572.0,2015-08-25 14:00:00,0.0,0.7427251080507814,0.926567118382983,7.16,3.99,8.23,18.91,1,1 vehicle
5004291,2015-08-30 13:53:00,2015,59-01,SDU,2175.0,2015-08-30 13:50:00,3.0,12.755546773945056,12.584237084727231,13.57,3.85,5.65,12.52,1,1 vehicle
5004339,2015-08-30 15:18:00,2015,1-b5,SDU,6045.0,2015-08-30 15:20:00,2.0,4.820451571764829,7.297304255791511,14.29,6.05,7.81,11.96,1,1 vehicle
5005521,2015-09-01 09:25:00,2015,752-01,SDU,3242.0,2015-09-01 09:20:00,5.0,9.696549055974009,5.678508188110705,9.76,3.15,4.27,7.98,1,1 vehicle
5008245,2015-09-05 04:18:00,2015,1-p5,SDU,3463.0,2015-09-05 04:20:00,2.0,2.971654984045253,4.005505581134992,2.99,8.78,13.33,11.24,1,1 vehicle
5008665,2015-09-06 07:32:00,2015,82-12,SDU,33750.0,2015-09-06 07:30:00,2.0,13.060485772167032,13.312291262430248,9.1,10.85,14.9,13.72,1,1 vehicle
5008773,2015-09-06 15:06:00,2015,519-01,SDU,6802.0,2015-09-06 15:10:00,4.0,12.977090629712587,12.97756800752132,13.25,3.84,7.8,12.27,1,1 vehicle
5009673,2015-09-07 18:37:00,2015,1-e2,SDU,1481.0,2015-09-07 18:40:00,3.0,2.9188231163501484,3.0522745231845994,3.46,13.28,17.48,11.26,3,2 or more vehicles
5009717,2015-09-07 20:50:00,2015,1-q2,SDU,3474.0,2015-09-07 20:50:00,0.0,4.830540978416614,4.198174247980663,5.52,18.64,22.83,8.86,1,1 vehicle
5010454,2015-09-08 22:59:00,2015,1-q8,SDU,33487.0,2015-09-08 23:00:00,1.0,6.558806899744811,6.748750985237469,10.05,3.15,4.61,9.82,1,1 vehicle
5011440,2015-09-10 16:10:00,2015,711-01,SDU,33204.0,2015-09-10 16:10:00,0.0,15.681492569570482,13.537838072746634,10.01,11.25,15.97,11.18,1,1 vehicle
5012535,2015-09-12 22:38:00,2015,302-01,SDU,36308.0,2015-09-12 22:40:00,2.0,4.40763638626056,3.550935979887614,7.58,0.94,1.27,5.57,1,1 vehicle
5013932,2015-09-15 08:13:00,2015,41-21,SDU,1350.0,2015-09-15 08:10:00,3.0,1.403414405833712,1.4041541058646172,3.28,9.06,12.32,8.59,2,2 or more vehicles
5014305,2015-09-15 12:27:00,2015,1-b0,SDU,36156.0,2015-09-15 12:30:00,3.0,5.526470286709733,5.81305271343813,12.09,3.57,6.08,14.89,1,1 vehicle
5015098,2015-09-16 16:30:00,2015,574-01,SDU,31931.0,2015-09-16 16:30:00,0.0,2.221015410985271,4.4991859417418425,16.82,12.59,18.52,7.21,1,1 vehicle
5015144,2015-09-16 19:01:00,2015,35-03,SDU,36411.0,2015-09-16 19:00:00,1.0,11.999119372441978,12.565510462223775,8.49,7.43,11.86,9.14,1,1 vehicle
5016160,2015-09-18 09:30:00,2015,1-d8,SDU,31392.0,2015-09-18 09:30:00,0.0,2.0889743342614007,1.811228203445721,16.63,6.89,9.02,4.3,1,1 vehicle
5016477,2015-09-19 16:38:00,2015,1-e1,SDU,31488.0,2015-09-19 16:40:00,2.0,6.944755039853941,3.522383406880032,9.79,17.01,25.19,10.51,3,2 or more vehicles
5017916,2015-09-22 14:18:00,2015,1-p6,SDU,3471.0,2015-09-22 14:20:00,2.0,3.2531191616831583,2.7742615388858822,4.92,6.37,10.26,11.2,1,1 vehicle
5018458,2015-09-24 08:33:00,2015,35-02,SDU,31399.0,2015-09-24 08:30:00,3.0,13.27172145174403,12.28642901367293,7.8,0.0,0.0,2.81,1,1 vehicle
5019503,2015-09-26 14:19:00,2015,60-22,SDU,32372.0,2015-09-26 14:20:00,1.0,8.842115481373854,8.387800559612256,3.16,14.13,21.46,10.25,1,1 vehicle
5019533,2015-09-26 16:20:00,2015,716-01,SDU,33204.0,2015-09-26 16:20:00,0.0,10.634260562936534,10.845921611768873,3.49,5.76,9.31,13.17,1,1 vehicle
5019856,2015-09-27 11:17:00,2015,56-02,SDU,31948.0,2015-09-27 11:20:00,3.0,2.5015111135913832,4.089604367560472,5.42,9.1,12.74,6.17,1,1 vehicle
5019935,2015-09-27 16:21:00,2015,1-g9,SDU,31882.0,2015-09-27 16:20:00,1.0,8.557295198563178,6.975496895193262,9.12,8.13,12.45,8.93,3,2 or more vehicles
5020060,2015-09-27 19:23:00,2015,608-01,SDU,32372.0,2015-09-27 19:20:00,3.0,9.056194331764747,9.76455769127184,9.85,2.17,3.23,6.9,1,1 vehicle
5021138,2015-09-29 23:46:00,2015,1-e2,SDU,1481.0,2015-09-29 23:50:00,4.0,2.229472573739745,3.0522745231845994,3.46,15.14,20.78,6.6,1,1 vehicle
5021184,2015-09-30 07:14:00,2015,1-q1,SDU,3471.0,2015-09-30 07:10:00,4.0,4.499780106253574,2.742420285383358,7.1,10.48,18.39,12.68,1,1 vehicle
5021470,2015-09-29 13:10:00,2015,864-01,SDU,4323.0,2015-09-29 13:10:00,0.0,6.3126135645764165,7.496876045172349,15.27,5.42,7.87,7.79,1,1 vehicle
5022386,2015-10-02 22:06:00,2015,1-p1,VHDU,33357.0,2015-10-02 22:10:00,4.0,1.85658304542514,2.6900827429345155,10.45,7.85,11.66,-0.12,1,1 vehicle
5022743,2015-10-03 21:10:00,2015,54-10,VHDU,31931.0,2015-10-03 21:10:00,0.0,5.3959817975401,2.024564862693844,14.07,9.62,11.76,-0.1,1,1 vehicle
5023030,2015-10-04 15:48:00,2015,574-04,VHDU,1919.0,2015-10-04 15:50:00,2.0,9.040963080033693,3.500203272167804,15.61,5.25,7.54,6.91,1,1 vehicle
5023575,2015-10-05 18:23:00,2015,1-q3,VHDU,3474.0,2015-10-05 18:20:00,3.0,7.176289585207271,3.9336919245067903,13.42,3.33,4.36,2.75,4,2 or more vehicles
5023783,2015-10-06 10:21:00,2015,1-q3,VHDU,3474.0,2015-10-06 10:20:00,1.0,7.288507998099436,3.9336919245067903,13.42,7.18,9.27,4.81,1,1 vehicle
5024207,2015-10-07 07:12:00,2015,1-d8,VHDU,31392.0,2015-10-07 07:10:00,2.0,0.8612907217020055,1.811228203445721,16.63,8.39,11.47,3.51,1,1 vehicle
5024230,2015-10-07 09:06:00,2015,1-m2,VHDU,33419.0,2015-10-07 09:10:00,4.0,7.4589671251522045,5.573498711103916,13.26,8.04,11.76,6.85,3,2 or more vehicles
5024571,2015-10-07 20:54:00,2015,724-01,VHDU,3317.0,2015-10-07 20:50:00,4.0,13.894220533583542,13.565277726177229,12.84,5.12,7.02,6.28,1,1 vehicle
5025258,2015-10-09 15:22:00,2015,1-s4,VHDU,34238.0,2015-10-09 15:20:00,2.0,6.155873652466745,2.044687902619077,12.0,6.35,9.6,2.69,1,1 vehicle
5025946,2015-10-12 02:15:00,2015,41-21,VHDU,1350.0,2015-10-12 02:10:00,5.0,1.353565185088106,1.4041541058646172,3.28,2.68,3.56,4.77,1,1 vehicle
5026347,2015-10-12 15:05:00,2015,59-02,VHDU,32190.0,2015-10-12 15:00:00,5.0,10.29892100729765,3.972460559685162,14.7,3.79,7.55,6.68,1,1 vehicle
5026925,2015-10-13 23:33:00,2015,30-03,VHDU,6420.0,2015-10-13 23:30:00,3.0,8.818246913374631,8.358566938022642,1.44,1.96,2.31,-1.02,1,1 vehicle
5026940,2015-10-14 01:14:00,2015,1-q5,VHDU,33480.0,2015-10-14 01:10:00,4.0,9.071407974261877,8.323557642546657,13.83,1.19,2.45,1.92,1,1 vehicle
5027215,2015-10-14 16:19:00,2015,1-s2,VHDU,4830.0,2015-10-14 16:20:00,1.0,11.746290431509966,10.350341163838008,8.67,6.56,8.53,4.41,1,1 vehicle
5027365,2015-10-15 05:30:00,2015,60-02,VHDU,31985.0,2015-10-15 05:30:00,0.0,7.25799787134813,4.696286398233004,11.34,10.34,13.23,2.98,1,1 vehicle
5027542,2015-10-15 19:00:00,2015,1-t4,VHDU,4271.0,2015-10-15 19:00:00,0.0,12.326051946171567,1.758339721525823,10.99,1.17,3.1,2.96,1,1 vehicle
5027689,2015-10-16 11:39:00,2015,1-j2,VHDU,32097.0,2015-10-16 11:40:00,1.0,12.131593886188321,12.851629039775409,9.98,18.03,23.52,5.2,1,1 vehicle
5028374,2015-10-18 14:12:00,2015,35-11,VHDU,36519.0,2015-10-18 14:10:00,2.0,12.580768020793942,8.402290279671812,11.74,4.38,8.13,5.13,1,1 vehicle
5028657,2015-10-19 16:25:00,2015,314-01,VHDU,1395.0,2015-10-19 16:20:00,5.0,7.223426980747546,8.691274903926406,9.43,4.01,5.42,6.29,1,1 vehicle
5028940,2015-10-20 16:57:00,2015,63-03,VHDU,32322.0,2015-10-20 17:00:00,3.0,0.6323107797420411,0.5913013752688775,14.65,11.75,14.5,-0.34,1,1 vehicle
5028962,2015-10-20 18:57:00,2015,1-q3,VHDU,3474.0,2015-10-20 19:00:00,3.0,6.665118692425669,3.9336919245067903,13.42,7.04,18.27,-1.44,1,1 vehicle
5029076,2015-10-21 07:53:00,2015,65-01,VHDU,32635.0,2015-10-21 07:50:00,3.0,2.343616424815236,2.867804950876332,5.07,2.77,8.13,2.94,1,1 vehicle
5029101,2015-10-21 09:51:00,2015,62-04,VHDU,32224.0,2015-10-21 09:50:00,1.0,0.5685629331449064,0.403835073906412,12.06,8.02,11.96,0.66,1,1 vehicle
5029649,2015-10-22 13:44:00,2015,923-01,VHDU,34148.0,2015-10-22 13:40:00,4.0,6.220330072020073,5.72350053157542,14.91,3.57,5.39,-0.52,1,1 vehicle
5029669,2015-10-22 14:32:00,2015,43-01,VHDU,31364.0,2015-10-22 14:30:00,2.0,2.5441055482032846,3.7630196539385503,13.3,3.46,4.51,4.9,2,2 or more vehicles
5030791,2015-10-25 19:20:00,2015,50-01,VHDU,1779.0,2015-10-25 19:20:00,0.0,4.829517923242686,3.6583584434854974,9.24,3.07,4.96,-2.14,1,1 vehicle
5031694,2015-10-27 16:55:00,2015,60-07,VHDU,2175.0,2015-10-27 16:50:00,5.0,7.852470192576088,6.6572981298054845,15.58,1.3,2.12,0.38,1,1 vehicle
5031695,2015-10-27 17:03:00,2015,1-k5,VHDU,33204.0,2015-10-27 17:00:00,3.0,2.4766746952576706,0.4927782706765492,7.0,0.51,0.88,-2.59,1,1 vehicle
5031707,2015-10-27 18:01:00,2015,426-01,VHDU,31364.0,2015-10-27 18:00:00,1.0,2.2996080801459065,1.731350363455631,2.35,9.89,17.35,7.43,2,2 or more vehicles
5032122,2015-10-28 20:09:00,2015,41-13,VHDU,1475.0,2015-10-28 20:10:00,1.0,5.31463548496456,5.677421311253726,2.51,4.55,7.77,9.28,4,2 or more vehicles
5032926,2015-10-30 17:53:00,2015,1-j1,VHDU,32097.0,2015-10-30 17:50:00,3.0,1.1998446642180076,3.198771852515269,10.83,6.43,8.13,1.18,1,1 vehicle
5033165,2015-10-31 09:25:00,2015,35-04,VHDU,36411.0,2015-10-31 09:20:00,5.0,2.118081327603056,4.502054796897285,8.82,5.1,6.76,1.3,1,1 vehicle
5033212,2015-10-31 11:29:00,2015,1-b9,VHDU,36122.0,2015-10-31 11:30:00,1.0,2.4874960415537704,5.329972713472354,6.02,2.13,2.74,2.17,2,2 or more vehicles
5033288,2015-10-31 17:34:00,2015,26-01,VHDU,6310.0,2015-10-31 17:30:00,4.0,9.15046960141349,8.661999678256562,8.98,1.15,1.37,1.21,1,1 vehicle
5033844,2015-11-02 07:49:00,2015,92-07,VHDU,5981.0,2015-11-02 07:50:00,1.0,0.3272328235466223,4.3294707374769,12.89,1.73,3.85,5.93,2,2 or more vehicles
5033946,2015-10-17 13:10:00,2015,842-04,VHDU,3292.0,2015-10-17 13:10:00,0.0,12.314010293476976,10.095658459934072,8.14,14.57,21.46,8.14,1,1 vehicle
5034179,2015-11-02 18:11:00,2015,34-03,VHDU,1395.0,2015-11-02 18:10:00,1.0,2.6231936316994062,1.9799264204565696,1.52,6.97,9.38,6.8,2,2 or more vehicles
5034879,2015-11-03 20:04:00,2015,1-k3,VHDU,2197.0,2015-11-03 20:00:00,4.0,7.137029661575011,5.350417813137898,11.87,6.23,7.87,1.79,1,1 vehicle
5034887,2015-11-03 20:44:00,2015,41-21,VHDU,1350.0,2015-11-03 20:40:00,4.0,1.5669770540684023,1.4041541058646172,3.28,5.02,9.77,2.93,2,2 or more vehicles
5037243,2015-11-09 06:25:00,2015,939-02,VHDU,35963.0,2015-11-09 06:20:00,5.0,0.37516337860880283,3.881853818299356,9.91,4.92,6.08,-1.56,1,1 vehicle
5037842,2015-11-09 17:31:00,2015,508-01,VHDU,1779.0,2015-11-09 17:30:00,1.0,3.987764235847391,4.527503391636561,5.84,2.86,3.75,-2.12,1,1 vehicle
5037900,2015-11-09 21:18:00,2015,1-k3,VHDU,2197.0,2015-11-09 21:20:00,2.0,2.4104905121224074,5.350417813137898,11.87,3.36,4.54,-1.94,2,2 or more vehicles
5037919,2015-11-09 22:26:00,2015,54-04,VHDU,1868.0,2015-11-09 22:30:00,4.0,9.698462745767664,10.280100279519766,12.29,5.42,8.1,1.98,1,1 vehicle
5038144,2015-11-10 11:42:00,2015,30-02,VHDU,6310.0,2015-11-10 11:40:00,2.0,9.820151357726662,7.228154041565046,8.89,5.9,7.54,2.8,1,1 vehicle
5039248,2015-11-12 12:47:00,2015,1-c8,VHDU,36308.0,2015-11-12 12:50:00,3.0,6.280838052156938,4.831712605587408,10.24,4.22,5.39,0.24,1,1 vehicle
5039429,2015-11-12 21:56:00,2015,1-k2,VHDU,2197.0,2015-11-12 22:00:00,4.0,5.653929094162583,6.007449718079592,11.35,4.82,5.74,-3.05,1,1 vehicle
5039953,2015-11-13 21:36:00,2015,41-21,VHDU,1350.0,2015-11-13 21:40:00,4.0,1.362618211084501,1.4041541058646172,3.28,3.79,4.27,0.79,1,1 vehicle
5040418,2015-11-15 03:17:00,2015,43-01,VHDU,31364.0,2015-11-15 03:20:00,3.0,0.49441723380474967,3.7630196539385503,13.3,4.97,7.74,0.39,1,1 vehicle
5040642,2015-11-15 19:05:00,2015,93-02,VHDU,34175.0,2015-11-15 19:00:00,5.0,3.472623083694343,2.2346382814282277,9.93,2.65,2.65,-1.36,1,1 vehicle
5041237,2015-11-16 19:27:00,2015,54-06,VHDU,31958.0,2015-11-16 19:30:00,3.0,2.1116557568158996,3.816243689301748,12.24,10.36,20.87,3.96,1,1 vehicle
5042759,2015-11-19 14:45:00,2015,1-j1,VHDU,32097.0,2015-11-19 14:40:00,5.0,6.0216678337453775,3.198771852515269,10.83,5.51,6.57,-9.83,1,1 vehicle
5042851,2015-11-19 19:39:00,2015,76-03,VHDU,3433.0,2015-11-19 19:40:00,1.0,9.367329907031918,11.688514772049754,7.96,7.26,9.47,-5.48,1,1 vehicle
5043272,2015-11-20 14:42:00,2015,429-02,VHDU,1350.0,2015-11-20 14:40:00,2.0,4.582259798824229,5.685793567904326,4.32,6.24,7.93,-0.75,1,1 vehicle
5043375,2015-11-20 18:58:00,2015,1-f5,VHDU,31579.0,2015-11-20 19:00:00,2.0,3.0410523845851807,1.028741036313794,11.92,6.68,8.53,-4.21,1,1 vehicle
5043712,2015-11-21 16:35:00,2015,417-01,VHDU,31488.0,2015-11-21 16:30:00,5.0,3.942178803016016,3.9814362695232663,8.4,2.06,3.43,1.65,1,1 vehicle
5044634,2015-11-23 17:54:00,2015,845-02,VHDU,3591.0,2015-11-23 17:50:00,4.0,5.001367956380734,5.166256434975127,6.76,7.29,10.68,3.22,1,1 vehicle
5044937,2015-11-24 12:39:00,2015,1-q5,VHDU,33480.0,2015-11-24 12:40:00,1.0,11.257704088935034,8.323557642546657,13.83,1.94,4.41,-0.2,2,2 or more vehicles
5045270,2015-11-25 08:17:00,2015,1-k4,VHDU,33204.0,2015-11-25 08:20:00,3.0,4.261209762578745,4.377143261503581,4.07,1.16,1.86,-2.58,1,1 vehicle
5045365,2015-11-25 10:50:00,2015,25-01,VHDU,6315.0,2015-11-25 10:50:00,0.0,2.9512980048235553,3.0671653952245763,4.94,1.66,3.29,1.82,1,1 vehicle
5046226,2015-11-26 17:51:00,2015,509-01,VHDU,31572.0,2015-11-26 17:50:00,1.0,4.059399795249685,4.617891033666576,1.51,3.76,6.47,0.83,2,2 or more vehicles
5046650,2015-11-27 16:55:00,2015,1-f5,VHDU,31579.0,2015-11-27 16:50:00,5.0,0.7659468701417673,1.028741036313794,11.92,5.7,6.96,-3.15,1,1 vehicle
5046956,2015-11-28 13:09:00,2015,1-s5,VHDU,34238.0,2015-11-28 13:10:00,1.0,5.370335642007936,11.05888658286931,19.9,12.22,15.09,-9.85,1,1 vehicle
5047708,2015-11-30 12:48:00,2015,45-03,VHDU,1453.0,2015-11-30 12:50:00,2.0,3.7718041950270496,2.3575337504404903,4.33,3.84,5.78,-0.25,1,1 vehicle
5047933,2015-11-30 23:24:00,2015,43-01,VHDU,31364.0,2015-11-30 23:20:00,4.0,0.3366051694093599,3.7630196539385503,13.3,6.43,10.49,-0.82,1,1 vehicle
5048639,2015-12-02 16:56:00,2015,1-d8,VDU,31392.0,2015-12-02 17:00:00,4.0,2.19754964428806,1.811228203445721,16.63,4.32,7.74,-4.22,2,2 or more vehicles
5048749,2015-12-03 00:11:00,2015,1-f5,VDU,31579.0,2015-12-03 00:10:00,1.0,2.584923382756283,1.028741036313794,11.92,5.25,8.04,-1.41,1,1 vehicle
5048835,2015-12-03 09:28:00,2015,1-c2,VDU,6315.0,2015-12-03 09:30:00,2.0,8.854761943733552,6.674890552366854,7.62,3.42,6.3,-3.79,2,2 or more vehicles
5049810,2015-12-05 10:39:00,2015,41-16,VDU,31363.0,2015-12-05 10:40:00,1.0,5.5867527224319735,4.6115007826263295,11.62,13.07,16.66,0.21,1,1 vehicle
5049873,2015-12-05 14:56:00,2015,41-16,VDU,31363.0,2015-12-05 15:00:00,4.0,2.773850062191895,4.6115007826263295,11.62,14.5,18.33,-0.56,1,1 vehicle
5049954,2015-12-05 18:54:00,2015,41-15,VDU,1473.0,2015-12-05 18:50:00,4.0,8.13107927794016,2.669518633501688,13.29,12.5,17.93,0.68,1,1 vehicle
5051041,2015-12-08 12:01:00,2015,41-15,VDU,1473.0,2015-12-08 12:00:00,1.0,1.2590914997207128,2.669518633501688,13.29,11.1,16.37,4.92,2,2 or more vehicles
5051313,2015-12-09 08:22:00,2015,41-16,VDU,31363.0,2015-12-09 08:20:00,2.0,1.9343059359511516,4.6115007826263295,11.62,3.55,4.21,-2.27,1,1 vehicle
5052760,2015-12-11 17:51:00,2015,1-m9,VDU,3242.0,2015-12-11 17:50:00,1.0,6.848136267868211,5.492674552934827,11.1,1.29,2.35,-2.98,4,2 or more vehicles
5053541,2015-12-13 16:39:00,2015,1-e1,VDU,31488.0,2015-12-13 16:40:00,1.0,5.524972468681469,3.522383406880032,9.79,3.65,4.9,-2.99,3,2 or more vehicles
5053989,2015-12-14 13:56:00,2015,1-d1,VDU,36308.0,2015-12-14 14:00:00,4.0,0.5148244796398342,1.5292496506417883,3.18,2.69,5.0,1.4,1,1 vehicle
5054174,2015-12-14 21:58:00,2015,1-b5,VDU,6045.0,2015-12-14 22:00:00,2.0,1.7879507872499218,7.297304255791511,14.29,0.13,0.88,2.81,1,1 vehicle
5054272,2015-12-15 09:16:00,2015,54-03,VDU,1868.0,2015-12-15 09:20:00,4.0,1.1891400449159946,2.6913564127215324,14.08,6.3,7.84,2.16,1,1 vehicle
5054681,2015-12-16 00:40:00,2015,1-h4,VDU,32097.0,2015-12-16 00:40:00,0.0,2.3617209585897876,6.809457005645053,11.46,0.98,1.76,-1.56,2,2 or more vehicles
5055941,2015-12-18 13:56:00,2015,41-17,VDU,1350.0,2015-12-18 14:00:00,4.0,7.4775462691224295,6.841931195549181,4.56,2.9,3.72,-0.88,1,1 vehicle
5056019,2015-12-18 14:12:00,2015,41-17,VDU,1350.0,2015-12-18 14:10:00,2.0,7.284444319274396,6.841931195549181,4.56,3.74,4.63,-0.76,2,2 or more vehicles
5056121,2015-12-18 21:08:00,2015,821-01,VDU,3471.0,2015-12-18 21:10:00,2.0,7.886593774948267,7.64609910465302,5.7,4.33,6.17,-3.37,1,1 vehicle
5056610,2015-12-20 00:19:00,2015,1-c2,VDU,6315.0,2015-12-20 00:20:00,1.0,6.8095779206587155,6.674890552366854,7.62,12.11,15.12,2.35,1,1 vehicle
5057457,2015-12-21 13:55:00,2015,36-07,VDU,31591.0,2015-12-21 13:50:00,5.0,0.24872764187069882,2.4786463022842136,5.1,5.4,6.86,-1.42,2,2 or more vehicles
5057582,2015-12-21 16:40:00,2015,1-a3,VDU,6272.0,2015-12-21 16:40:00,0.0,12.021834433543471,13.691688950930176,9.44,3.21,3.95,0.22,1,1 vehicle
5057943,2015-12-22 14:54:00,2015,35-01,VDU,31399.0,2015-12-22 14:50:00,4.0,4.761457156465925,4.900372212107007,8.51,6.12,13.43,2.31,1,1 vehicle
5057991,2015-12-22 16:00:00,2015,1-p6,VDU,3471.0,2015-12-22 16:00:00,0.0,4.227122868381427,2.7742615388858822,4.92,1.35,1.82,-5.19,3,2 or more vehicles
5058432,2015-12-23 10:29:00,2015,41-17,VDU,1350.0,2015-12-23 10:30:00,1.0,8.693519607643884,6.841931195549181,4.56,1.16,2.25,1.4,1,1 vehicle
5058798,2015-12-25 03:24:00,2015,1-p4,VDU,3463.0,2015-12-25 03:20:00,4.0,9.752373024775741,6.428645425378839,11.46,6.47,9.15,-7.92,1,1 vehicle
5058917,2015-12-25 20:15:00,2015,41-16,VDU,31363.0,2015-12-25 20:10:00,5.0,3.553970085476615,4.6115007826263295,11.62,1.78,2.25,-8.38,1,1 vehicle
5059067,2015-12-26 16:46:00,2015,1-e1,VDU,31488.0,2015-12-26 16:50:00,4.0,0.598077784381634,3.522383406880032,9.79,8.85,11.96,1.51,1,1 vehicle
5060352,2015-12-29 14:40:00,2015,41-16,VDU,31363.0,2015-12-29 14:40:00,0.0,0.7101246094160334,4.6115007826263295,11.62,9.73,13.92,1.97,1,1 vehicle
5060410,2015-12-29 17:40:00,2015,35-05,VDU,36411.0,2015-12-29 17:40:00,0.0,4.579787141982842,3.3689289838627756,4.84,2.67,3.92,-0.02,2,2 or more vehicles
5060491,2015-12-29 22:42:00,2015,429-02,VDU,1350.0,2015-12-29 22:40:00,2.0,5.518318416844722,5.685793567904326,4.32,7.15,9.11,0.45,2,2 or more vehicles
5061026,2015-12-31 11:19:00,2015,35-01,VDU,31399.0,2015-12-31 11:20:00,1.0,3.2239195649698553,4.900372212107007,8.51,1.73,3.04,-0.78,1,1 vehicle
5061177,2016-01-01 00:10:00,2016,41-15,VDU,1473.0,2016-01-01 00:10:00,0.0,2.839625800308733,2.669518633501688,13.26,10.16,15.29,0.66,1,1 vehicle
5061476,2016-01-01 15:16:00,2016,1-g4,VDU,31674.0,2016-01-01 15:20:00,4.0,0.3005899017232535,2.9434338577391106,8.41,11.2,19.7,0.94,2,2 or more vehicles
5062156,2016-01-03 19:48:00,2016,1-k3,VDU,2197.0,2016-01-03 19:50:00,2.0,6.979048879832062,5.350417813137898,11.85,1.94,2.74,-3.35,3,2 or more vehicles
5062603,2016-01-04 15:31:00,2016,427-04,VDU,31365.0,2016-01-04 15:30:00,1.0,1.3342289238695648,0.1007673098225247,7.26,7.96,13.82,3.32,2,2 or more vehicles
5063526,2016-01-06 12:53:00,2016,60-03,VDU,31985.0,2016-01-06 12:50:00,3.0,13.362920243439243,15.210660974645302,11.98,14.45,19.8,-5.23,2,2 or more vehicles
5063794,2016-01-06 22:20:00,2016,1-g5,VDU,1779.0,2016-01-06 22:20:00,0.0,6.85958840185571,7.000866790432446,2.48,11.15,16.2,0.98,2,2 or more vehicles
5064014,2016-01-07 12:25:00,2016,1-p1,VDU,33357.0,2016-01-07 12:20:00,5.0,2.2692258684336566,2.6900827429345155,10.45,13.23,21.56,0.57,1,1 vehicle
5064187,2016-01-07 17:24:00,2016,54-12,VDU,1938.0,2016-01-07 17:20:00,4.0,7.990012616727685,5.122886456510389,8.59,11.04,21.66,4.3,1,1 vehicle
5065241,2016-01-10 00:20:00,2016,350-01,VDU,31399.0,2016-01-10 00:20:00,0.0,8.80336250981152,9.947607235681645,12.08,9.42,13.72,-0.03,1,1 vehicle
5065740,2016-01-11 09:34:00,2016,50-03,VDU,31882.0,2016-01-11 09:30:00,4.0,11.094660591834623,10.56287031936033,9.6,4.44,5.88,-5.85,2,2 or more vehicles
5066180,2016-01-11 15:48:00,2016,1-f5,VDU,31579.0,2016-01-11 15:50:00,2.0,1.660806093678475,1.028741036313794,11.92,11.35,15.19,-2.91,1,1 vehicle
5068045,2016-01-14 14:51:00,2016,36-07,VDU,31591.0,2016-01-14 14:50:00,1.0,4.053618850445879,2.4786463022842136,5.1,2.13,2.74,-7.05,2,2 or more vehicles
5069517,2016-01-18 02:45:00,2016,1-g9,VDU,31882.0,2016-01-18 02:40:00,5.0,8.788753525780242,6.975496895193262,9.12,3.77,5.0,-3.86,1,1 vehicle
5070828,2016-01-19 23:36:00,2016,1-e1,VDU,31488.0,2016-01-19 23:40:00,4.0,7.3786956823005525,3.522383406880032,9.79,7.07,8.33,0.43,1,1 vehicle
5072106,2016-01-22 14:35:00,2016,1-m8,VDU,3242.0,2016-01-22 14:30:00,5.0,8.50733020745439,8.462555147729427,5.33,4.71,7.55,6.5,1,1 vehicle
5073807,2016-01-26 09:20:00,2016,359-01,VDU,36415.0,2016-01-26 09:20:00,0.0,2.6735376000991242,0.8562202816638138,7.56,1.56,2.16,-2.89,1,1 vehicle
5073928,2016-01-26 11:43:00,2016,1-d8,VDU,31392.0,2016-01-26 11:40:00,3.0,6.047105532761004,1.811228203445721,16.61,0.42,0.78,-4.61,1,1 vehicle
5073994,2016-01-26 14:41:00,2016,824-01,VDU,3371.0,2016-01-26 14:40:00,1.0,2.392559291648485,2.043132482733729,6.83,5.64,9.67,1.16,1,1 vehicle
5074009,2016-01-26 14:58:00,2016,1-d6,VDU,31399.0,2016-01-26 15:00:00,2.0,3.8150290190128415,2.8564832758413083,10.51,1.43,3.14,-1.39,1,1 vehicle
5074471,2016-01-27 13:24:00,2016,1-b2,VDU,36049.0,2016-01-27 13:20:00,4.0,6.857948286770319,8.033192618523229,12.03,9.78,17.25,-2.12,1,1 vehicle
5074572,2016-01-27 17:36:00,2016,41-15,VDU,1473.0,2016-01-27 17:40:00,4.0,5.902482116553196,2.669518633501688,13.26,3.3,4.37,-2.38,1,1 vehicle
5075320,2016-01-29 15:40:00,2016,429-02,VDU,1350.0,2016-01-29 15:40:00,0.0,5.29145981865577,5.685793567904326,4.32,13.85,18.23,-1.83,2,2 or more vehicles
5075333,2016-01-29 16:04:00,2016,82-01,VDU,3463.0,2016-01-29 16:00:00,4.0,3.9985849469251726,2.8505006265868884,10.93,7.55,10.42,-2.14,2,2 or more vehicles
5077763,2016-02-03 16:43:00,2016,1-e1,VDU,31488.0,2016-02-03 16:40:00,3.0,7.466754792604447,3.522383406880032,9.79,11.02,14.01,-2.12,2,2 or more vehicles
5077772,2016-02-03 16:42:00,2016,1-a7,VDU,36270.0,2016-02-03 16:40:00,2.0,4.292476068480432,7.406305507969019,10.22,7.29,12.15,-2.35,2,2 or more vehicles
5078906,2016-02-05 14:57:00,2016,518-01,VDU,31882.0,2016-02-05 15:00:00,3.0,13.811132981391399,14.848550219278238,5.99,2.48,4.51,-1.77,1,1 vehicle
5078918,2016-02-05 15:20:00,2016,1-k8,VDU,3223.0,2016-02-05 15:20:00,0.0,15.340141390661776,15.384253879331345,11.4,4.15,5.81,-1.95,1,1 vehicle
5078939,2016-02-05 15:53:00,2016,1-g3,VDU,1673.0,2016-02-05 15:50:00,3.0,4.403040759307391,5.382052364477969,11.64,1.55,3.07,0.09,2,2 or more vehicles
5079051,2016-02-05 21:09:00,2016,1-a2,VDU,36386.0,2016-02-05 21:10:00,1.0,1.6431387185061856,6.384128057059852,11.13,4.59,6.17,1.07,1,1 vehicle
5079618,2016-02-07 05:45:00,2016,35-03,VDU,36411.0,2016-02-07 05:40:00,5.0,15.78591491657904,12.565510462223775,8.49,5.85,8.92,-2.05,1,1 vehicle
5080869,2016-02-09 16:09:00,2016,420-01,VDU,31363.0,2016-02-09 16:10:00,1.0,4.7983513039318995,3.8504227892375225,11.32,10.47,13.72,-3.8,1,1 vehicle
5081693,2016-02-11 07:20:00,2016,41-17,VDU,1350.0,2016-02-11 07:20:00,0.0,8.880986314941316,6.841931195549181,4.66,2.69,3.56,-0.95,1,1 vehicle
5081698,2016-02-11 08:00:00,2016,82-05,VDU,33661.0,2016-02-11 08:00:00,0.0,5.225294723476851,1.840275137807545,10.92,3.61,5.49,0.52,1,1 vehicle
5082036,2016-02-11 15:42:00,2016,1-p1,VDU,33357.0,2016-02-11 15:40:00,2.0,1.0415391164548535,2.6900827429345155,10.45,3.76,6.96,-5.02,1,1 vehicle
5082451,2016-02-12 11:22:00,2016,1-b5,VDU,6045.0,2016-02-12 11:20:00,2.0,10.127547428842687,7.297304255791511,14.29,4.25,6.2,1.62,2,2 or more vehicles
5082476,2016-02-12 12:20:00,2016,1-a7,VDU,36270.0,2016-02-12 12:20:00,0.0,10.279907627734515,7.406305507969019,10.22,1.79,2.45,-3.17,1,1 vehicle
5082574,2016-02-12 15:01:00,2016,55-02,VDU,31958.0,2016-02-12 15:00:00,1.0,16.891351099502685,19.776587122748936,14.37,0.1,0.69,-1.07,1,1 vehicle
5083030,2016-02-13 19:49:00,2016,1-e1,VDU,31488.0,2016-02-13 19:50:00,1.0,2.361767847938198,3.522383406880032,9.79,7.04,9.51,-0.4,2,2 or more vehicles
5083274,2016-02-14 08:41:00,2016,35-01,VDU,31399.0,2016-02-14 08:40:00,1.0,4.702035241278668,4.900372212107007,8.51,0.0,0.1,-5.58,1,1 vehicle
5083571,2016-02-15 08:08:00,2016,253-01,VDU,36122.0,2016-02-15 08:10:00,2.0,7.8733135598676265,8.206458425880442,8.23,16.66,21.27,3.25,1,1 vehicle
5085827,2016-02-19 07:50:00,2016,41-21,VDU,1350.0,2016-02-19 07:50:00,0.0,2.148261273372876,1.4041541058646172,3.28,6.29,8.2,1.23,1,1 vehicle
5086150,2016-02-19 18:04:00,2016,76-09,VDU,33750.0,2016-02-19 18:00:00,4.0,1.8071045298286101,2.6673072887815006,13.47,1.76,2.84,-0.72,2,2 or more vehicles
5086531,2016-02-20 21:20:00,2016,1-q3,VDU,3474.0,2016-02-20 21:20:00,0.0,5.642147724451296,3.9336919245067903,13.42,12.63,15.0,-2.77,2,2 or more vehicles
5086782,2016-02-21 14:45:00,2016,1-b5,VDU,6045.0,2016-02-21 14:40:00,5.0,2.9608484692276984,7.297304255791511,14.29,14.1,17.93,4.48,1,1 vehicle
5086810,2016-02-21 16:16:00,2016,1-d8,VDU,31392.0,2016-02-21 16:20:00,4.0,6.01638072451748,1.811228203445721,16.61,17.88,22.74,-3.26,1,1 vehicle
5087778,2016-02-23 11:36:00,2016,82-05,VDU,33661.0,2016-02-23 11:40:00,4.0,0.18973525826193927,1.840275137807545,10.92,2.7,6.76,-1.27,1,1 vehicle
5089373,2016-02-26 03:00:00,2016,1-q3,VDU,3474.0,2016-02-26 03:00:00,0.0,6.523595704452739,3.9336919245067903,13.42,2.11,2.4,-7.34,1,1 vehicle
5090426,2016-02-28 15:06:00,2016,54-19,VDU,2050.0,2016-02-28 15:10:00,4.0,11.69787398017423,10.021305132986964,10.8,7.54,10.49,-0.74,1,1 vehicle
5090544,2016-02-28 20:53:00,2016,39-01,VDU,31387.0,2016-02-28 20:50:00,3.0,2.8098335006441464,1.6348934580675056,15.67,12.06,18.62,0.03,3,2 or more vehicles
5092076,2016-03-01 17:41:00,2016,417-01,VDU,31488.0,2016-03-01 17:40:00,1.0,3.4289596297237392,3.9814362695232663,8.4,2.69,3.23,-1.32,1,1 vehicle
5092116,2016-03-02 03:13:00,2016,36-11,VDU,1590.0,2016-03-02 03:10:00,3.0,4.270204654778022,4.097097125921327,7.99,7.23,13.75,-6.88,1,1 vehicle
5092540,2016-03-02 07:23:00,2016,417-01,VDU,31488.0,2016-03-02 07:20:00,3.0,2.6792839770967296,3.9814362695232663,8.4,2.08,2.74,-6.75,1,1 vehicle
5093356,2016-03-03 17:42:00,2016,41-17,VDU,1350.0,2016-03-03 17:40:00,2.0,8.495119595345377,6.841931195549181,4.66,2.2,2.61,1.63,1,1 vehicle
5094720,2016-03-06 14:06:00,2016,33-01,VDU,31399.0,2016-03-06 14:10:00,4.0,13.398940565114755,10.766790604703466,12.81,3.48,5.78,1.75,1,1 vehicle
5095276,2016-03-07 11:53:00,2016,41-15,VDU,1473.0,2016-03-07 11:50:00,3.0,6.3829106578747075,2.669518633501688,13.26,9.12,13.59,2.7,3,2 or more vehicles
5095406,2016-03-07 15:20:00,2016,63-02,VDU,31122.0,2016-03-07 15:20:00,0.0,3.3422269195175147,0.0723277669925947,12.78,8.85,10.98,-1.81,3,2 or more vehicles
5097193,2016-03-10 14:00:00,2016,50-04,VDU,31882.0,2016-03-10 14:00:00,0.0,10.954627891860635,12.05308178456075,8.77,7.12,11.07,0.09,1,1 vehicle
5097656,2016-03-11 12:51:00,2016,1-j2,VDU,32097.0,2016-03-11 12:50:00,1.0,9.486010230271066,12.851629039775409,9.98,17.31,21.27,-2.52,4,2 or more vehicles
5097665,2016-03-11 13:08:00,2016,1-j1,VDU,32097.0,2016-03-11 13:10:00,2.0,8.490809138523652,3.198771852515269,10.85,14.65,18.52,-2.34,3,2 or more vehicles
5097747,2016-03-11 16:41:00,2016,1-p6,VDU,3471.0,2016-03-11 16:40:00,1.0,3.9577875662125725,2.7742615388858822,4.92,7.6,12.12,4.93,2,2 or more vehicles
5100549,2016-03-16 17:32:00,2016,429-02,VDU,1350.0,2016-03-16 17:30:00,2.0,6.470162824936071,5.685793567904326,4.32,7.01,9.08,7.24,1,1 vehicle
5105098,2016-03-24 00:01:00,2016,1-h4,VDU,32097.0,2016-03-24 00:00:00,1.0,4.722089020546296,6.809457005645053,11.45,2.54,3.72,-0.44,1,1 vehicle
5105352,2016-03-24 15:32:00,2016,61-24,VDU,32474.0,2016-03-24 15:30:00,2.0,2.2477116366140395,9.469232233801408,19.41,11.51,14.11,-0.24,1,1 vehicle
5105473,2016-03-24 21:46:00,2016,1-f5,VDU,31579.0,2016-03-24 21:50:00,4.0,3.0301105960476344,1.028741036313794,11.92,0.79,2.94,1.38,3,2 or more vehicles
5105662,2016-03-25 11:29:00,2016,74-02,VDU,33424.0,2016-03-25 11:30:00,1.0,11.214499300902842,10.907060834452514,12.48,5.61,7.15,-0.48,1,1 vehicle
5105846,2016-03-26 00:49:00,2016,54-02,VDU,1779.0,2016-03-26 00:50:00,1.0,9.267391842754247,11.0845394985849,12.06,3.29,6.5,0.51,1,1 vehicle
5106585,2016-03-28 05:02:00,2016,30-04,VDU,6420.0,2016-03-28 05:00:00,2.0,5.90261927513663,5.359811449264286,11.71,10.8,14.6,-6.1,1,1 vehicle
5106683,2016-03-28 14:57:00,2016,61-24,VDU,32474.0,2016-03-28 15:00:00,3.0,5.800532091594189,9.469232233801408,19.41,8.28,10.09,-7.21,1,1 vehicle
5107431,2016-03-29 13:05:00,2016,54-15,VDU,31942.0,2016-03-29 13:00:00,5.0,1.7648996232946785,0.3649829257412452,9.1,6.68,11.37,-1.15,1,1 vehicle
5107746,2016-03-29 15:41:00,2016,61-23,VDU,32474.0,2016-03-29 15:40:00,1.0,3.582639989759625,2.0725391992519797,5.99,6.71,8.13,-6.16,1,1 vehicle
5109422,2016-03-31 18:29:00,2016,64-01,VDU,2631.0,2016-03-31 18:30:00,1.0,3.7840902118414212,3.0850796312939655,6.8,8.43,12.87,2.6,1,1 vehicle
5110888,2016-04-03 08:14:00,2016,1-q1,VHDU,3471.0,2016-04-03 08:10:00,4.0,4.541561214605257,2.742420285383358,7.1,0.3,0.84,0.4,1,1 vehicle
5111579,2016-04-04 13:55:00,2016,42-01,VHDU,1473.0,2016-04-04 13:50:00,5.0,3.9357058277631967,5.682283768255924,10.169999999999998,2.81,3.78,6.01,4,2 or more vehicles
5112249,2016-04-05 11:49:00,2016,59-01,VHDU,2175.0,2016-04-05 11:50:00,1.0,12.479246892196612,12.584237084727231,13.57,5.97,9.41,4.12,1,1 vehicle
5114792,2016-04-09 04:40:00,2016,1-h4,VHDU,32097.0,2016-04-09 04:40:00,0.0,4.127887966720081,6.809457005645053,11.45,8.95,12.25,-1.98,1,1 vehicle
5116134,2016-04-11 13:56:00,2016,1-c7,VHDU,6315.0,2016-04-11 14:00:00,4.0,8.117980685433087,7.2272366966,3.5,3.42,5.81,8.71,1,1 vehicle
5119671,2016-04-17 09:59:00,2016,76-06,VHDU,33643.0,2016-04-17 10:00:00,1.0,17.815899435151945,15.895931226517536,8.92,9.02,11.76,0.31,1,1 vehicle
5119759,2016-04-17 15:28:00,2016,54-03,VHDU,1868.0,2016-04-17 15:30:00,2.0,2.7316891213752363,2.6913564127215324,14.07,11.63,15.06,1.35,1,1 vehicle
5119974,2016-04-18 08:06:00,2016,767-01,VHDU,3433.0,2016-04-18 08:10:00,4.0,19.966395519766394,16.62786732270217,10.73,11.26,13.79,-2.22,2,2 or more vehicles
5121947,2016-04-21 02:56:00,2016,54-02,VHDU,1779.0,2016-04-21 03:00:00,4.0,12.374043522966184,11.0845394985849,12.06,3.22,4.54,0.87,1,1 vehicle
5121966,2016-04-21 04:09:00,2016,1-d6,VHDU,31399.0,2016-04-21 04:10:00,1.0,1.2002885951428968,2.8564832758413083,10.51,1.34,3.92,3.15,1,1 vehicle
5123531,2016-04-24 14:29:00,2016,54-18,VHDU,31950.0,2016-04-24 14:30:00,1.0,11.30955863915058,9.34063742761611,17.33,2.75,4.9,5.84,1,1 vehicle
5123622,2016-04-24 17:58:00,2016,1-g4,VHDU,31674.0,2016-04-24 18:00:00,2.0,0.09464547362973068,2.9434338577391106,8.41,5.52,7.35,9.7,2,2 or more vehicles
5124708,2016-04-26 09:14:00,2016,82-03,VHDU,33563.0,2016-04-26 09:10:00,4.0,3.7547450645451756,0.3760650112123629,11.33,0.71,1.67,1.55,2,2 or more vehicles
5126128,2016-04-28 08:45:00,2016,933-01,VHDU,4060.0,2016-04-28 08:40:00,5.0,9.999655053505055,9.613425952887468,7.42,4.5,8.46,0.5,1,1 vehicle
5126471,2016-04-28 18:43:00,2016,1-t0,VHDU,4271.0,2016-04-28 18:40:00,3.0,12.94604942643889,16.112146503479053,8.97,5.93,9.28,-0.16,1,1 vehicle
5127046,2016-04-29 12:46:00,2016,59-02,VHDU,32190.0,2016-04-29 12:50:00,4.0,2.0662462370551666,3.972460559685162,14.7,4.24,6.66,2.4,1,1 vehicle
5127621,2016-04-30 17:02:00,2016,30-02,VHDU,6310.0,2016-04-30 17:00:00,2.0,9.583119472428907,7.228154041565046,8.89,4.02,5.84,7.61,2,2 or more vehicles
5129449,2016-05-03 18:27:00,2016,61-43,VHDU,2642.0,2016-05-03 18:30:00,3.0,5.168194612092999,4.541472558124348,3.07,1.64,4.01,2.35,2,2 or more vehicles
5130103,2016-05-04 18:56:00,2016,42-01,VHDU,1473.0,2016-05-04 19:00:00,4.0,7.451934504041205,5.682283768255924,10.169999999999998,10.89,13.72,6.82,2,2 or more vehicles
5130316,2016-05-05 10:07:00,2016,1-f5,VHDU,31579.0,2016-05-05 10:10:00,3.0,1.2378843277634726,1.028741036313794,11.92,20.45,33.91,3.04,1,1 vehicle
5130425,2016-05-05 17:20:00,2016,1-b0,VHDU,36156.0,2016-05-05 17:20:00,0.0,3.298081872710192,5.81305271343813,12.09,11.65,15.48,6.81,1,1 vehicle
5130952,2016-05-06 16:08:00,2016,99-01,VHDU,5544.0,2016-05-06 16:10:00,2.0,1.9983532486578017,1.21089321665288,3.28,3.67,6.43,5.09,1,1 vehicle
5131067,2016-05-06 21:26:00,2016,85-04,VHDU,3696.0,2016-05-06 21:30:00,4.0,6.6764918427337605,4.839250240206277,7.15,4.97,7.64,0.17,3,2 or more vehicles
5131703,2016-05-08 13:00:00,2016,1-g3,VHDU,1673.0,2016-05-08 13:00:00,0.0,1.2126722432534254,5.382052364477969,11.64,2.25,3.56,8.56,2,2 or more vehicles
5131734,2016-05-08 14:40:00,2016,35-04,VHDU,36411.0,2016-05-08 14:40:00,0.0,3.131001162849164,4.502054796897285,8.82,0.94,2.25,9.45,1,1 vehicle
5134197,2016-05-11 12:03:00,2016,85-03,VHDU,3696.0,2016-05-11 12:00:00,3.0,11.919533110487292,13.211040492328156,11.12,4.08,6.5,7.28,1,1 vehicle
5135567,2016-05-13 13:06:00,2016,30-01,VHDU,6310.0,2016-05-13 13:10:00,4.0,3.0130779645348125,2.8295859653891235,8.07,3.39,5.06,9.48,2,2 or more vehicles
5135843,2016-05-13 18:20:00,2016,1-g4,VHDU,31674.0,2016-05-13 18:20:00,0.0,5.296734209672393,2.9434338577391106,8.41,3.79,4.8,7.85,3,2 or more vehicles
5135867,2016-05-13 19:48:00,2016,1-t1,VHDU,4271.0,2016-05-13 19:50:00,2.0,5.272227380385809,6.49991970936017,11.25,4.39,5.25,7.31,1,1 vehicle
5136480,2016-05-15 05:06:00,2016,1-p5,VHDU,3463.0,2016-05-15 05:10:00,4.0,4.757076785328358,4.005505581134992,2.99,6.65,9.77,5.3,1,1 vehicle
5136962,2016-05-16 12:23:00,2016,54-04,VHDU,1868.0,2016-05-16 12:20:00,3.0,14.558697425858067,10.280100279519766,12.29,9.57,12.87,7.97,1,1 vehicle
5136992,2016-05-16 14:18:00,2016,55-01,VHDU,31958.0,2016-05-16 14:20:00,2.0,12.254693792857546,16.57099980170705,12.04,16.25,23.13,6.25,1,1 vehicle
5137836,2016-05-17 16:30:00,2016,1-a6,VHDU,36270.0,2016-05-17 16:30:00,0.0,0.6671187814137571,4.464514206348191,13.14,4.12,7.25,3.74,1,1 vehicle
5138259,2016-05-18 12:30:00,2016,94-04,VHDU,34382.0,2016-05-18 12:30:00,0.0,18.03255101800185,16.96372952000077,7.12,2.97,3.92,0.42,1,1 vehicle
5140860,2016-05-22 08:29:00,2016,85-03,VHDU,3696.0,2016-05-22 08:30:00,1.0,9.782753959392432,13.211040492328156,11.12,4.23,6.86,2.5,1,1 vehicle
5142279,2016-05-24 13:09:00,2016,1-c8,VHDU,36308.0,2016-05-24 13:10:00,1.0,7.606258198546724,4.831712605587408,10.23,11.99,16.17,9.59,1,1 vehicle
5142405,2016-05-24 14:53:00,2016,305-01,VHDU,36308.0,2016-05-24 14:50:00,3.0,8.781380781607863,8.056618367161038,9.57,12.29,17.35,9.78,1,1 vehicle
5143708,2016-05-26 19:47:00,2016,60-47,VHDU,2641.0,2016-05-26 19:50:00,3.0,1.5425433936701138,1.3076373185269048,4.92,0.84,2.15,6.71,2,2 or more vehicles
5143997,2016-05-27 10:17:00,2016,61-35,VHDU,2646.0,2016-05-27 10:20:00,3.0,1.9956794982781365,3.4147436857726188,13.6,8.4,11.3,8.0,1,1 vehicle
5144087,2016-05-27 13:00:00,2016,54-18,VHDU,31950.0,2016-05-27 13:00:00,0.0,2.855445234737433,9.34063742761611,17.33,15.87,28.52,8.71,2,2 or more vehicles
5144172,2016-05-27 15:18:00,2016,54-14,VHDU,1938.0,2016-05-27 15:20:00,2.0,1.6158852223547724,2.202216414079087,4.17,20.23,27.37,7.69,1,1 vehicle
5144997,2016-05-29 12:08:00,2016,612-03,VHDU,2304.0,2016-05-29 12:10:00,2.0,6.093763989226819,10.535353510901745,17.24,6.87,10.49,7.16,1,1 vehicle
5145233,2016-05-29 23:37:00,2016,1-n1,VHDU,33357.0,2016-05-29 23:40:00,3.0,7.164474447724462,7.600410813299837,10.63,3.93,4.51,3.9,1,1 vehicle
5145252,2016-05-29 17:49:00,2016,1-q9,VHDU,33394.0,2016-05-29 17:50:00,1.0,4.96757865832297,0.908915067351008,12.67,4.44,5.68,13.86,2,2 or more vehicles
5145843,2016-05-30 17:05:00,2016,36-11,VHDU,1590.0,2016-05-30 17:00:00,5.0,4.26763372018743,4.097097125921327,7.99,2.62,4.09,5.43,1,1 vehicle
5146016,2016-05-31 04:02:00,2016,41-17,VHDU,1350.0,2016-05-31 04:00:00,2.0,8.366710444464006,6.841931195549181,4.66,2.6,3.0,4.96,1,1 vehicle
5146095,2016-05-31 09:32:00,2016,54-15,VHDU,31942.0,2016-05-31 09:30:00,2.0,1.5989780088727046,0.3649829257412452,9.1,6.82,11.96,9.37,1,1 vehicle
5147301,2016-06-01 19:31:00,2016,574-01,SDU,31931.0,2016-06-01 19:30:00,1.0,11.495016359346808,4.4991859417418425,16.81,5.77,6.47,6.84,1,1 vehicle
5149162,2016-06-04 09:54:00,2016,1-d6,SDU,31399.0,2016-06-04 09:50:00,4.0,0.5066871592545019,2.8564832758413083,10.51,1.71,4.12,13.71,1,1 vehicle
5149232,2016-06-04 13:56:00,2016,35-03,SDU,36411.0,2016-06-04 14:00:00,4.0,9.768011165972561,12.565510462223775,8.49,5.22,6.86,16.16,2,2 or more vehicles
5149778,2016-06-05 08:32:00,2016,54-15,SDU,31942.0,2016-06-05 08:30:00,2.0,4.292005036359275,0.3649829257412452,9.1,8.21,10.09,10.8,1,1 vehicle
5149839,2016-06-05 13:55:00,2016,1-f8,SDU,31577.0,2016-06-05 13:50:00,5.0,2.4302559793525105,4.303271038168447,5.76,5.86,8.33,12.48,2,2 or more vehicles
5150865,2016-06-06 21:32:00,2016,1-c7,SDU,6315.0,2016-06-06 21:30:00,2.0,5.796517535924572,7.2272366966,3.5,4.14,5.74,10.39,2,2 or more vehicles
5150997,2016-06-07 07:15:00,2016,1-q5,SDU,33480.0,2016-06-07 07:10:00,5.0,7.305844715927458,8.323557642546657,13.83,4.97,6.76,6.0,1,1 vehicle
5151427,2016-06-07 15:19:00,2016,939-02,SDU,35963.0,2016-06-07 15:20:00,1.0,2.983742927648217,3.881853818299356,9.91,5.03,6.47,3.2,1,1 vehicle
5152134,2016-06-08 19:52:00,2016,1-d6,SDU,31399.0,2016-06-08 19:50:00,2.0,6.13270107234736,2.8564832758413083,10.51,0.59,2.25,10.74,2,2 or more vehicles
5152348,2016-06-09 08:38:00,2016,427-11,SDU,31380.0,2016-06-09 08:40:00,2.0,5.944203845377283,4.968368046629869,13.94,1.9,2.55,10.56,1,1 vehicle
5152538,2016-06-09 13:21:00,2016,816-01,SDU,3463.0,2016-06-09 13:20:00,1.0,2.648470903322075,3.6396059464553248,10.38,4.21,5.55,18.2,1,1 vehicle
5153283,2016-06-10 15:39:00,2016,1-d6,SDU,31399.0,2016-06-10 15:40:00,1.0,6.139882652823078,2.8564832758413083,10.51,3.18,4.9,11.0,2,2 or more vehicles
5153713,2016-06-11 12:57:00,2016,425-02,SDU,1361.0,2016-06-11 13:00:00,3.0,9.195722163410908,6.917005970284371,14.76,7.56,10.52,9.74,1,1 vehicle
5154175,2016-06-12 12:09:00,2016,41-16,SDU,31363.0,2016-06-12 12:10:00,1.0,0.8089366495776064,4.6115007826263295,11.62,2.69,3.82,9.2,1,1 vehicle
5154595,2016-06-13 12:13:00,2016,54-19,SDU,2050.0,2016-06-13 12:10:00,3.0,9.881841216163716,10.021305132986964,10.8,3.46,5.25,10.88,1,1 vehicle
5154854,2016-06-13 16:05:00,2016,574-03,SDU,1919.0,2016-06-13 16:00:00,5.0,17.917129197600197,14.54265234841502,11.59,4.07,5.71,12.38,1,1 vehicle
5154916,2016-06-13 18:28:00,2016,1-m8,SDU,3242.0,2016-06-13 18:30:00,2.0,8.552284375465742,8.462555147729427,5.33,5.12,6.66,14.24,2,2 or more vehicles
5157353,2016-06-16 20:55:00,2016,427-04,SDU,31365.0,2016-06-16 20:50:00,5.0,1.9894592100271675,0.1007673098225247,7.26,6.78,9.7,8.62,1,1 vehicle
5157604,2016-06-17 09:54:00,2016,1-c8,SDU,36308.0,2016-06-17 09:50:00,4.0,6.130480603903465,4.831712605587408,10.23,2.76,4.51,10.78,1,1 vehicle
5157612,2016-06-17 10:18:00,2016,85-02,SDU,3591.0,2016-06-17 10:20:00,2.0,9.269908677341272,7.360647551082131,12.97,0.35,1.24,13.79,1,1 vehicle
5158001,2016-06-17 10:52:00,2016,427-04,SDU,31365.0,2016-06-17 10:50:00,2.0,1.9894592100271675,0.1007673098225247,7.26,3.52,4.31,9.12,1,1 vehicle
5158227,2016-06-18 19:26:00,2016,745-05,SDU,3720.0,2016-06-18 19:30:00,4.0,3.8024605103493863,3.2661775197218237,11.43,3.69,5.97,10.73,1,1 vehicle
5159576,2016-06-20 15:31:00,2016,60-47,SDU,2641.0,2016-06-20 15:30:00,1.0,2.244820247928669,1.3076373185269048,4.92,5.05,8.36,16.5,1,1 vehicle
5159713,2016-06-20 19:39:00,2016,42-02,SDU,1473.0,2016-06-20 19:40:00,1.0,9.485851902818625,13.240070593365528,13.31,4.2,6.14,15.41,1,1 vehicle
5159723,2016-06-20 12:30:00,2016,1-b4,SDU,36049.0,2016-06-20 12:30:00,0.0,1.1792085818665958,1.9506434494436529,12.05,20.05,29.89,10.27,3,2 or more vehicles
5161354,2016-06-22 14:54:00,2016,41-22,SDU,1350.0,2016-06-22 14:50:00,4.0,2.3259330272865584,2.259852353483001,1.88,4.87,6.43,11.95,2,2 or more vehicles
5162068,2016-06-23 14:43:00,2016,68-10,SDU,2481.0,2016-06-23 14:40:00,3.0,10.732828104925261,8.70501630835198,15.27,8.97,11.86,12.85,1,1 vehicle
5162401,2016-06-24 05:28:00,2016,58-01,SDU,2050.0,2016-06-24 05:30:00,2.0,7.39843839734952,3.9981174783629543,8.67,5.43,7.25,8.94,1,1 vehicle
5162556,2016-06-24 10:03:00,2016,1-n1,SDU,33357.0,2016-06-24 10:00:00,3.0,3.7986150042791476,7.600410813299837,10.63,3.06,4.8,12.08,4,2 or more vehicles
5163385,2016-06-25 18:40:00,2016,35-01,SDU,31399.0,2016-06-25 18:40:00,0.0,4.537026182934337,4.900372212107007,8.51,1.42,2.94,10.5,1,1 vehicle
5163659,2016-06-26 12:42:00,2016,748-01,SDU,3433.0,2016-06-26 12:40:00,2.0,9.052187147040389,12.253165835485538,14.34,4.41,5.52,12.42,1,1 vehicle
5163663,2016-06-26 13:27:00,2016,427-05,SDU,31365.0,2016-06-26 13:30:00,3.0,4.069726996541685,9.095528499639942,14.43,4.61,5.78,9.09,1,1 vehicle
5163727,2016-06-26 16:46:00,2016,829-01,SDU,3471.0,2016-06-26 16:50:00,4.0,10.934778152191424,9.317363479954343,11.42,2.83,4.37,11.14,2,2 or more vehicles
5163748,2016-06-26 17:52:00,2016,41-16,SDU,31363.0,2016-06-26 17:50:00,2.0,5.122089533450576,4.6115007826263295,11.62,5.74,7.74,9.35,1,1 vehicle
5164281,2016-06-27 15:59:00,2016,1-k2,SDU,2197.0,2016-06-27 16:00:00,1.0,10.434187536951493,6.007449718079592,11.35,7.92,10.13,12.69,1,1 vehicle
5165875,2016-06-29 17:45:00,2016,30-01,SDU,6310.0,2016-06-29 17:40:00,5.0,2.131804678372705,2.8295859653891235,8.07,4.55,6.01,13.78,1,1 vehicle
5165928,2016-06-29 14:00:00,2016,41-16,SDU,31363.0,2016-06-29 14:00:00,0.0,8.68013164848229,4.6115007826263295,11.62,3.21,6.66,12.24,1,1 vehicle
5166625,2016-06-30 17:37:00,2016,845-02,SDU,3591.0,2016-06-30 17:40:00,3.0,7.9418640077831135,5.166256434975127,6.76,5.56,8.17,11.05,1,1 vehicle
5167783,2016-07-02 02:20:00,2016,61-33,SDU,2646.0,2016-07-02 02:20:00,0.0,9.385271282997449,10.974953957267978,13.84,9.67,13.16,8.61,1,1 vehicle
5167893,2016-07-02 13:32:00,2016,35-07,SDU,6515.0,2016-07-02 13:30:00,2.0,7.2599672506721005,2.481668592393056,11.46,5.65,7.67,11.0,1,1 vehicle
5167894,2016-07-02 13:41:00,2016,35-07,SDU,6515.0,2016-07-02 13:40:00,1.0,6.315866062023014,2.481668592393056,11.46,4.86,7.15,11.37,1,1 vehicle
5168023,2016-07-02 18:44:00,2016,864-01,SDU,4323.0,2016-07-02 18:40:00,4.0,0.3597508127581395,7.496876045172349,15.27,5.83,7.7,7.89,1,1 vehicle
5168386,2016-07-03 12:15:00,2016,862-01,SDU,34413.0,2016-07-03 12:10:00,5.0,8.098184285216734,9.77182771669853,21.12,6.41,8.13,6.92,1,1 vehicle
5172096,2016-07-08 14:16:00,2016,1-k5,SDU,33204.0,2016-07-08 14:20:00,4.0,2.845283348894376,0.4927782706765492,6.99,4.81,7.06,6.59,2,2 or more vehicles
5172150,2016-07-08 15:47:00,2016,862-03,SDU,4614.0,2016-07-08 15:50:00,3.0,6.610987800585669,6.541024165584502,9.4,4.66,6.07,6.0,1,1 vehicle
5172773,2016-07-10 00:23:00,2016,1-n1,SDU,33357.0,2016-07-10 00:20:00,3.0,5.663972824035551,7.600410813299837,10.63,5.2,6.66,5.02,1,1 vehicle
5176943,2016-07-15 14:54:00,2016,1-m4,SDU,33431.0,2016-07-15 14:50:00,4.0,7.4126735008351705,4.073257225176333,8.95,3.53,6.47,14.79,1,1 vehicle
5177261,2016-07-15 21:20:00,2016,1-d1,SDU,36308.0,2016-07-15 21:20:00,0.0,2.1208086490705593,1.5292496506417883,3.18,1.67,2.16,12.76,1,1 vehicle
5177870,2016-07-17 15:54:00,2016,35-16,SDU,3225.0,2016-07-17 15:50:00,4.0,13.537250747183714,11.600074291176952,26.81,3.06,4.27,14.05,1,1 vehicle
5178699,2016-07-18 17:00:00,2016,1-h0,SDU,31882.0,2016-07-18 17:00:00,0.0,1.0996419330424654,1.048912143314543,7.74,5.04,8.04,16.11,2,2 or more vehicles
5178919,2016-07-19 08:33:00,2016,1-b8,SDU,36122.0,2016-07-19 08:30:00,3.0,0.054773631308934506,3.3807083606755346,11.8,0.35,1.47,12.29,1,1 vehicle
5180493,2016-07-20 18:58:00,2016,1-r1,SDU,4300.0,2016-07-20 19:00:00,2.0,3.958722148177737,4.229520579940802,3.94,7.67,9.7,14.88,1,1 vehicle
5180494,2016-07-20 19:03:00,2016,1-e1,SDU,31488.0,2016-07-20 19:00:00,3.0,4.724817698716029,3.522383406880032,9.79,2.16,3.33,17.03,1,1 vehicle
5180663,2016-07-21 06:45:00,2016,92-10,SDU,34087.0,2016-07-21 06:40:00,5.0,6.0639389015465275,6.682100904890704,8.77,0.98,1.47,9.38,1,1 vehicle
5181801,2016-07-22 15:16:00,2016,1-g2,SDU,31572.0,2016-07-22 15:20:00,4.0,10.252413662843471,9.734372846346778,1.1,0.45,1.86,13.2,3,2 or more vehicles
5182904,2016-07-24 18:50:00,2016,1-d6,SDU,31399.0,2016-07-24 18:50:00,0.0,6.065513858779157,2.8564832758413083,10.51,3.87,6.76,14.39,2,2 or more vehicles
5184299,2016-07-26 14:15:00,2016,1-b7,SDU,36132.0,2016-07-26 14:10:00,5.0,9.114938660632586,3.5572778320905845,13.08,1.41,2.74,17.66,2,2 or more vehicles
5185139,2016-07-27 16:52:00,2016,574-04,SDU,1919.0,2016-07-27 16:50:00,2.0,0.6817488214095548,3.500203272167804,15.6,7.64,10.19,14.9,2,2 or more vehicles
5185226,2016-07-27 21:04:00,2016,715-02,SDU,33204.0,2016-07-27 21:00:00,4.0,11.372312333084324,10.000332966828363,8.91,5.29,9.8,9.02,1,1 vehicle
5185629,2016-07-28 13:39:00,2016,218-01,SDU,6045.0,2016-07-28 13:40:00,1.0,0.7935368058433843,1.8871931356509537,5.66,8.26,10.49,13.73,2,2 or more vehicles
5188177,2016-08-01 03:59:00,2016,249-01,SDU,36122.0,2016-08-01 04:00:00,1.0,1.8041543736711811,2.8656442688808204,5.3,0.57,1.27,9.07,1,1 vehicle
5188262,2016-08-02 04:27:00,2016,1-k5,SDU,33204.0,2016-08-02 04:30:00,3.0,0.02052824602064832,0.4927782706765492,6.99,0.93,1.37,6.14,1,1 vehicle
5189630,2016-08-03 14:44:00,2016,864-04,SDU,4614.0,2016-08-03 14:40:00,4.0,10.012637207308057,5.824974314692375,11.87,1.99,2.9,11.93,1,1 vehicle
5189917,2016-08-04 08:26:00,2016,365-01,SDU,36504.0,2016-08-04 08:30:00,4.0,4.693693992019858,3.818324764347183,14.36,4.34,5.68,9.47,1,1 vehicle
5191095,2016-08-05 18:55:00,2016,1-n1,SDU,33357.0,2016-08-05 18:50:00,5.0,7.896355490656067,7.600410813299837,10.63,4.09,5.0,8.38,2,2 or more vehicles
5191121,2016-08-05 20:25:00,2016,61-21,SDU,2481.0,2016-08-05 20:20:00,5.0,9.717430881580482,6.2608090114832855,9.71,2.08,2.84,9.19,1,1 vehicle
5191966,2016-08-07 16:07:00,2016,1-m2,SDU,33419.0,2016-08-07 16:10:00,3.0,4.736081430621862,5.573498711103916,13.26,8.47,10.68,10.21,2,2 or more vehicles
5192033,2016-08-07 18:09:00,2016,1-n0,SDU,3242.0,2016-08-07 18:10:00,1.0,14.834890131779236,14.629964090000165,9.74,8.59,11.3,10.46,1,1 vehicle
5192069,2016-08-07 19:30:00,2016,1-s8,SDU,34148.0,2016-08-07 19:30:00,0.0,17.347287261833856,16.62822149409735,9.68,8.93,15.88,5.94,2,2 or more vehicles
5192689,2016-08-08 14:58:00,2016,901-02,SDU,4830.0,2016-08-08 15:00:00,2.0,12.70678012485119,11.998109537608023,21.35,7.51,11.04,9.14,1,1 vehicle
5192876,2016-08-08 20:56:00,2016,1-p1,SDU,33357.0,2016-08-08 21:00:00,4.0,0.6181221059979515,2.6900827429345155,10.45,5.68,8.13,5.41,1,1 vehicle
5192982,2016-08-09 00:33:00,2016,1-t7,SDU,5975.0,2016-08-09 00:30:00,3.0,18.35336053954912,5.388181282951978,15.13,2.59,4.21,5.98,1,1 vehicle
5193056,2016-08-09 07:28:00,2016,429-01,SDU,1350.0,2016-08-09 07:30:00,2.0,3.553326738551186,3.239769434516651,2.11,2.19,2.9,10.42,2,2 or more vehicles
5193813,2016-08-10 08:26:00,2016,1-q3,SDU,3474.0,2016-08-10 08:30:00,4.0,7.21705012337555,3.9336919245067903,13.42,2.39,3.16,7.47,1,1 vehicle
5194195,2016-08-10 13:11:00,2016,f206-02,SDU,6272.0,2016-08-10 13:10:00,1.0,16.42791975657728,14.463788918437665,32.05,4.07,5.71,12.81,1,1 vehicle
5195651,2016-08-12 08:34:00,2016,1-m3,SDU,33431.0,2016-08-12 08:30:00,4.0,15.236771281841897,13.227469441125152,11.32,1.62,3.92,10.99,2,2 or more vehicles
5196183,2016-08-12 16:02:00,2016,26-04,SDU,6430.0,2016-08-12 16:00:00,2.0,2.840664845601054,8.221070880365758,11.76,5.28,6.89,15.39,1,1 vehicle
5196902,2016-08-13 16:42:00,2016,1-q3,SDU,3474.0,2016-08-13 16:40:00,2.0,6.529110510521546,3.9336919245067903,13.42,3.31,4.46,12.47,1,1 vehicle
5197021,2016-08-14 15:35:00,2016,1-f3,SDU,1479.0,2016-08-14 15:30:00,5.0,0.8945217232352163,1.1330985534714593,4.78,8.71,13.82,13.07,2,2 or more vehicles
5199609,2016-08-17 20:20:00,2016,35-05,SDU,36411.0,2016-08-17 20:20:00,0.0,4.164772333260938,3.3689289838627756,4.84,5.02,8.23,11.37,1,1 vehicle
5200258,2016-08-18 18:48:00,2016,60-31,SDU,32355.0,2016-08-18 18:50:00,2.0,7.3543600604085135,7.32961150790444,13.15,5.22,6.76,10.5,1,1 vehicle
5200280,2016-08-18 19:47:00,2016,1-e2,SDU,1481.0,2016-08-18 19:50:00,3.0,2.45154609511251,3.0522745231845994,3.46,3.66,4.96,12.17,2,2 or more vehicles
5200827,2016-08-19 14:59:00,2016,1-f5,SDU,31579.0,2016-08-19 15:00:00,1.0,4.521464638977655,1.028741036313794,11.92,3.81,6.08,15.06,2,2 or more vehicles
5201318,2016-08-20 13:31:00,2016,268-01,SDU,6315.0,2016-08-20 13:30:00,1.0,8.665499823680976,9.72980061408004,8.75,3.22,4.8,14.89,2,2 or more vehicles
5202311,2016-08-22 10:11:00,2016,253-01,SDU,36122.0,2016-08-22 10:10:00,1.0,7.968312662319025,8.206458425880442,8.23,3.35,4.8,14.25,2,2 or more vehicles
5202815,2016-08-22 17:55:00,2016,59-01,SDU,2175.0,2016-08-22 17:50:00,5.0,12.762357176964157,12.584237084727231,13.57,3.29,6.56,19.2,1,1 vehicle
5205573,2016-08-25 21:27:00,2016,1-c2,SDU,6315.0,2016-08-25 21:30:00,3.0,3.882197334156733,6.674890552366854,7.61,0.27,0.62,11.13,1,1 vehicle
5206554,2016-08-27 07:40:00,2016,37-01,SDU,36504.0,2016-08-27 07:40:00,0.0,8.96878192399363,6.431018773253294,12.21,0.0,0.0,8.44,1,1 vehicle
5211601,2016-09-03 21:22:00,2016,722-02,SDU,3223.0,2016-09-03 21:20:00,2.0,3.2159831541649844,2.7008515009917433,7.89,0.69,2.05,6.58,1,1 vehicle
5212069,2016-09-04 17:43:00,2016,82-01,SDU,3463.0,2016-09-04 17:40:00,3.0,1.6403271099080834,2.8505006265868884,10.93,1.61,3.43,13.8,2,2 or more vehicles
5215197,2016-09-07 14:31:00,2016,1-d8,SDU,31392.0,2016-09-07 14:30:00,1.0,4.939577354447333,1.811228203445721,16.61,9.45,16.76,7.04,1,1 vehicle
5216350,2016-09-09 14:02:00,2016,50-04,SDU,31882.0,2016-09-09 14:00:00,2.0,12.132951063126779,12.05308178456075,8.77,4.96,9.7,11.19,2,2 or more vehicles
5216370,2016-09-09 14:30:00,2016,54-08,SDU,31840.0,2016-09-09 14:30:00,0.0,0.38552103890033135,6.071345129860637,12.27,6.96,11.66,10.6,1,1 vehicle
5216796,2016-09-10 14:20:00,2016,1-s2,SDU,4830.0,2016-09-10 14:20:00,0.0,7.3725202337972515,10.350341163838008,8.67,5.68,7.58,8.52,1,1 vehicle
5216811,2016-09-10 15:14:00,2016,41-21,SDU,1350.0,2016-09-10 15:10:00,4.0,1.408146757694538,1.4041541058646172,3.28,5.65,7.87,10.17,3,2 or more vehicles
5217198,2016-09-11 14:23:00,2016,1-q1,SDU,3471.0,2016-09-11 14:20:00,3.0,2.472634856789403,2.742420285383358,7.1,0.88,2.97,12.5,1,1 vehicle
5217367,2016-09-11 22:09:00,2016,1-p1,SDU,33357.0,2016-09-11 22:10:00,1.0,2.800286475533693,2.6900827429345155,10.45,2.56,3.92,2.05,1,1 vehicle
5219117,2016-09-14 11:00:00,2016,1-t6,SDU,34073.0,2016-09-14 11:00:00,0.0,12.27335260154071,1.8570057529358144,7.38,6.62,8.72,5.92,1,1 vehicle
5219374,2016-09-14 18:54:00,2016,1-g2,SDU,31572.0,2016-09-14 18:50:00,4.0,10.244637957616073,9.734372846346778,1.1,12.32,19.99,11.73,1,1 vehicle
5219497,2016-09-14 22:40:00,2016,314-01,SDU,1395.0,2016-09-14 22:40:00,0.0,10.815111733117467,8.691274903926406,9.43,11.28,16.3,10.29,1,1 vehicle
5219687,2016-09-15 11:14:00,2016,1-d8,SDU,31392.0,2016-09-15 11:10:00,4.0,4.1345603696946265,1.811228203445721,16.61,6.74,9.11,6.85,2,2 or more vehicles
5219733,2016-09-15 12:16:00,2016,716-01,SDU,33204.0,2016-09-15 12:20:00,4.0,11.902886007286748,10.845921611768873,3.49,6.37,10.29,8.49,1,1 vehicle
5220513,2016-09-16 12:58:00,2016,1-g4,SDU,31674.0,2016-09-16 13:00:00,2.0,6.7060302733369435,2.9434338577391106,8.41,6.41,9.11,10.44,1,1 vehicle
5221056,2016-09-17 11:20:00,2016,835-01,SDU,3477.0,2016-09-17 11:20:00,0.0,0.8685786429674853,3.408059424404988,9.36,0.81,1.43,8.81,1,1 vehicle
5221264,2016-09-17 22:52:00,2016,1-b5,SDU,6045.0,2016-09-17 22:50:00,2.0,11.492611079047867,7.297304255791511,14.29,15.56,20.19,9.01,1,1 vehicle
5221297,2016-09-18 00:23:00,2016,574-01,SDU,31931.0,2016-09-18 00:20:00,3.0,7.599267168886742,4.4991859417418425,16.81,7.54,10.19,4.23,1,1 vehicle
5221461,2016-09-18 10:54:00,2016,f335-01,SDU,36519.0,2016-09-18 10:50:00,4.0,17.291650162749484,16.708673352715884,14.44,1.49,2.65,7.02,1,1 vehicle
5222982,2016-09-20 16:00:00,2016,931-08,SDU,4060.0,2016-09-20 16:00:00,0.0,1.066532826182366,4.923576776295079,9.45,3.83,8.79,10.92,1,1 vehicle
5223166,2016-09-21 09:01:00,2016,1-j1,SDU,32097.0,2016-09-21 09:00:00,1.0,0.8701757541736554,3.198771852515269,10.85,3.65,4.51,2.37,1,1 vehicle
5223823,2016-09-21 23:32:00,2016,41-15,SDU,1473.0,2016-09-21 23:30:00,2.0,4.980809771724627,2.669518633501688,13.26,12.6,17.08,7.83,1,1 vehicle
5224667,2016-09-23 09:49:00,2016,59-01,SDU,2175.0,2016-09-23 09:50:00,1.0,12.19914569213375,12.584237084727231,13.57,3.73,5.06,6.46,1,1 vehicle
5225014,2016-09-23 11:24:00,2016,36-01,SDU,31399.0,2016-09-23 11:20:00,4.0,8.559365083341639,11.778691413624069,9.29,2.56,4.9,7.14,2,2 or more vehicles
5225033,2016-09-23 18:13:00,2016,85-25,SDU,34733.0,2016-09-23 18:10:00,3.0,17.00017452856428,18.568728178372435,10.49,5.75,7.64,6.85,1,1 vehicle
5225444,2016-09-24 15:51:00,2016,1-f5,SDU,31579.0,2016-09-24 15:50:00,1.0,1.489815499432797,1.028741036313794,11.92,15.38,20.68,10.71,4,2 or more vehicles
5226076,2016-09-26 09:05:00,2016,38-03,SDU,1395.0,2016-09-26 09:00:00,5.0,10.870523836307145,10.795312424017284,3.54,4.91,7.15,4.86,1,1 vehicle
5226217,2016-09-26 13:26:00,2016,41-17,SDU,1350.0,2016-09-26 13:30:00,4.0,7.530702932144883,6.841931195549181,4.66,9.0,11.14,8.27,1,1 vehicle
5226410,2016-09-26 16:25:00,2016,208-01,SDU,36270.0,2016-09-26 16:20:00,5.0,14.92609453739044,16.38043633737403,11.21,2.62,4.41,10.85,2,2 or more vehicles
5228475,2016-09-29 09:42:00,2016,93-03,SDU,4182.0,2016-09-29 09:40:00,2.0,8.578677346070315,5.336718228238104,14.04,3.42,6.53,5.06,1,1 vehicle
5229235,2016-09-30 11:27:00,2016,1-g9,SDU,31882.0,2016-09-30 11:30:00,3.0,11.236799987567693,6.975496895193262,9.12,4.27,7.25,6.89,2,2 or more vehicles
5229755,2016-09-30 17:53:00,2016,1-q2,SDU,3474.0,2016-09-30 17:50:00,3.0,4.489156563428897,4.198174247980663,5.52,5.05,5.96,0.69,1,1 vehicle
5230147,2016-10-01 17:58:00,2016,711-04,VHDU,3317.0,2016-10-01 18:00:00,2.0,16.74261223028939,18.298808159690424,11.0,0.54,1.53,5.89,1,1 vehicle
5230424,2016-10-02 06:05:00,2016,61-43,VHDU,2642.0,2016-10-02 06:00:00,5.0,4.2622810508400155,4.541472558124348,3.07,1.64,2.31,5.12,1,1 vehicle
5230494,2016-10-02 13:07:00,2016,1-m8,VHDU,3242.0,2016-10-02 13:10:00,3.0,8.863124456538978,8.462555147729427,5.33,8.17,11.2,10.78,2,2 or more vehicles
5231170,2016-10-03 15:32:00,2016,54-19,VHDU,2050.0,2016-10-03 15:30:00,2.0,11.182435285924655,10.021305132986964,10.8,9.55,13.62,12.34,1,1 vehicle
5232003,2016-10-04 14:35:00,2016,41-16,VHDU,31363.0,2016-10-04 14:30:00,5.0,5.034535248460738,4.6115007826263295,11.62,9.26,14.21,8.97,1,1 vehicle
5232157,2016-10-04 16:44:00,2016,31-01,VHDU,36411.0,2016-10-04 16:40:00,4.0,7.15122353632071,6.5902468003778445,9.49,8.04,11.66,8.96,1,1 vehicle
5232432,2016-10-05 09:06:00,2016,85-03,VHDU,3696.0,2016-10-05 09:10:00,4.0,18.024591249496794,13.211040492328156,11.12,2.56,6.14,10.4,2,2 or more vehicles
5232846,2016-10-05 17:09:00,2016,1-d2,VHDU,36308.0,2016-10-05 17:10:00,1.0,8.5882014757104,8.371302373817642,13.7,15.79,21.95,11.23,2,2 or more vehicles
5236374,2016-10-12 13:51:00,2016,1-c0,VHDU,6222.0,2016-10-12 13:50:00,1.0,6.4049008708013915,6.323365886803895,10.13,18.67,25.35,10.47,2,2 or more vehicles
5237095,2016-10-13 17:37:00,2016,41-15,VHDU,1473.0,2016-10-13 17:40:00,3.0,3.046704938249358,2.669518633501688,13.26,12.05,18.13,10.97,1,1 vehicle
5237631,2016-10-14 16:35:00,2016,1-c7,VHDU,6315.0,2016-10-14 16:30:00,5.0,6.6600788152067505,7.2272366966,3.5,3.64,4.76,10.86,2,2 or more vehicles
5237764,2016-10-15 00:15:00,2016,503-01,VHDU,31572.0,2016-10-15 00:10:00,5.0,2.6121825707663313,2.3989783393278965,3.23,1.48,2.74,9.4,1,1 vehicle
5238924,2016-10-17 12:04:00,2016,41-21,VHDU,1350.0,2016-10-17 12:00:00,4.0,2.1150675650725494,1.4041541058646172,3.28,2.53,3.26,9.13,2,2 or more vehicles
5239220,2016-10-17 20:47:00,2016,43-01,VHDU,31364.0,2016-10-17 20:50:00,3.0,8.660372985207875,3.7630196539385503,13.3,2.09,2.94,7.23,2,2 or more vehicles
5239771,2016-10-18 12:55:00,2016,92-10,VHDU,34087.0,2016-10-18 12:50:00,5.0,3.3752359497868705,6.682100904890704,8.77,8.75,13.92,7.1,1,1 vehicle
5240407,2016-10-19 12:22:00,2016,43-01,VHDU,31364.0,2016-10-19 12:20:00,2.0,8.860481277209209,3.7630196539385503,13.3,18.88,24.11,9.23,1,1 vehicle
5241269,2016-10-20 19:40:00,2016,85-03,VHDU,3696.0,2016-10-20 19:40:00,0.0,8.256115423907003,13.211040492328156,11.12,4.71,8.92,8.24,1,1 vehicle
5242691,2016-10-23 16:29:00,2016,61-31,VHDU,32654.0,2016-10-23 16:30:00,1.0,18.149066390952907,12.508166723611712,13.7,5.11,6.47,7.9,1,1 vehicle
5242902,2016-10-24 09:04:00,2016,39-01,VHDU,31387.0,2016-10-24 09:00:00,4.0,2.9969521543837785,1.6348934580675056,15.67,6.34,10.09,1.7,1,1 vehicle
5243277,2016-10-24 16:44:00,2016,76-01,VHDU,3242.0,2016-10-24 16:40:00,4.0,14.018657204945917,15.035281530121656,10.25,8.04,11.34,4.78,1,1 vehicle
5243308,2016-10-24 18:30:00,2016,1-d9,VHDU,31488.0,2016-10-24 18:30:00,0.0,4.4311744492832625,3.4577407582901083,4.41,0.51,1.27,-0.04,1,1 vehicle
5243310,2016-10-24 18:38:00,2016,1-d9,VHDU,31488.0,2016-10-24 18:40:00,2.0,4.446185788532148,3.4577407582901083,4.41,1.16,2.25,-0.01,2,2 or more vehicles
5243642,2016-10-25 11:13:00,2016,36-07,VHDU,31591.0,2016-10-25 11:10:00,3.0,0.06827383589288566,2.4786463022842136,5.1,15.33,19.8,0.09,1,1 vehicle
5243905,2016-10-25 10:18:00,2016,36-11,VHDU,1590.0,2016-10-25 10:20:00,2.0,4.3487790298797115,4.097097125921327,7.99,25.86,29.1,-2.7,1,1 vehicle
5244123,2016-10-26 09:52:00,2016,85-02,VHDU,3591.0,2016-10-26 09:50:00,2.0,9.26445448401952,7.360647551082131,12.97,0.88,2.28,2.2,1,1 vehicle
5245203,2016-10-27 21:35:00,2016,1-p4,VHDU,3463.0,2016-10-27 21:30:00,5.0,2.785583426092349,6.428645425378839,11.46,10.09,13.79,3.92,2,2 or more vehicles
5245301,2016-10-28 07:24:00,2016,82-02,VHDU,33563.0,2016-10-28 07:20:00,4.0,8.355841882189397,10.9166146109414,10.71,6.69,9.9,2.08,1,1 vehicle
5245381,2016-10-28 10:29:00,2016,1-c5,VHDU,6315.0,2016-10-28 10:30:00,1.0,5.665798744567937,4.189300750163836,3.03,4.04,11.2,1.43,2,2 or more vehicles
5246148,2016-10-29 17:15:00,2016,1-f5,VHDU,31579.0,2016-10-29 17:10:00,5.0,1.5599589890943228,1.028741036313794,11.92,7.49,11.66,9.68,1,1 vehicle
5247411,2016-11-01 07:24:00,2016,82-03,VHDU,33563.0,2016-11-01 07:20:00,4.0,0.7800548444606262,0.3760650112123629,11.33,2.86,4.7,3.45,1,1 vehicle
5249770,2016-11-04 08:56:00,2016,93-03,VHDU,4182.0,2016-11-04 09:00:00,4.0,8.453744249262726,5.336718228238104,14.04,2.21,3.23,3.35,1,1 vehicle
5250100,2016-11-04 13:02:00,2016,1-p1,VHDU,33357.0,2016-11-04 13:00:00,2.0,1.7657957021995623,2.6900827429345155,10.45,1.03,1.76,0.08,2,2 or more vehicles
5250817,2016-11-06 00:43:00,2016,51-02,VHDU,31572.0,2016-11-06 00:40:00,3.0,6.846334446790977,5.773738212981441,11.24,5.97,8.53,5.32,1,1 vehicle
5250984,2016-11-06 11:06:00,2016,1-q3,VHDU,3474.0,2016-11-06 11:10:00,4.0,4.859747414066163,3.9336919245067903,13.42,13.09,15.3,2.73,1,1 vehicle
5253829,2016-11-10 12:10:00,2016,1-b9,VHDU,36122.0,2016-11-10 12:10:00,0.0,4.262814697058862,5.329972713472354,6.01,2.17,2.65,4.29,1,1 vehicle
5254158,2016-11-11 07:27:00,2016,1-f6,VHDU,31577.0,2016-11-11 07:30:00,3.0,1.7298695066475687,0.866726910174939,3.58,21.17,32.83,9.5,1,1 vehicle
5254274,2016-11-11 10:48:00,2016,1-b8,VHDU,36122.0,2016-11-11 10:50:00,2.0,2.027759493972819,3.3807083606755346,11.8,16.29,25.28,8.92,2,2 or more vehicles
5255038,2016-11-12 15:01:00,2016,1-g9,VHDU,31882.0,2016-11-12 15:00:00,1.0,10.622538924694716,6.975496895193262,9.12,5.88,9.02,2.87,1,1 vehicle
5255076,2016-11-12 15:36:00,2016,1-s5,VHDU,34238.0,2016-11-12 15:40:00,4.0,5.898730279364338,11.05888658286931,19.9,17.67,22.25,-2.17,1,1 vehicle
5255502,2016-11-13 17:34:00,2016,60-02,VHDU,31985.0,2016-11-13 17:30:00,4.0,1.6206871126672882,4.696286398233004,11.34,15.05,20.87,1.7,1,1 vehicle
5255572,2016-11-13 22:35:00,2016,1-j1,VHDU,32097.0,2016-11-13 22:30:00,5.0,0.15466249631312762,3.198771852515269,10.85,12.64,15.97,0.96,1,1 vehicle
5256780,2016-11-15 12:38:00,2016,1-d9,VHDU,31488.0,2016-11-15 12:40:00,2.0,5.261257947145435,3.4577407582901083,4.41,12.88,19.89,0.84,1,1 vehicle
5257180,2016-11-16 08:04:00,2016,61-38,VHDU,2646.0,2016-11-16 08:00:00,4.0,4.647866543552455,3.8609028288009,8.47,10.82,14.47,0.8,1,1 vehicle
5257268,2016-11-16 09:53:00,2016,41-15,VHDU,1473.0,2016-11-16 09:50:00,3.0,4.9954705986695425,2.669518633501688,13.26,4.45,6.01,3.65,1,1 vehicle
5257402,2016-11-16 12:05:00,2016,1-d8,VHDU,31392.0,2016-11-16 12:00:00,5.0,0.8463907736734768,1.811228203445721,16.61,5.36,6.86,-2.08,2,2 or more vehicles
5257993,2016-11-17 12:43:00,2016,1-g3,VHDU,1673.0,2016-11-17 12:40:00,3.0,9.134013499569992,5.382052364477969,11.64,13.77,18.03,-0.57,1,1 vehicle
5258002,2016-11-17 13:00:00,2016,354-01,VHDU,6310.0,2016-11-17 13:00:00,0.0,13.2860167909559,11.762643828486516,8.74,6.96,12.45,0.37,1,1 vehicle
5259628,2016-11-20 19:21:00,2016,1-s3,VHDU,4830.0,2016-11-20 19:20:00,1.0,9.74205801029102,8.915535731181778,8.08,9.31,12.15,-1.66,1,1 vehicle
5263588,2016-11-27 16:06:00,2016,61-36,VHDU,2646.0,2016-11-27 16:10:00,4.0,9.62302853592698,6.510486031780955,9.85,5.59,10.03,6.48,1,1 vehicle
5264413,2016-11-28 19:43:00,2016,1-b0,VHDU,36156.0,2016-11-28 19:40:00,3.0,10.372796361352918,5.81305271343813,12.09,4.65,6.76,1.56,1,1 vehicle
5264854,2016-11-29 11:58:00,2016,1-c2,VHDU,6315.0,2016-11-29 12:00:00,2.0,5.750829022015809,6.674890552366854,7.61,2.78,4.37,1.42,1,1 vehicle
5266197,2016-12-01 11:26:00,2016,1-k4,VDU,33204.0,2016-12-01 11:30:00,4.0,4.454121676074679,4.377143261503581,4.07,6.24,9.02,-0.42,1,1 vehicle
5266946,2016-12-02 14:59:00,2016,1-b4,VDU,36049.0,2016-12-02 15:00:00,1.0,0.6059352281334425,1.9506434494436529,12.05,3.92,6.57,6.89,1,1 vehicle
5267525,2016-12-04 00:08:00,2016,41-21,VDU,1350.0,2016-12-04 00:10:00,2.0,1.3713780918547571,1.4041541058646172,3.28,9.11,11.27,7.82,1,1 vehicle
5268377,2016-12-05 14:18:00,2016,835-01,VDU,3477.0,2016-12-05 14:20:00,2.0,1.0326292151123595,3.408059424404988,9.36,1.44,2.18,5.26,1,1 vehicle
5269640,2016-12-07 10:38:00,2016,1-p2,VDU,33357.0,2016-12-07 10:40:00,2.0,12.55001785379652,12.445794851228827,9.9,4.24,5.88,2.0,1,1 vehicle
5273280,2016-12-12 23:38:00,2016,41-16,VDU,31363.0,2016-12-12 23:40:00,2.0,4.413896237266593,4.6115007826263295,11.62,4.52,5.39,1.48,1,1 vehicle
5273331,2016-12-13 07:20:00,2016,41-16,VDU,31363.0,2016-12-13 07:20:00,0.0,0.2813837624229733,4.6115007826263295,11.62,19.2,28.22,5.54,5,2 or more vehicles
5275956,2016-12-17 14:15:00,2016,1-b7,VDU,36132.0,2016-12-17 14:10:00,5.0,0.3762310250685004,3.5572778320905845,13.08,10.77,13.72,6.99,1,1 vehicle
5276802,2016-12-19 11:27:00,2016,1-a3,VDU,6272.0,2016-12-19 11:30:00,3.0,14.249164130059178,13.691688950930176,9.44,7.06,9.96,-0.11,1,1 vehicle
5277223,2016-12-20 01:07:00,2016,39-01,VDU,31387.0,2016-12-20 01:10:00,3.0,0.5630268789219147,1.6348934580675056,15.67,11.78,19.21,0.22,1,1 vehicle
5277295,2016-12-20 08:53:00,2016,41-15,VDU,1473.0,2016-12-20 08:50:00,3.0,6.301271491082355,2.669518633501688,13.26,7.82,10.68,2.95,2,2 or more vehicles
5277498,2016-12-20 16:04:00,2016,36-07,VDU,31591.0,2016-12-20 16:00:00,4.0,3.4405607671219807,2.4786463022842136,5.1,23.54,31.36,-0.17,1,1 vehicle
5278091,2016-12-21 15:43:00,2016,60-44,VDU,32533.0,2016-12-21 15:40:00,3.0,2.0585608739665253,0.1659933335244843,11.16,0.64,2.42,-6.65,1,1 vehicle
5278602,2016-12-22 13:38:00,2016,1-d8,VDU,31392.0,2016-12-22 13:40:00,2.0,4.064357135123066,1.811228203445721,16.61,8.79,10.78,-4.02,3,2 or more vehicles
5278615,2016-12-22 14:16:00,2016,1-j1,VDU,32097.0,2016-12-22 14:20:00,4.0,1.7628302073523483,3.198771852515269,10.85,12.78,15.88,-4.07,2,2 or more vehicles
5278714,2016-12-22 19:24:00,2016,1-d8,VDU,31392.0,2016-12-22 19:20:00,4.0,5.1432627306495755,1.811228203445721,16.61,10.12,12.94,-4.42,1,1 vehicle
5279142,2016-12-23 15:23:00,2016,1-t0,VDU,4271.0,2016-12-23 15:20:00,3.0,15.631108025383336,16.112146503479053,8.97,9.49,11.47,0.39,1,1 vehicle
5279405,2016-12-24 17:27:00,2016,51-02,VDU,31572.0,2016-12-24 17:30:00,3.0,9.283334813782455,5.773738212981441,11.24,2.67,3.92,-2.09,2,2 or more vehicles
5279776,2016-12-26 12:05:00,2016,61-38,VDU,2646.0,2016-12-26 12:00:00,5.0,6.653250522689322,3.8609028288009,8.47,6.95,9.6,2.48,1,1 vehicle
5280670,2016-12-28 01:11:00,2016,1-c8,VDU,36308.0,2016-12-28 01:10:00,1.0,4.562405519359203,4.831712605587408,10.23,10.02,16.95,-0.1,1,1 vehicle
5281023,2016-12-28 18:12:00,2016,41-22,VDU,1350.0,2016-12-28 18:10:00,2.0,2.31254128429981,2.259852353483001,1.88,15.31,19.4,0.53,1,1 vehicle
5281075,2016-12-28 21:57:00,2016,41-22,VDU,1350.0,2016-12-28 22:00:00,3.0,2.3352136590518686,2.259852353483001,1.88,15.36,19.53,1.57,1,1 vehicle
5281257,2016-12-29 11:30:00,2016,35-02,VDU,31399.0,2016-12-29 11:30:00,0.0,9.204862797857649,12.28642901367293,7.8,10.5,16.46,3.49,1,1 vehicle
5281362,2016-12-29 16:50:00,2016,54-02,VDU,1779.0,2016-12-29 16:50:00,0.0,12.784472209972193,11.0845394985849,12.06,8.73,14.99,3.42,1,1 vehicle
5281474,2016-12-29 23:45:00,2016,1-f3,VDU,1479.0,2016-12-29 23:40:00,5.0,0.8381778060045355,1.1330985534714593,4.78,9.33,14.14,-1.94,1,1 vehicle
5281550,2016-12-30 08:11:00,2016,1-a3,VDU,6272.0,2016-12-30 08:10:00,1.0,9.615760337118047,13.691688950930176,9.44,1.8,3.0,-5.29,1,1 vehicle
5281792,2016-12-30 15:03:00,2016,65-01,VDU,32635.0,2016-12-30 15:00:00,3.0,2.013343412253564,2.867804950876332,5.07,1.08,2.45,-3.12,1,1 vehicle
5281991,2016-12-31 02:54:00,2016,82-03,VDU,33563.0,2016-12-31 02:50:00,4.0,1.137559965128293,0.3760650112123629,11.33,6.31,9.02,-1.78,1,1 vehicle
5282794,2017-01-02 10:39:00,2017,1-d2,VDU,36308.0,2017-01-02 10:40:00,1.0,5.644893827769496,8.371302373817642,13.7,3.34,4.8,3.0,1,1 vehicle
5282863,2017-01-02 11:19:00,2017,1-m1,VDU,3317.0,2017-01-02 11:20:00,1.0,1.8760097279640786,1.3256499646624635,1.45,8.07,11.37,4.95,2,2 or more vehicles
5283834,2017-01-03 21:14:00,2017,35-03,VDU,36411.0,2017-01-03 21:10:00,4.0,16.253568890530637,12.565510462223775,8.49,4.74,6.86,-3.42,1,1 vehicle
5285884,2017-01-07 21:50:00,2017,36-07,VDU,31591.0,2017-01-07 21:50:00,0.0,2.994405308324744,2.4786463022842136,5.1,12.18,21.27,-1.24,1,1 vehicle
5287442,2017-01-10 14:48:00,2017,41-22,VDU,1350.0,2017-01-10 14:50:00,2.0,2.28163146306774,2.259852353483001,1.88,4.27,5.29,-1.21,2,2 or more vehicles
5287451,2017-01-10 14:58:00,2017,1-j2,VDU,32097.0,2017-01-10 15:00:00,2.0,11.475825179509767,12.851629039775409,9.98,0.94,1.67,-4.54,3,2 or more vehicles
5287534,2017-01-10 16:35:00,2017,1-q7,VDU,33487.0,2017-01-10 16:30:00,5.0,5.311472151014994,2.473295195759243,9.65,0.98,1.76,-4.08,1,1 vehicle
5288086,2017-01-11 21:10:00,2017,1-k4,VDU,33204.0,2017-01-11 21:10:00,0.0,3.9157593643916564,4.377143261503581,4.07,9.61,12.15,-5.84,1,1 vehicle
5288216,2017-01-12 08:56:00,2017,43-01,VDU,31364.0,2017-01-12 09:00:00,4.0,3.1001963564912294,3.7630196539385503,13.38,3.38,4.21,-5.17,2,2 or more vehicles
5288669,2017-01-12 21:23:00,2017,61-38,VDU,2646.0,2017-01-12 21:20:00,3.0,5.221074247961345,3.8609028288009,8.47,1.88,2.38,-7.36,1,1 vehicle
5289021,2017-01-13 14:11:00,2017,1-g4,VDU,31674.0,2017-01-13 14:10:00,1.0,0.7056952023405614,2.9434338577391106,8.41,1.29,1.96,-4.56,1,1 vehicle
5290694,2017-01-16 14:38:00,2017,36-12,VDU,1479.0,2017-01-16 14:40:00,2.0,5.398536387770741,7.784369828621856,7.170000000000001,7.42,13.0,0.75,1,1 vehicle
5290798,2017-01-16 17:54:00,2017,1-d8,VDU,31392.0,2017-01-16 17:50:00,4.0,1.8338685479160708,1.811228203445721,16.61,11.31,17.15,-2.44,1,1 vehicle
5291046,2017-01-17 09:25:00,2017,41-15,VDU,1473.0,2017-01-17 09:20:00,5.0,0.3129117361952075,2.669518633501688,13.26,3.13,3.52,-1.3,1,1 vehicle
5291557,2017-01-18 07:50:00,2017,1-g3,VDU,1673.0,2017-01-18 07:50:00,0.0,10.279986551591634,5.382052364477969,11.639999999999995,6.42,8.72,-0.09,1,1 vehicle
5291571,2017-01-18 08:21:00,2017,1-f5,VDU,31579.0,2017-01-18 08:20:00,1.0,3.514410934829874,1.028741036313794,11.919999999999998,4.49,7.25,-0.13,2,2 or more vehicles
5291603,2017-01-18 09:28:00,2017,35-08,VDU,36519.0,2017-01-18 09:30:00,2.0,4.493766907896052,5.046269591968834,8.83,0.33,0.69,-4.2,1,1 vehicle
5291821,2017-01-18 14:36:00,2017,1-b1,VDU,36156.0,2017-01-18 14:40:00,4.0,3.3605473322834585,4.49414143740731,8.79,7.34,11.76,-0.02,1,1 vehicle
5291826,2017-01-18 14:39:00,2017,54-02,VDU,1779.0,2017-01-18 14:40:00,1.0,10.847396796528276,11.0845394985849,12.06,13.9,18.52,-1.66,1,1 vehicle
5292347,2017-01-19 15:27:00,2017,1-b4,VDU,36049.0,2017-01-19 15:30:00,3.0,1.5640603272727553,1.9506434494436529,12.05,10.98,15.97,0.72,1,1 vehicle
5292508,2017-01-19 23:21:00,2017,1-h3,VDU,31985.0,2017-01-19 23:20:00,1.0,14.509301412548435,14.515482652677305,9.01,3.57,4.41,-1.09,3,2 or more vehicles
5293560,2017-01-22 09:57:00,2017,1-g3,VDU,1673.0,2017-01-22 10:00:00,3.0,4.571443022444047,5.382052364477969,11.639999999999995,6.53,7.74,2.84,1,1 vehicle
5293582,2017-01-22 11:27:00,2017,41-16,VDU,31363.0,2017-01-22 11:30:00,3.0,10.169308944850977,4.6115007826263295,11.62,3.91,4.7,1.25,1,1 vehicle
5294582,2017-01-23 13:39:00,2017,1-b5,VDU,6045.0,2017-01-23 13:40:00,1.0,11.658665279119456,7.297304255791511,14.29,6.34,9.24,6.89,2,2 or more vehicles
5295246,2017-01-25 14:57:00,2017,1-k7,VDU,3223.0,2017-01-25 15:00:00,3.0,16.78325907833538,16.565651898144605,11.68,5.17,6.37,0.96,1,1 vehicle
5296074,2017-01-27 03:13:00,2017,1-f5,VDU,31579.0,2017-01-27 03:10:00,3.0,2.998470713694932,1.028741036313794,11.919999999999998,12.2,16.46,1.22,2,2 or more vehicles
5296111,2017-01-27 07:20:00,2017,1-e1,VDU,31488.0,2017-01-27 07:20:00,0.0,4.065376998499304,3.522383406880032,9.57,8.39,10.49,0.12,1,1 vehicle
5296345,2017-01-27 13:39:00,2017,261-02,VDU,6222.0,2017-01-27 13:40:00,1.0,4.811201484610275,0.9555180049138156,13.75,0.0,0.0,0.39,1,1 vehicle
5297183,2017-01-29 14:39:00,2017,35-02,VDU,31399.0,2017-01-29 14:40:00,1.0,15.977984456679733,12.28642901367293,7.8,8.65,12.35,1.47,3,2 or more vehicles
5297217,2017-01-29 16:14:00,2017,41-16,VDU,31363.0,2017-01-29 16:10:00,4.0,7.391911384417596,4.6115007826263295,11.62,7.06,9.21,1.48,2,2 or more vehicles
5297512,2017-01-29 00:00:00,2017,731-03,VDU,33431.0,2017-01-29 00:00:00,0.0,7.632090325142273,7.735425283602329,5.16,5.93,9.31,-8.04,1,1 vehicle
5297609,2017-01-30 13:44:00,2017,506-01,VDU,31572.0,2017-01-30 13:40:00,4.0,10.478326667180344,9.810187779041827,2.46,11.39,16.66,5.32,2,2 or more vehicles
5297873,2017-01-30 23:44:00,2017,1-m2,VDU,33419.0,2017-01-30 23:40:00,4.0,3.4846012238228607,5.573498711103916,13.26,1.21,2.25,4.07,1,1 vehicle
5299371,2017-02-02 12:28:00,2017,60-26,VDU,32365.0,2017-02-02 12:30:00,2.0,1.1609214307313422,2.35603885525555,10.84,10.46,13.23,-0.4,1,1 vehicle
5300198,2017-02-03 20:16:00,2017,848-02,VDU,4300.0,2017-02-03 20:20:00,4.0,4.040414148974561,3.515440362555078,11.28,3.02,4.67,3.96,1,1 vehicle
5302275,2017-02-07 16:17:00,2017,1-q3,VDU,3474.0,2017-02-07 16:20:00,3.0,4.249581504205563,3.9336919245067903,13.42,16.0,17.97,0.5,1,1 vehicle
5304989,2017-02-12 17:06:00,2017,1-g3,VDU,1673.0,2017-02-12 17:10:00,4.0,9.931988111804005,5.382052364477969,11.639999999999995,8.53,11.24,6.31,2,2 or more vehicles
5306129,2017-02-14 13:22:00,2017,72-01,VDU,33204.0,2017-02-14 13:20:00,2.0,6.074131399553408,5.751617273861404,5.0,1.63,2.45,2.64,2,2 or more vehicles
5306679,2017-02-15 10:09:00,2017,1-c7,VDU,6315.0,2017-02-15 10:10:00,1.0,5.994121015354797,7.2272366966,3.5,6.29,7.97,3.97,1,1 vehicle
5309943,2017-02-20 13:27:00,2017,85-01,VDU,33480.0,2017-02-20 13:30:00,3.0,0.5267275819767663,1.6191868693980056,12.73,0.96,1.67,-1.55,1,1 vehicle
5310116,2017-02-20 18:47:00,2017,1-g9,VDU,31882.0,2017-02-20 18:50:00,3.0,6.251772204336383,6.975496895193262,9.12,2.75,4.8,0.92,1,1 vehicle
5310135,2017-02-20 20:02:00,2017,518-02,VDU,6802.0,2017-02-20 20:00:00,2.0,13.538669953399282,14.938071940975734,13.59,5.7,8.07,1.28,1,1 vehicle
5310238,2017-02-21 01:04:00,2017,1-k6,VDU,33204.0,2017-02-21 01:00:00,4.0,8.428731250750966,7.807893229156674,10.57,0.44,0.88,-2.6,2,2 or more vehicles
5310299,2017-02-21 06:48:00,2017,41-15,VDU,1473.0,2017-02-21 06:50:00,2.0,1.4796500329620061,2.669518633501688,13.26,10.04,14.6,0.92,2,2 or more vehicles
5310551,2017-02-21 09:58:00,2017,1-g3,VDU,1673.0,2017-02-21 10:00:00,2.0,8.151774834481484,5.382052364477969,11.639999999999995,14.1,20.48,1.44,1,1 vehicle
5310789,2017-02-21 12:06:00,2017,36-11,VDU,1590.0,2017-02-21 12:10:00,4.0,6.692008718624129,4.097097125921327,7.99,16.24,29.54,-5.24,1,1 vehicle
5310870,2017-02-21 08:20:00,2017,1-d2,VDU,36308.0,2017-02-21 08:20:00,0.0,3.5979719466877236,8.371302373817642,13.7,12.76,15.88,-0.22,1,1 vehicle
5311487,2017-02-22 11:15:00,2017,1-e1,VDU,31488.0,2017-02-22 11:10:00,5.0,1.2088149594055932,3.522383406880032,9.57,6.6,8.72,-1.44,3,2 or more vehicles
5311992,2017-02-23 09:54:00,2017,1-d8,VDU,31392.0,2017-02-23 09:50:00,4.0,1.9238304737576133,1.811228203445721,16.61,3.21,3.72,-5.01,2,2 or more vehicles
5312144,2017-02-23 12:47:00,2017,54-17,VDU,31950.0,2017-02-23 12:50:00,3.0,1.0912414018862509,0.9059057682404476,7.43,8.53,13.13,-1.57,2,2 or more vehicles
5312396,2017-02-23 20:40:00,2017,82-03,VDU,33563.0,2017-02-23 20:40:00,0.0,5.845899923107875,0.3760650112123629,11.33,12.52,18.91,-1.98,1,1 vehicle
5312638,2017-02-24 10:04:00,2017,63-02,VDU,31122.0,2017-02-24 10:00:00,4.0,2.996482263395148,0.0723277669925947,12.78,7.23,10.78,-2.69,1,1 vehicle
5313384,2017-02-25 20:39:00,2017,43-01,VDU,31364.0,2017-02-25 20:40:00,1.0,6.070856527575653,3.7630196539385503,13.38,2.26,3.92,-0.86,2,2 or more vehicles
5313776,2017-02-26 15:46:00,2017,1-q6,VDU,33487.0,2017-02-26 15:50:00,4.0,2.0453928557685748,3.4788198556783483,4.34,2.05,2.55,-1.76,3,2 or more vehicles
5314009,2017-02-27 07:39:00,2017,87-05,VDU,3696.0,2017-02-27 07:40:00,1.0,8.874605348113754,10.484481059350308,8.6,0.16,0.62,-2.11,1,1 vehicle
5314369,2017-02-27 15:54:00,2017,1-b8,VDU,36122.0,2017-02-27 15:50:00,4.0,2.028696377801885,3.3807083606755346,11.8,6.01,8.43,2.6,2,2 or more vehicles
5315023,2017-02-28 18:18:00,2017,34-03,VDU,1395.0,2017-02-28 18:20:00,2.0,2.378700822789245,1.9799264204565696,1.52,6.3,8.56,-0.94,1,1 vehicle
5315107,2017-02-28 22:14:00,2017,50-05,VDU,31882.0,2017-02-28 22:10:00,4.0,3.324537023689148,5.057933775872968,14.11,4.61,6.17,-6.13,1,1 vehicle
5316782,2017-03-03 09:12:00,2017,1-f5,VDU,31579.0,2017-03-03 09:10:00,2.0,0.5427507373032692,1.028741036313794,11.919999999999998,0.99,1.86,-3.72,5,2 or more vehicles
5317244,2017-03-04 03:54:00,2017,1-d8,VDU,31392.0,2017-03-04 03:50:00,4.0,6.056831204619628,1.811228203445721,16.61,3.51,4.7,-7.39,1,1 vehicle
5317705,2017-03-05 01:58:00,2017,43-01,VDU,31364.0,2017-03-05 02:00:00,2.0,4.5093021016299435,3.7630196539385503,13.38,1.93,4.41,-0.63,1,1 vehicle
5318102,2017-03-05 20:19:00,2017,41-15,VDU,1473.0,2017-03-05 20:20:00,1.0,2.720484260468919,2.669518633501688,13.26,1.87,2.45,-4.47,2,2 or more vehicles
5318681,2017-03-06 19:26:00,2017,1-q3,VDU,3474.0,2017-03-06 19:30:00,4.0,5.4249076914938374,3.9336919245067903,13.42,4.71,5.93,0.41,2,2 or more vehicles
5322693,2017-03-12 23:52:00,2017,1-h2,VDU,31985.0,2017-03-12 23:50:00,2.0,8.191455185392797,8.113869305983009,10.7,0.21,1.08,-0.22,1,1 vehicle
5322876,2017-03-13 10:27:00,2017,35-02,VDU,31399.0,2017-03-13 10:30:00,3.0,13.14016154521352,12.28642901367293,7.8,0.2,9.41,4.31,1,1 vehicle
5326852,2017-03-17 18:23:00,2017,30-04,VDU,6420.0,2017-03-17 18:20:00,3.0,7.883631013959804,5.359811449264286,11.71,3.29,4.86,-1.26,2,2 or more vehicles
5331168,2017-03-24 08:51:00,2017,35-06,VDU,36415.0,2017-03-24 08:50:00,1.0,5.338493181809863,4.6028820030654085,4.38,8.06,11.96,3.02,1,1 vehicle
5332404,2017-03-25 10:36:00,2017,45-01,VDU,1453.0,2017-03-25 10:40:00,4.0,6.218593171319529,6.206697467082469,5.85,13.57,16.86,5.79,1,1 vehicle
5338902,2017-04-03 15:08:00,2017,41-21,VHDU,1350.0,2017-04-03 15:10:00,2.0,1.3640507618564788,1.4041541058646172,3.31,8.91,11.99,1.29,2,2 or more vehicles
5338971,2017-04-03 20:04:00,2017,1-p1,VHDU,33357.0,2017-04-03 20:00:00,4.0,0.11430218796069984,2.6900827429345155,10.45,14.09,18.13,-2.52,1,1 vehicle
5339491,2017-04-04 14:59:00,2017,82-05,VHDU,33661.0,2017-04-04 15:00:00,1.0,3.093985311382173,1.840275137807545,10.92,8.05,21.66,-2.25,2,2 or more vehicles
5339652,2017-04-04 20:15:00,2017,1-k3,VHDU,2197.0,2017-04-04 20:10:00,5.0,3.484639087790035,5.350417813137898,11.85,6.81,8.72,-1.74,1,1 vehicle
5341192,2017-04-06 16:16:00,2017,76-11,VHDU,33751.0,2017-04-06 16:20:00,4.0,2.976792089766959,3.3528835031121824,2.2,8.55,12.45,1.25,1,1 vehicle
5342404,2017-04-08 13:15:00,2017,1-a4,VHDU,6272.0,2017-04-08 13:10:00,5.0,9.583465987633675,4.907967091663654,11.41,4.51,5.68,4.78,1,1 vehicle
5344120,2017-04-10 21:28:00,2017,1-m5,VHDU,33431.0,2017-04-10 21:30:00,2.0,0.48840032186875676,6.468729395855224,14.15,4.68,6.86,-1.67,1,1 vehicle
5345564,2017-04-12 23:27:00,2017,1-a6,VHDU,36270.0,2017-04-12 23:30:00,3.0,2.276550257582152,4.464514206348191,13.14,3.27,5.19,-0.57,1,1 vehicle
5346344,2017-04-14 13:35:00,2017,50-03,VHDU,31882.0,2017-04-14 13:30:00,5.0,11.213728091968305,10.56287031936033,9.6,6.45,11.86,1.24,1,1 vehicle
5347369,2017-04-16 15:33:00,2017,1-b8,VHDU,36122.0,2017-04-16 15:30:00,3.0,2.0376960506909727,3.3807083606755346,11.8,4.25,7.25,5.37,2,2 or more vehicles
5347730,2017-04-17 11:17:00,2017,1-g4,VHDU,31674.0,2017-04-17 11:20:00,3.0,1.096923992746905,2.9434338577391106,8.41,25.31,37.14,2.3,3,2 or more vehicles
5347943,2017-04-17 17:11:00,2017,54-12,VHDU,1938.0,2017-04-17 17:10:00,1.0,3.3522968765573555,5.122886456510389,8.59,27.12,38.15,3.61,1,1 vehicle
5347982,2017-04-15 13:56:00,2017,427-06,VHDU,31380.0,2017-04-15 14:00:00,4.0,13.681592900173776,13.1804183372558,5.06,8.8,12.54,4.87,1,1 vehicle
5349615,2017-04-19 19:44:00,2017,1-j1,VHDU,32097.0,2017-04-19 19:40:00,4.0,1.0044025207504712,3.198771852515269,10.85,22.99,28.91,-2.37,2,2 or more vehicles
5349919,2017-04-19 21:56:00,2017,60-30,VHDU,32355.0,2017-04-19 22:00:00,4.0,2.9959525185399007,0.3700734187950305,11.79,15.72,21.85,-1.56,1,1 vehicle
5354492,2017-04-26 18:51:00,2017,1-a9,VHDU,36156.0,2017-04-26 18:50:00,1.0,15.411269018142043,13.901023635043588,5.65,9.89,13.13,8.66,1,1 vehicle
5356333,2017-04-29 14:37:00,2017,1-q5,VHDU,33480.0,2017-04-29 14:40:00,3.0,10.641180507801941,8.323557642546657,13.83,4.11,7.64,8.52,2,2 or more vehicles
5357036,2017-04-30 18:31:00,2017,1-q9,VHDU,33394.0,2017-04-30 18:30:00,1.0,0.8843092778597397,0.908915067351008,12.67,9.05,11.76,6.17,1,1 vehicle
5360202,2017-05-03 18:45:00,2017,528-01,VHDU,31985.0,2017-05-03 18:40:00,5.0,9.241855891369745,10.939265587381836,6.35,12.5,14.8,10.24,1,1 vehicle
5362523,2017-05-04 08:25:00,2017,60-22,VHDU,32372.0,2017-05-04 08:20:00,5.0,8.77961812331302,8.387800559612256,3.16,0.73,2.16,13.82,1,1 vehicle
5362745,2017-05-08 18:59:00,2017,41-15,VHDU,1473.0,2017-05-08 19:00:00,1.0,1.2241578637150299,2.669518633501688,13.26,3.83,5.52,6.18,1,1 vehicle
5363269,2017-05-08 01:07:00,2017,1-m8,VHDU,33451.0,2017-05-08 01:10:00,3.0,5.024021990535591,4.788530381206608,5.33,0.72,1.47,4.3,1,1 vehicle
5363585,2017-05-04 08:04:00,2017,45-01,VHDU,1453.0,2017-05-04 08:00:00,4.0,4.550808702529324,6.206697467082469,5.85,9.03,12.45,8.12,3,2 or more vehicles
5364093,2017-05-10 19:28:00,2017,93-03,VHDU,4182.0,2017-05-10 19:30:00,2.0,4.029092007003501,5.336718228238104,14.04,9.63,14.24,3.85,1,1 vehicle
5364135,2017-05-10 21:29:00,2017,1-g3,VHDU,1673.0,2017-05-10 21:30:00,1.0,1.983756900991994,5.382052364477969,11.639999999999995,22.81,37.24,4.6,2,2 or more vehicles
5364957,2017-05-11 19:17:00,2017,92-10,VHDU,34087.0,2017-05-11 19:20:00,3.0,5.391062183365578,6.682100904890704,4.69,7.48,16.56,-1.69,2,2 or more vehicles
5366018,2017-05-13 10:54:00,2017,42-02,VHDU,1473.0,2017-05-13 10:50:00,4.0,17.510712178595956,13.240070593365528,13.31,8.18,11.37,10.66,1,1 vehicle
5367670,2017-05-15 17:47:00,2017,1-b4,VHDU,36049.0,2017-05-15 17:50:00,3.0,2.328261402255029,1.9506434494436529,12.05,20.07,30.38,7.43,1,1 vehicle
5368013,2017-05-15 18:20:00,2017,1-k8,VHDU,3223.0,2017-05-15 18:20:00,0.0,14.947011158228374,15.384253879331345,11.4,8.01,11.37,13.13,1,1 vehicle
5368364,2017-05-16 15:05:00,2017,643-07,VHDU,2692.0,2017-05-16 15:00:00,5.0,4.932435273474393,9.173554504484168,18.07,4.71,6.04,4.77,1,1 vehicle
5368394,2017-05-16 13:25:00,2017,512-01,VHDU,1689.0,2017-05-16 13:20:00,5.0,13.770854873690292,12.706266962314938,15.04,13.85,16.82,3.99,1,1 vehicle
5370909,2017-05-19 23:46:00,2017,48-01,VHDU,1685.0,2017-05-19 23:50:00,4.0,10.338825774522174,7.895587442359354,10.55,1.34,1.73,6.24,2,2 or more vehicles
5371464,2017-05-21 12:16:00,2017,361-01,VHDU,1596.0,2017-05-21 12:20:00,4.0,5.597567826975487,3.326180053188963,8.69,5.18,9.67,20.75,1,1 vehicle
5371553,2017-05-21 15:55:00,2017,33-01,VHDU,31399.0,2017-05-21 15:50:00,5.0,7.672338385503267,10.766790604703466,12.81,3.39,6.37,14.36,2,2 or more vehicles
5372429,2017-05-22 14:01:00,2017,435-02,VHDU,1496.0,2017-05-22 14:00:00,1.0,7.3223653109475775,7.355674807437691,13.9,14.4,18.52,8.2,1,1 vehicle
5372562,2017-05-22 15:51:00,2017,821-03,VHDU,3371.0,2017-05-22 15:50:00,1.0,7.491609617138948,5.605000581782615,5.6,1.19,2.38,15.33,2,2 or more vehicles
5373563,2017-05-23 20:48:00,2017,36-06,VHDU,1596.0,2017-05-23 20:50:00,2.0,7.955735303564533,5.4322212477658764,10.69,1.2,2.64,8.66,1,1 vehicle
5373880,2017-05-24 08:29:00,2017,41-16,VHDU,31363.0,2017-05-24 08:30:00,1.0,4.882879461435751,4.6115007826263295,11.62,4.56,5.49,8.64,2,2 or more vehicles
5374569,2017-05-25 02:31:00,2017,1-d9,VHDU,31488.0,2017-05-25 02:30:00,1.0,3.8308193002626982,3.4577407582901083,4.7,6.83,8.92,7.75,2,2 or more vehicles
5375853,2017-05-26 20:21:00,2017,1-h3,VHDU,31985.0,2017-05-26 20:20:00,1.0,13.980265264781238,14.515482652677305,9.01,0.84,2.35,7.76,1,1 vehicle
5376744,2017-05-28 08:50:00,2017,1-a1,VHDU,36386.0,2017-05-28 08:50:00,0.0,0.7196914401374803,3.488285220225965,9.01,5.7,6.96,10.8,1,1 vehicle
5377137,2017-05-28 22:44:00,2017,54-17,VHDU,31950.0,2017-05-28 22:40:00,4.0,1.7634215180422375,0.9059057682404476,7.43,3.42,6.47,7.66,1,1 vehicle
5377391,2017-05-29 11:14:00,2017,1-q0,VHDU,3471.0,2017-05-29 11:10:00,4.0,4.0861024406185456,3.5305709872854014,2.13,2.22,2.61,10.43,1,1 vehicle
5380169,2017-06-02 03:04:00,2017,1-d9,SDU,31488.0,2017-06-02 03:00:00,4.0,1.898143451255069,3.4577407582901083,4.7,6.79,9.21,8.56,1,1 vehicle
5380216,2017-06-01 17:30:00,2017,1-j1,SDU,32097.0,2017-06-01 17:30:00,0.0,1.7639971151018494,3.198771852515269,10.85,10.88,16.56,8.55,2,2 or more vehicles
5380935,2017-06-02 23:34:00,2017,76-04,SDU,3433.0,2017-06-02 23:30:00,4.0,19.630794859167434,16.232218446531423,13.07,2.06,2.67,5.74,1,1 vehicle
5380943,2017-06-03 00:27:00,2017,1-t1,SDU,4271.0,2017-06-03 00:30:00,3.0,5.029137566315349,6.49991970936017,11.25,0.92,1.73,5.55,3,2 or more vehicles
5381107,2017-06-03 08:51:00,2017,47-01,SDU,31577.0,2017-06-03 08:50:00,1.0,3.4574378022227994,2.343980078143474,3.71,2.29,3.43,10.11,1,1 vehicle
5382457,2017-06-05 16:17:00,2017,41-15,SDU,1473.0,2017-06-05 16:20:00,3.0,5.234933675237773,2.669518633501688,13.26,4.44,6.23,12.07,2,2 or more vehicles
5382461,2017-06-05 13:45:00,2017,85-03,SDU,3696.0,2017-06-05 13:40:00,5.0,11.881184854650208,13.211040492328156,11.12,5.1,9.8,7.82,1,1 vehicle
5386357,2017-06-10 04:23:00,2017,1-c8,SDU,36308.0,2017-06-10 04:20:00,3.0,4.898974532213773,4.831712605587408,10.23,2.17,2.65,3.26,1,1 vehicle
5386550,2017-06-10 12:25:00,2017,645-03,SDU,2480.0,2017-06-10 12:20:00,5.0,9.733450470524591,8.912788152950418,11.06,8.07,9.6,8.45,1,1 vehicle
5386782,2017-06-10 18:35:00,2017,1-b8,SDU,36122.0,2017-06-10 18:30:00,5.0,3.4727734136382455,3.3807083606755346,11.8,3.99,5.68,11.55,2,2 or more vehicles
5387616,2017-06-12 08:04:00,2017,61-36,SDU,2646.0,2017-06-12 08:00:00,4.0,4.399472177964623,6.510486031780955,9.85,5.59,8.43,5.6,1,1 vehicle
5389044,2017-06-03 12:45:00,2017,60-46,SDU,2636.0,2017-06-03 12:40:00,5.0,0.6961642309347716,1.8431777366694395,7.28,7.35,8.04,2.13,1,1 vehicle
5389126,2017-06-13 18:47:00,2017,1-p2,SDU,33357.0,2017-06-13 18:50:00,3.0,14.916430903636032,12.445794851228827,9.9,5.63,6.96,6.3,3,2 or more vehicles
5389335,2017-06-14 02:13:00,2017,54-20,SDU,2050.0,2017-06-14 02:10:00,3.0,16.281009254422372,19.99729007587939,11.23,8.63,10.85,4.79,1,1 vehicle
5389656,2017-06-14 12:31:00,2017,1-e1,SDU,31488.0,2017-06-14 12:30:00,1.0,7.990469191579784,3.522383406880032,9.57,4.14,5.98,13.63,1,1 vehicle
5389879,2017-06-14 15:22:00,2017,711-05,SDU,3317.0,2017-06-14 15:20:00,2.0,17.140679729849968,18.568666912081063,13.65,8.32,10.98,11.41,1,1 vehicle
5390192,2017-06-14 20:52:00,2017,1-d8,SDU,31392.0,2017-06-14 20:50:00,2.0,4.2701187658429935,1.811228203445721,16.61,6.89,9.41,10.48,1,1 vehicle
5390334,2017-06-15 08:04:00,2017,63-03,SDU,32322.0,2017-06-15 08:00:00,4.0,4.0992009966066005,0.5913013752688775,14.65,9.48,10.78,6.09,1,1 vehicle
5390801,2017-06-15 14:26:00,2017,85-05,SDU,3696.0,2017-06-15 14:30:00,4.0,1.4400769040398944,0.6389369605298947,2.15,1.07,2.51,11.2,2,2 or more vehicles
5390976,2017-06-15 18:06:00,2017,1-q5,SDU,33480.0,2017-06-15 18:10:00,4.0,8.889894438722404,8.323557642546657,13.83,4.34,5.59,7.37,1,1 vehicle
5390979,2017-06-15 18:18:00,2017,426-01,SDU,31364.0,2017-06-15 18:20:00,2.0,1.7332549697728519,1.731350363455631,2.35,0.55,1.47,11.88,1,1 vehicle
5391838,2017-06-16 15:53:00,2017,1-k3,SDU,2197.0,2017-06-16 15:50:00,3.0,7.764933707829056,5.350417813137898,11.85,5.96,7.12,8.19,3,2 or more vehicles
5392336,2017-06-17 11:05:00,2017,1-s2,SDU,4830.0,2017-06-17 11:00:00,5.0,13.653658061184696,10.350341163838008,8.67,6.29,8.43,12.3,1,1 vehicle
5392404,2017-06-17 14:22:00,2017,54-07,SDU,31948.0,2017-06-17 14:20:00,2.0,8.89412641541764,8.319713766184018,12.77,5.75,7.84,9.02,2,2 or more vehicles
5393014,2017-06-18 15:20:00,2017,47-01,SDU,31577.0,2017-06-18 15:20:00,0.0,1.3176082316959281,2.343980078143474,3.71,2.0,3.53,9.32,2,2 or more vehicles
5393019,2017-06-18 15:19:00,2017,1-m9,SDU,33451.0,2017-06-18 15:20:00,1.0,4.87657336723318,3.2644947156683037,11.1,5.71,7.06,6.88,2,2 or more vehicles
5393085,2017-06-18 17:16:00,2017,1-f6,SDU,31577.0,2017-06-18 17:20:00,4.0,0.09266695472478993,0.866726910174939,3.5799999999999996,3.03,5.0,8.62,1,1 vehicle
5395224,2017-06-18 16:10:00,2017,41-16,SDU,31363.0,2017-06-18 16:10:00,0.0,6.580251636764989,4.6115007826263295,11.62,8.04,10.68,8.66,1,1 vehicle
5395690,2017-06-21 16:21:00,2017,54-08,SDU,31840.0,2017-06-21 16:20:00,1.0,8.979369789038984,6.071345129860637,12.27,5.79,7.35,11.5,2,2 or more vehicles
5397357,2017-06-24 03:30:00,2017,60-47,SDU,2641.0,2017-06-24 03:30:00,0.0,1.4949079661904385,1.3076373185269048,4.92,5.29,11.07,3.94,1,1 vehicle
5397402,2017-06-24 09:26:00,2017,1-e1,SDU,31488.0,2017-06-24 09:30:00,4.0,2.173621595501083,3.522383406880032,9.57,6.97,10.09,9.07,1,1 vehicle
5397999,2017-06-25 11:30:00,2017,54-06,SDU,31958.0,2017-06-25 11:30:00,0.0,2.149636790576505,3.816243689301748,12.21,3.15,5.59,10.87,2,2 or more vehicles
5398057,2017-06-25 15:26:00,2017,58-01,SDU,2050.0,2017-06-25 15:30:00,4.0,1.6799629882974885,3.9981174783629543,8.67,4.49,5.97,10.23,1,1 vehicle
5398059,2017-06-25 15:28:00,2017,359-01,SDU,36415.0,2017-06-25 15:30:00,2.0,2.645776039602948,0.8562202816638138,7.56,7.76,10.09,12.1,1,1 vehicle
5398160,2017-06-25 18:55:00,2017,50-01,SDU,1779.0,2017-06-25 18:50:00,5.0,3.1545183464863427,3.6583584434854974,9.24,2.16,3.82,16.71,2,2 or more vehicles
5398239,2017-06-24 23:15:00,2017,85-03,SDU,3696.0,2017-06-24 23:10:00,5.0,12.017169163274147,13.211040492328156,11.12,1.55,3.33,5.42,1,1 vehicle
5398268,2017-06-25 21:54:00,2017,60-07,SDU,2175.0,2017-06-25 21:50:00,4.0,11.0234278770658,6.6572981298054845,15.58,5.4,7.48,7.71,1,1 vehicle
5400484,2017-06-28 16:08:00,2017,30-08,SDU,36519.0,2017-06-28 16:10:00,2.0,2.158596820250973,1.994531131397776,4.34,2.45,4.9,10.15,1,1 vehicle
5400668,2017-06-29 05:53:00,2017,427-04,SDU,31365.0,2017-06-29 05:50:00,3.0,2.2556077857902572,0.1007673098225247,7.26,3.39,4.02,9.16,1,1 vehicle
5401072,2017-06-29 16:32:00,2017,1-p2,SDU,33357.0,2017-06-29 16:30:00,2.0,16.011337131272644,12.445794851228827,9.9,1.4,2.65,8.14,2,2 or more vehicles
5401357,2017-06-30 04:57:00,2017,1-f8,SDU,31577.0,2017-06-30 05:00:00,3.0,5.368940200462976,4.303271038168447,5.76,9.08,13.13,10.5,1,1 vehicle
5403304,2017-07-02 17:19:00,2017,f208-03,SDU,6459.0,2017-07-02 17:20:00,1.0,17.44822614257593,17.534650901415567,27.69,3.21,4.57,8.63,1,1 vehicle
5406432,2017-07-07 15:11:00,2017,65-01,SDU,32635.0,2017-07-07 15:10:00,1.0,3.2355091641577767,2.867804950876332,5.07,4.27,5.59,8.78,2,2 or more vehicles
5407263,2017-07-08 19:07:00,2017,35-04,SDU,36411.0,2017-07-08 19:10:00,3.0,1.8886741535007705,4.502054796897285,8.819999999999999,1.96,3.92,15.1,10,2 or more vehicles
5409079,2017-07-11 00:08:00,2017,41-17,SDU,1350.0,2017-07-11 00:10:00,2.0,6.672709966061104,6.841931195549181,4.66,5.48,7.28,8.75,2,2 or more vehicles
5410863,2017-07-12 20:27:00,2017,523-03,SDU,6802.0,2017-07-12 20:30:00,3.0,4.3918778779248475,4.618312380455882,17.18,6.95,10.88,12.84,2,2 or more vehicles
5412219,2017-07-14 21:01:00,2017,61-03,SDU,2481.0,2017-07-14 21:00:00,1.0,1.9597834873834326,0.5983411752410052,5.22,1.95,2.77,10.02,1,1 vehicle
5414084,2017-07-17 19:41:00,2017,38-01,SDU,31392.0,2017-07-17 19:40:00,1.0,7.3125280084005,7.860927660955096,11.6,7.37,10.49,7.45,1,1 vehicle
5414722,2017-07-18 15:13:00,2017,848-02,SDU,4300.0,2017-07-18 15:10:00,3.0,3.7725345107365107,3.515440362555078,11.28,6.5,8.92,12.52,1,1 vehicle
5416557,2017-07-20 17:37:00,2017,864-03,SDU,4614.0,2017-07-20 17:40:00,3.0,14.815000172460744,17.495498081520807,13.66,4.93,8.07,17.83,1,1 vehicle
5417698,2017-07-22 13:32:00,2017,59-02,SDU,32190.0,2017-07-22 13:30:00,2.0,1.0813713094351958,3.972460559685162,14.7,5.97,8.72,16.23,1,1 vehicle
5417765,2017-07-22 16:29:00,2017,845-01,SDU,3591.0,2017-07-22 16:30:00,1.0,8.718248370361975,5.513349493291968,10.44,5.76,7.25,20.3,1,1 vehicle
5418283,2017-07-23 15:31:00,2017,82-02,SDU,33563.0,2017-07-23 15:30:00,1.0,9.17434395753711,10.9166146109414,10.71,4.65,8.13,14.81,4,2 or more vehicles
5419197,2017-07-25 01:45:00,2017,1-h2,SDU,31985.0,2017-07-25 01:40:00,5.0,8.032668031455405,8.113869305983009,10.7,2.71,3.14,9.54,1,1 vehicle
5420143,2017-07-26 07:10:00,2017,93-02,SDU,34175.0,2017-07-26 07:10:00,0.0,3.2040677279619567,2.2346382814282277,9.91,5.22,6.86,4.14,1,1 vehicle
5421605,2017-07-27 14:49:00,2017,35-01,SDU,31399.0,2017-07-27 14:50:00,1.0,6.526071776566215,4.900372212107007,8.51,8.59,12.05,17.12,4,2 or more vehicles
5421822,2017-07-27 15:16:00,2017,42-02,SDU,1473.0,2017-07-27 15:20:00,4.0,9.273090667263432,13.240070593365528,13.31,7.03,11.89,22.33,1,1 vehicle
5422594,2017-07-28 12:42:00,2017,55-02,SDU,31958.0,2017-07-28 12:40:00,2.0,16.88269484319611,19.776587122748936,14.34,15.64,23.42,11.16,1,1 vehicle
5422898,2017-07-28 19:19:00,2017,1-p6,SDU,3471.0,2017-07-28 19:20:00,1.0,3.239565585161902,2.7742615388858822,4.92,3.09,5.03,9.95,1,1 vehicle
5423720,2017-07-30 00:32:00,2017,767-01,SDU,3433.0,2017-07-30 00:30:00,2.0,16.964374306457753,16.62786732270217,10.73,9.42,12.09,8.78,1,1 vehicle
5424324,2017-07-30 15:44:00,2017,60-02,SDU,31985.0,2017-07-30 15:40:00,4.0,1.111605576248243,4.696286398233004,11.34,9.3,11.86,11.4,1,1 vehicle
5425208,2017-07-31 20:37:00,2017,47-11,SDU,1685.0,2017-07-31 20:40:00,3.0,0.7777514676831941,2.85210964840569,13.71,5.5,6.89,12.23,1,1 vehicle
5425831,2017-08-01 14:22:00,2017,612-03,SDU,2304.0,2017-08-01 14:20:00,2.0,13.830056913655183,10.535353510901745,17.24,2.48,3.62,11.87,1,1 vehicle
5426654,2017-08-02 12:57:00,2017,254-01,SDU,36122.0,2017-08-02 13:00:00,3.0,7.094918180509713,5.719877538979474,11.9,3.43,4.31,11.45,2,2 or more vehicles
5426695,2017-08-02 13:31:00,2017,76-06,SDU,33643.0,2017-08-02 13:30:00,1.0,17.01596111021646,15.895931226517536,8.92,4.7,6.37,9.92,1,1 vehicle
5426910,2017-08-02 16:50:00,2017,26-09,SDU,6546.0,2017-08-02 16:50:00,0.0,4.461310139910565,2.8639242071910065,5.19,4.03,7.18,13.07,2,2 or more vehicles
5427622,2017-08-03 16:57:00,2017,50-01,SDU,1779.0,2017-08-03 17:00:00,3.0,2.1885150649008054,3.6583584434854974,9.24,4.22,5.42,12.39,3,2 or more vehicles
5428214,2017-08-04 07:24:00,2017,1-b5,SDU,6045.0,2017-08-04 07:20:00,4.0,13.45403886512979,7.297304255791511,14.29,0.34,0.75,10.49,3,2 or more vehicles
5428611,2017-08-04 16:56:00,2017,61-33,SDU,2646.0,2017-08-04 17:00:00,4.0,8.9924147574143,10.974953957267978,13.84,6.1,7.44,11.15,1,1 vehicle
5428680,2017-08-04 07:47:00,2017,1-g1,SDU,31572.0,2017-08-04 07:50:00,3.0,3.071014358447319,7.416893274742419,10.93,1.56,2.65,8.67,2,2 or more vehicles
5428723,2017-08-03 15:28:00,2017,1-s5,SDU,34238.0,2017-08-03 15:30:00,2.0,9.069285471667715,11.05888658286931,19.9,3.25,5.1,7.64,1,1 vehicle
5428897,2017-08-05 01:04:00,2017,520-02,SDU,1779.0,2017-08-05 01:00:00,4.0,10.703882696227982,9.327403039901949,5.3,1.56,3.13,8.79,1,1 vehicle
5430560,2017-08-07 12:59:00,2017,61-24,SDU,32474.0,2017-08-07 13:00:00,1.0,4.923957440443848,9.469232233801408,19.41,4.66,7.06,4.84,2,2 or more vehicles
5430760,2017-08-07 16:30:00,2017,1-d8,SDU,31392.0,2017-08-07 16:30:00,0.0,5.003708097469966,1.811228203445721,16.61,7.11,10.58,10.46,2,2 or more vehicles
5430911,2017-08-08 00:55:00,2017,1-p3,SDU,3471.0,2017-08-08 00:50:00,5.0,17.56766748445866,17.04322593257332,10.59,1.6,2.05,8.91,1,1 vehicle
5431605,2017-08-08 15:12:00,2017,41-13,SDU,31475.0,2017-08-08 15:10:00,2.0,0.2969341956770061,0.6823254174865477,2.51,3.25,5.49,9.35,3,2 or more vehicles
5431886,2017-08-09 07:28:00,2017,503-01,SDU,31572.0,2017-08-09 07:30:00,2.0,2.0773398926809725,2.3989783393278965,3.23,6.05,8.43,9.59,1,1 vehicle
5433329,2017-08-10 17:06:00,2017,30-04,SDU,6420.0,2017-08-10 17:10:00,4.0,5.135476162590393,5.359811449264286,11.71,6.61,10.0,15.11,2,2 or more vehicles
5433543,2017-08-10 22:01:00,2017,1-d6,SDU,31399.0,2017-08-10 22:00:00,1.0,3.2076676766678722,2.8564832758413083,10.51,5.63,10.29,11.43,1,1 vehicle
5434636,2017-08-11 15:58:00,2017,1-p3,SDU,3471.0,2017-08-11 16:00:00,2.0,18.16946156179587,17.04322593257332,10.59,7.01,9.24,9.51,4,2 or more vehicles
5435430,2017-08-13 11:12:00,2017,58-01,SDU,2050.0,2017-08-13 11:10:00,2.0,3.7046278361705793,3.9981174783629543,8.67,1.9,3.39,10.46,1,1 vehicle
5436185,2017-08-14 13:28:00,2017,41-15,SDU,1473.0,2017-08-14 13:30:00,2.0,2.723632867063491,2.669518633501688,13.26,2.93,4.57,11.5,1,1 vehicle
5436271,2017-08-14 16:52:00,2017,45-01,SDU,1453.0,2017-08-14 16:50:00,2.0,6.9437413362812865,6.206697467082469,5.85,2.26,3.13,10.59,1,1 vehicle
5437838,2017-08-16 10:32:00,2017,61-24,SDU,32474.0,2017-08-16 10:30:00,2.0,7.584118326675014,9.469232233801408,19.41,6.24,7.84,6.35,1,1 vehicle
5438230,2017-08-16 17:11:00,2017,1-q7,SDU,33487.0,2017-08-16 17:10:00,1.0,5.296785768966113,2.473295195759243,9.65,4.0,5.68,7.78,1,1 vehicle
5439247,2017-08-17 19:57:00,2017,435-00,SDU,1481.0,2017-08-17 20:00:00,3.0,1.931574423861645,0.4171045231269972,4.61,8.18,11.11,9.94,1,1 vehicle
5440110,2017-08-18 13:52:00,2017,60-36,SDU,2428.0,2017-08-18 13:50:00,2.0,16.355990204427112,17.093410122889587,11.5,3.85,7.71,11.02,1,1 vehicle
5440693,2017-08-19 18:11:00,2017,1-p4,SDU,3463.0,2017-08-19 18:10:00,1.0,3.2403650622228506,6.428645425378839,11.46,7.48,10.42,8.66,3,2 or more vehicles
5441092,2017-08-20 03:53:00,2017,1-p4,SDU,3463.0,2017-08-20 03:50:00,3.0,2.63384523708117,6.428645425378839,11.46,1.02,2.84,3.8,1,1 vehicle
5441577,2017-08-20 20:08:00,2017,1-e2,SDU,1481.0,2017-08-20 20:10:00,2.0,2.9019085874862043,3.0522745231845994,3.46,2.96,3.39,11.47,3,2 or more vehicles
5444451,2017-08-23 20:21:00,2017,36-11,SDU,1590.0,2017-08-23 20:20:00,1.0,4.306837417956792,4.097097125921327,7.99,4.25,5.16,10.11,1,1 vehicle
5445151,2017-08-24 11:56:00,2017,50-03,SDU,31882.0,2017-08-24 12:00:00,4.0,11.086216441793354,10.56287031936033,9.6,1.82,4.41,12.8,1,1 vehicle
5447943,2017-08-28 15:04:00,2017,862-01,SDU,34413.0,2017-08-28 15:00:00,4.0,9.022857284932956,9.77182771669853,21.12,5.32,7.15,8.81,1,1 vehicle
5451160,2017-08-31 18:26:00,2017,76-06,SDU,33643.0,2017-08-31 18:30:00,4.0,17.0769709783963,15.895931226517536,8.92,9.68,13.33,13.19,1,1 vehicle
5451864,2017-09-01 17:35:00,2017,1-n1,SDU,33357.0,2017-09-01 17:30:00,5.0,11.644755908168742,7.600410813299837,10.63,7.51,12.35,14.63,1,1 vehicle
5452943,2017-09-03 11:28:00,2017,429-02,SDU,1350.0,2017-09-03 11:30:00,2.0,5.435283590122988,5.685793567904326,4.32,6.45,8.07,12.43,1,1 vehicle
5453168,2017-09-03 21:36:00,2017,26-06,SDU,6430.0,2017-09-03 21:40:00,4.0,1.6103991955381667,6.464287669900802,10.74,2.38,4.18,12.14,1,1 vehicle
5454225,2017-09-05 07:46:00,2017,75-06,SDU,3433.0,2017-09-05 07:50:00,4.0,2.7727100432153273,4.244214080639283,11.95,2.9,4.11,9.2,2,2 or more vehicles
5455417,2017-09-06 12:35:00,2017,94-04,SDU,34382.0,2017-09-06 12:30:00,5.0,18.258950793266497,16.96372952000077,7.12,8.72,10.49,7.4,1,1 vehicle
5455458,2017-09-06 13:27:00,2017,1-h4,SDU,32097.0,2017-09-06 13:30:00,3.0,3.5828870201230885,6.809457005645053,11.45,3.08,4.7,6.51,1,1 vehicle
5456533,2017-09-07 18:17:00,2017,59-11,SDU,2197.0,2017-09-07 18:20:00,3.0,5.793607221855585,5.562171923379275,7.66,9.92,12.71,8.21,1,1 vehicle
5457593,2017-09-08 23:06:00,2017,745-08,SDU,33424.0,2017-09-08 23:10:00,4.0,12.241469759701598,11.655482587078543,10.11,0.62,1.18,5.7,1,1 vehicle
5458277,2017-09-10 04:53:00,2017,92-09,SDU,5981.0,2017-09-10 04:50:00,3.0,2.3037415469876166,3.9180680850954337,7.91,0.93,1.33,8.19,1,1 vehicle
5461530,2017-09-13 16:02:00,2017,427-12,SDU,31380.0,2017-09-13 16:00:00,2.0,11.833627028326381,8.344923350684882,14.45,4.51,7.45,12.02,1,1 vehicle
5465825,2017-09-16 16:47:00,2017,54-02,SDU,1779.0,2017-09-16 16:50:00,3.0,7.95188294001499,11.0845394985849,12.06,5.41,9.9,15.1,1,1 vehicle
5467040,2017-09-20 17:26:00,2017,41-17,SDU,1350.0,2017-09-20 17:30:00,4.0,8.063064746290284,6.841931195549181,4.66,2.7,3.36,8.17,2,2 or more vehicles
5467748,2017-09-21 13:44:00,2017,50-01,SDU,1779.0,2017-09-21 13:40:00,4.0,2.682813834645203,3.6583584434854974,9.24,6.06,9.96,11.76,1,1 vehicle
5470071,2017-09-25 10:26:00,2017,85-25,SDU,34733.0,2017-09-25 10:30:00,4.0,18.70905573611173,18.568728178372435,10.49,6.5,9.21,11.16,1,1 vehicle
5470619,2017-09-25 16:40:00,2017,1-s4,SDU,34238.0,2017-09-25 16:40:00,0.0,3.3800374227661516,2.044687902619077,12.0,10.63,13.52,6.39,1,1 vehicle
5472551,2017-09-27 17:05:00,2017,76-15,SDU,33654.0,2017-09-27 17:00:00,5.0,0.8334120991254591,0.96895568343592,14.08,2.44,4.9,16.34,1,1 vehicle
5474254,2017-09-29 18:26:00,2017,1-g1,SDU,31572.0,2017-09-29 18:30:00,4.0,9.163380910414345,7.416893274742419,10.93,8.54,12.45,9.87,1,1 vehicle
5475591,2017-10-01 17:41:00,2017,41-16,VHDU,31363.0,2017-10-01 17:40:00,1.0,9.969819631926761,4.6115007826263295,11.62,3.48,5.1,9.11,2,2 or more vehicles
5475650,2017-10-01 20:17:00,2017,48-01,VHDU,1685.0,2017-10-01 20:20:00,3.0,8.007398666739373,7.895587442359354,10.55,1.55,3.43,8.59,1,1 vehicle
5475685,2017-10-01 21:28:00,2017,1-s3,VHDU,4830.0,2017-10-01 21:30:00,2.0,8.82660098899134,8.915535731181778,8.08,0.3,1.17,5.11,1,1 vehicle
5478695,2017-10-05 10:55:00,2017,1-a4,VHDU,6272.0,2017-10-05 10:50:00,5.0,3.6930259073154055,4.907967091663654,11.41,6.06,9.9,8.77,2,2 or more vehicles
5480825,2017-10-08 04:29:00,2017,1-h2,VHDU,31985.0,2017-10-08 04:30:00,1.0,8.10753926543513,8.113869305983009,10.7,4.79,6.08,4.64,1,1 vehicle
5480926,2017-10-08 03:52:00,2017,793-01,VHDU,3752.0,2017-10-08 03:50:00,2.0,2.1079282039108875,1.8122877968222648,2.57,1.59,2.38,4.48,1,1 vehicle
5481478,2017-10-09 09:33:00,2017,846-02,VHDU,33487.0,2017-10-09 09:30:00,3.0,7.406071332852515,7.705450559734944,4.05,2.57,3.53,3.16,1,1 vehicle
5481783,2017-10-09 15:02:00,2017,92-07,VHDU,5981.0,2017-10-09 15:00:00,2.0,1.886016989506323,4.3294707374769,12.23,4.59,7.45,9.28,1,1 vehicle
5482522,2017-10-10 10:06:00,2017,864-00,VHDU,4323.0,2017-10-10 10:10:00,4.0,2.8637868757922815,1.4561688215915984,3.23,2.97,5.03,4.02,1,1 vehicle
5483400,2017-10-10 13:19:00,2017,1-k3,VHDU,2197.0,2017-10-10 13:20:00,1.0,4.355078324213188,5.350417813137898,11.85,2.83,3.92,4.92,1,1 vehicle
5484015,2017-10-12 09:22:00,2017,93-03,VHDU,4182.0,2017-10-12 09:20:00,2.0,6.558596200449974,5.336718228238104,14.04,3.96,6.04,7.27,1,1 vehicle
5486422,2017-10-15 13:52:00,2017,1-s4,VHDU,34238.0,2017-10-15 13:50:00,2.0,7.780500688762317,2.044687902619077,12.0,4.3,5.68,2.02,1,1 vehicle
5486588,2017-10-15 20:29:00,2017,85-31,VHDU,4652.0,2017-10-15 20:30:00,1.0,9.016710337739655,8.233614808095979,8.02,4.17,5.12,2.74,1,1 vehicle
5486713,2017-10-15 22:29:00,2017,85-27,VHDU,4652.0,2017-10-15 22:30:00,1.0,17.481465750138614,15.062005699875211,7.41,4.28,5.19,3.11,1,1 vehicle
5486781,2017-10-16 08:01:00,2017,82-01,VHDU,3463.0,2017-10-16 08:00:00,1.0,0.5960207256703335,2.8505006265868884,10.93,0.78,1.56,0.59,1,1 vehicle
5489224,2017-10-18 16:47:00,2017,35-03,VHDU,36411.0,2017-10-18 16:50:00,3.0,10.16426799204731,12.565510462223775,8.49,9.27,15.88,8.7,1,1 vehicle
5489448,2017-10-18 17:06:00,2017,41-15,VHDU,1473.0,2017-10-18 17:10:00,4.0,4.48729088316011,2.669518633501688,13.26,8.95,16.27,9.23,1,1 vehicle
5490106,2017-10-19 20:20:00,2017,61-35,VHDU,2646.0,2017-10-19 20:20:00,0.0,6.267201578736406,3.4147436857726188,13.6,1.43,4.47,7.42,1,1 vehicle
5491777,2017-10-22 07:50:00,2017,574-10,VHDU,1924.0,2017-10-22 07:50:00,0.0,4.5674495977357,3.4423086637267892,4.12,1.85,2.48,4.47,1,1 vehicle
5491920,2017-10-22 13:56:00,2017,845-01,VHDU,3591.0,2017-10-22 14:00:00,4.0,6.288058132354854,5.513349493291968,10.44,0.25,0.75,5.6,2,2 or more vehicles
5493121,2017-10-24 08:57:00,2017,423-01,VHDU,1350.0,2017-10-24 09:00:00,3.0,4.046144203102842,4.026199387447493,1.66,0.97,1.37,3.62,1,1 vehicle
5493704,2017-10-24 16:42:00,2017,55-02,VHDU,31958.0,2017-10-24 16:40:00,2.0,17.09232880183533,19.776587122748936,14.34,8.6,16.37,7.79,1,1 vehicle
5494291,2017-10-25 12:16:00,2017,717-01,VHDU,33204.0,2017-10-25 12:20:00,4.0,16.2231171332365,18.335560503406747,13.42,6.87,10.39,6.22,1,1 vehicle
5494372,2017-10-25 14:32:00,2017,45-05,VHDU,1350.0,2017-10-25 14:30:00,2.0,6.125989201474147,5.7473375391917125,6.68,2.23,2.87,8.09,2,2 or more vehicles
5496184,2017-10-27 13:53:00,2017,1-k3,VHDU,2197.0,2017-10-27 13:50:00,3.0,0.5630858869929137,5.350417813137898,11.85,9.92,12.35,8.59,3,2 or more vehicles
5496612,2017-10-28 16:55:00,2017,54-10,VHDU,31931.0,2017-10-28 16:50:00,5.0,6.062851523408477,2.024564862693844,14.07,3.01,6.27,2.33,1,1 vehicle
5496687,2017-10-28 18:47:00,2017,1-r3,VHDU,4406.0,2017-10-28 18:50:00,3.0,6.327446102667503,7.05860661928788,17.560000000000002,5.69,8.36,-1.01,2,2 or more vehicles
5498284,2017-10-31 08:41:00,2017,1-g9,VHDU,31882.0,2017-10-31 08:40:00,1.0,7.757203931430027,6.975496895193262,9.12,1.38,2.06,6.75,1,1 vehicle
5498904,2017-10-31 21:54:00,2017,42-01,VHDU,1473.0,2017-10-31 21:50:00,4.0,6.125271781875436,5.682283768255924,9.71,8.62,10.88,5.89,1,1 vehicle
5499023,2017-11-01 10:00:00,2017,286-01,VHDU,6310.0,2017-11-01 10:00:00,0.0,7.777168028812962,5.122268425342239,9.37,2.81,3.92,0.83,1,1 vehicle
5499592,2017-11-01 21:39:00,2017,308-01,VHDU,36308.0,2017-11-01 21:40:00,1.0,12.463812089202957,12.46819243680131,10.83,3.04,4.02,0.59,1,1 vehicle
5500886,2017-11-03 13:47:00,2017,85-04,VHDU,3696.0,2017-11-03 13:50:00,3.0,3.736869500600477,4.839250240206277,7.15,6.16,10.49,-0.81,1,1 vehicle
5501636,2017-11-04 16:55:00,2017,1-t5,VHDU,4275.0,2017-11-04 16:50:00,5.0,15.723910318148075,4.136612856631306,8.49,13.38,15.76,-8.57,1,1 vehicle
5502963,2017-11-06 11:27:00,2017,1-d8,VHDU,31392.0,2017-11-06 11:30:00,3.0,1.9398992004940292,1.811228203445721,16.61,8.4,13.23,1.35,2,2 or more vehicles
5503681,2017-11-07 10:49:00,2017,92-10,VHDU,34087.0,2017-11-07 10:50:00,1.0,6.139543399050558,6.682100904890704,4.69,3.1,5.98,-0.61,1,1 vehicle
5504668,2017-11-08 15:49:00,2017,1-n0,VHDU,33451.0,2017-11-08 15:50:00,1.0,10.722724718391325,12.39083591009894,9.74,0.1,0.59,0.17,1,1 vehicle
5504704,2017-11-08 19:06:00,2017,821-01,VHDU,3471.0,2017-11-08 19:10:00,4.0,6.2982700568995025,7.64609910465302,5.6899999999999995,7.06,11.01,0.85,1,1 vehicle
5506224,2017-11-10 22:01:00,2017,76-15,VHDU,33654.0,2017-11-10 22:00:00,1.0,6.194171261537152,0.96895568343592,14.08,2.77,6.86,0.36,1,1 vehicle
5506613,2017-11-11 16:12:00,2017,829-02,VHDU,3371.0,2017-11-11 16:10:00,2.0,5.285783127978588,1.9391685769392983,15.74,1.24,1.79,-0.99,1,1 vehicle
5507365,2017-11-13 08:34:00,2017,43-01,VHDU,31364.0,2017-11-13 08:30:00,4.0,2.1603657095475657,3.7630196539385503,13.38,6.34,9.8,4.67,1,1 vehicle
5507414,2017-11-13 10:24:00,2017,1-j2,VHDU,32097.0,2017-11-13 10:20:00,4.0,12.843983572260454,12.851629039775409,9.98,20.04,25.97,-0.48,2,2 or more vehicles
5507848,2017-11-13 18:34:00,2017,1-k9,VHDU,3317.0,2017-11-13 18:30:00,4.0,1.4628281900958546,5.731173545267037,11.4,5.76,11.17,3.05,1,1 vehicle
5507883,2017-11-13 20:17:00,2017,1-q5,VHDU,33480.0,2017-11-13 20:20:00,3.0,13.554218805524226,8.323557642546657,13.83,6.39,9.02,1.89,1,1 vehicle
5507976,2017-11-14 01:42:00,2017,1-f5,VHDU,31579.0,2017-11-14 01:40:00,2.0,0.06547768007118464,1.028741036313794,11.919999999999998,1.84,3.92,1.61,1,1 vehicle
5508303,2017-11-14 13:14:00,2017,1-b6,VHDU,6134.0,2017-11-14 13:10:00,4.0,11.603837247245888,5.751425337701231,12.46,7.49,10.22,2.82,2,2 or more vehicles
5508337,2017-11-14 09:20:00,2017,41-17,VHDU,1350.0,2017-11-14 09:20:00,0.0,6.418511512119297,6.841931195549181,4.66,6.92,9.73,0.66,1,1 vehicle
5508378,2017-11-14 14:47:00,2017,43-01,VHDU,31364.0,2017-11-14 14:50:00,3.0,5.303528627170767,3.7630196539385503,13.38,3.62,8.13,0.27,1,1 vehicle
5509263,2017-11-15 17:33:00,2017,1-a6,VHDU,36270.0,2017-11-15 17:30:00,3.0,0.9733209794520733,4.464514206348191,13.14,0.86,2.65,0.05,2,2 or more vehicles
5510062,2017-11-16 15:39:00,2017,1-b4,VHDU,36049.0,2017-11-16 15:40:00,1.0,6.938584153751273,1.9506434494436529,12.05,0.67,1.76,-0.94,2,2 or more vehicles
5511346,2017-11-18 15:39:00,2017,92-08,VHDU,5981.0,2017-11-18 15:40:00,1.0,0.40849696189719786,0.6829048511055581,1.26,5.71,7.61,0.89,2,2 or more vehicles
5511623,2017-11-19 08:52:00,2017,44-02,VHDU,1350.0,2017-11-19 08:50:00,2.0,3.43209466251276,3.3009710836525894,2.94,2.04,3.33,-2.98,1,1 vehicle
5511845,2017-11-19 17:03:00,2017,54-09,VHDU,1936.0,2017-11-19 17:00:00,3.0,2.5260677132603555,0.5920738112219328,11.25,13.6,19.31,0.01,1,1 vehicle
5512068,2017-11-20 11:00:00,2017,35-01,VHDU,31399.0,2017-11-20 11:00:00,0.0,6.51876069081179,4.900372212107007,8.51,9.85,14.21,-2.43,2,2 or more vehicles
5512662,2017-11-20 16:10:00,2017,1-q3,VHDU,3474.0,2017-11-20 16:10:00,0.0,4.917499652469933,3.9336919245067903,13.42,6.23,8.27,-8.14,2,2 or more vehicles
5513079,2017-11-21 11:46:00,2017,1-s1,VHDU,34326.0,2017-11-21 11:50:00,4.0,6.589567631181832,2.795018837787393,7.88,21.75,26.85,-2.58,2,2 or more vehicles
5514095,2017-11-22 14:21:00,2017,1-s2,VHDU,4830.0,2017-11-22 14:20:00,1.0,9.452645840280148,10.350341163838008,8.67,18.93,22.51,-2.88,2,2 or more vehicles
5514905,2017-11-23 13:07:00,2017,1-h4,VHDU,32097.0,2017-11-23 13:10:00,3.0,6.139251415817673,6.809457005645053,11.45,16.88,21.27,-5.64,8,2 or more vehicles
5515496,2017-11-24 13:59:00,2017,60-09,VHDU,32179.0,2017-11-24 14:00:00,1.0,4.2828160063947465,6.06551570552272,10.98,8.98,13.13,-3.08,1,1 vehicle
5515916,2017-11-25 14:13:00,2017,1-u8,VHDU,35884.0,2017-11-25 14:10:00,3.0,2.375310925757305,2.0838379564469443,7.66,8.73,19.99,1.26,1,1 vehicle
5516436,2017-11-26 13:22:00,2017,41-17,VHDU,1350.0,2017-11-26 13:20:00,2.0,7.312554650544803,6.841931195549181,4.66,10.12,12.18,-1.45,3,2 or more vehicles
5520147,2017-12-02 00:04:00,2017,1-k5,VDU,33204.0,2017-12-02 00:00:00,4.0,2.79263835207007,0.4927782706765492,6.99,11.24,15.88,2.25,1,1 vehicle
5520631,2017-12-02 18:36:00,2017,823-01,VDU,3371.0,2017-12-02 18:40:00,4.0,9.004233845340005,8.716520375746207,2.12,6.0,12.74,5.04,1,1 vehicle
5522047,2017-12-04 19:48:00,2017,1-g9,VDU,31882.0,2017-12-04 19:50:00,2.0,8.432753403668404,6.975496895193262,9.12,1.21,2.25,-0.15,1,1 vehicle
5522747,2017-12-05 14:26:00,2017,503-01,VDU,31572.0,2017-12-05 14:30:00,4.0,2.9833475305300503,2.3989783393278965,3.23,0.0,0.0,0.36,1,1 vehicle
5522828,2017-12-05 21:02:00,2017,43-01,VDU,31364.0,2017-12-05 21:00:00,2.0,9.72811381537996,3.7630196539385503,13.38,2.46,3.72,-4.11,2,2 or more vehicles
5523649,2017-12-06 23:00:00,2017,41-22,VDU,1350.0,2017-12-06 23:00:00,0.0,2.1087068351171006,2.259852353483001,1.88,12.24,16.73,-3.09,2,2 or more vehicles
5525770,2017-12-10 13:16:00,2017,1-g3,VDU,1673.0,2017-12-10 13:20:00,4.0,3.036082470870663,5.382052364477969,11.639999999999995,7.22,13.43,-2.03,2,2 or more vehicles
5526657,2017-12-11 23:23:00,2017,51-02,VDU,31572.0,2017-12-11 23:20:00,3.0,4.122532573383615,5.773738212981441,11.24,13.24,18.72,3.56,1,1 vehicle
5527149,2017-12-12 15:49:00,2017,427-12,VDU,31380.0,2017-12-12 15:50:00,1.0,15.037459379949155,8.344923350684882,14.45,3.08,4.8,2.72,1,1 vehicle
5527862,2017-12-13 15:28:00,2017,1-m3,VDU,33431.0,2017-12-13 15:30:00,2.0,15.130416347749092,13.227469441125152,11.32,8.0,9.51,-0.84,1,1 vehicle
5528590,2017-12-14 20:50:00,2017,75-03,VDU,3433.0,2017-12-14 20:50:00,0.0,5.793213072485523,3.9158378277913126,9.46,3.51,4.63,-1.75,1,1 vehicle
5530445,2017-12-17 20:03:00,2017,253-02,VDU,36122.0,2017-12-17 20:00:00,3.0,8.174071836449606,7.152024966486304,9.31,6.84,9.41,1.88,1,1 vehicle
5531928,2017-12-20 10:18:00,2017,1-g1,VDU,31572.0,2017-12-20 10:20:00,2.0,9.193027155403005,7.416893274742419,10.93,6.44,10.78,1.01,2,2 or more vehicles
5532005,2017-12-20 10:00:00,2017,30-04,VDU,6420.0,2017-12-20 10:00:00,0.0,5.630420626101977,5.359811449264286,11.71,9.99,15.81,-0.41,3,2 or more vehicles
5532166,2017-12-20 15:36:00,2017,1-a4,VDU,6272.0,2017-12-20 15:40:00,4.0,9.564515848453347,4.907967091663654,11.41,5.01,6.43,-0.2,1,1 vehicle
5532274,2017-12-20 19:26:00,2017,1-p4,VDU,3463.0,2017-12-20 19:30:00,4.0,2.744984118102154,6.428645425378839,11.46,12.24,15.78,-0.71,1,1 vehicle
5533160,2017-12-22 07:44:00,2017,41-15,VDU,1473.0,2017-12-22 07:40:00,4.0,1.3795797540877646,2.669518633501688,13.26,7.89,10.45,4.8,2,2 or more vehicles
5533303,2017-12-22 10:16:00,2017,1-a2,VDU,36386.0,2017-12-22 10:20:00,4.0,1.504298274787353,6.384128057059852,11.13,1.65,3.63,3.67,1,1 vehicle
5534321,2017-12-24 14:55:00,2017,1-d6,VDU,31399.0,2017-12-24 14:50:00,5.0,1.3022687103878867,2.8564832758413083,10.51,5.95,7.64,-2.78,2,2 or more vehicles
5534374,2017-12-24 17:08:00,2017,41-15,VDU,1473.0,2017-12-24 17:10:00,2.0,0.38362792486185526,2.669518633501688,13.26,4.31,6.3,-1.77,3,2 or more vehicles
5534425,2017-12-24 23:54:00,2017,41-15,VDU,1473.0,2017-12-24 23:50:00,4.0,3.1150596772086834,2.669518633501688,13.26,6.18,10.06,-0.48,1,1 vehicle
5534520,2017-12-25 05:37:00,2017,1-y6,VDU,5309.0,2017-12-25 05:40:00,3.0,3.089564613530301,6.126595002325329,12.32,9.29,12.9,0.13,1,1 vehicle
5534921,2017-12-26 14:49:00,2017,82-03,VDU,33563.0,2017-12-26 14:50:00,1.0,1.875568040420642,0.3760650112123629,11.33,8.1,11.07,-3.37,1,1 vehicle
5534983,2017-12-26 14:50:00,2017,93-03,VDU,4182.0,2017-12-26 14:50:00,0.0,10.099783381392989,5.336718228238104,14.04,6.12,14.44,-0.11,3,2 or more vehicles
5535439,2017-12-27 11:03:00,2017,1-a6,VDU,36270.0,2017-12-27 11:00:00,3.0,2.324790179461187,4.464514206348191,13.14,4.7,7.55,-4.31,2,2 or more vehicles
5535676,2017-12-27 19:36:00,2017,1-m5,VDU,33431.0,2017-12-27 19:40:00,4.0,6.129554734212904,6.468729395855224,14.15,3.35,4.02,-9.29,1,1 vehicle
5535926,2017-12-28 11:55:00,2017,61-02,VDU,2370.0,2017-12-28 11:50:00,5.0,11.058724409512715,6.922131936043803,14.79,5.73,6.56,-10.59,2,2 or more vehicles
5538519,2018-01-02 08:22:00,2018,1-y8,VDU,35305.0,2018-01-02 08:20:00,2.0,1.6195128831978811,2.0231273161508825,8.75,11.85,26.75,1.38,1,1 vehicle
5539307,2018-01-03 09:35:00,2018,1-f5,VDU,31579.0,2018-01-03 09:30:00,5.0,0.3499455988845267,1.028741036313794,11.919999999999998,1.57,3.53,-2.29,4,2 or more vehicles
5540243,2018-01-04 15:31:00,2018,209-02,VDU,36270.0,2018-01-04 15:30:00,1.0,17.335069271523366,16.784594623647074,5.95,3.49,5.49,-2.13,1,1 vehicle
5541465,2018-01-06 17:31:00,2018,82-01,VDU,3463.0,2018-01-06 17:30:00,1.0,2.606462372954462,2.8505006265868884,10.86,6.4,9.18,-2.22,2,2 or more vehicles
5541886,2018-01-07 11:19:00,2018,1-y5,VDU,35315.0,2018-01-07 11:20:00,1.0,4.945174351959457,1.6088174154424382,8.36,7.64,11.07,0.24,2,2 or more vehicles
5543846,2018-01-10 10:16:00,2018,435-00,VDU,1481.0,2018-01-10 10:20:00,4.0,1.0498849329731652,0.4171045231269972,4.61,6.6,8.23,1.9,1,1 vehicle
5544262,2018-01-11 07:38:00,2018,1-d2,VDU,36308.0,2018-01-11 07:40:00,2.0,3.645074087062327,8.371302373817642,13.7,7.66,11.76,1.46,2,2 or more vehicles
5544432,2018-01-11 09:59:00,2018,1-x5,VDU,5544.0,2018-01-11 10:00:00,1.0,11.02481059245081,12.099625291230964,9.96,2.17,2.44,0.54,1,1 vehicle
5544795,2018-01-11 13:52:00,2018,1-p1,VDU,33357.0,2018-01-11 13:50:00,2.0,1.4915470652863771,2.6900827429345155,10.45,4.06,13.13,1.51,1,1 vehicle
5545881,2018-01-13 14:44:00,2018,1-c2,VDU,6315.0,2018-01-13 14:40:00,4.0,3.6533505192015765,6.674890552366854,7.61,5.2,7.84,0.72,1,1 vehicle
5545931,2018-01-13 16:50:00,2018,429-02,VDU,1350.0,2018-01-13 16:50:00,0.0,5.574593056081206,5.685793567904326,4.32,5.17,6.95,0.92,2,2 or more vehicles
5545964,2018-01-13 19:56:00,2018,39-01,VDU,31387.0,2018-01-13 20:00:00,4.0,0.27472371085437847,1.6348934580675056,15.7,10.88,13.92,0.05,2,2 or more vehicles
5546426,2018-01-14 12:30:00,2018,68-08,VDU,32390.0,2018-01-14 12:30:00,0.0,4.028961218213837,4.230874006445677,7.55,10.51,13.82,-7.58,1,1 vehicle
5546582,2018-01-14 16:13:00,2018,204-01,VDU,6272.0,2018-01-14 16:10:00,3.0,3.319027178163758,5.2154869670125,12.920000000000002,6.52,10.45,-2.92,1,1 vehicle
5547453,2018-01-15 18:25:00,2018,1-k8,VDU,3223.0,2018-01-15 18:20:00,5.0,19.693807255697905,15.384253879331345,11.4,11.09,14.86,-2.32,1,1 vehicle
5547544,2018-01-16 07:46:00,2018,82-01,VDU,3463.0,2018-01-16 07:50:00,4.0,2.7719977686968824,2.8505006265868884,10.86,0.77,1.96,-3.98,2,2 or more vehicles
5548350,2018-01-17 09:21:00,2018,1-e1,VDU,31488.0,2018-01-17 09:20:00,1.0,3.640772693113099,3.522383406880032,9.57,1.06,1.86,-11.4,2,2 or more vehicles
5548520,2018-01-17 13:18:00,2018,93-03,VDU,4182.0,2018-01-17 13:20:00,2.0,4.366131549547549,5.336718228238104,14.04,0.53,1.47,-4.39,1,1 vehicle
5549241,2018-01-18 22:11:00,2018,1-u7,VDU,35884.0,2018-01-18 22:10:00,1.0,5.240370121811127,4.398069252884953,9.67,2.32,5.1,-0.4,1,1 vehicle
5550633,2018-01-21 11:59:00,2018,1-n0,VDU,33451.0,2018-01-21 12:00:00,1.0,8.631230653743717,12.39083591009894,9.74,1.93,4.12,-13.62,1,1 vehicle
5550688,2018-01-21 16:40:00,2018,365-01,VDU,36504.0,2018-01-21 16:40:00,0.0,2.5995530302935577,3.818324764347183,14.36,14.25,18.72,-0.74,1,1 vehicle
5551410,2018-01-22 13:40:00,2018,1-f6,VDU,31577.0,2018-01-22 13:40:00,0.0,0.5681216890433347,0.866726910174939,3.5799999999999996,6.45,18.62,2.51,1,1 vehicle
5551545,2018-01-22 12:59:00,2018,1-b4,VDU,36049.0,2018-01-22 13:00:00,1.0,0.676978412798552,1.9506434494436529,12.05,16.78,29.3,0.33,1,1 vehicle
5553550,2018-01-25 11:00:00,2018,1-d9,VDU,31488.0,2018-01-25 11:00:00,0.0,5.434335833289755,3.4577407582901083,4.7,4.77,6.47,-6.53,1,1 vehicle
5553591,2018-01-25 17:25:00,2018,1-s9,VDU,4271.0,2018-01-25 17:20:00,5.0,18.412016872895435,18.30644535475735,11.49,3.38,8.69,-4.19,1,1 vehicle
5554422,2018-01-26 19:47:00,2018,95-01,VDU,4271.0,2018-01-26 19:50:00,3.0,3.029727256073543,6.919019956377639,10.99,7.46,13.98,4.13,3,2 or more vehicles
5555234,2018-01-25 14:04:00,2018,36-04,VDU,31599.0,2018-01-25 14:00:00,4.0,0.49189001013960904,1.1922106175281395,8.16,5.13,7.64,-4.38,2,2 or more vehicles
5555305,2018-01-28 14:31:00,2018,41-16,VDU,31363.0,2018-01-28 14:30:00,1.0,2.315661579978156,4.6115007826263295,11.62,3.09,3.72,0.17,1,1 vehicle
5555363,2018-01-28 18:05:00,2018,1-b5,VDU,6045.0,2018-01-28 18:00:00,5.0,11.707715587503618,7.297304255791511,14.29,2.41,3.2,0.83,2,2 or more vehicles
5555397,2018-01-28 20:01:00,2018,1-h4,VDU,32097.0,2018-01-28 20:00:00,1.0,6.93945513811626,6.809457005645053,11.45,10.44,11.96,-2.93,3,2 or more vehicles
5555590,2018-01-29 08:05:00,2018,931-09,VDU,34081.0,2018-01-29 08:00:00,5.0,11.995956483822624,11.043890646760392,5.6899999999999995,2.73,9.9,-0.91,1,1 vehicle
5556193,2018-01-29 12:53:00,2018,35-02,VDU,31399.0,2018-01-29 12:50:00,3.0,8.460857564310476,12.28642901367293,7.8,1.61,2.35,-0.99,1,1 vehicle
5556630,2018-01-30 06:43:00,2018,43-01,VDU,31364.0,2018-01-30 06:40:00,3.0,0.15641899320747638,3.7630196539385503,13.38,10.46,14.99,-0.17,1,1 vehicle
5557064,2018-01-30 16:16:00,2018,41-22,VDU,1350.0,2018-01-30 16:20:00,4.0,2.316580832145326,2.259852353483001,1.88,4.0,4.86,-0.62,1,1 vehicle
5557867,2018-01-31 14:10:00,2018,1-b0,VDU,36156.0,2018-01-31 14:10:00,0.0,1.9905554610687222,5.81305271343813,12.09,10.57,13.13,-1.92,1,1 vehicle
5558510,2018-02-01 13:30:00,2018,1-d8,VDU,31392.0,2018-02-01 13:30:00,0.0,4.230050918508372,1.811228203445721,16.61,11.09,13.92,-5.61,3,2 or more vehicles
5558811,2018-02-01 15:47:00,2018,844-01,VDU,33487.0,2018-02-01 15:50:00,3.0,2.2155191566705024,6.966474519237822,11.86,4.36,5.1,-6.01,2,2 or more vehicles
5559500,2018-02-02 17:22:00,2018,1-a8,VDU,36270.0,2018-02-02 17:20:00,2.0,15.7059042108615,16.421669205008133,9.32,1.79,3.53,0.68,1,1 vehicle
5560954,2018-02-05 08:21:00,2018,351-01,VDU,36504.0,2018-02-05 08:20:00,1.0,14.246639416927058,15.161977699896108,9.21,13.94,20.87,-3.4,1,1 vehicle
5561644,2018-02-05 13:40:00,2018,43-01,VDU,31364.0,2018-02-05 13:40:00,0.0,2.5379756103118303,3.7630196539385503,13.38,3.49,8.04,-3.6,1,1 vehicle
5563769,2018-02-07 16:56:00,2018,1-f3,VDU,1479.0,2018-02-07 17:00:00,4.0,0.39139125646319206,1.1330985534714593,4.78,7.8,12.45,-1.12,2,2 or more vehicles
5564337,2018-02-08 09:55:00,2018,54-04,VDU,1868.0,2018-02-08 09:50:00,5.0,12.949761823785897,10.280100279519766,12.28,3.11,3.95,-3.38,2,2 or more vehicles
5564459,2018-02-08 09:14:00,2018,42-02,VDU,1473.0,2018-02-08 09:10:00,4.0,14.197686397606208,13.240070593365528,13.31,4.26,6.82,-1.58,1,1 vehicle
5564834,2018-02-09 08:34:00,2018,41-15,VDU,1473.0,2018-02-09 08:30:00,4.0,5.673231957478449,2.669518633501688,13.26,11.06,13.56,-2.56,1,1 vehicle
5564957,2018-02-08 11:30:00,2018,1-h4,VDU,32097.0,2018-02-08 11:30:00,0.0,5.529867905113977,6.809457005645053,11.45,6.92,8.72,-6.17,1,1 vehicle
5565257,2018-02-09 16:08:00,2018,60-09,VDU,32179.0,2018-02-09 16:10:00,2.0,10.03020209448643,6.06551570552272,10.95,1.17,2.74,-5.51,2,2 or more vehicles
5565623,2018-02-10 14:06:00,2018,1-d8,VDU,31392.0,2018-02-10 14:10:00,4.0,1.6953365658706305,1.811228203445721,16.61,15.86,20.19,-5.38,3,2 or more vehicles
5565671,2018-02-10 17:12:00,2018,1-h2,VDU,31985.0,2018-02-10 17:10:00,2.0,11.094670880771345,8.113869305983009,10.7,13.48,18.42,-5.98,3,2 or more vehicles
5566171,2018-02-11 14:55:00,2018,85-02,VDU,3591.0,2018-02-11 14:50:00,5.0,7.640797091417603,7.360647551082131,12.97,4.86,7.05,-5.54,2,2 or more vehicles
5566198,2018-02-11 14:37:00,2018,41-16,VDU,31363.0,2018-02-11 14:40:00,3.0,1.063708246546013,4.6115007826263295,11.62,19.02,25.09,-3.02,8,2 or more vehicles
5566766,2018-02-12 14:55:00,2018,1-v9,VDU,35769.0,2018-02-12 14:50:00,5.0,7.821637367237794,8.350462002981429,12.96,1.52,2.16,-3.53,1,1 vehicle
5567250,2018-02-13 10:58:00,2018,1-d2,VDU,36308.0,2018-02-13 11:00:00,2.0,5.000338294711584,8.371302373817642,13.7,2.67,3.92,-3.51,1,1 vehicle
5567621,2018-02-13 17:23:00,2018,1-d2,VDU,36308.0,2018-02-13 17:20:00,3.0,13.528119078576866,8.371302373817642,13.7,6.6,7.45,-4.49,3,2 or more vehicles
5568921,2018-02-15 15:05:00,2018,93-03,VDU,4182.0,2018-02-15 15:00:00,5.0,8.869266642042438,5.336718228238104,14.04,2.32,6.56,4.12,2,2 or more vehicles
5569599,2018-02-16 12:45:00,2018,1-f8,VDU,31577.0,2018-02-16 12:40:00,5.0,1.8175722091025084,4.303271038168447,5.76,9.16,13.62,1.2,1,1 vehicle
5570400,2018-02-17 18:36:00,2018,1-f5,VDU,31579.0,2018-02-17 18:40:00,4.0,3.132454893722228,1.028741036313794,11.919999999999998,6.14,8.13,-2.05,1,1 vehicle
5570426,2018-02-17 21:00:00,2018,1-d8,VDU,31392.0,2018-02-17 21:00:00,0.0,3.283546463524135,1.811228203445721,16.61,4.28,5.29,-5.74,2,2 or more vehicles
5570452,2018-02-17 12:16:00,2018,1-y8,VDU,35305.0,2018-02-17 12:20:00,4.0,2.991177862452318,2.0231273161508825,8.75,3.25,4.7,0.28,2,2 or more vehicles
5570872,2018-02-18 12:34:00,2018,56-01,VDU,31948.0,2018-02-18 12:30:00,4.0,3.507773577376874,3.8833227234733703,10.98,3.14,4.8,-3.65,1,1 vehicle
5570993,2018-02-18 14:53:00,2018,1-d8,VDU,31392.0,2018-02-18 14:50:00,3.0,1.3564645654593759,1.811228203445721,16.61,12.39,15.19,-2.87,2,2 or more vehicles
5571838,2018-02-19 16:02:00,2018,54-15,VDU,31942.0,2018-02-19 16:00:00,2.0,4.250428942916646,0.3649829257412452,9.1,21.41,28.32,4.95,1,1 vehicle
5573293,2018-02-21 10:30:00,2018,83-02,VDU,3474.0,2018-02-21 10:30:00,0.0,8.511603135136545,4.255580081063748,5.52,18.87,21.8,-3.66,1,1 vehicle
5573892,2018-02-22 05:32:00,2018,1-v9,VDU,35769.0,2018-02-22 05:30:00,2.0,11.89549898244617,8.350462002981429,12.96,3.87,10.88,7.6,1,1 vehicle
5574364,2018-02-22 11:34:00,2018,1-a7,VDU,36270.0,2018-02-22 11:30:00,4.0,2.259807049643747,7.406305507969019,10.22,5.41,7.84,1.33,1,1 vehicle
5574403,2018-02-22 16:29:00,2018,1-g2,VDU,31572.0,2018-02-22 16:30:00,1.0,10.119881902433244,9.734372846346778,1.1,8.2,14.01,-1.33,2,2 or more vehicles
5574597,2018-02-22 19:50:00,2018,1-g3,VDU,1673.0,2018-02-22 19:50:00,0.0,6.403647287778661,5.382052364477969,11.639999999999995,10.43,13.16,-0.34,1,1 vehicle
5574758,2018-02-23 09:05:00,2018,41-16,VDU,31363.0,2018-02-23 09:00:00,5.0,0.971989335534216,4.6115007826263295,11.62,10.21,17.35,3.38,1,1 vehicle
5576142,2018-02-25 16:05:00,2018,50-02,VDU,1779.0,2018-02-25 16:00:00,5.0,4.994627961175903,4.847820076075346,7.6,16.33,25.51,7.47,1,1 vehicle
5577274,2018-02-26 15:51:00,2018,1-k7,VDU,3223.0,2018-02-26 15:50:00,1.0,16.391684153055245,16.565651898144605,11.68,3.44,9.05,8.22,1,1 vehicle
5581780,2018-03-04 19:48:00,2018,85-02,VDU,3591.0,2018-03-04 19:50:00,2.0,7.316950597310487,7.360647551082131,12.97,9.63,13.3,-3.83,2,2 or more vehicles
5581923,2018-03-05 08:32:00,2018,1-t7,VDU,5975.0,2018-03-05 08:30:00,2.0,4.37469784684844,5.388181282951978,10.5,10.81,14.9,-2.38,2,2 or more vehicles
5582771,2018-03-06 07:48:00,2018,60-23,VDU,32372.0,2018-03-06 07:50:00,2.0,2.000480433581043,1.0080423895503003,12.62,5.25,11.07,-0.98,1,1 vehicle
5584566,2018-03-08 09:43:00,2018,1-t1,VDU,4271.0,2018-03-08 09:40:00,3.0,8.967040028383241,6.49991970936017,11.25,3.58,4.31,-3.28,1,1 vehicle
5584886,2018-03-08 15:33:00,2018,365-01,VDU,36504.0,2018-03-08 15:30:00,3.0,3.036983992654235,3.818324764347183,14.36,4.88,6.76,-1.19,2,2 or more vehicles
5584913,2018-03-08 15:46:00,2018,1-g3,VDU,1673.0,2018-03-08 15:50:00,4.0,9.91622091707406,5.382052364477969,11.639999999999995,5.45,7.45,0.35,2,2 or more vehicles
5585845,2018-03-09 15:40:00,2018,41-13,VDU,31475.0,2018-03-09 15:40:00,0.0,0.2118206012021033,0.6823254174865477,2.51,3.86,5.98,2.97,2,2 or more vehicles
5586377,2018-03-10 11:46:00,2018,41-17,VDU,1350.0,2018-03-10 11:50:00,4.0,8.79311984350091,6.841931195549181,4.66,9.74,12.48,0.34,1,1 vehicle
5586653,2018-03-10 20:25:00,2018,54-02,VDU,1779.0,2018-03-10 20:20:00,5.0,7.327671214052359,11.0845394985849,12.06,3.44,4.86,-5.42,1,1 vehicle
5587012,2018-03-10 13:48:00,2018,92-10,VDU,34087.0,2018-03-10 13:50:00,2.0,7.753097517302431,6.682100904890704,4.69,9.48,13.52,-5.92,2,2 or more vehicles
5587382,2018-03-10 20:33:00,2018,26-07,VDU,6546.0,2018-03-10 20:30:00,3.0,11.309511270267356,17.32368153467973,14.44,9.65,11.69,-10.28,1,1 vehicle
5588173,2018-03-12 17:24:00,2018,54-10,VDU,31931.0,2018-03-12 17:20:00,4.0,0.8584806832581166,2.024564862693844,14.07,6.14,11.07,-2.87,2,2 or more vehicles
5588914,2018-03-11 13:21:00,2018,76-06,VDU,33643.0,2018-03-11 13:20:00,1.0,16.121631456875633,15.895931226517536,8.92,14.57,19.01,-0.8,1,1 vehicle
5589365,2018-03-13 15:47:00,2018,1-a1,VDU,36386.0,2018-03-13 15:50:00,3.0,7.013268199788932,3.488285220225965,9.01,9.61,13.03,4.09,1,1 vehicle
5593111,2018-03-18 19:08:00,2018,54-04,VDU,1868.0,2018-03-18 19:10:00,2.0,13.972753244708613,10.280100279519766,12.28,4.82,5.97,5.16,1,1 vehicle
5593800,2018-03-19 12:24:00,2018,39-01,VDU,31387.0,2018-03-19 12:20:00,4.0,5.503814551569999,1.6348934580675056,15.7,2.68,3.72,3.61,2,2 or more vehicles
5596328,2018-03-22 01:46:00,2018,60-31,VDU,32355.0,2018-03-22 01:50:00,4.0,6.779438100886114,7.32961150790444,13.15,3.05,5.59,1.36,2,2 or more vehicles
5597106,2018-03-23 07:45:00,2018,704-02,VDU,3103.0,2018-03-23 07:40:00,5.0,4.613920574772677,0.9902480430268944,17.34,0.0,0.0,0.24,1,1 vehicle
5597808,2018-03-23 19:10:00,2018,1-g4,VDU,31674.0,2018-03-23 19:10:00,0.0,3.7001305731697047,2.9434338577391106,8.41,6.43,10.58,0.28,2,2 or more vehicles
5598291,2018-03-24 15:36:00,2018,41-22,VDU,1350.0,2018-03-24 15:40:00,4.0,2.306090337774777,2.259852353483001,1.88,8.34,10.29,3.37,3,2 or more vehicles
5598857,2018-03-25 13:59:00,2018,1-f5,VDU,31579.0,2018-03-25 14:00:00,1.0,0.939246971766397,1.028741036313794,11.919999999999998,7.65,10.29,2.25,3,2 or more vehicles
5599179,2018-03-26 02:24:00,2018,41-17,VDU,1350.0,2018-03-26 02:20:00,4.0,8.485388986534248,6.841931195549181,4.66,9.56,13.26,3.77,1,1 vehicle
5603959,2018-04-01 02:02:00,2018,1-c2,VHDU,6315.0,2018-04-01 02:00:00,2.0,3.7047988469202173,6.674890552366854,7.61,2.61,3.07,-0.06,1,1 vehicle
5604116,2018-04-01 09:33:00,2018,574-02,VHDU,31931.0,2018-04-01 09:30:00,3.0,12.109231664763156,15.630862904651623,8.33,3.61,4.41,-2.03,1,1 vehicle
5604137,2018-04-01 10:26:00,2018,1-u4,VHDU,5982.0,2018-04-01 10:30:00,4.0,6.860562656206734,4.864696462469967,12.47,1.5,2.61,-1.0,1,1 vehicle
5604290,2018-04-01 18:11:00,2018,54-14,VHDU,1938.0,2018-04-01 18:10:00,1.0,2.029227573831076,2.202216414079087,4.17,1.95,2.74,0.23,2,2 or more vehicles
5604650,2018-04-02 12:45:00,2018,1-k9,VHDU,3317.0,2018-04-02 12:40:00,5.0,4.395605210933328,5.731173545267037,11.4,0.96,1.86,0.93,2,2 or more vehicles
5605740,2018-04-03 16:11:00,2018,1-f8,VHDU,31577.0,2018-04-03 16:10:00,1.0,1.8774836231647558,4.303271038168447,5.76,4.84,7.25,0.07,3,2 or more vehicles
5605849,2018-04-01 22:43:00,2018,1-h4,VHDU,32097.0,2018-04-01 22:40:00,3.0,4.809772035871073,6.809457005645053,11.45,2.87,3.72,-1.83,1,1 vehicle
5607236,2018-04-04 19:47:00,2018,1-b2,VHDU,36049.0,2018-04-04 19:50:00,3.0,7.919203840077736,8.033192618523229,12.03,12.41,17.74,0.16,1,1 vehicle
5607307,2018-04-04 21:54:00,2018,61-38,VHDU,2646.0,2018-04-04 21:50:00,4.0,5.691571921346189,3.8609028288009,8.47,3.7,6.63,-0.63,1,1 vehicle
5608793,2018-04-06 16:42:00,2018,68-07,VHDU,32390.0,2018-04-06 16:40:00,2.0,9.475724852109598,3.6529314234955184,17.0,5.41,8.62,-0.5,1,1 vehicle
5609198,2018-04-07 13:03:00,2018,54-05,VHDU,31958.0,2018-04-07 13:00:00,3.0,10.010579032690718,7.188865613983409,12.35,2.36,4.12,2.04,2,2 or more vehicles
5609354,2018-04-07 15:52:00,2018,51-01,VHDU,31572.0,2018-04-07 15:50:00,2.0,3.8810846117775473,0.926567118382983,7.16,2.66,3.92,4.41,2,2 or more vehicles
5611785,2018-04-10 10:28:00,2018,1-z2,VHDU,36391.0,2018-04-10 10:30:00,2.0,1.5198564077676793,1.7544628426852549,1.46,1.52,2.94,5.89,1,1 vehicle
5616570,2018-04-16 19:20:00,2018,61-21,VHDU,2481.0,2018-04-16 19:20:00,0.0,4.9902212407208,6.2608090114832855,9.71,3.12,5.22,8.74,3,2 or more vehicles
5619479,2018-04-19 15:31:00,2018,54-11,VHDU,31932.0,2018-04-19 15:30:00,1.0,1.9743753611174386,1.6555647354751262,11.07,3.85,5.68,10.9,1,1 vehicle
5626854,2018-04-28 14:01:00,2018,93-01,VHDU,4271.0,2018-04-28 14:00:00,1.0,1.515553020457384,1.7057193753947664,1.7200000000000002,3.26,4.37,8.27,2,2 or more vehicles
5627073,2018-04-28 20:10:00,2018,85-33,VHDU,4652.0,2018-04-28 20:10:00,0.0,3.404637604475147,6.570573262904891,14.01,3.33,4.34,2.32,1,1 vehicle
5630098,2018-05-03 00:15:00,2018,51-01,VHDU,31572.0,2018-05-03 00:10:00,5.0,1.6528310234204426,0.926567118382983,7.16,5.39,8.72,2.38,1,1 vehicle
5631781,2018-05-04 23:29:00,2018,94-01,VHDU,4271.0,2018-05-04 23:30:00,1.0,6.877277595455361,5.40726558119129,11.26,6.09,8.85,1.54,1,1 vehicle
5634728,2018-05-09 09:51:00,2018,420-01,VHDU,31363.0,2018-05-09 09:50:00,1.0,4.443339490328254,3.8504227892375225,11.31,5.64,8.13,7.33,1,1 vehicle
5635495,2018-05-10 12:58:00,2018,1-g8,VHDU,1779.0,2018-05-10 13:00:00,2.0,6.364883701968351,4.97049771952842,8.59,1.76,5.61,11.48,2,2 or more vehicles
5637087,2018-05-12 18:26:00,2018,75-02,VHDU,3433.0,2018-05-12 18:30:00,4.0,8.085933915823613,13.688896355889275,13.94,4.57,6.17,5.14,2,2 or more vehicles
5637530,2018-05-13 09:52:00,2018,425-02,VHDU,1361.0,2018-05-13 09:50:00,2.0,4.840044455377141,6.917005970284371,14.76,8.28,11.01,9.43,2,2 or more vehicles
5637652,2018-05-13 18:53:00,2018,50-01,VHDU,1779.0,2018-05-13 18:50:00,3.0,4.850171960645921,3.6583584434854974,9.24,3.24,4.63,5.78,1,1 vehicle
5637655,2018-05-13 19:00:00,2018,32-01,VHDU,6420.0,2018-05-13 19:00:00,0.0,4.157098796482819,1.8587537375923011,12.81,3.73,5.55,10.4,2,2 or more vehicles
5640581,2018-05-16 14:36:00,2018,1-b9,VHDU,36122.0,2018-05-16 14:40:00,4.0,4.540409091909681,5.329972713472354,6.01,6.76,10.39,8.29,2,2 or more vehicles
5642998,2018-05-17 20:38:00,2018,51-02,VHDU,31572.0,2018-05-17 20:40:00,2.0,5.049659606185497,5.773738212981441,11.24,10.44,16.07,7.34,1,1 vehicle
5643925,2018-05-20 17:15:00,2018,61-02,VHDU,2370.0,2018-05-20 17:10:00,5.0,9.425605474282976,6.922131936043803,14.79,9.97,11.53,-0.3,1,1 vehicle
5645254,2018-05-22 17:29:00,2018,1-g4,VHDU,31674.0,2018-05-22 17:30:00,1.0,0.8663084288832319,2.9434338577391106,8.41,15.28,29.99,7.78,1,1 vehicle
5652187,2018-05-30 16:45:00,2018,1-h4,VHDU,32097.0,2018-05-30 16:40:00,5.0,4.074425002657507,6.809457005645053,11.45,7.35,10.39,9.99,1,1 vehicle
5652443,2018-05-31 13:20:00,2018,54-04,VHDU,1868.0,2018-05-31 13:20:00,0.0,4.690108564875106,10.280100279519766,12.28,4.33,6.27,7.07,2,2 or more vehicles
5653805,2018-06-02 12:33:00,2018,92-09,SDU,5981.0,2018-06-02 12:30:00,3.0,3.418322316597213,3.9180680850954337,7.91,2.55,3.13,12.0,3,2 or more vehicles
5653881,2018-06-02 14:52:00,2018,37-04,SDU,6515.0,2018-06-02 14:50:00,2.0,7.340107540251658,6.087446640656035,9.73,5.08,6.92,10.93,1,1 vehicle
5653948,2018-06-02 14:37:00,2018,1-q3,SDU,3474.0,2018-06-02 14:40:00,3.0,7.25867351767026,3.9336919245067903,2.13,13.68,19.27,9.38,5,2 or more vehicles
5654276,2018-06-03 03:01:00,2018,302-01,SDU,36308.0,2018-06-03 03:00:00,1.0,0.23582409612900515,3.550935979887614,7.58,2.78,4.21,5.88,1,1 vehicle
5654932,2018-06-04 02:26:00,2018,85-04,SDU,3696.0,2018-06-04 02:30:00,4.0,1.8858516796516656,4.839250240206277,7.15,0.02,0.32,8.8,1,1 vehicle
5655707,2018-06-04 19:23:00,2018,1-f5,SDU,31579.0,2018-06-04 19:20:00,3.0,0.5451851092466649,1.028741036313794,11.919999999999998,3.79,5.0,8.66,2,2 or more vehicles
5656748,2018-06-05 15:54:00,2018,82-01,SDU,3463.0,2018-06-05 15:50:00,4.0,5.54479394439576,2.8505006265868884,10.86,3.63,4.57,15.58,1,1 vehicle
5661706,2018-06-11 20:05:00,2018,30-01,SDU,6310.0,2018-06-11 20:00:00,5.0,4.933938627722689,2.8295859653891235,8.07,5.35,6.53,9.29,1,1 vehicle
5662486,2018-06-12 18:29:00,2018,41-16,SDU,31363.0,2018-06-12 18:30:00,1.0,0.9905848758696172,4.6115007826263295,11.62,7.36,9.51,10.13,1,1 vehicle
5663202,2018-06-13 15:53:00,2018,61-33,SDU,2646.0,2018-06-13 15:50:00,3.0,13.969558806918613,10.974953957267978,13.84,3.81,4.47,9.6,1,1 vehicle
5663260,2018-06-13 17:35:00,2018,83-03,SDU,33576.0,2018-06-13 17:30:00,5.0,16.767613910897865,2.8850371857727697,2.71,5.47,7.74,8.75,2,2 or more vehicles
5664914,2018-06-15 06:47:00,2018,1-q1,SDU,3471.0,2018-06-15 06:50:00,3.0,2.502341563318573,2.742420285383358,0.7,7.54,10.94,4.48,1,1 vehicle
5665246,2018-06-16 02:36:00,2018,612-02,SDU,2320.0,2018-06-16 02:40:00,4.0,9.022436483722455,5.345879557041382,12.45,1.27,2.71,1.21,1,1 vehicle
5665323,2018-06-16 04:48:00,2018,1-p3,SDU,3471.0,2018-06-16 04:50:00,2.0,14.756651971164418,17.04322593257332,10.59,0.43,1.04,3.3,1,1 vehicle
5666289,2018-06-17 14:14:00,2018,30-01,SDU,6310.0,2018-06-17 14:10:00,4.0,2.290155766033151,2.8295859653891235,8.07,1.74,2.84,10.84,2,2 or more vehicles
5666524,2018-06-17 23:50:00,2018,61-34,SDU,2646.0,2018-06-17 23:50:00,0.0,10.795986051893014,10.1750264156985,13.42,5.02,7.7,6.32,1,1 vehicle
5667574,2018-06-19 09:41:00,2018,1-p5,SDU,3463.0,2018-06-19 09:40:00,1.0,4.554395953125254,4.005505581134992,2.99,6.66,9.54,7.51,2,2 or more vehicles
5669187,2018-06-20 20:31:00,2018,54-04,SDU,1868.0,2018-06-20 20:30:00,1.0,13.810096348710333,10.280100279519766,12.28,4.58,5.84,9.43,1,1 vehicle
5670380,2018-06-22 09:18:00,2018,63-03,SDU,32322.0,2018-06-22 09:20:00,2.0,2.3570936715369206,0.5913013752688775,14.65,17.77,21.85,3.33,1,1 vehicle
5674973,2018-06-25 17:23:00,2018,1-k8,SDU,3223.0,2018-06-25 17:20:00,3.0,14.948530179539397,15.384253879331345,11.4,9.1,13.72,10.19,2,2 or more vehicles
5675507,2018-06-27 11:45:00,2018,1-g3,SDU,1673.0,2018-06-27 11:40:00,5.0,9.267670127792734,5.382052364477969,11.639999999999995,4.33,5.61,10.29,2,2 or more vehicles
5676900,2018-06-28 17:36:00,2018,76-09,SDU,33750.0,2018-06-28 17:40:00,4.0,8.466150330979005,2.6673072887815006,13.47,2.23,2.84,13.18,1,1 vehicle
5676901,2018-06-28 18:35:00,2018,61-34,SDU,2646.0,2018-06-28 18:30:00,5.0,6.794542464264088,10.1750264156985,13.42,1.84,2.64,12.09,3,2 or more vehicles
5678045,2018-06-30 10:12:00,2018,f946-03,SDU,4193.0,2018-06-30 10:10:00,2.0,16.97188136981199,15.344865431304356,27.34,8.08,13.49,11.57,1,1 vehicle
5678400,2018-06-30 23:48:00,2018,85-12,SDU,4614.0,2018-06-30 23:50:00,2.0,2.1536813153844703,5.763611681324042,9.5,3.19,4.76,8.48,1,1 vehicle
5678727,2018-07-01 11:10:00,2018,51-02,SDU,31572.0,2018-07-01 11:10:00,0.0,7.928875091301788,5.773738212981441,11.24,1.06,2.25,8.94,2,2 or more vehicles
5678960,2018-07-01 19:23:00,2018,1-b5,SDU,6045.0,2018-07-01 19:20:00,3.0,4.763444707785669,7.297304255791511,14.29,4.06,5.29,9.29,3,2 or more vehicles
5679907,2018-06-27 10:43:00,2018,54-02,SDU,1779.0,2018-06-27 10:40:00,3.0,11.29295413119725,11.0845394985849,12.06,3.44,4.41,9.97,1,1 vehicle
5681823,2018-07-04 15:20:00,2018,360-02,SDU,1493.0,2018-07-04 15:20:00,0.0,11.098646140444794,9.100636214623147,12.5,9.38,12.51,8.09,1,1 vehicle
5682912,2018-07-05 15:54:00,2018,62-03,SDU,32224.0,2018-07-05 15:50:00,4.0,8.426645437804165,10.874709591761894,15.23,7.59,9.31,6.06,1,1 vehicle
5685048,2018-07-08 16:06:00,2018,82-01,SDU,3463.0,2018-07-08 16:10:00,4.0,5.317844885913136,2.8505006265868884,10.86,8.52,11.34,12.72,1,1 vehicle
5686234,2018-07-09 12:13:00,2018,54-12,SDU,1938.0,2018-07-09 12:10:00,3.0,4.681972670255496,5.122886456510389,8.59,17.11,25.64,8.44,2,2 or more vehicles
5686270,2018-07-09 18:50:00,2018,1-a8,SDU,36270.0,2018-07-09 18:50:00,0.0,14.666050905127733,16.421669205008133,9.32,8.39,11.86,11.45,4,2 or more vehicles
5690445,2018-07-14 17:39:00,2018,359-01,SDU,36415.0,2018-07-14 17:40:00,1.0,1.3729399824032178,0.8562202816638138,7.56,0.59,1.86,15.54,1,1 vehicle
5691098,2018-07-15 18:18:00,2018,41-17,SDU,1350.0,2018-07-15 18:20:00,2.0,8.859275504643149,6.841931195549181,4.66,4.19,5.55,11.12,1,1 vehicle
5691578,2018-07-16 10:39:00,2018,f821-08,SDU,6975.0,2018-07-16 10:40:00,1.0,18.866418733680224,18.83006200391521,4.69,9.87,11.86,5.73,1,1 vehicle
5692097,2018-07-16 17:45:00,2018,1-c7,SDU,6315.0,2018-07-16 17:40:00,5.0,5.716312872421703,7.2272366966,3.5,5.68,8.49,17.46,2,2 or more vehicles
5692291,2018-07-17 07:48:00,2018,435-01,SDU,31488.0,2018-07-17 07:50:00,2.0,5.421849156566463,5.371941470327555,8.87,2.58,3.53,10.02,1,1 vehicle
5695074,2018-07-19 17:31:00,2018,570-01,SDU,1924.0,2018-07-19 17:30:00,1.0,12.006955747717726,7.230053658236988,18.63,5.8,7.15,10.18,2,2 or more vehicles
5695322,2018-07-20 17:29:00,2018,365-01,SDU,36504.0,2018-07-20 17:30:00,1.0,5.9391657121139785,3.818324764347183,14.36,5.89,8.53,9.03,1,1 vehicle
5698628,2018-07-24 23:47:00,2018,41-15,SDU,1473.0,2018-07-24 23:50:00,3.0,3.43295372107028,2.669518633501688,13.26,2.35,3.2,10.29,2,2 or more vehicles
5699043,2018-07-25 11:49:00,2018,1-e1,SDU,31488.0,2018-07-25 11:50:00,1.0,7.902245093384261,3.522383406880032,9.57,5.0,7.84,9.14,3,2 or more vehicles
5699181,2018-07-25 16:09:00,2018,1-d6,SDU,31399.0,2018-07-25 16:10:00,1.0,6.146483168530071,2.8564832758413083,10.51,4.45,6.76,12.27,3,2 or more vehicles
5700241,2018-07-27 02:10:00,2018,45-01,SDU,1453.0,2018-07-27 02:10:00,0.0,5.968648952153489,6.206697467082469,5.85,3.33,5.68,11.56,1,1 vehicle
5702049,2018-07-29 14:54:00,2018,36-03,SDU,31599.0,2018-07-29 14:50:00,4.0,3.817895449924275,4.109114946230979,4.0,8.87,13.62,17.06,1,1 vehicle
5703125,2018-07-30 15:49:00,2018,1-d1,SDU,36308.0,2018-07-30 15:50:00,1.0,2.9729298403378808,1.5292496506417883,3.18,7.49,10.68,14.04,2,2 or more vehicles
5703218,2018-07-30 17:16:00,2018,99-01,SDU,5544.0,2018-07-30 17:20:00,4.0,2.7655360662810833,1.21089321665288,3.28,5.27,6.7,12.14,3,2 or more vehicles
5703982,2018-07-31 16:14:00,2018,1-g1,SDU,31572.0,2018-07-31 16:10:00,4.0,9.299424369861724,7.416893274742419,10.93,1.55,2.16,11.59,2,2 or more vehicles
5705019,2018-08-02 08:03:00,2018,1-b4,SDU,36049.0,2018-08-02 08:00:00,3.0,6.743373463047485,1.9506434494436529,12.05,0.87,1.76,9.15,1,1 vehicle
5706305,2018-08-03 13:57:00,2018,1-c8,SDU,36308.0,2018-08-03 14:00:00,3.0,4.250129356845768,4.831712605587408,10.23,2.56,3.82,11.39,2,2 or more vehicles
5706562,2018-08-04 01:17:00,2018,435-02,SDU,1493.0,2018-08-04 01:20:00,3.0,11.982122366443148,8.1722130493259,13.9,1.41,1.63,7.77,1,1 vehicle
5708394,2018-08-06 13:43:00,2018,60-27,SDU,32365.0,2018-08-06 13:40:00,3.0,5.525285099153036,4.5763206568152555,9.27,16.28,20.48,7.04,1,1 vehicle
5708685,2018-08-06 18:51:00,2018,61-30,SDU,32654.0,2018-08-06 18:50:00,1.0,2.45228836675886,3.1268205082111917,13.81,7.33,10.19,7.37,2,2 or more vehicles
5709503,2018-08-07 12:59:00,2018,1-g9,SDU,31882.0,2018-08-07 13:00:00,1.0,4.289395874492674,6.975496895193262,9.12,10.89,19.11,11.26,2,2 or more vehicles
5710562,2018-08-08 12:11:00,2018,1-d8,SDU,31392.0,2018-08-08 12:10:00,1.0,5.698849587388894,1.811228203445721,16.61,9.2,13.72,7.79,2,2 or more vehicles
5710810,2018-08-08 16:20:00,2018,32-04,SDU,6430.0,2018-08-08 16:20:00,0.0,3.9166780741156035,1.778294965981667,14.18,9.15,11.34,10.51,1,1 vehicle
5710837,2018-08-08 15:56:00,2018,41-16,SDU,31363.0,2018-08-08 16:00:00,4.0,0.19667406011889058,4.6115007826263295,11.62,10.25,12.94,9.95,1,1 vehicle
5712799,2018-08-10 20:31:00,2018,60-36,SDU,2428.0,2018-08-10 20:30:00,1.0,19.090893333902837,17.093410122889587,11.5,2.11,2.9,11.0,1,1 vehicle
5713446,2018-08-11 19:10:00,2018,54-05,SDU,31958.0,2018-08-11 19:10:00,0.0,8.873059948105142,7.188865613983409,12.35,2.73,3.43,12.62,2,2 or more vehicles
5713478,2018-08-11 17:03:00,2018,523-01,SDU,1781.0,2018-08-11 17:00:00,3.0,15.809174876793787,15.267575285560858,10.33,4.17,5.25,16.05,1,1 vehicle
5718131,2018-08-17 14:28:00,2018,61-33,SDU,2646.0,2018-08-17 14:30:00,2.0,10.353062983720765,10.974953957267978,13.84,3.56,4.7,8.78,1,1 vehicle
5718742,2018-08-18 19:29:00,2018,45-05,SDU,1350.0,2018-08-18 19:30:00,1.0,5.756024118413833,5.7473375391917125,6.68,5.72,6.92,12.8,1,1 vehicle
5718760,2018-08-18 19:54:00,2018,1-b8,SDU,36122.0,2018-08-18 19:50:00,4.0,2.0361973835033687,3.3807083606755346,11.8,4.18,6.08,15.64,2,2 or more vehicles
5720751,2018-08-20 17:28:00,2018,711-06,SDU,33204.0,2018-08-20 17:30:00,2.0,16.529536574016173,16.335649087650875,10.45,3.74,6.96,10.5,1,1 vehicle
5724867,2018-08-26 12:55:00,2018,1-a8,SDU,36270.0,2018-08-26 12:50:00,5.0,14.620749063698058,16.421669205008133,9.32,5.56,9.02,7.98,1,1 vehicle
5725346,2018-08-27 06:28:00,2018,1-m4,SDU,33431.0,2018-08-27 06:30:00,2.0,0.11553514469818424,4.073257225176333,8.95,2.32,3.53,3.05,1,1 vehicle
5725543,2018-08-27 10:14:00,2018,35-02,SDU,31399.0,2018-08-27 10:10:00,4.0,12.740709411510943,12.28642901367293,7.8,8.3,12.94,9.42,2,2 or more vehicles
5726318,2018-08-27 20:52:00,2018,41-15,SDU,1473.0,2018-08-27 20:50:00,2.0,1.8318808893972707,2.669518633501688,13.26,3.45,5.74,9.73,1,1 vehicle
5729770,2018-08-17 21:30:00,2018,1-v8,SDU,35769.0,2018-08-17 21:30:00,0.0,2.5703415438225505,2.971670386203585,7.97,1.36,3.14,9.21,2,2 or more vehicles
5733457,2018-09-03 11:52:00,2018,76-08,SDU,33643.0,2018-09-03 11:50:00,2.0,11.883811678565422,6.4254042227708075,11.86,2.77,8.53,9.62,1,1 vehicle
5734946,2018-09-05 12:53:00,2018,1-r3,SDU,4406.0,2018-09-05 12:50:00,3.0,6.016685906165692,7.05860661928788,17.560000000000002,6.08,8.1,9.99,1,1 vehicle
5735511,2018-09-05 11:46:00,2018,1-t5,SDU,4275.0,2018-09-05 11:50:00,4.0,4.213390433244713,4.136612856631306,8.49,5.45,7.1,4.29,1,1 vehicle
5737353,2018-09-08 12:21:00,2018,427-05,SDU,31365.0,2018-09-08 12:20:00,1.0,12.077560392952202,9.095528499639942,14.43,3.68,8.04,9.32,1,1 vehicle
5737367,2018-09-08 10:32:00,2018,789-01,SDU,33750.0,2018-09-08 10:30:00,2.0,12.483676059888221,12.175731644177072,6.63,1.0,1.57,9.13,1,1 vehicle
5738824,2018-09-10 14:19:00,2018,51-02,SDU,31572.0,2018-09-10 14:20:00,1.0,7.6760684396119485,5.773738212981441,11.24,3.79,5.1,10.06,2,2 or more vehicles
5738887,2018-09-10 12:46:00,2018,61-32,SDU,32654.0,2018-09-10 12:50:00,4.0,18.61107944722103,13.14299609040736,11.76,2.21,2.94,9.14,1,1 vehicle
5739856,2018-09-11 20:46:00,2018,1-b5,SDU,6045.0,2018-09-11 20:50:00,4.0,11.647838189420673,7.297304255791511,14.29,10.55,13.49,9.18,1,1 vehicle
5740744,2018-09-13 00:06:00,2018,425-01,SDU,1350.0,2018-09-13 00:10:00,4.0,8.74106582339445,12.015757431086543,11.96,4.49,5.48,6.79,1,1 vehicle
5741041,2018-09-13 12:42:00,2018,1-d1,SDU,36308.0,2018-09-13 12:40:00,2.0,0.23666526194907958,1.5292496506417883,3.18,4.31,5.59,10.89,3,2 or more vehicles
5741363,2018-09-13 14:34:00,2018,30-06,SDU,36415.0,2018-09-13 14:30:00,4.0,5.395939811582313,4.716207867910791,12.470000000000002,0.82,2.45,13.08,3,2 or more vehicles
5741544,2018-09-13 23:11:00,2018,1-f5,SDU,31579.0,2018-09-13 23:10:00,1.0,0.7708092780453442,1.028741036313794,11.919999999999998,2.87,3.53,3.69,1,1 vehicle
5741546,2018-09-13 16:13:00,2018,1-k9,SDU,3317.0,2018-09-13 16:10:00,3.0,4.420086338814853,5.731173545267037,11.4,7.78,11.14,5.98,2,2 or more vehicles
5742724,2018-09-15 17:31:00,2018,61-34,SDU,2646.0,2018-09-15 17:30:00,1.0,12.106053892914465,10.1750264156985,13.42,4.18,7.44,6.91,1,1 vehicle
5746315,2018-09-19 15:01:00,2018,85-10,SDU,34700.0,2018-09-19 15:00:00,1.0,10.851655100271538,10.855714753491744,9.86,9.06,14.21,5.39,1,1 vehicle
5746396,2018-09-19 17:24:00,2018,54-06,SDU,31958.0,2018-09-19 17:20:00,4.0,0.5931888307283637,3.816243689301748,12.21,9.72,29.99,7.18,1,1 vehicle
5746634,2018-09-20 07:06:00,2018,93-03,SDU,4182.0,2018-09-20 07:10:00,4.0,8.50505010886944,5.336718228238104,14.04,5.15,11.14,6.04,1,1 vehicle
5747811,2018-09-21 09:44:00,2018,939-02,SDU,35963.0,2018-09-21 09:40:00,4.0,0.3526904152648171,3.881853818299356,9.91,11.13,13.72,-0.91,1,1 vehicle
5749192,2018-09-23 07:15:00,2018,41-17,SDU,1350.0,2018-09-23 07:10:00,5.0,7.405382741465693,6.841931195549181,4.66,5.44,7.12,1.49,2,2 or more vehicles
5749567,2018-09-23 19:01:00,2018,1-a2,SDU,36386.0,2018-09-23 19:00:00,1.0,3.1244661254808155,6.384128057059852,11.13,1.15,2.55,4.97,1,1 vehicle
5751282,2018-09-25 11:01:00,2018,1-r3,SDU,4406.0,2018-09-25 11:00:00,1.0,5.735064609979866,7.05860661928788,17.560000000000002,6.03,8.62,1.33,2,2 or more vehicles
5751731,2018-09-25 11:02:00,2018,1-a4,SDU,6272.0,2018-09-25 11:00:00,2.0,5.478988754431798,4.907967091663654,11.41,6.68,8.36,6.63,2,2 or more vehicles
5752573,2018-09-26 14:47:00,2018,1-e1,SDU,31488.0,2018-09-26 14:50:00,3.0,1.407007853419079,3.522383406880032,9.57,5.82,8.23,5.77,3,2 or more vehicles
5752910,2018-09-26 15:46:00,2018,1-r4,SDU,34413.0,2018-09-26 15:50:00,4.0,5.631138750535572,2.8231648990216174,5.73,0.69,1.37,1.72,2,2 or more vehicles
5753631,2018-09-27 13:44:00,2018,47-12,SDU,1679.0,2018-09-27 13:40:00,4.0,11.164140926846507,10.954316682771935,12.42,8.39,10.71,2.28,1,1 vehicle
5753756,2018-09-27 16:40:00,2018,950-01,SDU,5981.0,2018-09-27 16:40:00,0.0,0.39544372958742163,0.2479174199546962,1.32,1.6,3.29,7.26,2,2 or more vehicles
5755033,2018-09-29 21:10:00,2018,60-28,SDU,32365.0,2018-09-29 21:10:00,0.0,10.843412288283025,10.00400811161468,12.02,6.19,8.72,-1.03,1,1 vehicle
5756294,2018-10-01 12:06:00,2018,1-t0,VHDU,4271.0,2018-10-01 12:10:00,4.0,17.246382893020918,16.112146503479053,8.97,5.26,8.85,3.85,1,1 vehicle
5756874,2018-10-01 17:01:00,2018,1-r3,VHDU,4406.0,2018-10-01 17:00:00,1.0,6.024426686829056,7.05860661928788,17.560000000000002,8.64,10.85,0.67,2,2 or more vehicles
5757721,2018-10-02 23:01:00,2018,1-p1,VHDU,33357.0,2018-10-02 23:00:00,1.0,1.7498269065069127,2.6900827429345155,10.45,1.07,1.57,0.18,1,1 vehicle
5759439,2018-10-04 21:00:00,2018,425-02,VHDU,1361.0,2018-10-04 21:00:00,0.0,7.193298693180004,6.917005970284371,14.76,11.25,16.73,3.56,1,1 vehicle
5759625,2018-10-05 09:44:00,2018,1-h4,VHDU,32097.0,2018-10-05 09:40:00,4.0,4.606856927016025,6.809457005645053,11.45,8.0,10.68,-3.3,1,1 vehicle
5759809,2018-10-05 11:33:00,2018,82-02,VHDU,33563.0,2018-10-05 11:30:00,3.0,10.305453515440892,10.9166146109414,10.71,4.23,7.64,-0.46,1,1 vehicle
5760595,2018-10-06 16:05:00,2018,36-11,VHDU,1590.0,2018-10-06 16:00:00,5.0,5.173484102546999,4.097097125921327,7.99,19.87,22.38,-2.52,1,1 vehicle
5760596,2018-10-06 16:03:00,2018,939-02,VHDU,35963.0,2018-10-06 16:00:00,3.0,0.6966500161813499,3.881853818299356,9.91,6.24,8.43,-1.42,1,1 vehicle
5760689,2018-10-06 15:23:00,2018,1-d8,VHDU,31392.0,2018-10-06 15:20:00,3.0,0.816466870972701,1.811228203445721,16.61,15.18,20.29,0.14,2,2 or more vehicles
5761328,2018-10-07 17:40:00,2018,1-b5,VHDU,6045.0,2018-10-07 17:40:00,0.0,13.69929164039622,7.297304255791511,14.29,3.92,4.96,2.56,2,2 or more vehicles
5761335,2018-10-07 21:55:00,2018,1-g3,VHDU,1673.0,2018-10-07 21:50:00,5.0,7.714378165495967,5.382052364477969,11.639999999999995,2.49,3.69,2.12,1,1 vehicle
5761574,2018-10-08 08:23:00,2018,1-g4,VHDU,31674.0,2018-10-08 08:20:00,3.0,6.361786497140866,2.9434338577391106,8.41,2.15,3.72,0.98,1,1 vehicle
5763153,2018-10-09 12:45:00,2018,93-01,VHDU,4271.0,2018-10-09 12:40:00,5.0,1.5167198309448748,1.7057193753947664,1.7200000000000002,4.16,4.96,4.5,2,2 or more vehicles
5763723,2018-10-10 02:04:00,2018,1-s7,VHDU,34148.0,2018-10-10 02:00:00,4.0,4.382526760507419,7.715396274319851,8.44,0.17,1.08,-1.67,1,1 vehicle
5763774,2018-10-10 07:52:00,2018,1-g1,VHDU,31572.0,2018-10-10 07:50:00,2.0,7.545029997361337,7.416893274742419,10.93,5.11,7.84,4.88,2,2 or more vehicles
5764436,2018-10-10 15:32:00,2018,361-01,VHDU,1596.0,2018-10-10 15:30:00,2.0,2.9850492318262467,3.326180053188963,8.69,2.18,3.39,6.02,1,1 vehicle
5765715,2018-10-12 07:55:00,2018,1-h4,VHDU,32097.0,2018-10-12 07:50:00,5.0,2.672101656861101,6.809457005645053,11.45,6.31,10.68,1.91,1,1 vehicle
5767605,2018-10-15 08:24:00,2018,1-a8,VHDU,36270.0,2018-10-15 08:20:00,4.0,13.272023449916443,16.421669205008133,9.32,0.36,0.98,1.43,1,1 vehicle
5770373,2018-10-17 21:41:00,2018,51-02,VHDU,31572.0,2018-10-17 21:40:00,1.0,4.110729781352727,5.773738212981441,11.24,3.74,5.59,3.84,1,1 vehicle
5771589,2018-10-19 11:00:00,2018,1-k9,VHDU,3317.0,2018-10-19 11:00:00,0.0,0.6135355102685743,5.731173545267037,11.4,8.97,12.71,7.85,2,2 or more vehicles
5772431,2018-10-20 11:02:00,2018,95-03,VHDU,5965.0,2018-10-20 11:00:00,2.0,6.24011549698193,2.9949031093743597,7.38,6.02,9.87,9.84,1,1 vehicle
5772703,2018-10-20 13:34:00,2018,1-a7,VHDU,36270.0,2018-10-20 13:30:00,4.0,7.449412272255184,7.406305507969019,10.22,9.89,15.19,6.98,1,1 vehicle
5773691,2018-10-22 08:22:00,2018,39-01,VHDU,31387.0,2018-10-22 08:20:00,2.0,8.376053342145747,1.6348934580675056,15.7,0.42,0.78,0.75,2,2 or more vehicles
5776203,2018-10-24 18:56:00,2018,1-k8,VHDU,3223.0,2018-10-24 19:00:00,4.0,14.94892587826805,15.384253879331345,11.4,5.48,8.82,-0.09,1,1 vehicle
5777306,2018-10-26 08:12:00,2018,1-m1,VHDU,3317.0,2018-10-26 08:10:00,2.0,2.336860992695985,1.3256499646624635,1.45,6.04,8.36,-0.49,1,1 vehicle
5779706,2018-10-29 16:21:00,2018,85-03,VHDU,3696.0,2018-10-29 16:20:00,1.0,18.025556063753335,13.211040492328156,11.12,2.37,4.7,0.41,2,2 or more vehicles
5782366,2018-11-01 19:09:00,2018,845-01,VHDU,3591.0,2018-11-01 19:10:00,1.0,4.474856371779839,5.513349493291968,10.44,1.62,2.28,0.82,1,1 vehicle
5782608,2018-11-02 09:02:00,2018,93-02,VHDU,34175.0,2018-11-02 09:00:00,2.0,3.1836821408068032,2.2346382814282277,9.91,9.65,11.66,-4.29,1,1 vehicle
5783604,2018-11-03 11:02:00,2018,1-c0,VHDU,6222.0,2018-11-03 11:00:00,2.0,6.6427527400620825,6.323365886803895,10.13,9.7,15.19,0.91,1,1 vehicle
5785511,2018-11-06 07:45:00,2018,427-11,VHDU,31380.0,2018-11-06 07:40:00,5.0,6.97695015804291,4.968368046629869,13.94,9.08,12.15,2.94,1,1 vehicle
5788388,2018-11-08 23:04:00,2018,1-f8,VHDU,31577.0,2018-11-08 23:00:00,4.0,3.5639825930599525,4.303271038168447,5.76,10.74,18.23,8.57,2,2 or more vehicles
5789082,2018-11-09 13:52:00,2018,1-q3,VHDU,3474.0,2018-11-09 13:50:00,2.0,6.621376745869117,3.9336919245067903,2.13,8.47,10.0,1.05,1,1 vehicle
5790416,2018-11-11 18:24:00,2018,50-03,VHDU,1781.0,2018-11-11 18:20:00,4.0,4.985363564759025,4.395959241160504,9.6,4.69,6.3,4.7,1,1 vehicle
5791458,2018-11-13 06:46:00,2018,1-t1,VHDU,4271.0,2018-11-13 06:50:00,4.0,3.6602527195234176,6.49991970936017,11.25,1.49,1.82,3.73,1,1 vehicle
5792487,2018-11-13 20:05:00,2018,76-01,VHDU,33451.0,2018-11-13 20:00:00,5.0,10.482328637917329,11.867168649887455,10.25,0.27,0.88,1.22,1,1 vehicle
5793773,2018-11-15 09:48:00,2018,1-s3,VHDU,4830.0,2018-11-15 09:50:00,2.0,9.794630755864642,8.915535731181778,8.08,9.73,12.61,0.23,1,1 vehicle
5797354,2018-11-20 07:31:00,2018,1-m1,VHDU,3317.0,2018-11-20 07:30:00,1.0,2.3418968882768723,1.3256499646624635,1.45,1.14,1.66,0.13,1,1 vehicle
5797685,2018-11-20 12:26:00,2018,1-k9,VHDU,3317.0,2018-11-20 12:30:00,4.0,4.623310642600364,5.731173545267037,11.4,1.37,2.61,-2.14,1,1 vehicle
5798209,2018-11-20 21:24:00,2018,82-03,VHDU,33563.0,2018-11-20 21:20:00,4.0,3.637985537391573,0.3760650112123629,11.33,1.03,2.16,2.15,1,1 vehicle
5799275,2018-11-21 20:34:00,2018,1-m2,VHDU,33419.0,2018-11-21 20:30:00,4.0,7.902326323682254,5.573498711103916,13.26,4.15,5.0,0.11,1,1 vehicle
5799504,2018-11-22 07:46:00,2018,85-04,VHDU,3696.0,2018-11-22 07:50:00,4.0,6.263848115038767,4.839250240206277,7.15,0.0,0.0,1.05,1,1 vehicle
5800807,2018-11-23 19:53:00,2018,1-p1,VHDU,33357.0,2018-11-23 19:50:00,3.0,1.385683485597317,2.6900827429345155,10.45,1.4,2.16,-6.01,1,1 vehicle
5800870,2018-11-23 22:42:00,2018,1-n1,VHDU,33357.0,2018-11-23 22:40:00,2.0,5.932715861404152,7.600410813299837,10.63,2.75,3.23,-4.75,1,1 vehicle
5801364,2018-11-24 18:26:00,2018,268-01,VHDU,6315.0,2018-11-24 18:30:00,4.0,13.828512669903619,9.72980061408004,8.75,2.62,3.78,-2.98,1,1 vehicle
5801759,2018-11-25 05:38:00,2018,1-c0,VHDU,6222.0,2018-11-25 05:40:00,2.0,6.504606017322897,6.323365886803895,10.13,1.71,2.58,-0.84,1,1 vehicle
5801868,2018-11-25 14:55:00,2018,76-03,VHDU,3433.0,2018-11-25 14:50:00,5.0,10.320802495498977,11.688514772049754,7.94,1.88,2.41,-4.92,2,2 or more vehicles
5803702,2018-11-27 13:53:00,2018,215-01,VHDU,36049.0,2018-11-27 13:50:00,3.0,3.4075945119872575,2.094744433060866,4.62,9.38,24.4,2.66,1,1 vehicle
5806196,2018-12-01 14:57:00,2018,37-04,VDU,6515.0,2018-12-01 15:00:00,3.0,6.016887271012085,6.087446640656035,9.73,8.28,11.07,0.18,1,1 vehicle
5807900,2018-12-04 10:07:00,2018,82-01,VDU,3463.0,2018-12-04 10:10:00,3.0,4.430541532331184,2.8505006265868884,10.86,5.38,6.95,-7.45,1,1 vehicle
5809265,2018-12-05 19:22:00,2018,1-g3,VDU,1673.0,2018-12-05 19:20:00,2.0,4.664664800888278,5.382052364477969,11.639999999999995,6.11,12.38,4.34,1,1 vehicle
5809888,2018-12-06 15:55:00,2018,1-h4,VDU,32097.0,2018-12-06 15:50:00,5.0,4.8146715138754725,6.809457005645053,11.45,17.71,22.64,-0.82,1,1 vehicle
5810733,2018-12-07 19:35:00,2018,1-r7,VDU,4323.0,2018-12-07 19:30:00,5.0,9.702273809866524,5.67442215411124,10.1,7.91,10.58,-0.41,1,1 vehicle
5811493,2018-12-09 02:32:00,2018,61-43,VDU,2643.0,2018-12-09 02:30:00,2.0,1.4172996261168558,1.4872992616818663,3.07,5.28,7.15,0.99,1,1 vehicle
5812816,2018-12-11 03:44:00,2018,1-p6,VDU,3471.0,2018-12-11 03:40:00,4.0,3.6917951298394716,2.7742615388858822,4.92,1.33,3.2,5.25,2,2 or more vehicles
5813088,2018-12-11 09:46:00,2018,41-16,VDU,31363.0,2018-12-11 09:50:00,4.0,0.49971637149392345,4.6115007826263295,11.62,23.38,36.95,8.29,1,1 vehicle
5815180,2018-12-12 16:37:00,2018,33-04,VDU,1395.0,2018-12-12 16:40:00,3.0,4.162607632788163,3.8873317209957774,3.0,6.59,9.24,6.03,2,2 or more vehicles
5817196,2018-12-15 11:57:00,2018,1-b4,VDU,36049.0,2018-12-15 12:00:00,3.0,1.3402295399161754,1.9506434494436529,12.05,6.03,13.52,6.39,2,2 or more vehicles
5817364,2018-12-14 19:41:00,2018,1-m8,VDU,33451.0,2018-12-14 19:40:00,1.0,4.935275370907769,4.788530381206608,5.33,2.13,2.55,0.97,1,1 vehicle
5817573,2018-12-16 11:53:00,2018,1-k8,VDU,3223.0,2018-12-16 11:50:00,3.0,15.312320560483471,15.384253879331345,11.4,0.68,0.94,0.19,1,1 vehicle
5817608,2018-12-16 09:51:00,2018,85-01,VDU,33480.0,2018-12-16 09:50:00,1.0,3.3031092766979806,1.6191868693980056,12.73,3.91,5.49,1.77,1,1 vehicle
5817862,2018-12-16 21:48:00,2018,1-g9,VDU,31882.0,2018-12-16 21:50:00,2.0,7.030255772760718,6.975496895193262,9.12,2.88,3.82,1.4,1,1 vehicle
5817905,2018-12-17 01:20:00,2018,54-02,VDU,1779.0,2018-12-17 01:20:00,0.0,7.5939994906573975,11.0845394985849,12.06,5.21,8.26,3.51,1,1 vehicle
5818135,2018-12-17 09:47:00,2018,36-11,VDU,1590.0,2018-12-17 09:50:00,3.0,6.5459059852720785,4.097097125921327,7.99,20.96,24.38,-0.59,1,1 vehicle
5819415,2018-12-18 20:58:00,2018,87-05,VDU,3696.0,2018-12-18 21:00:00,2.0,9.336265364999251,10.484481059350308,8.6,8.12,14.73,6.19,1,1 vehicle
5819952,2018-12-18 11:19:00,2018,1-d6,VDU,31399.0,2018-12-18 11:20:00,1.0,0.22388027099560692,2.8564832758413083,10.51,9.65,15.48,7.45,2,2 or more vehicles
5820414,2018-12-20 01:46:00,2018,1-h3,VDU,31985.0,2018-12-20 01:50:00,4.0,13.743021277952423,14.515482652677305,9.01,4.08,5.78,1.3,1,1 vehicle
5820464,2018-12-20 07:18:00,2018,41-16,VDU,31363.0,2018-12-20 07:20:00,2.0,3.2999559751754357,4.6115007826263295,11.62,1.57,2.16,1.16,1,1 vehicle
5820915,2018-12-20 10:46:00,2018,82-03,VDU,33563.0,2018-12-20 10:50:00,4.0,1.4903302214642118,0.3760650112123629,11.33,2.19,3.14,0.67,1,1 vehicle
5822275,2018-12-22 14:13:00,2018,460-01,VDU,31577.0,2018-12-22 14:10:00,3.0,5.152789475644798,7.230951193658769,11.16,0.62,1.27,-0.87,1,1 vehicle
5822842,2018-12-23 14:22:00,2018,37-03,VDU,36504.0,2018-12-23 14:20:00,2.0,10.824659792555645,8.829620230052322,13.36,1.65,2.06,-1.05,1,1 vehicle
5822971,2018-12-23 20:52:00,2018,41-15,VDU,1473.0,2018-12-23 20:50:00,2.0,2.616640447812113,2.669518633501688,13.26,5.16,6.72,4.28,1,1 vehicle
5824349,2018-12-27 09:42:00,2018,1-a1,VDU,36386.0,2018-12-27 09:40:00,2.0,4.327544496420642,3.488285220225965,9.01,1.0,2.35,2.06,1,1 vehicle
5824950,2018-12-27 00:15:00,2018,39-01,VDU,31387.0,2018-12-27 00:10:00,5.0,5.749924238870434,1.6348934580675056,15.7,2.47,2.94,1.55,1,1 vehicle
5825079,2018-12-28 05:00:00,2018,41-17,VDU,1350.0,2018-12-28 05:00:00,0.0,6.633358956579089,6.841931195549181,4.66,7.23,9.05,1.77,1,1 vehicle
5825413,2018-12-28 17:18:00,2018,45-01,VDU,1453.0,2018-12-28 17:20:00,2.0,4.4224291035272225,6.206697467082469,5.85,12.6,18.23,3.94,1,1 vehicle
5825779,2018-12-29 12:15:00,2018,1-x1,VDU,35107.0,2018-12-29 12:10:00,5.0,7.200970960424022,7.025943108369632,7.58,0.9,1.96,1.33,1,1 vehicle
5826088,2018-12-30 04:59:00,2018,41-22,VDU,1350.0,2018-12-30 05:00:00,1.0,2.3162603545651916,2.259852353483001,1.88,8.64,10.91,0.44,1,1 vehicle
5832224,2019-01-08 17:48:00,2019,61-29,VDU,32654.0,2019-01-08 17:50:00,2.0,3.023890427219193,8.391135288927227,13.16,6.15,7.84,2.51,1,1 vehicle
5832861,2019-01-09 13:53:00,2019,1-d8,VDU,31392.0,2019-01-09 13:50:00,3.0,3.8701849687680596,1.811228203445721,16.61,12.0,16.37,6.41,1,1 vehicle
5835322,2019-01-12 09:26:00,2019,35-08,VDU,36519.0,2019-01-12 09:30:00,4.0,3.68843218272564,5.046269591968834,8.83,0.82,1.18,-0.25,1,1 vehicle
5835385,2019-01-12 17:02:00,2019,36-01,VDU,31399.0,2019-01-12 17:00:00,2.0,10.673789341654894,11.778691413624069,9.29,1.66,5.1,1.34,1,1 vehicle
5836803,2019-01-14 14:22:00,2019,1-g3,VDU,1673.0,2019-01-14 14:20:00,2.0,0.46448542604121856,5.382052364477969,11.64,6.78,10.91,-0.24,1,1 vehicle
5836918,2019-01-14 19:15:00,2019,43-01,VDU,31364.0,2019-01-14 19:10:00,5.0,10.309040315235116,3.7630196539385503,13.38,7.33,11.17,2.02,1,1 vehicle
5840631,2019-01-20 18:37:00,2019,1-f6,VDU,31577.0,2019-01-20 18:40:00,3.0,2.095079038448878,0.866726910174939,3.5799999999999996,12.1,18.82,0.41,1,1 vehicle
5843285,2019-01-24 14:41:00,2019,51-01,VDU,31572.0,2019-01-24 14:40:00,1.0,1.0408111068625456,0.926567118382983,7.16,10.52,14.7,1.69,1,1 vehicle
5843391,2019-01-24 16:43:00,2019,1-z1,VDU,36391.0,2019-01-24 16:40:00,3.0,1.091210829369676,5.756717799163035,13.97,4.17,5.1,0.66,1,1 vehicle
5844565,2019-01-26 17:25:00,2019,1-q6,VDU,33487.0,2019-01-26 17:20:00,5.0,2.0747761337726844,3.4788198556783483,4.34,0.97,1.57,-5.28,2,2 or more vehicles
5847537,2019-01-30 15:57:00,2019,35-08,VDU,36519.0,2019-01-30 16:00:00,3.0,2.6767458319311146,5.046269591968834,8.83,9.06,11.27,-9.17,2,2 or more vehicles
5847902,2019-01-31 15:41:00,2019,1-g3,VDU,1673.0,2019-01-31 15:40:00,1.0,4.047715702079588,5.382052364477969,11.64,12.49,17.93,-1.72,1,1 vehicle
5848810,2019-02-01 15:45:00,2019,1-z0,VDU,6499.0,2019-02-01 15:40:00,5.0,6.786464111545884,4.548630125187953,10.22,8.7,11.4,-3.86,3,2 or more vehicles
5849718,2019-02-03 16:58:00,2019,1-g3,VDU,1673.0,2019-02-03 17:00:00,2.0,5.019488761100956,5.382052364477969,11.64,2.82,3.92,-3.52,3,2 or more vehicles
5850453,2019-02-04 14:08:00,2019,35-08,VDU,36519.0,2019-02-04 14:10:00,2.0,7.988340666914877,5.046269591968834,8.83,8.87,11.07,-7.36,2,2 or more vehicles
5851622,2019-02-05 19:24:00,2019,43-01,VDU,31364.0,2019-02-05 19:20:00,4.0,2.8211351777336833,3.7630196539385503,13.38,9.19,16.86,3.65,5,2 or more vehicles
5852539,2019-02-06 15:34:00,2019,54-07,VDU,31948.0,2019-02-06 15:30:00,4.0,8.30285102881115,8.319713766184018,12.77,10.65,19.01,-0.59,1,1 vehicle
5852821,2019-02-07 15:21:00,2019,1-q5,VDU,33480.0,2019-02-07 15:20:00,1.0,13.215366607976117,8.323557642546657,13.83,4.77,7.15,-3.75,2,2 or more vehicles
5853372,2019-02-08 08:42:00,2019,30-02,VDU,6310.0,2019-02-08 08:40:00,2.0,10.670476824597975,7.228154041565046,8.89,12.79,15.91,-2.85,2,2 or more vehicles
5853592,2019-02-08 18:32:00,2019,1-g3,VDU,1673.0,2019-02-08 18:30:00,2.0,7.774193696546293,5.382052364477969,11.64,18.65,26.04,-5.92,1,1 vehicle
5853973,2019-02-09 09:41:00,2019,341-01,VDU,36415.0,2019-02-09 09:40:00,1.0,7.197042741166635,5.187637194716856,7.68,9.95,13.52,-1.11,2,2 or more vehicles
5854230,2019-02-09 15:51:00,2019,60-02,VDU,31985.0,2019-02-09 15:50:00,1.0,8.495467818765645,4.696286398233004,11.34,12.97,17.93,-3.9,1,1 vehicle
5856054,2019-02-12 09:09:00,2019,1-f8,VDU,31577.0,2019-02-12 09:10:00,1.0,6.041603771919988,4.303271038168447,5.76,19.74,27.93,2.65,2,2 or more vehicles
5856077,2019-02-12 08:45:00,2019,1-e1,VDU,31488.0,2019-02-12 08:40:00,5.0,0.8378824543941648,3.522383406880032,9.57,22.68,29.3,2.31,1,1 vehicle
5858458,2019-02-14 17:23:00,2019,1-b1,VDU,36156.0,2019-02-14 17:20:00,3.0,4.791478230767231,4.49414143740731,8.79,3.15,3.92,0.23,2,2 or more vehicles
5859505,2019-02-15 21:49:00,2019,1-f5,VDU,31579.0,2019-02-15 21:50:00,1.0,1.1730936018110998,1.028741036313794,11.95,3.71,4.51,-2.98,1,1 vehicle
5859990,2019-02-16 20:41:00,2019,54-02,VDU,1779.0,2019-02-16 20:40:00,1.0,7.984799571462296,11.0845394985849,12.06,4.51,7.81,-4.52,1,1 vehicle
5860426,2019-02-17 17:28:00,2019,1-h4,VDU,32097.0,2019-02-17 17:30:00,2.0,5.781243659265338,6.809457005645053,11.45,12.67,14.6,-3.86,1,1 vehicle
5861290,2019-02-18 15:27:00,2019,1-q7,VDU,33487.0,2019-02-18 15:30:00,3.0,0.06714009145343919,2.473295195759243,9.65,10.37,13.23,-2.33,2,2 or more vehicles
5861938,2019-02-19 10:05:00,2019,1-e1,VDU,31488.0,2019-02-19 10:00:00,5.0,1.538884165822007,3.522383406880032,9.57,11.84,14.6,0.86,1,1 vehicle
5862877,2019-02-20 12:58:00,2019,1-a7,VDU,36270.0,2019-02-20 13:00:00,2.0,10.455893365530018,7.406305507969019,10.72,7.07,11.37,3.23,1,1 vehicle
5865904,2019-02-24 19:09:00,2019,61-31,VDU,32654.0,2019-02-24 19:10:00,1.0,14.965676007130389,12.508166723611712,13.7,7.04,11.37,2.67,1,1 vehicle
5871198,2019-02-28 12:26:00,2019,1-h3,VDU,31985.0,2019-02-28 12:30:00,4.0,15.802592052682968,14.515482652677305,9.01,1.12,1.86,3.04,1,1 vehicle
5871551,2019-02-28 22:30:00,2019,61-35,VDU,2646.0,2019-02-28 22:30:00,0.0,1.9578115219383565,3.4147436857726188,13.6,3.07,5.45,2.97,1,1 vehicle
5879337,2019-03-09 23:16:00,2019,429-02,VDU,1350.0,2019-03-09 23:20:00,4.0,5.378239396606541,5.685793567904326,4.32,2.63,3.62,-1.2,1,1 vehicle
5882904,2019-03-13 15:25:00,2019,34-05,VDU,1395.0,2019-03-13 15:20:00,5.0,9.443309194374107,4.455773978664814,11.97,8.27,11.79,0.85,2,2 or more vehicles
5883211,2019-03-13 23:13:00,2019,1-d9,VDU,31488.0,2019-03-13 23:10:00,3.0,5.585858658192901,3.4577407582901083,4.7,1.91,2.65,0.25,1,1 vehicle
5883817,2019-03-14 16:00:00,2019,1-j1,VDU,32097.0,2019-03-14 16:00:00,0.0,6.740584070009351,3.198771852515269,10.85,10.19,11.96,-1.16,1,1 vehicle
5885313,2019-03-16 18:06:00,2019,34-03,VDU,1395.0,2019-03-16 18:10:00,4.0,2.6255327000897526,1.9799264204565696,1.52,5.22,6.86,3.98,2,2 or more vehicles
5885630,2019-03-17 01:53:00,2019,1-c8,VDU,36308.0,2019-03-17 01:50:00,3.0,7.128450695966408,4.831712605587408,10.23,3.99,5.49,0.21,1,1 vehicle
5885814,2019-03-17 09:51:00,2019,1-b6,VDU,6134.0,2019-03-17 09:50:00,1.0,11.094858022661969,5.751425337701231,12.46,2.52,3.33,1.18,1,1 vehicle
5886017,2019-03-17 02:28:00,2019,574-07,VDU,1924.0,2019-03-17 02:30:00,2.0,1.9128387466067327,3.210218950768943,5.1,2.17,5.03,0.56,1,1 vehicle
5889368,2019-03-20 18:45:00,2019,1-d8,VDU,31392.0,2019-03-20 18:40:00,5.0,5.07750075050303,1.811228203445721,16.61,11.69,15.48,-5.89,1,1 vehicle
5890901,2019-03-22 14:12:00,2019,76-15,VDU,33654.0,2019-03-22 14:10:00,2.0,0.040123565034407525,0.96895568343592,14.08,19.68,27.83,-1.1,2,2 or more vehicles
5891446,2019-03-23 11:15:00,2019,1-s5,VDU,34238.0,2019-03-23 11:10:00,5.0,8.54119572119576,11.05888658286931,19.9,8.99,11.27,-6.18,1,1 vehicle
5891552,2019-03-23 16:42:00,2019,1-b6,VDU,6134.0,2019-03-23 16:40:00,2.0,5.888489600029122,5.751425337701231,12.46,4.81,6.66,1.89,1,1 vehicle
5891657,2019-03-23 19:43:00,2019,41-16,VDU,31363.0,2019-03-23 19:40:00,3.0,8.682254594135093,4.6115007826263295,11.62,10.26,14.31,1.05,1,1 vehicle
5893141,2019-03-25 14:30:00,2019,1-j2,VDU,32097.0,2019-03-25 14:30:00,0.0,13.368372063995054,12.851629039775409,9.98,17.93,21.76,3.33,2,2 or more vehicles
5893863,2019-03-26 16:06:00,2019,1-g1,VDU,31572.0,2019-03-26 16:10:00,4.0,8.83385146779124,7.416893274742419,10.93,6.04,8.92,4.65,2,2 or more vehicles
5895277,2019-03-28 10:57:00,2019,1-b6,VDU,6134.0,2019-03-28 11:00:00,3.0,8.645983811183232,5.751425337701231,12.46,12.34,15.55,2.77,2,2 or more vehicles
5898610,2019-04-02 01:01:00,2019,1-h4,VHDU,32097.0,2019-04-02 01:00:00,1.0,5.987615700212015,6.809457005645053,11.45,16.67,20.19,-5.56,2,2 or more vehicles
5899784,2019-04-03 11:37:00,2019,821-01,VHDU,3471.0,2019-04-03 11:40:00,3.0,7.733256982026003,7.64609910465302,5.69,1.21,2.84,6.28,1,1 vehicle
5900220,2019-04-03 17:37:00,2019,95-01,VHDU,4271.0,2019-04-03 17:40:00,3.0,5.174393805152126,6.919019956377639,10.99,6.42,9.41,1.7,1,1 vehicle
5900725,2019-04-04 10:45:00,2019,41-15,VHDU,1473.0,2019-04-04 10:40:00,5.0,4.4746796685501495,2.669518633501688,13.26,1.49,1.96,2.45,1,1 vehicle
5907973,2019-04-12 09:41:00,2019,51-02,VHDU,31572.0,2019-04-12 09:40:00,1.0,6.4360239158589945,5.773738212981441,11.24,12.72,17.84,9.73,1,1 vehicle
5908670,2019-04-12 13:49:00,2019,1-b9,VHDU,36122.0,2019-04-12 13:50:00,1.0,8.247231904912537,5.329972713472354,6.01,13.76,20.87,9.85,1,1 vehicle
5913029,2019-04-18 16:10:00,2019,83-02,VHDU,3474.0,2019-04-18 16:10:00,0.0,4.122228125514388,4.255580081063748,5.5200000000000005,9.36,11.57,4.88,2,2 or more vehicles
5913727,2019-04-19 23:11:00,2019,931-02,VHDU,4271.0,2019-04-19 23:10:00,1.0,14.778358639324143,12.629268396948548,10.18,2.72,4.67,9.99,1,1 vehicle
5913983,2019-04-20 16:36:00,2019,51-01,VHDU,31572.0,2019-04-20 16:40:00,4.0,1.139266023678323,0.926567118382983,7.16,5.82,9.41,6.04,2,2 or more vehicles
5916316,2019-04-23 14:12:00,2019,431-02,VHDU,1479.0,2019-04-23 14:10:00,2.0,3.729082801262216,4.153058840969645,1.56,9.45,14.14,8.58,1,1 vehicle
5916515,2019-04-23 21:28:00,2019,1-m3,VHDU,33431.0,2019-04-23 21:30:00,2.0,9.256227439618161,13.227469441125152,11.32,11.4,16.27,8.2,1,1 vehicle
5922535,2019-05-01 06:20:00,2019,1-d8,VHDU,31392.0,2019-05-01 06:20:00,0.0,0.796548869504722,1.811228203445721,16.61,2.87,3.92,5.95,1,1 vehicle
5923698,2019-05-02 16:52:00,2019,54-15,VHDU,31942.0,2019-05-02 16:50:00,2.0,2.5821297821570752,0.3649829257412452,9.1,9.06,11.47,5.23,1,1 vehicle
5924527,2019-05-03 17:19:00,2019,41-16,VHDU,31363.0,2019-05-03 17:20:00,1.0,8.127319572708243,4.6115007826263295,11.62,5.72,8.13,6.27,2,2 or more vehicles
5924551,2019-05-03 13:45:00,2019,711-07,VHDU,33204.0,2019-05-03 13:40:00,5.0,9.141945002129965,7.357257003631685,10.160000000000002,3.38,5.59,5.53,1,1 vehicle
5929798,2019-05-09 15:46:00,2019,76-08,VHDU,33643.0,2019-05-09 15:50:00,4.0,11.360302711427929,6.4254042227708075,11.86,6.77,8.92,1.67,1,1 vehicle
5930550,2019-05-10 15:34:00,2019,1-k8,VHDU,3223.0,2019-05-10 15:30:00,4.0,19.6846657582028,15.384253879331345,11.4,8.83,11.73,2.41,1,1 vehicle
5930931,2019-05-11 07:05:00,2019,1-p5,VHDU,3463.0,2019-05-11 07:00:00,5.0,3.6635441844587713,4.005505581134992,2.99,2.31,2.84,-3.24,1,1 vehicle
5935664,2019-05-16 15:01:00,2019,1-y7,VHDU,5309.0,2019-05-16 15:00:00,1.0,3.5673524438332223,4.321816631986554,9.11,9.61,11.99,11.6,1,1 vehicle
5940570,2019-05-23 02:35:00,2019,1-f3,VHDU,1479.0,2019-05-23 02:30:00,5.0,0.680480925739637,1.1330985534714593,4.78,2.77,3.82,9.18,1,1 vehicle
5941449,2019-05-23 21:20:00,2019,41-13,VHDU,1474.0,2019-05-23 21:20:00,0.0,0.8286431080003387,0.6574073151814317,2.51,2.1,3.1,9.8,2,2 or more vehicles
5942435,2019-05-24 22:28:00,2019,76-09,VHDU,33750.0,2019-05-24 22:30:00,2.0,1.3698672081487546,2.6673072887815006,13.47,2.45,3.92,4.95,1,1 vehicle
5942703,2019-05-25 13:15:00,2019,875-01,VHDU,34733.0,2019-05-25 13:10:00,5.0,2.4275364915204465,1.895123151707512,2.99,3.91,5.39,3.92,1,1 vehicle
5947254,2019-05-30 16:05:00,2019,1-t5,VHDU,4275.0,2019-05-30 16:00:00,5.0,5.186481847267967,4.136612856631306,8.49,4.71,5.42,1.57,2,2 or more vehicles
5947270,2019-05-30 16:51:00,2019,1-d8,VHDU,31392.0,2019-05-30 16:50:00,1.0,5.823462111691028,1.811228203445721,16.61,5.14,7.94,8.32,1,1 vehicle
5947302,2019-05-30 15:05:00,2019,92-09,VHDU,5981.0,2019-05-30 15:00:00,5.0,4.842296376302871,3.9180680850954337,7.91,6.97,9.96,7.89,2,2 or more vehicles
5948452,2019-05-31 19:19:00,2019,1-p4,VHDU,3463.0,2019-05-31 19:20:00,1.0,3.542149695028564,6.428645425378839,11.46,4.49,5.97,6.78,2,2 or more vehicles
5948764,2019-06-01 10:50:00,2019,58-01,SDU,2050.0,2019-06-01 10:50:00,0.0,2.7646975718737785,3.9981174783629543,8.67,5.74,8.13,7.41,1,1 vehicle
5948769,2019-06-01 11:29:00,2019,1-m3,SDU,33431.0,2019-06-01 11:30:00,1.0,9.423214695945799,13.227469441125152,11.32,4.49,8.23,3.67,2,2 or more vehicles
5949034,2019-06-01 14:03:00,2019,848-01,SDU,4300.0,2019-06-01 14:00:00,3.0,7.203032895068801,6.386439163438794,8.66,1.83,3.69,1.53,1,1 vehicle
5949834,2019-06-02 20:24:00,2019,63-02,SDU,31122.0,2019-06-02 20:20:00,4.0,3.572760176845788,0.0723277669925947,12.78,5.08,6.76,3.76,1,1 vehicle
5949966,2019-06-03 08:27:00,2019,95-02,SDU,5960.0,2019-06-03 08:30:00,3.0,8.743226609682726,9.027618125264537,10.25,12.21,15.48,-0.2,1,1 vehicle
5951629,2019-06-04 14:49:00,2019,504-01,SDU,1673.0,2019-06-04 14:50:00,1.0,8.161584031494183,8.596816864341474,6.6000000000000005,8.43,12.15,8.11,1,1 vehicle
5953591,2019-06-06 13:27:00,2019,731-02,SDU,33431.0,2019-06-06 13:30:00,3.0,17.745499340376163,13.878354167089809,13.95,6.24,8.72,6.6,1,1 vehicle
5955262,2019-06-08 04:27:00,2019,1-q7,SDU,33487.0,2019-06-08 04:30:00,3.0,1.3358629879338484,2.473295195759243,9.65,1.08,1.57,0.7,1,1 vehicle
5955591,2019-06-08 13:36:00,2019,427-04,SDU,31365.0,2019-06-08 13:40:00,4.0,2.661136030429347,0.1007673098225247,7.26,8.17,11.66,13.37,2,2 or more vehicles
5955674,2019-06-22 13:04:00,2019,1-c8,SDU,36308.0,2019-06-22 13:00:00,4.0,7.898593295978363,4.831712605587408,10.23,3.71,6.57,15.27,2,2 or more vehicles
5955989,2019-06-08 18:31:00,2019,612-03,SDU,2304.0,2019-06-08 18:30:00,1.0,12.471190023227818,10.535353510901745,17.24,8.37,10.29,7.93,1,1 vehicle
5956776,2019-06-10 01:37:00,2019,1-y2,SDU,35116.0,2019-06-10 01:40:00,3.0,6.362670164306824,8.14199183510842,11.2,2.45,3.53,6.33,1,1 vehicle
5961039,2019-06-14 14:41:00,2019,429-02,SDU,1350.0,2019-06-14 14:40:00,1.0,4.265044777462047,5.685793567904326,4.32,4.87,7.67,16.95,2,2 or more vehicles
5961045,2019-06-14 11:12:00,2019,1-g9,SDU,31882.0,2019-06-14 11:10:00,2.0,8.315196615221595,6.975496895193262,9.12,6.57,11.07,13.72,2,2 or more vehicles
5961941,2019-06-15 18:02:00,2019,54-06,SDU,31958.0,2019-06-15 18:00:00,2.0,4.0749852081885765,3.816243689301748,12.21,2.26,3.43,16.21,1,1 vehicle
5962948,2019-06-17 10:42:00,2019,423-01,SDU,1350.0,2019-06-17 10:40:00,2.0,3.846143608648007,4.026199387447493,1.66,4.06,6.3,11.0,1,1 vehicle
5964510,2019-06-18 15:56:00,2019,38-01,SDU,31392.0,2019-06-18 16:00:00,4.0,9.882836389079241,7.860927660955096,11.6,8.72,12.35,6.54,1,1 vehicle
5964723,2019-06-18 23:22:00,2019,1-h2,SDU,31985.0,2019-06-18 23:20:00,2.0,8.062466901610815,8.113869305983009,10.7,8.74,11.37,1.98,1,1 vehicle
5966294,2019-06-20 13:20:00,2019,619-03,SDU,2428.0,2019-06-20 13:20:00,0.0,5.070502807313073,5.576324863143194,13.1,3.57,6.1,12.01,1,1 vehicle
5966843,2019-06-20 19:51:00,2019,35-04,SDU,36411.0,2019-06-20 19:50:00,1.0,8.66087081870211,4.502054796897285,8.82,3.01,5.39,12.08,1,1 vehicle
5969005,2019-06-23 15:06:00,2019,76-08,SDU,33643.0,2019-06-23 15:10:00,4.0,3.4995920028292726,6.4254042227708075,11.86,8.41,12.45,14.36,1,1 vehicle
5969093,2019-06-23 17:38:00,2019,425-02,SDU,1361.0,2019-06-23 17:40:00,2.0,11.715293413540033,6.917005970284371,14.76,2.86,3.56,11.63,1,1 vehicle
5969134,2019-06-23 18:49:00,2019,461-01,SDU,1590.0,2019-06-23 18:50:00,1.0,8.62578396094368,8.296505527711169,10.64,5.12,6.99,5.49,1,1 vehicle
5970677,2019-06-25 07:28:00,2019,429-01,SDU,1350.0,2019-06-25 07:30:00,2.0,3.8903537946216398,3.239769434516651,2.11,6.7,8.75,11.32,1,1 vehicle
5972652,2019-06-26 16:09:00,2019,54-07,SDU,31948.0,2019-06-26 16:10:00,1.0,8.8413747257025,8.319713766184018,12.77,3.78,5.68,10.32,2,2 or more vehicles
5974591,2019-06-28 16:53:00,2019,1-c2,SDU,6315.0,2019-06-28 16:50:00,3.0,7.776144227171009,6.674890552366854,7.61,3.9,5.84,13.53,2,2 or more vehicles
5975362,2019-06-29 15:25:00,2019,34-02,SDU,1395.0,2019-06-29 15:20:00,5.0,2.6341019942040234,5.246626996155354,8.9,3.12,4.05,11.77,2,2 or more vehicles
5975971,2019-06-30 15:41:00,2019,68-10,SDU,2481.0,2019-06-30 15:40:00,1.0,3.2015872989425005,8.70501630835198,15.27,9.0,11.79,7.24,2,2 or more vehicles
5975983,2019-06-30 16:45:00,2019,47-11,SDU,1685.0,2019-06-30 16:40:00,5.0,1.9385931956456253,2.85210964840569,13.71,5.69,12.81,14.08,1,1 vehicle
5976450,2019-07-01 06:28:00,2019,61-24,SDU,32474.0,2019-07-01 06:30:00,2.0,13.648880844483054,9.469232233801408,19.41,5.22,7.55,0.07,1,1 vehicle
5977188,2019-07-01 11:35:00,2019,1-q7,SDU,33487.0,2019-07-01 11:30:00,5.0,6.316522843410197,2.473295195759243,9.65,3.27,6.37,4.68,2,2 or more vehicles
5979068,2019-07-03 12:48:00,2019,34-03,SDU,1395.0,2019-07-03 12:50:00,2.0,1.8049626850332086,1.9799264204565696,1.52,7.25,10.26,11.78,2,2 or more vehicles
5980586,2019-07-05 10:43:00,2019,1-b9,SDU,36122.0,2019-07-05 10:40:00,3.0,2.4799384470511567,5.329972713472354,6.01,7.04,10.49,15.53,2,2 or more vehicles
5981864,2019-07-06 21:51:00,2019,54-02,SDU,1779.0,2019-07-06 21:50:00,1.0,9.672517884334376,11.0845394985849,12.06,1.49,3.29,16.1,3,2 or more vehicles
5986224,2019-07-11 06:34:00,2019,75-06,SDU,3433.0,2019-07-11 06:30:00,4.0,4.049988989186785,4.244214080639283,11.95,2.1,2.84,10.06,1,1 vehicle
5986826,2019-07-11 15:14:00,2019,60-28,SDU,32365.0,2019-07-11 15:10:00,4.0,10.20776417994998,10.00400811161468,12.02,3.35,5.88,14.85,1,1 vehicle
5991195,2019-07-17 11:13:00,2019,1-k9,SDU,3317.0,2019-07-17 11:10:00,3.0,4.150378460429056,5.731173545267037,11.4,2.41,3.46,10.49,2,2 or more vehicles
5992414,2019-07-18 14:52:00,2019,35-07,SDU,6515.0,2019-07-18 14:50:00,2.0,0.5610395025519903,2.481668592393056,11.46,8.77,11.56,16.62,1,1 vehicle
5994177,2019-07-19 18:37:00,2019,60-04,SDU,2175.0,2019-07-19 18:40:00,3.0,19.24780791705374,18.560533055097217,7.97,3.52,7.28,10.19,1,1 vehicle
5994204,2019-07-20 09:02:00,2019,61-24,SDU,32474.0,2019-07-20 09:00:00,2.0,8.494900807016402,9.469232233801408,19.41,7.05,9.11,7.18,1,1 vehicle
5994293,2019-07-20 15:16:00,2019,41-16,SDU,31363.0,2019-07-20 15:20:00,4.0,10.23299206681428,4.6115007826263295,11.62,6.19,8.13,16.71,1,1 vehicle
5997574,2019-07-24 10:38:00,2019,82-03,SDU,33563.0,2019-07-24 10:40:00,2.0,2.6262712413326206,0.3760650112123629,11.32,3.6,5.68,9.3,1,1 vehicle
5997616,2019-07-24 10:58:00,2019,1-n1,SDU,33357.0,2019-07-24 11:00:00,2.0,3.9528279761576037,7.600410813299837,10.63,6.91,9.41,6.74,2,2 or more vehicles
5998833,2019-07-25 17:45:00,2019,43-01,SDU,31364.0,2019-07-25 17:40:00,5.0,4.851838061570446,3.7630196539385503,13.38,3.94,7.06,15.5,1,1 vehicle
5998937,2019-07-25 19:37:00,2019,255-01,SDU,6222.0,2019-07-25 19:40:00,3.0,16.57416147684821,11.422895962927598,10.89,4.8,7.64,13.51,1,1 vehicle
5999856,2019-07-26 19:04:00,2019,1-h2,SDU,31985.0,2019-07-26 19:00:00,4.0,8.089916529115037,8.113869305983009,10.7,5.37,7.35,8.97,2,2 or more vehicles
6002364,2019-07-30 04:51:00,2019,1-m4,SDU,33431.0,2019-07-30 04:50:00,1.0,7.792332759396739,4.073257225176333,8.95,4.37,7.06,13.45,1,1 vehicle
6005667,2019-08-02 19:40:00,2019,518-02,SDU,6802.0,2019-08-02 19:40:00,0.0,17.71644373123972,14.938071940975734,13.59,4.04,5.61,17.01,1,1 vehicle
6005805,2019-08-02 19:34:00,2019,1-r0,SDU,4300.0,2019-08-02 19:30:00,4.0,3.5726077231868105,2.8862770126462127,12.38,4.38,5.91,16.27,2,2 or more vehicles
6006630,2019-08-03 22:16:00,2019,716-01,SDU,33204.0,2019-08-03 22:20:00,4.0,10.995401612380835,10.845921611768873,3.49,1.88,2.84,7.26,1,1 vehicle
6007656,2019-08-05 12:45:00,2019,1-e2,SDU,1482.0,2019-08-05 12:40:00,5.0,3.024122645499224,2.638507861560012,3.46,4.27,6.46,14.73,2,2 or more vehicles
6008325,2019-08-06 10:23:00,2019,32-03,SDU,6430.0,2019-08-06 10:20:00,3.0,5.2922681452114855,7.87593362657015,7.62,4.66,7.29,12.95,2,2 or more vehicles
6009014,2019-08-06 12:38:00,2019,1-y2,SDU,35116.0,2019-08-06 12:40:00,2.0,11.504250742359485,8.14199183510842,11.2,4.37,5.98,11.77,2,2 or more vehicles
6009798,2019-08-06 17:25:00,2019,85-24,SDU,34733.0,2019-08-06 17:20:00,5.0,8.721141222811697,7.278638110488811,13.94,5.92,7.94,6.39,1,1 vehicle
6012645,2019-08-09 19:07:00,2019,94-03,SDU,4271.0,2019-08-09 19:10:00,3.0,12.89376361054082,15.26307140589362,9.01,1.71,2.38,9.83,1,1 vehicle
6012664,2019-08-09 19:38:00,2019,1-a6,SDU,36270.0,2019-08-09 19:40:00,2.0,2.4405539404556413,4.464514206348191,13.14,3.39,4.61,13.24,1,1 vehicle
6013972,2019-08-11 16:59:00,2019,36-07,SDU,31591.0,2019-08-11 17:00:00,1.0,4.457080257659125,2.4786463022842136,5.1,11.81,15.97,6.78,2,2 or more vehicles
6018407,2019-08-15 14:00:00,2019,1-g4,SDU,31674.0,2019-08-15 14:00:00,0.0,6.256307743598176,2.9434338577391106,8.41,6.22,9.7,12.21,1,1 vehicle
6019217,2019-08-17 02:55:00,2019,848-02,SDU,4300.0,2019-08-17 02:50:00,5.0,2.6994504761100155,3.515440362555078,11.28,4.53,6.01,5.21,1,1 vehicle
6020492,2019-08-18 20:27:00,2019,1-e2,SDU,1482.0,2019-08-18 20:30:00,3.0,2.4533085490933306,2.638507861560012,3.46,4.04,5.55,9.74,1,1 vehicle
6023303,2019-08-15 17:16:00,2019,931-03,SDU,4060.0,2019-08-15 17:20:00,4.0,6.025805972616468,4.589215953742234,10.25,2.41,5.68,12.55,1,1 vehicle
6024596,2019-08-22 22:36:00,2019,36-12,SDU,1479.0,2019-08-22 22:40:00,4.0,6.109986598010615,7.784369828621856,7.170000000000001,0.69,0.91,10.22,1,1 vehicle
6025393,2019-08-23 13:03:00,2019,1-a2,SDU,36386.0,2019-08-23 13:00:00,3.0,1.3535416657058257,6.384128057059852,11.13,7.92,11.86,12.42,1,1 vehicle
6025419,2019-08-23 07:52:00,2019,1-d8,SDU,31392.0,2019-08-23 07:50:00,2.0,5.5236931205419,1.811228203445721,16.61,3.32,4.41,8.41,1,1 vehicle
6027827,2019-08-26 17:57:00,2019,1-x2,SDU,35666.0,2019-08-26 18:00:00,3.0,2.1592687112089974,0.8689949165810135,13.24,19.21,22.83,10.85,1,1 vehicle
6031225,2019-08-30 19:19:00,2019,1-s8,SDU,34148.0,2019-08-30 19:20:00,1.0,18.44499363087596,16.62822149409735,9.68,5.71,10.0,5.97,1,1 vehicle
6034668,2019-09-04 01:38:00,2019,1-h1,SDU,1881.0,2019-09-04 01:40:00,2.0,7.816645146802139,6.599972837831535,9.95,1.04,1.33,2.15,1,1 vehicle
6035160,2019-09-04 16:42:00,2019,1-x4,SDU,35666.0,2019-09-04 16:40:00,2.0,16.52805405691484,18.786784561512818,10.22,3.79,5.29,9.87,2,2 or more vehicles
6036249,2019-09-05 20:20:00,2019,1-y3,SDU,35116.0,2019-09-05 20:20:00,0.0,13.939990841515536,18.05399591468897,11.75,5.32,7.74,8.98,1,1 vehicle
6037540,2019-09-07 14:44:00,2019,1-g8,SDU,1779.0,2019-09-07 14:40:00,4.0,4.9221425980345614,4.97049771952842,8.59,3.6,7.64,13.57,2,2 or more vehicles
6038067,2019-09-08 13:26:00,2019,84-01,SDU,33576.0,2019-09-08 13:30:00,4.0,3.1250135491940743,2.399654251639039,13.47,3.83,5.19,9.62,1,1 vehicle
6039451,2019-09-10 07:37:00,2019,92-10,SDU,34087.0,2019-09-10 07:40:00,3.0,7.438633941115479,6.682100904890704,4.69,2.39,3.43,4.39,1,1 vehicle
6041375,2019-09-12 11:01:00,2019,54-06,SDU,31958.0,2019-09-12 11:00:00,1.0,2.365671951185058,3.816243689301748,12.21,4.58,11.96,5.21,1,1 vehicle
6043662,2019-09-15 10:55:00,2019,50-01,SDU,1779.0,2019-09-15 10:50:00,5.0,6.037597399788605,3.6583584434854974,9.24,5.11,11.07,6.05,2,2 or more vehicles
6047302,2019-09-19 18:01:00,2019,429-02,SDU,1350.0,2019-09-19 18:00:00,1.0,6.1733084404275465,5.685793567904326,4.32,9.35,12.18,11.37,1,1 vehicle
6047371,2019-09-19 21:43:00,2019,431-01,SDU,1481.0,2019-09-19 21:40:00,3.0,2.397168419488446,2.8376676197304405,4.93,9.94,13.39,12.21,1,1 vehicle
6048586,2019-09-21 08:41:00,2019,95-01,SDU,4271.0,2019-09-21 08:40:00,1.0,4.227857501778845,6.919019956377639,10.99,4.72,6.63,12.71,1,1 vehicle
6049373,2019-09-20 18:00:00,2019,59-02,SDU,32190.0,2019-09-20 18:00:00,0.0,10.273134517741445,3.972460559685162,14.7,5.05,7.45,7.97,1,1 vehicle
6054155,2019-09-27 14:06:00,2019,1-c2,SDU,6315.0,2019-09-27 14:10:00,4.0,2.924054341387337,6.674890552366854,7.61,12.87,16.73,13.41,3,2 or more vehicles
6054365,2019-09-27 20:51:00,2019,30-01,SDU,6310.0,2019-09-27 20:50:00,1.0,2.299193107055836,2.8295859653891235,8.07,2.7,4.86,7.29,1,1 vehicle
6054406,2019-09-27 20:40:00,2019,574-01,SDU,31931.0,2019-09-27 20:40:00,0.0,1.9750581958301363,4.4991859417418425,16.81,11.45,19.01,6.44,1,1 vehicle
6055492,2019-09-29 15:35:00,2019,939-01,SDU,35963.0,2019-09-29 15:30:00,5.0,6.612178972481272,4.949274260890756,8.68,8.75,11.17,2.86,1,1 vehicle
6056783,2019-10-01 04:24:00,2019,837-03,VHDU,3471.0,2019-10-01 04:20:00,4.0,4.274630508453615,4.4283120933992635,4.43,0.13,0.55,3.07,1,1 vehicle
6059684,2019-10-03 12:48:00,2019,1-g4,VHDU,31674.0,2019-10-03 12:50:00,2.0,0.9949013877408335,2.9434338577391106,8.41,21.14,33.91,9.71,2,2 or more vehicles
6060486,2019-10-04 12:53:00,2019,60-36,VHDU,2428.0,2019-10-04 12:50:00,3.0,17.477408992091277,17.093410122889587,11.5,3.32,4.86,9.52,1,1 vehicle
6061582,2019-10-06 14:38:00,2019,643-03,VHDU,2480.0,2019-10-06 14:40:00,2.0,5.035644156867383,5.110498105653157,6.72,1.87,3.29,10.4,1,1 vehicle
6061583,2019-10-06 17:03:00,2019,1-t5,VHDU,4275.0,2019-10-06 17:00:00,3.0,5.058211890014311,4.136612856631306,8.49,14.95,19.32,4.34,1,1 vehicle
6061616,2019-10-06 18:27:00,2019,54-06,VHDU,31958.0,2019-10-06 18:30:00,3.0,7.184109164974849,3.816243689301748,12.21,2.68,3.53,10.91,1,1 vehicle
6061715,2019-10-06 22:57:00,2019,939-01,VHDU,35963.0,2019-10-06 23:00:00,3.0,1.6645519915978786,4.949274260890756,8.68,12.07,17.35,6.34,1,1 vehicle
6062625,2019-10-07 11:04:00,2019,54-19,VHDU,2050.0,2019-10-07 11:00:00,4.0,11.23374419440015,10.021305132986964,10.76,6.45,8.79,9.22,1,1 vehicle
6062653,2019-10-07 14:25:00,2019,574-02,VHDU,31931.0,2019-10-07 14:20:00,5.0,13.931027088452437,15.630862904651623,8.33,11.64,18.62,7.83,1,1 vehicle
6065098,2019-10-10 17:09:00,2019,1-a3,VHDU,6272.0,2019-10-10 17:10:00,1.0,17.881929633149692,13.691688950930176,9.44,2.48,3.59,7.22,2,2 or more vehicles
6065622,2019-10-11 13:59:00,2019,1-k2,VHDU,2197.0,2019-10-11 14:00:00,1.0,11.487839994908542,6.007449718079592,11.35,11.11,13.79,5.98,2,2 or more vehicles
6066197,2019-10-12 13:05:00,2019,54-06,VHDU,31958.0,2019-10-12 13:00:00,5.0,3.0298216720284046,3.816243689301748,12.21,1.93,4.02,5.47,1,1 vehicle
6067378,2019-10-14 09:46:00,2019,41-15,VHDU,1473.0,2019-10-14 09:50:00,4.0,0.32778596227306805,2.669518633501688,13.26,5.65,8.66,6.55,1,1 vehicle
6067569,2019-10-14 13:16:00,2019,36-12,VHDU,1479.0,2019-10-14 13:20:00,4.0,11.163409926371937,7.784369828621856,7.170000000000001,8.78,13.26,7.73,1,1 vehicle
6067608,2019-10-14 12:11:00,2019,1-d8,VHDU,31392.0,2019-10-14 12:10:00,1.0,1.5526072617977282,1.811228203445721,16.61,9.47,12.25,3.06,1,1 vehicle
6069878,2019-10-17 16:08:00,2019,37-01,VHDU,36504.0,2019-10-17 16:10:00,2.0,7.376127900948577,6.431018773253294,12.21,5.08,6.76,6.27,1,1 vehicle
6071204,2019-10-19 17:58:00,2019,923-02,VHDU,5940.0,2019-10-19 18:00:00,2.0,14.354568839551892,11.799329940065146,7.89,0.76,1.6,-0.73,1,1 vehicle
6073446,2019-10-22 17:58:00,2019,1-q5,VHDU,33480.0,2019-10-22 18:00:00,2.0,10.549394786613238,8.323557642546657,13.83,6.16,8.33,-3.38,1,1 vehicle
6073463,2019-10-22 18:28:00,2019,1-t7,VHDU,5975.0,2019-10-22 18:30:00,2.0,4.793672153928264,5.388181282951978,10.5,0.88,1.79,-1.22,3,2 or more vehicles
6073631,2019-10-22 23:30:00,2019,1-d9,VHDU,31488.0,2019-10-22 23:30:00,0.0,4.422763307013192,3.4577407582901083,4.7,1.22,2.16,-4.89,1,1 vehicle
6074487,2019-10-23 22:09:00,2019,82-03,VHDU,33563.0,2019-10-23 22:10:00,1.0,0.9408574604897121,0.3760650112123629,11.32,11.81,16.37,-2.53,1,1 vehicle
6075689,2019-10-25 13:38:00,2019,93-02,VHDU,34175.0,2019-10-25 13:40:00,2.0,2.6411247159371034,2.2346382814282277,9.91,15.32,20.48,-3.64,1,1 vehicle
6075867,2019-10-25 15:51:00,2019,1-d6,VHDU,31399.0,2019-10-25 15:50:00,1.0,1.045452534463003,2.8564832758413083,10.51,5.8,16.66,0.04,1,1 vehicle
6076922,2019-10-27 09:32:00,2019,1-a6,VHDU,36270.0,2019-10-27 09:30:00,2.0,5.331338178613506,4.464514206348191,13.14,1.12,2.74,-0.81,1,1 vehicle
6077390,2019-10-28 06:09:00,2019,43-01,VHDU,31364.0,2019-10-28 06:10:00,1.0,7.789863082545413,3.7630196539385503,13.38,1.85,2.45,1.62,1,1 vehicle
6078339,2019-10-29 09:33:00,2019,30-02,VHDU,6310.0,2019-10-29 09:30:00,3.0,3.683198642472026,7.228154041565046,8.89,1.59,1.99,0.33,2,2 or more vehicles
6082794,2019-11-04 04:08:00,2019,41-17,VHDU,1350.0,2019-11-04 04:10:00,2.0,7.9024453222132225,6.841931195549181,4.66,3.36,4.44,2.66,2,2 or more vehicles
6083431,2019-11-04 17:05:00,2019,1-c8,VHDU,36308.0,2019-11-04 17:00:00,5.0,6.75401858183449,4.831712605587408,10.23,5.48,7.84,0.19,2,2 or more vehicles
6083516,2019-11-04 18:26:00,2019,1-c8,VHDU,36308.0,2019-11-04 18:30:00,4.0,2.7631179374000796,4.831712605587408,10.23,3.16,6.27,0.2,3,2 or more vehicles
6084060,2019-11-05 09:51:00,2019,1-m3,VHDU,33431.0,2019-11-05 09:50:00,1.0,10.545324488690161,13.227469441125152,11.32,2.69,4.9,-3.17,1,1 vehicle
6084398,2019-11-05 16:35:00,2019,1-y2,VHDU,35116.0,2019-11-05 16:30:00,5.0,7.291548739036381,8.14199183510842,11.2,4.23,5.78,-0.38,3,2 or more vehicles
6085415,2019-11-06 22:51:00,2019,574-07,VHDU,1924.0,2019-11-06 22:50:00,1.0,4.781720759691434,3.210218950768943,5.1,0.54,2.38,2.56,1,1 vehicle
6085451,2019-11-06 23:51:00,2019,1-h2,VHDU,31985.0,2019-11-06 23:50:00,1.0,11.125918066766511,8.113869305983009,10.7,1.33,2.16,-2.4,1,1 vehicle
6087043,2019-11-08 12:45:00,2019,1-m8,VHDU,33451.0,2019-11-08 12:40:00,5.0,7.070732813478411,4.788530381206608,5.33,6.95,9.7,2.51,1,1 vehicle
6089016,2019-11-12 07:51:00,2019,85-26,VHDU,4652.0,2019-11-12 07:50:00,1.0,16.004521203076564,16.06319435938401,7.54,3.77,4.99,1.96,1,1 vehicle
6091477,2019-11-14 16:46:00,2019,51-01,VHDU,31572.0,2019-11-14 16:50:00,4.0,1.6694312109775122,0.926567118382983,7.16,2.93,3.72,-2.2,3,2 or more vehicles
6091811,2019-11-15 09:04:00,2019,1-e2,VHDU,1482.0,2019-11-15 09:00:00,4.0,2.9205996262671388,2.638507861560012,3.46,12.87,19.34,4.39,5,2 or more vehicles
6091914,2019-11-15 09:28:00,2019,431-01,VHDU,1481.0,2019-11-15 09:30:00,2.0,2.6274096251273558,2.8376676197304405,4.93,19.12,23.88,4.29,1,1 vehicle
6092592,2019-11-15 22:35:00,2019,45-01,VHDU,1453.0,2019-11-15 22:30:00,5.0,5.76300488959997,6.206697467082469,5.890000000000001,9.42,11.47,4.5,1,1 vehicle
6092758,2019-11-16 09:24:00,2019,1-g4,VHDU,31674.0,2019-11-16 09:20:00,4.0,5.75880029364894,2.9434338577391106,8.41,6.42,8.82,0.56,1,1 vehicle
6092799,2019-11-16 12:44:00,2019,33-02,VHDU,1395.0,2019-11-16 12:40:00,4.0,9.55392996607997,10.874395868285587,8.73,5.99,9.11,1.75,1,1 vehicle
6093115,2019-11-17 00:21:00,2019,41-16,VHDU,31363.0,2019-11-17 00:20:00,1.0,7.513220335036587,4.6115007826263295,11.62,4.58,5.19,-1.71,1,1 vehicle
6094032,2019-11-18 07:44:00,2019,1-b5,VHDU,6045.0,2019-11-18 07:40:00,4.0,3.0538932703633894,7.297304255791511,14.2,14.38,21.23,3.95,1,1 vehicle
6094110,2019-11-18 11:24:00,2019,54-11,VHDU,31932.0,2019-11-18 11:20:00,4.0,3.2850282315974413,1.6555647354751262,11.07,4.73,9.7,5.7,1,1 vehicle
6095251,2019-11-19 14:15:00,2019,54-20,VHDU,2050.0,2019-11-19 14:10:00,5.0,16.293300969010588,19.99729007587939,11.23,6.07,9.64,5.87,1,1 vehicle
6096692,2019-11-21 14:38:00,2019,76-03,VHDU,3433.0,2019-11-21 14:40:00,2.0,12.858018983137754,11.688514772049754,7.94,0.61,1.37,-0.07,1,1 vehicle
6096703,2019-11-21 14:52:00,2019,711-07,VHDU,33204.0,2019-11-21 14:50:00,2.0,3.319835464008733,7.357257003631685,10.160000000000002,1.14,2.45,0.17,1,1 vehicle
6097644,2019-11-22 13:27:00,2019,76-08,VHDU,33643.0,2019-11-22 13:30:00,3.0,10.986452200549179,6.4254042227708075,11.86,2.1,3.33,5.53,1,1 vehicle
6097880,2019-11-22 16:00:00,2019,1-b6,VHDU,6134.0,2019-11-22 16:00:00,0.0,5.559667457681883,5.751425337701231,12.46,4.9,9.21,7.8,3,2 or more vehicles
6099405,2019-11-24 21:10:00,2019,1-p1,VHDU,33357.0,2019-11-24 21:10:00,0.0,0.04201011694484228,2.6900827429345155,10.45,4.84,6.37,-0.71,1,1 vehicle
6100091,2019-11-25 16:33:00,2019,47-12,VHDU,1679.0,2019-11-25 16:30:00,3.0,11.728129159076119,10.954316682771935,12.42,2.45,3.29,0.05,1,1 vehicle
6100233,2019-11-25 19:32:00,2019,1-t5,VHDU,4275.0,2019-11-25 19:30:00,2.0,6.2267770168019325,4.136612856631306,8.49,9.67,11.9,-6.42,1,1 vehicle
6100284,2019-11-25 21:05:00,2019,1-s9,VHDU,4271.0,2019-11-25 21:00:00,5.0,18.235103369969938,18.30644535475735,11.49,0.96,1.76,-1.02,1,1 vehicle
6100951,2019-11-25 20:03:00,2019,1-s9,VHDU,4271.0,2019-11-25 20:00:00,3.0,18.379185181799308,18.30644535475735,11.49,4.0,4.9,-1.08,1,1 vehicle
6103521,2019-11-30 09:06:00,2019,1-h2,VHDU,31985.0,2019-11-30 09:10:00,4.0,8.10205791951102,8.113869305983009,10.7,3.75,4.8,-0.72,1,1 vehicle
6104098,2019-12-01 14:01:00,2019,1-h4,VDU,32097.0,2019-12-01 14:00:00,1.0,2.6004516247677976,6.809457005645053,11.45,6.7,8.33,0.54,1,1 vehicle
6106390,2019-12-04 14:34:00,2019,1-d8,VDU,31392.0,2019-12-04 14:30:00,4.0,2.592079905272407,1.811228203445721,16.61,5.3,7.55,-3.9,5,2 or more vehicles
6106514,2019-12-04 17:55:00,2019,1-g3,VDU,1673.0,2019-12-04 17:50:00,5.0,8.276689165355679,5.382052364477969,11.64,7.71,10.36,-1.38,1,1 vehicle
6106689,2019-12-04 23:07:00,2019,1-f6,VDU,31577.0,2019-12-04 23:10:00,3.0,0.2951856255634864,0.866726910174939,3.5799999999999996,6.51,11.47,0.78,1,1 vehicle
6106707,2019-12-05 00:00:00,2019,1-f6,VDU,31577.0,2019-12-05 00:00:00,0.0,0.29346365825614334,0.866726910174939,3.5799999999999996,5.53,10.29,0.21,3,2 or more vehicles
6107137,2019-12-05 13:01:00,2019,39-01,VDU,31387.0,2019-12-05 13:00:00,1.0,2.255726887103717,1.6348934580675056,15.7,1.56,2.35,-5.31,1,1 vehicle
6108851,2019-12-08 01:39:00,2019,92-11,VDU,5990.0,2019-12-08 01:40:00,1.0,3.879756253934232,4.856153771530656,6.0,6.07,10.22,0.59,1,1 vehicle
6109343,2019-12-09 09:27:00,2019,374-01,VDU,31399.0,2019-12-09 09:30:00,3.0,1.9175667206417053,3.9705013876027375,7.24,11.41,19.31,1.14,1,1 vehicle
6109356,2019-12-09 09:47:00,2019,1-d8,VDU,31392.0,2019-12-09 09:50:00,3.0,5.951243479695464,1.811228203445721,16.61,10.97,18.13,-1.7,1,1 vehicle
6109565,2019-12-09 17:40:00,2019,41-16,VDU,31363.0,2019-12-09 17:40:00,0.0,6.637301306152959,4.6115007826263295,11.62,3.84,5.0,1.03,1,1 vehicle
6109614,2019-12-09 14:48:00,2019,60-22,VDU,32372.0,2019-12-09 14:50:00,2.0,6.866464037392752,8.387800559612256,3.16,14.79,20.48,-1.31,1,1 vehicle
6110422,2019-12-10 11:30:00,2019,1-v2,VDU,35880.0,2019-12-10 11:30:00,0.0,6.772876045818232,2.89693091249895,10.82,2.57,4.02,1.86,1,1 vehicle
6111648,2019-12-13 13:28:00,2019,829-01,VDU,3471.0,2019-12-13 13:30:00,2.0,13.936219842181313,9.317363479954343,11.420000000000003,1.1,1.66,-8.15,1,1 vehicle
6112867,2019-12-15 14:27:00,2019,574-01,VDU,31931.0,2019-12-15 14:30:00,3.0,2.1426175148580344,4.4991859417418425,16.81,8.77,12.94,-2.66,1,1 vehicle
6112958,2019-12-15 15:05:00,2019,35-11,VDU,36519.0,2019-12-15 15:00:00,5.0,7.873406350301056,8.402290279671812,11.74,7.9,10.68,-2.81,1,1 vehicle
6113049,2019-12-15 20:05:00,2019,1-m2,VDU,33419.0,2019-12-15 20:00:00,5.0,0.336381467115355,5.573498711103916,13.26,5.58,6.57,-4.73,1,1 vehicle
6113396,2019-12-16 11:09:00,2019,1-p1,VDU,33357.0,2019-12-16 11:10:00,1.0,7.605598195733881,2.6900827429345155,10.45,13.65,18.52,-5.03,2,2 or more vehicles
6114362,2019-12-17 18:27:00,2019,1-g1,VDU,31572.0,2019-12-17 18:30:00,3.0,8.843323078723605,7.416893274742419,10.93,1.04,3.04,-1.03,2,2 or more vehicles
6114392,2019-12-17 15:03:00,2019,261-02,VDU,6222.0,2019-12-17 15:00:00,3.0,3.864297286557412,0.9555180049138156,13.749999999999998,2.13,5.25,0.43,1,1 vehicle
6115787,2019-12-19 16:05:00,2019,1-f5,VDU,31579.0,2019-12-19 16:00:00,5.0,3.6777743933766165,1.028741036313794,11.95,20.43,26.36,1.66,4,2 or more vehicles
6116068,2019-12-20 07:40:00,2019,1-e1,VDU,31488.0,2019-12-20 07:40:00,0.0,4.426178602067231,3.522383406880032,9.57,12.07,15.19,1.08,3,2 or more vehicles
6116220,2019-12-20 10:42:00,2019,1-d2,VDU,6300.0,2019-12-20 10:40:00,2.0,13.432184774749382,6.730360832725801,13.7,8.06,10.78,2.15,2,2 or more vehicles
6116826,2019-12-20 12:51:00,2019,1-m9,VDU,33451.0,2019-12-20 12:50:00,1.0,2.0066941449708504,3.2644947156683037,11.1,6.42,15.97,3.68,2,2 or more vehicles
6116974,2019-12-21 16:23:00,2019,1-e1,VDU,31488.0,2019-12-21 16:20:00,3.0,0.12019368549154921,3.522383406880032,9.57,14.0,18.72,0.14,1,1 vehicle
6118501,2019-12-24 13:14:00,2019,1-b2,VDU,36049.0,2019-12-24 13:10:00,4.0,7.988010645984771,8.033192618523229,12.03,5.0,6.47,3.02,1,1 vehicle
6120716,2019-12-29 13:57:00,2019,1-k5,VDU,33204.0,2019-12-29 14:00:00,3.0,0.5030277126353331,0.4927782706765492,6.99,11.6,14.99,0.55,1,1 vehicle
6121087,2019-12-30 09:37:00,2019,1-b4,VDU,36049.0,2019-12-30 09:40:00,3.0,5.701270286656637,1.9506434494436529,12.13,3.19,5.49,0.8,1,1 vehicle
6121414,2019-12-30 15:48:00,2019,35-08,VDU,36519.0,2019-12-30 15:50:00,2.0,1.9418786593909623,5.046269591968834,8.83,4.06,5.29,-2.82,2,2 or more vehicles
6121593,2019-12-30 22:51:00,2019,1-k3,VDU,2197.0,2019-12-30 22:50:00,1.0,8.126094828670956,5.350417813137898,11.85,6.59,9.64,2.86,1,1 vehicle
6121963,2019-12-31 17:03:00,2019,518-03,VDU,6802.0,2019-12-31 17:00:00,3.0,5.250064952935104,3.1057314137550858,11.43,4.16,6.82,4.13,2,2 or more vehicles
6122668,2020-01-01 18:39:00,2020,1-d9,VDU,31488.0,2020-01-01 18:40:00,1.0,4.288969602480726,3.4577407582901083,4.7,9.38,14.6,0.17,1,1 vehicle
6123486,2020-01-02 23:06:00,2020,41-17,VDU,1350.0,2020-01-02 23:10:00,4.0,8.024316534910563,6.841931195549181,4.66,9.81,14.05,-3.02,1,1 vehicle
6123542,2020-01-02 23:32:00,2020,36-04,VDU,31599.0,2020-01-02 23:30:00,2.0,0.3655340041983232,1.1922106175281395,8.16,1.32,2.45,-7.33,1,1 vehicle
6123826,2020-01-03 17:09:00,2020,816-01,VDU,3463.0,2020-01-03 17:10:00,1.0,5.285907073865061,3.6396059464553248,10.38,8.51,12.77,-4.29,1,1 vehicle
6124577,2020-01-05 15:11:00,2020,1-p1,VDU,33357.0,2020-01-05 15:10:00,1.0,0.7046516975264742,2.6900827429345155,10.45,17.47,22.25,-1.87,3,2 or more vehicles
6126038,2020-01-08 08:34:00,2020,61-21,VDU,2481.0,2020-01-08 08:30:00,4.0,3.0728260489114865,6.2608090114832855,9.71,14.95,20.81,-0.61,1,1 vehicle
6126663,2020-01-09 09:10:00,2020,1-t3,VDU,4271.0,2020-01-09 09:10:00,0.0,0.8137604992690476,0.5442768450431809,2.52,2.77,4.47,-0.88,1,1 vehicle
6127047,2020-01-09 23:19:00,2020,41-21,VDU,1350.0,2020-01-09 23:20:00,1.0,1.3544884400287924,1.4041541058646172,3.31,16.56,22.51,-2.55,1,1 vehicle
6127053,2020-01-09 13:52:00,2020,1-b4,VDU,36049.0,2020-01-09 13:50:00,2.0,3.3350850429791747,1.9506434494436529,12.13,13.22,24.11,-1.27,1,1 vehicle
6127082,2020-01-10 01:04:00,2020,35-03,VDU,36411.0,2020-01-10 01:00:00,4.0,11.548279918911556,12.565510462223775,8.49,2.13,2.74,-2.99,1,1 vehicle
6127297,2020-01-10 11:19:00,2020,1-f5,VDU,31579.0,2020-01-10 11:20:00,1.0,2.936743016734466,1.028741036313794,11.95,17.58,25.77,4.25,4,2 or more vehicles
6127546,2020-01-10 16:40:00,2020,1-k8,VDU,3223.0,2020-01-10 16:40:00,0.0,17.286967252183654,15.384253879331345,11.4,18.33,29.79,2.36,1,1 vehicle
6128698,2020-01-12 16:46:00,2020,36-06,VDU,1596.0,2020-01-12 16:50:00,4.0,4.838852343127427,5.4322212477658764,10.69,9.23,13.88,-1.66,2,2 or more vehicles
6129090,2020-01-13 13:19:00,2020,1-d8,VDU,31392.0,2020-01-13 13:20:00,1.0,5.565863539612796,1.811228203445721,16.61,12.36,15.88,-3.71,1,1 vehicle
6131548,2020-01-17 13:44:00,2020,1-z0,VDU,6499.0,2020-01-17 13:40:00,4.0,4.468867973119663,4.548630125187953,10.22,4.7,8.4,4.84,2,2 or more vehicles
6131806,2020-01-17 18:55:00,2020,837-03,VDU,3471.0,2020-01-17 18:50:00,5.0,4.423616761642563,4.4283120933992635,4.43,3.67,6.4,2.24,1,1 vehicle
6131900,2020-01-17 23:56:00,2020,82-01,VDU,3463.0,2020-01-18 00:00:00,4.0,4.655761948944074,2.8505006265868884,10.86,9.8,14.01,-1.25,1,1 vehicle
6132072,2020-01-18 14:09:00,2020,429-02,VDU,1350.0,2020-01-18 14:10:00,1.0,4.340683748392029,5.685793567904326,4.32,2.7,3.43,-0.78,2,2 or more vehicles
6132183,2020-01-18 17:38:00,2020,39-01,VDU,31387.0,2020-01-18 17:40:00,2.0,8.18826156873297,1.6348934580675056,15.7,3.95,5.88,-0.8,2,2 or more vehicles
6133242,2020-01-20 15:06:00,2020,76-08,VDU,33643.0,2020-01-20 15:10:00,4.0,4.881680543600724,6.4254042227708075,11.86,18.78,31.56,-0.41,1,1 vehicle
6133280,2020-01-20 16:13:00,2020,1-v5,VDU,5872.0,2020-01-20 16:10:00,3.0,11.743165736258643,9.7844402299714,10.72,6.26,17.02,3.58,1,1 vehicle
6136352,2020-01-25 17:16:00,2020,36-04,VDU,31599.0,2020-01-25 17:20:00,4.0,4.727875520854046,1.1922106175281395,8.16,5.23,8.43,0.61,1,1 vehicle
6136717,2020-01-26 11:37:00,2020,1-g4,VDU,31674.0,2020-01-26 11:40:00,3.0,0.7808170163917658,2.9434338577391106,8.41,15.46,21.07,-0.45,1,1 vehicle
6138449,2020-01-28 15:20:00,2020,427-05,VDU,31365.0,2020-01-28 15:20:00,0.0,6.35249068351543,9.095528499639942,14.43,3.76,5.39,2.54,1,1 vehicle
6138531,2020-01-28 21:22:00,2020,43-01,VDU,31364.0,2020-01-28 21:20:00,2.0,2.543879292087192,3.7630196539385503,13.38,1.91,3.33,-0.11,2,2 or more vehicles
6140603,2020-01-31 11:34:00,2020,75-03,VDU,3433.0,2020-01-31 11:30:00,4.0,3.2581866064340677,3.9158378277913126,9.46,12.83,15.65,0.57,1,1 vehicle
6141248,2020-02-01 15:07:00,2020,50-04,VDU,1781.0,2020-02-01 15:10:00,3.0,9.661638626137922,9.334438700568713,8.77,2.86,3.43,-4.9,1,1 vehicle
6141681,2020-02-02 11:07:00,2020,1-d9,VDU,31488.0,2020-02-02 11:10:00,3.0,2.106675998333602,3.4577407582901083,4.7,4.18,4.7,-5.03,1,1 vehicle
6142214,2020-02-03 13:11:00,2020,45-01,VDU,1453.0,2020-02-03 13:10:00,1.0,6.7331543758523855,6.206697467082469,5.890000000000001,2.11,2.55,0.47,1,1 vehicle
6142519,2020-02-03 19:19:00,2020,61-35,VDU,2646.0,2020-02-03 19:20:00,1.0,7.242561334708224,3.4147436857726188,13.73,4.59,5.84,0.68,1,1 vehicle
6142963,2020-02-04 13:40:00,2020,1-u7,VDU,35884.0,2020-02-04 13:40:00,0.0,3.4799064512049,4.398069252884953,9.67,2.87,5.39,1.7,1,1 vehicle
6146557,2020-02-08 18:14:00,2020,1-b4,VDU,36049.0,2020-02-08 18:10:00,4.0,1.2924404725844503,1.9506434494436529,12.13,3.98,6.17,-0.39,2,2 or more vehicles
6147283,2020-02-10 18:43:00,2020,1-h4,VDU,32097.0,2020-02-10 18:40:00,3.0,11.253372394490906,6.809457005645053,11.45,16.64,19.99,-1.75,1,1 vehicle
6147994,2020-02-10 22:38:00,2020,748-01,VDU,3433.0,2020-02-10 22:40:00,2.0,7.533983379789815,12.253165835485538,14.34,14.92,18.42,0.87,1,1 vehicle
6148102,2020-02-11 23:48:00,2020,43-01,VDU,31364.0,2020-02-11 23:50:00,2.0,2.873095070827343,3.7630196539385503,13.38,2.44,3.43,-4.91,1,1 vehicle
6150631,2020-02-15 22:56:00,2020,1-p5,VDU,3463.0,2020-02-15 23:00:00,4.0,4.594812335072288,4.005505581134992,2.99,4.81,5.61,1.9,1,1 vehicle
6151742,2020-02-17 13:50:00,2020,1-k8,VDU,3223.0,2020-02-17 13:50:00,0.0,19.655561579657608,15.384253879331345,11.4,6.27,9.08,1.87,2,2 or more vehicles
6152220,2020-02-18 12:36:00,2020,1-p3,VDU,3471.0,2020-02-18 12:40:00,4.0,15.627404236148363,17.04322593257332,10.59,0.85,1.47,0.69,1,1 vehicle
6152543,2020-02-18 13:28:00,2020,83-05,VDU,33576.0,2020-02-18 13:30:00,2.0,13.843213546321282,13.79984926605571,8.45,6.05,6.76,-1.73,1,1 vehicle
6153543,2020-02-19 19:47:00,2020,1-g3,VDU,1673.0,2020-02-19 19:50:00,3.0,5.845257072418212,5.382052364477969,11.64,7.65,10.91,-1.72,5,2 or more vehicles
6153567,2020-02-19 17:32:00,2020,1-f5,VDU,31579.0,2020-02-19 17:30:00,2.0,0.7987283412319158,1.028741036313794,11.95,18.0,29.69,-1.96,2,2 or more vehicles
6153573,2020-02-19 19:15:00,2020,41-16,VDU,31363.0,2020-02-19 19:10:00,5.0,5.704947617614089,4.6115007826263295,11.62,11.6,16.76,-1.08,1,1 vehicle
6155908,2020-02-23 10:48:00,2020,62-04,VDU,32224.0,2020-02-23 10:50:00,2.0,2.6955520241732844,0.403835073906412,12.06,9.39,13.23,-5.03,2,2 or more vehicles
6156000,2020-02-23 13:37:00,2020,87-05,VDU,3696.0,2020-02-23 13:40:00,3.0,14.609773122943265,10.484481059350308,8.6,1.5,3.59,-1.42,1,1 vehicle
6156540,2020-02-18 18:01:00,2020,35-03,VDU,36411.0,2020-02-18 18:00:00,1.0,8.811680770914684,12.565510462223775,8.49,1.89,2.94,0.02,1,1 vehicle
6157177,2020-02-24 20:19:00,2020,82-06,VDU,3658.0,2020-02-24 20:20:00,1.0,5.78302842531488,3.6348423937434946,4.96,2.74,3.1,-3.09,1,1 vehicle
6157488,2020-02-25 15:16:00,2020,76-15,VDU,33654.0,2020-02-25 15:20:00,4.0,5.904323866905059,0.96895568343592,14.08,12.64,18.72,-2.62,3,2 or more vehicles
6158118,2020-02-08 20:00:00,2020,574-04,VDU,1919.0,2020-02-08 20:00:00,0.0,4.421973422022682,3.500203272167804,15.6,7.47,11.69,1.74,1,1 vehicle
6159281,2020-02-27 16:24:00,2020,1-d6,VDU,31399.0,2020-02-27 16:20:00,4.0,2.9857417891870393,2.8564832758413083,10.51,10.43,14.31,-1.86,2,2 or more vehicles
6159343,2020-02-27 20:02:00,2020,42-01,VDU,1473.0,2020-02-27 20:00:00,2.0,7.56473970350113,5.682283768255924,9.62,11.25,15.75,-1.28,2,2 or more vehicles
6159885,2020-02-28 14:30:00,2020,1-p2,VDU,33357.0,2020-02-28 14:30:00,0.0,7.888888970227221,12.445794851228827,9.9,13.83,17.84,-6.41,2,2 or more vehicles
6159890,2020-02-28 13:51:00,2020,1-t7,VDU,5975.0,2020-02-28 13:50:00,1.0,5.069941862914628,5.388181282951978,10.5,10.05,16.5,-1.77,3,2 or more vehicles
6160287,2020-02-27 16:20:00,2020,1-m4,VDU,33431.0,2020-02-27 16:20:00,0.0,3.5539542231738497,4.073257225176333,8.95,7.42,11.17,-7.54,1,1 vehicle
6160413,2020-02-29 14:45:00,2020,1-m4,VDU,33431.0,2020-02-29 14:40:00,5.0,1.8702452408941297,4.073257225176333,8.95,2.04,2.55,-4.35,2,2 or more vehicles
6163300,2020-03-04 12:24:00,2020,85-13,VDU,4614.0,2020-03-04 12:20:00,4.0,18.408039772325353,14.947329654328932,11.53,7.61,10.09,-3.72,1,1 vehicle
6164036,2020-03-05 12:44:00,2020,56-01,VDU,31948.0,2020-03-05 12:40:00,4.0,5.4975061283507065,3.8833227234733703,10.98,10.92,15.19,-3.04,2,2 or more vehicles
6165050,2020-03-06 08:17:00,2020,41-16,VDU,31363.0,2020-03-06 08:20:00,3.0,7.820031840569307,4.6115007826263295,11.62,3.93,4.7,-7.13,1,1 vehicle
6165277,2020-03-06 17:49:00,2020,54-07,VDU,31948.0,2020-03-06 17:50:00,1.0,9.163302286528916,8.319713766184018,12.77,6.82,9.8,-6.23,1,1 vehicle
6165347,2020-03-06 17:45:00,2020,26-04,VDU,6430.0,2020-03-06 17:40:00,5.0,7.9603880722479134,8.221070880365758,11.76,11.95,15.26,-6.62,1,1 vehicle
6165916,2020-03-07 16:30:00,2020,60-26,VDU,32365.0,2020-03-07 16:30:00,0.0,0.7161588848222812,2.35603885525555,10.84,9.41,11.96,-5.0,1,1 vehicle
6166032,2020-03-08 00:48:00,2020,41-13,VDU,1474.0,2020-03-08 00:50:00,2.0,0.9294220379062225,0.6574073151814317,2.51,1.4,3.2,-1.8,1,1 vehicle
6167425,2020-03-08 10:11:00,2020,1-b9,VDU,36122.0,2020-03-08 10:10:00,1.0,6.331457509054892,5.329972713472354,6.01,5.01,6.17,-3.25,1,1 vehicle
6167919,2020-03-10 14:07:00,2020,50-05,VDU,1781.0,2020-03-10 14:10:00,3.0,4.102523793874369,4.996154762865254,14.11,11.86,16.37,1.67,1,1 vehicle
6168050,2020-03-10 18:25:00,2020,85-04,VDU,3696.0,2020-03-10 18:20:00,5.0,1.8178195821872454,4.839250240206277,7.15,12.89,20.16,0.16,2,2 or more vehicles
6171061,2020-03-15 13:28:00,2020,1-e1,VDU,31488.0,2020-03-15 13:30:00,2.0,0.11898934827085933,3.522383406880032,9.57,8.73,11.17,-2.58,1,1 vehicle
6171101,2020-03-15 16:02:00,2020,1-k9,VDU,3317.0,2020-03-15 16:00:00,2.0,1.325358771974147,5.731173545267037,11.4,8.89,11.83,0.02,3,2 or more vehicles
6173200,2020-03-18 07:34:00,2020,1-g4,VDU,31674.0,2020-03-18 07:30:00,4.0,4.399298515230221,2.9434338577391106,8.41,6.97,9.41,-1.73,1,1 vehicle
6173870,2020-03-18 22:31:00,2020,1-g3,VDU,1673.0,2020-03-18 22:30:00,1.0,2.063569946855134,5.382052364477969,11.64,4.04,4.86,-4.96,1,1 vehicle
6177225,2020-03-24 15:16:00,2020,99-01,VDU,5544.0,2020-03-24 15:20:00,4.0,0.5846891253321871,1.21089321665288,3.28,6.52,7.86,3.2,2,2 or more vehicles
6177544,2020-03-25 07:59:00,2020,30-01,VDU,6310.0,2020-03-25 08:00:00,1.0,2.9367085157753303,2.8295859653891235,8.07,3.24,4.14,-1.49,1,1 vehicle
6178115,2020-03-25 23:57:00,2020,821-02,VDU,3371.0,2020-03-26 00:00:00,3.0,11.946435548404535,10.215577281106947,3.92,11.87,14.9,2.25,1,1 vehicle
6180078,2020-03-29 22:22:00,2020,1-p1,VDU,33357.0,2020-03-29 22:20:00,2.0,0.617201126998267,2.6900827429345155,10.45,17.11,22.34,1.37,1,1 vehicle
6183073,2020-04-03 19:09:00,2020,1-p4,VHDU,3463.0,2020-04-03 19:10:00,1.0,2.784724700413215,6.428645425378839,11.46,6.23,7.71,-6.19,2,2 or more vehicles
6183294,2020-04-04 01:20:00,2020,36-03,VHDU,31599.0,2020-04-04 01:20:00,0.0,2.5575483952701417,4.109114946230979,4.0,11.45,16.46,-6.11,1,1 vehicle
6183931,2020-04-05 13:05:00,2020,41-16,VHDU,31363.0,2020-04-05 13:00:00,5.0,7.009789849157942,4.6115007826263295,11.62,11.78,14.01,-2.61,1,1 vehicle
6184048,2020-04-05 17:17:00,2020,41-16,VHDU,31363.0,2020-04-05 17:20:00,3.0,7.020226694935059,4.6115007826263295,11.62,14.15,17.93,-1.61,3,2 or more vehicles
6184056,2020-04-05 18:56:00,2020,41-17,VHDU,1350.0,2020-04-05 19:00:00,4.0,6.7633948770331855,6.841931195549181,4.66,16.47,19.27,-1.29,4,2 or more vehicles
6184789,2020-04-07 07:22:00,2020,41-16,VHDU,31363.0,2020-04-07 07:20:00,2.0,6.837095060780497,4.6115007826263295,11.62,10.41,15.78,-1.22,2,2 or more vehicles
6194423,2020-04-24 07:11:00,2020,1-q6,VHDU,33487.0,2020-04-24 07:10:00,1.0,2.2772332783590112,3.4788198556783483,4.34,3.97,5.1,-0.77,1,1 vehicle
6196639,2020-04-27 07:35:00,2020,829-01,VHDU,3471.0,2020-04-27 07:30:00,5.0,10.473295118977799,9.317363479954343,11.420000000000003,1.51,2.05,1.68,2,2 or more vehicles
6197614,2020-04-28 19:34:00,2020,1-f3,VHDU,1479.0,2020-04-28 19:30:00,4.0,0.7665175574397171,1.1330985534714593,4.78,1.8,4.5,9.07,1,1 vehicle
6199022,2020-04-30 19:48:00,2020,1-s4,VHDU,34238.0,2020-04-30 19:50:00,2.0,3.3310573609305005,2.044687902619077,12.0,5.88,7.45,-1.09,1,1 vehicle
6199760,2020-05-02 11:59:00,2020,1-p6,VHDU,3471.0,2020-05-02 12:00:00,1.0,4.053994783098496,2.7742615388858822,4.920000000000001,6.13,8.56,1.3,3,2 or more vehicles
6199765,2020-05-02 12:47:00,2020,809-01,VHDU,33563.0,2020-05-02 12:50:00,3.0,6.238815534416852,6.458607183034007,1.93,3.71,5.68,0.07,1,1 vehicle
6200243,2020-05-03 11:53:00,2020,829-01,VHDU,3471.0,2020-05-03 11:50:00,3.0,8.387658260206988,9.317363479954343,11.420000000000003,4.45,6.04,5.41,2,2 or more vehicles
6204180,2020-05-08 16:50:00,2020,41-16,VHDU,31363.0,2020-05-08 16:50:00,0.0,9.151838607646914,4.6115007826263295,11.62,8.11,10.58,6.96,1,1 vehicle
6208372,2020-05-14 16:16:00,2020,50-02,VHDU,1779.0,2020-05-14 16:20:00,4.0,4.665027773475725,4.847820076075346,7.6,6.41,9.28,7.21,1,1 vehicle
6209183,2020-05-14 17:58:00,2020,1-d8,VHDU,31392.0,2020-05-14 18:00:00,2.0,6.165740507408003,1.811228203445721,16.61,5.48,8.04,5.02,1,1 vehicle
6209390,2020-05-15 23:19:00,2020,58-01,VHDU,2050.0,2020-05-15 23:20:00,1.0,7.302926094363532,3.9981174783629543,8.67,3.26,5.03,1.46,1,1 vehicle
6211606,2020-05-19 10:51:00,2020,1-d6,VHDU,31399.0,2020-05-19 10:50:00,1.0,1.400699060438943,2.8564832758413083,10.51,2.71,4.21,8.45,2,2 or more vehicles
6213707,2020-05-22 09:50:00,2020,612-02,VHDU,2320.0,2020-05-22 09:50:00,0.0,5.348093939020973,5.345879557041382,12.45,4.58,6.43,9.94,1,1 vehicle
6214388,2020-05-23 13:36:00,2020,54-03,VHDU,1868.0,2020-05-23 13:40:00,4.0,0.8568166387338223,2.6913564127215324,14.07,7.47,9.93,12.79,2,2 or more vehicles
6214499,2020-05-23 14:14:00,2020,35-03,VHDU,36411.0,2020-05-23 14:10:00,4.0,9.184176342838194,12.565510462223775,8.49,9.34,12.54,13.01,1,1 vehicle
6218650,2020-05-28 16:10:00,2020,1-g3,VHDU,1673.0,2020-05-28 16:10:00,0.0,9.304375558977885,5.382052364477969,11.64,10.26,12.58,12.11,1,1 vehicle
6218973,2020-05-28 22:21:00,2020,829-02,VHDU,3371.0,2020-05-28 22:20:00,1.0,4.885826055254049,1.9391685769392983,15.74,6.03,8.2,12.82,1,1 vehicle
6223224,2020-06-02 13:00:00,2020,93-02,SDU,34175.0,2020-06-02 13:00:00,0.0,5.381166318012997,2.2346382814282277,9.91,4.22,5.78,6.57,1,1 vehicle
6224070,2020-06-04 20:22:00,2020,417-01,SDU,31488.0,2020-06-04 20:20:00,2.0,1.9053619203054706,3.9814362695232663,8.41,10.08,13.62,7.72,1,1 vehicle
6225565,2020-06-06 17:41:00,2020,1-f8,SDU,31577.0,2020-06-06 17:40:00,1.0,3.138065236246363,4.303271038168447,5.76,4.75,7.25,11.31,3,2 or more vehicles
6226454,2020-06-07 22:30:00,2020,829-01,SDU,3471.0,2020-06-07 22:30:00,0.0,10.965603489080488,9.317363479954343,11.420000000000003,0.59,1.37,9.42,1,1 vehicle
6226597,2020-06-07 11:09:00,2020,435-02,SDU,1496.0,2020-06-07 11:10:00,1.0,6.921340013159535,7.355674807437691,13.9,5.71,7.35,7.0,1,1 vehicle
6231883,2020-06-14 19:41:00,2020,92-09,SDU,5981.0,2020-06-14 19:40:00,1.0,7.712329244116106,3.9180680850954337,7.91,1.35,1.96,8.25,1,1 vehicle
6234204,2020-06-16 20:43:00,2020,34-02,SDU,1395.0,2020-06-16 20:40:00,3.0,7.121575024403296,5.246626996155354,8.86,6.33,7.8,9.77,2,2 or more vehicles
6236872,2020-06-20 16:08:00,2020,50-01,SDU,1779.0,2020-06-20 16:10:00,2.0,2.5610253376651095,3.6583584434854974,9.24,3.34,5.65,16.44,1,1 vehicle
6237623,2020-06-21 20:04:00,2020,1-f8,SDU,31577.0,2020-06-21 20:00:00,4.0,5.418942230246836,4.303271038168447,5.76,5.3,8.72,18.35,2,2 or more vehicles
6238293,2020-06-22 02:01:00,2020,570-01,SDU,1924.0,2020-06-22 02:00:00,1.0,5.822406558374276,7.230053658236988,18.63,2.69,8.85,10.35,1,1 vehicle
6240255,2020-06-24 12:22:00,2020,1-q0,SDU,3471.0,2020-06-24 12:20:00,2.0,3.5017620617926792,3.5305709872854014,2.13,4.36,7.54,14.23,1,1 vehicle
6243003,2020-06-27 07:26:00,2020,1-f7,SDU,31577.0,2020-06-27 07:30:00,4.0,0.9668244687987868,1.371046631608786,0.94,0.96,2.35,11.27,1,1 vehicle
6243956,2020-06-28 15:14:00,2020,1-f6,SDU,31577.0,2020-06-28 15:10:00,4.0,1.1539444926315219,0.866726910174939,3.5799999999999996,1.32,2.25,14.03,3,2 or more vehicles
6247216,2020-07-02 11:20:00,2020,1-h1,SDU,31882.0,2020-07-02 11:20:00,0.0,11.915491133901636,9.56603598582837,9.95,5.46,9.6,16.58,2,2 or more vehicles
6247701,2020-07-02 20:49:00,2020,425-02,SDU,1361.0,2020-07-02 20:50:00,1.0,10.347196919656884,6.917005970284371,14.76,6.31,8.59,11.77,1,1 vehicle
6249088,2020-07-04 00:19:00,2020,61-29,SDU,32654.0,2020-07-04 00:20:00,1.0,9.87922570115067,8.391135288927227,13.16,3.72,5.59,9.14,1,1 vehicle
6249109,2020-07-04 17:23:00,2020,85-25,SDU,34733.0,2020-07-04 17:20:00,3.0,13.898981826612678,18.568728178372435,10.49,8.66,11.27,8.54,1,1 vehicle
6254359,2020-07-10 15:30:00,2020,30-04,SDU,6420.0,2020-07-10 15:30:00,0.0,5.445331732794829,5.359811449264286,11.71,5.12,9.38,15.41,4,2 or more vehicles
6254977,2020-07-11 13:23:00,2020,59-02,SDU,32190.0,2020-07-11 13:20:00,3.0,6.419689940486609,3.972460559685162,14.7,4.79,6.08,11.43,1,1 vehicle
6257076,2020-07-13 18:00:00,2020,308-01,SDU,36308.0,2020-07-13 18:00:00,0.0,15.058516541937237,12.46819243680131,10.83,4.16,6.47,14.4,1,1 vehicle
6257206,2020-07-14 15:12:00,2020,645-01,SDU,2480.0,2020-07-14 15:10:00,2.0,2.6932789554058623,2.8464397948409284,14.6,1.1,1.79,8.63,1,1 vehicle
6257388,2020-07-14 21:10:00,2020,1-m5,SDU,33431.0,2020-07-14 21:10:00,0.0,3.2834035293913946,6.468729395855224,14.15,3.0,3.92,6.66,3,2 or more vehicles
6258032,2020-07-15 23:04:00,2020,43-01,SDU,31364.0,2020-07-15 23:00:00,4.0,9.987212044949446,3.7630196539385503,13.38,8.37,11.47,10.36,1,1 vehicle
6258589,2020-07-16 12:18:00,2020,1-d8,SDU,31392.0,2020-07-16 12:20:00,2.0,4.258786673278769,1.811228203445721,16.61,5.89,8.33,9.77,1,1 vehicle
6258813,2020-07-16 11:19:00,2020,1-r1,SDU,4300.0,2020-07-16 11:20:00,1.0,4.494747329580622,4.229520579940802,3.94,1.23,2.28,12.94,2,2 or more vehicles
6259925,2020-07-17 23:18:00,2020,68-07,SDU,32390.0,2020-07-17 23:20:00,2.0,2.7632589472129565,3.6529314234955184,17.0,10.2,13.43,2.72,1,1 vehicle
6260344,2020-07-18 19:18:00,2020,1-m2,SDU,33419.0,2020-07-18 19:20:00,2.0,12.237650411205118,5.573498711103916,13.26,7.99,11.56,5.12,1,1 vehicle
6260799,2020-07-19 13:45:00,2020,901-01,SDU,4830.0,2020-07-19 13:40:00,5.0,0.8540862122284697,1.6253669807900035,10.74,10.1,13.36,9.3,1,1 vehicle
6263042,2020-07-22 16:39:00,2020,26-01,SDU,6310.0,2020-07-22 16:40:00,1.0,8.704248068686292,8.661999678256562,8.98,2.12,3.16,13.67,2,2 or more vehicles
6266584,2020-07-26 18:05:00,2020,711-06,SDU,33204.0,2020-07-26 18:00:00,5.0,14.659741700831788,16.335649087650875,10.45,7.81,11.76,8.35,1,1 vehicle
6266737,2020-07-24 18:09:00,2020,1-n1,SDU,33357.0,2020-07-24 18:10:00,1.0,7.453531740417471,7.600410813299837,10.63,5.1,6.66,5.81,1,1 vehicle
6271036,2020-07-31 20:05:00,2020,1-b4,SDU,36049.0,2020-07-31 20:00:00,5.0,0.2039147983511682,1.9506434494436529,12.13,15.15,23.42,10.94,1,1 vehicle
6271165,2020-08-01 04:29:00,2020,1-h2,SDU,31985.0,2020-08-01 04:30:00,1.0,10.01231418503745,8.113869305983009,10.7,5.27,7.15,8.63,2,2 or more vehicles
6271525,2020-08-01 14:44:00,2020,1-f3,SDU,1479.0,2020-08-01 14:40:00,4.0,1.2235782878066055,1.1330985534714593,4.78,0.38,1.43,14.45,2,2 or more vehicles
6274339,2020-08-04 17:15:00,2020,1-q7,SDU,33487.0,2020-08-04 17:10:00,5.0,6.215203309036898,2.473295195759243,9.65,2.81,4.51,12.45,1,1 vehicle
6274979,2020-07-31 15:35:00,2020,1-n0,SDU,33451.0,2020-07-31 15:30:00,5.0,14.728783876151164,12.39083591009894,9.74,4.35,7.45,14.73,2,2 or more vehicles
6280361,2020-08-12 15:35:00,2020,82-06,SDU,3658.0,2020-08-12 15:30:00,5.0,4.41734410654432,3.6348423937434946,4.96,5.16,7.54,15.16,2,2 or more vehicles
6282064,2020-08-14 15:52:00,2020,1-d8,SDU,31392.0,2020-08-14 15:50:00,2.0,5.212026824607933,1.811228203445721,16.61,6.08,8.43,12.53,1,1 vehicle
6282144,2020-08-14 22:15:00,2020,1-g9,SDU,31882.0,2020-08-14 22:10:00,5.0,8.721125551153794,6.975496895193262,9.12,1.71,4.21,9.07,1,1 vehicle
6282562,2020-08-15 13:36:00,2020,1-y6,SDU,5309.0,2020-08-15 13:40:00,4.0,5.5058176428496965,6.126595002325329,12.32,10.18,12.15,17.49,2,2 or more vehicles
6285884,2020-08-19 10:15:00,2020,1-x3,SDU,35666.0,2020-08-19 10:10:00,5.0,10.302347806347337,11.238885693836824,11.23,9.29,12.35,8.54,2,2 or more vehicles
6288911,2020-08-21 15:20:00,2020,60-28,SDU,32365.0,2020-08-21 15:20:00,0.0,8.062511656061089,10.00400811161468,12.02,12.08,15.68,13.4,1,1 vehicle
6288974,2020-08-22 11:20:00,2020,1-p1,SDU,33357.0,2020-08-22 11:20:00,0.0,1.7418681542766774,2.6900827429345155,10.45,2.64,4.12,6.6,1,1 vehicle
6289009,2020-08-22 15:27:00,2020,54-12,SDU,1938.0,2020-08-22 15:30:00,3.0,4.695428573293131,5.122886456510389,8.59,1.42,1.92,12.8,2,2 or more vehicles
6289198,2020-08-22 19:46:00,2020,26-01,SDU,6310.0,2020-08-22 19:50:00,4.0,9.429445795571091,8.661999678256562,8.98,2.59,2.97,14.62,1,1 vehicle
6290994,2020-08-24 22:11:00,2020,1-y2,SDU,35116.0,2020-08-24 22:10:00,1.0,3.5446051998417767,8.14199183510842,11.2,1.03,2.16,7.84,1,1 vehicle
6294163,2020-08-28 13:48:00,2020,429-02,SDU,1350.0,2020-08-28 13:50:00,2.0,5.247754646093729,5.685793567904326,4.32,8.51,10.88,11.74,3,2 or more vehicles
6294767,2020-08-29 01:30:00,2020,574-03,SDU,1919.0,2020-08-29 01:30:00,0.0,16.206879451100498,14.54265234841502,11.59,8.09,9.96,9.3,1,1 vehicle
6295607,2020-08-29 18:45:00,2020,1-z0,SDU,6499.0,2020-08-29 18:40:00,5.0,4.304296179030685,4.548630125187953,10.22,2.79,3.65,11.48,1,1 vehicle
6296462,2020-08-31 11:20:00,2020,360-03,SDU,31591.0,2020-08-31 11:20:00,0.0,11.787534236419823,7.306352513995508,12.42,5.13,6.37,10.32,2,2 or more vehicles
6296734,2020-08-31 17:21:00,2020,35-08,SDU,36519.0,2020-08-31 17:20:00,1.0,2.713696314605713,5.046269591968834,8.83,3.96,5.68,12.02,2,2 or more vehicles
6297032,2020-09-01 08:19:00,2020,1-k8,SDU,3223.0,2020-09-01 08:20:00,1.0,19.677888937166365,15.384253879331345,11.4,1.81,2.97,9.51,1,1 vehicle
6297322,2020-09-01 13:28:00,2020,1-h4,SDU,32097.0,2020-09-01 13:30:00,2.0,11.010255697806775,6.809457005645053,11.45,3.25,4.51,9.94,1,1 vehicle
6300344,2020-09-05 14:04:00,2020,605-01,SDU,32372.0,2020-09-05 14:00:00,4.0,7.8305026811836616,8.171944409448805,2.94,1.92,3.53,9.35,1,1 vehicle
6301408,2020-09-07 10:41:00,2020,85-24,SDU,34733.0,2020-09-07 10:40:00,1.0,2.852216827766968,7.278638110488811,13.94,15.76,30.58,4.97,1,1 vehicle
6303284,2020-09-09 08:15:00,2020,435-01,SDU,31488.0,2020-09-09 08:10:00,5.0,5.489511357175707,5.371941470327555,8.87,0.47,0.98,3.01,1,1 vehicle
6306465,2020-09-13 11:26:00,2020,1-g3,SDU,1673.0,2020-09-13 11:30:00,4.0,8.525100416590533,5.382052364477969,11.64,4.13,7.12,8.51,1,1 vehicle
6306546,2020-09-13 13:49:00,2020,574-04,SDU,1919.0,2020-09-13 13:50:00,1.0,5.499430013862065,3.500203272167804,15.6,9.17,11.92,9.3,1,1 vehicle
6312912,2020-09-19 15:57:00,2020,805-01,SDU,33563.0,2020-09-19 16:00:00,3.0,4.058565006050635,6.467310384736099,10.5,14.17,23.62,9.06,1,1 vehicle
6314997,2020-09-24 07:16:00,2020,829-01,SDU,3471.0,2020-09-24 07:20:00,4.0,8.78498684661562,9.317363479954343,11.420000000000003,6.74,10.58,2.45,1,1 vehicle
6317700,2020-09-27 17:42:00,2020,1-e2,SDU,1482.0,2020-09-27 17:40:00,2.0,2.908304913288129,2.638507861560012,3.46,1.21,2.45,7.97,2,2 or more vehicles
6319473,2020-09-29 19:11:00,2020,43-01,SDU,31364.0,2020-09-29 19:10:00,1.0,6.671320235671729,3.7630196539385503,13.38,1.4,2.16,5.28,2,2 or more vehicles
6319699,2020-09-30 00:52:00,2020,1-d8,SDU,31392.0,2020-09-30 00:50:00,2.0,4.257816681095323,1.811228203445721,16.61,0.81,1.27,0.7,1,1 vehicle
6320386,2020-09-30 21:38:00,2020,1-g4,SDU,31674.0,2020-09-30 21:40:00,2.0,3.362792175734426,2.9434338577391106,8.41,2.78,4.21,3.75,1,1 vehicle
6322137,2020-10-03 01:46:00,2020,1-d9,VHDU,31488.0,2020-10-03 01:50:00,4.0,5.228323246959998,3.4577407582901083,4.7,0.33,0.78,-2.88,1,1 vehicle
6322315,2020-10-03 02:45:00,2020,612-01,VHDU,31122.0,2020-10-03 02:40:00,5.0,7.183248574938768,7.0787246682945595,11.93,3.38,3.82,1.8,1,1 vehicle
6322479,2020-10-03 15:37:00,2020,1-d2,VHDU,6300.0,2020-10-03 15:40:00,3.0,6.782178918801396,6.730360832725801,13.7,3.66,5.97,8.7,3,2 or more vehicles
6322590,2020-10-03 15:10:00,2020,92-07,VHDU,5981.0,2020-10-03 15:10:00,0.0,3.5287681004836675,4.3294707374769,12.23,5.06,7.22,8.49,1,1 vehicle
6322874,2020-10-04 01:35:00,2020,55-01,VHDU,31958.0,2020-10-04 01:30:00,5.0,16.321155589619167,16.57099980170705,12.02,1.3,1.96,3.9,1,1 vehicle
6323185,2020-10-04 19:12:00,2020,56-02,VHDU,31948.0,2020-10-04 19:10:00,2.0,4.633098003930349,4.089604367560472,5.42,3.77,5.98,3.53,1,1 vehicle
6326369,2020-10-08 08:35:00,2020,36-12,VHDU,1479.0,2020-10-08 08:30:00,5.0,9.861630285922049,7.784369828621856,7.170000000000001,1.19,2.05,5.0,1,1 vehicle
6330310,2020-10-13 07:15:00,2020,1-e1,VHDU,31488.0,2020-10-13 07:10:00,5.0,5.148565954656915,3.522383406880032,9.57,5.85,8.04,3.48,2,2 or more vehicles
6330737,2020-10-13 14:49:00,2020,1-q5,VHDU,33480.0,2020-10-13 14:50:00,1.0,9.856816554307649,8.323557642546657,13.83,0.84,1.47,9.96,2,2 or more vehicles
6331632,2020-10-14 13:46:00,2020,1-d9,VHDU,31488.0,2020-10-14 13:50:00,4.0,5.473510731864456,3.4577407582901083,4.7,14.59,19.11,7.96,2,2 or more vehicles
6332208,2020-10-15 01:19:00,2020,1-h4,VHDU,32097.0,2020-10-15 01:20:00,1.0,11.144930250667638,6.809457005645053,11.45,2.24,5.1,4.17,1,1 vehicle
6332502,2020-10-15 17:44:00,2020,630-01,VHDU,7738.0,2020-10-15 17:40:00,4.0,5.946105371766562,5.088822969552043,11.2,0.11,0.68,5.91,1,1 vehicle
6332694,2020-10-16 00:36:00,2020,826-01,VHDU,3371.0,2020-10-16 00:40:00,4.0,7.771542538485699,12.811512938890258,12.22,1.02,1.73,-2.04,1,1 vehicle
6333544,2020-10-16 23:02:00,2020,848-02,VHDU,4300.0,2020-10-16 23:00:00,2.0,4.945736197402921,3.515440362555078,11.28,1.04,1.73,2.49,1,1 vehicle
6334857,2020-10-18 22:58:00,2020,427-06,VHDU,31380.0,2020-10-18 23:00:00,2.0,13.272076852140515,13.1804183372558,5.06,10.36,16.86,5.76,1,1 vehicle
6339280,2020-10-23 23:52:00,2020,1-q7,VHDU,33487.0,2020-10-23 23:50:00,2.0,5.827598840146705,2.473295195759243,9.65,3.5,5.29,3.63,1,1 vehicle
6340339,2020-10-25 19:22:00,2020,511-01,VHDU,1779.0,2020-10-25 19:20:00,2.0,1.3098720184598158,1.105727651602119,2.05,3.79,5.88,5.49,1,1 vehicle
6341626,2020-10-27 09:54:00,2020,917-07,VHDU,4455.0,2020-10-27 09:50:00,4.0,1.683322671821735,2.3973202873158135,1.81,5.13,6.69,1.93,2,2 or more vehicles
6346005,2020-11-01 19:36:00,2020,60-01,VHDU,31985.0,2020-11-01 19:40:00,4.0,3.271168848893809,4.3342196891503555,8.53,8.34,10.49,-2.5,1,1 vehicle
6347105,2020-11-02 23:40:00,2020,1-g4,VHDU,31674.0,2020-11-02 23:40:00,0.0,1.3076360386326986,2.9434338577391106,8.41,5.75,8.62,3.0,1,1 vehicle
6347340,2020-11-03 10:56:00,2020,1-t7,VHDU,5975.0,2020-11-03 11:00:00,4.0,6.482364919899157,5.388181282951978,10.5,12.5,26.0,2.96,1,1 vehicle
6347755,2020-11-03 13:57:00,2020,93-03,VHDU,4182.0,2020-11-03 14:00:00,3.0,7.596115813418482,5.336718228238104,14.04,13.48,23.85,3.51,2,2 or more vehicles
6349415,2020-11-05 20:02:00,2020,74-02,VHDU,33424.0,2020-11-05 20:00:00,2.0,11.229643494364673,10.907060834452514,12.5,16.31,23.52,2.99,1,1 vehicle
6349997,2020-11-06 16:54:00,2020,39-01,VHDU,31387.0,2020-11-06 16:50:00,4.0,4.51961071827429,1.6348934580675056,15.7,4.89,7.35,0.47,1,1 vehicle
6350223,2020-11-06 22:54:00,2020,65-02,VHDU,32635.0,2020-11-06 22:50:00,4.0,7.850396357985992,4.133860433011997,9.22,3.17,9.6,3.33,1,1 vehicle
6350353,2020-11-06 14:31:00,2020,1-p3,VHDU,3471.0,2020-11-06 14:30:00,1.0,14.09150548456017,17.04322593257332,10.59,3.23,9.24,4.45,1,1 vehicle
6350897,2020-11-08 07:41:00,2020,1-c8,VHDU,36308.0,2020-11-08 07:40:00,1.0,1.8120357867337686,4.831712605587408,10.24,4.96,5.88,1.82,1,1 vehicle
6354466,2020-11-11 13:43:00,2020,54-15,VHDU,31942.0,2020-11-11 13:40:00,3.0,3.5067039631401133,0.3649829257412452,9.1,6.58,10.0,2.25,1,1 vehicle
6354501,2020-11-13 12:54:00,2020,1-h1,VHDU,31882.0,2020-11-13 12:50:00,4.0,13.343087472068618,9.56603598582837,9.95,0.83,1.47,0.43,1,1 vehicle
6355178,2020-11-14 17:53:00,2020,54-05,VHDU,31958.0,2020-11-14 17:50:00,3.0,7.332216743120927,7.188865613983409,12.35,14.92,24.4,0.91,1,1 vehicle
6355217,2020-11-14 18:35:00,2020,1-k8,VHDU,3223.0,2020-11-14 18:30:00,5.0,15.338930808648216,15.384253879331345,11.4,4.75,6.5,-1.13,1,1 vehicle
6356634,2020-11-16 12:43:00,2020,1-k2,VHDU,2197.0,2020-11-16 12:40:00,3.0,3.216439563749411,6.007449718079592,11.35,5.6,7.0,-1.1,1,1 vehicle
6358545,2020-11-19 17:50:00,2020,41-17,VHDU,1350.0,2020-11-19 17:50:00,0.0,8.013111376900268,6.841931195549181,4.66,11.1,14.77,2.37,4,2 or more vehicles
6359154,2020-11-20 17:46:00,2020,41-21,VHDU,1350.0,2020-11-20 17:50:00,4.0,1.6679050728714693,1.4041541058646172,3.31,10.79,14.41,2.32,2,2 or more vehicles
6359921,2020-11-22 04:28:00,2020,41-17,VHDU,1350.0,2020-11-22 04:30:00,2.0,7.30790805543317,6.841931195549181,4.66,1.45,1.6,0.77,2,2 or more vehicles
6361633,2020-11-24 17:38:00,2020,1-d6,VHDU,31399.0,2020-11-24 17:40:00,2.0,5.812272488972879,2.8564832758413083,10.51,5.83,8.62,2.79,2,2 or more vehicles
6361742,2020-11-24 23:01:00,2020,1-d8,VHDU,31392.0,2020-11-24 23:00:00,1.0,1.9378617208481643,1.811228203445721,16.61,9.31,11.86,-2.27,1,1 vehicle
6362541,2020-11-26 09:44:00,2020,41-17,VHDU,1350.0,2020-11-26 09:40:00,4.0,9.047124895757745,6.841931195549181,4.66,11.83,15.03,0.71,1,1 vehicle
6362820,2020-11-26 10:12:00,2020,821-01,VHDU,3471.0,2020-11-26 10:10:00,2.0,9.744787726288816,7.64609910465302,5.69,6.66,10.58,5.5,1,1 vehicle
6363890,2020-11-28 00:59:00,2020,38-01,VHDU,31392.0,2020-11-28 01:00:00,1.0,8.116389986713356,7.860927660955096,11.6,15.56,22.15,-3.0,1,1 vehicle
6363955,2020-11-28 01:32:00,2020,1-f3,VHDU,1479.0,2020-11-28 01:30:00,2.0,0.7466609512768806,1.1330985534714593,4.78,8.54,13.03,0.25,1,1 vehicle
6364177,2020-11-28 17:12:00,2020,1-g2,VHDU,31572.0,2020-11-28 17:10:00,2.0,9.29673246028507,9.734372846346778,1.1,2.88,5.0,1.32,2,2 or more vehicles
6366778,2020-12-03 00:31:00,2020,61-02,VDU,2370.0,2020-12-03 00:30:00,1.0,2.482051574520997,6.922131936043803,14.79,19.93,24.89,-9.42,2,2 or more vehicles
6367127,2020-12-03 11:38:00,2020,1-d8,VDU,31392.0,2020-12-03 11:40:00,2.0,4.05838665163267,1.811228203445721,16.61,19.9,25.68,-9.06,1,1 vehicle
6367274,2020-12-03 15:23:00,2020,41-15,VDU,1370.0,2020-12-03 15:20:00,3.0,3.4314256695893848,1.361433362983291,13.26,14.86,19.53,-4.82,1,1 vehicle
6369921,2020-12-08 07:53:00,2020,41-16,VDU,31363.0,2020-12-08 07:50:00,3.0,4.811036281602036,4.6115007826263295,11.62,1.62,1.76,1.89,1,1 vehicle
6370382,2020-12-08 17:38:00,2020,310-01,VDU,6300.0,2020-12-08 17:40:00,2.0,2.2605084387797416,2.7678835051119584,5.29,4.84,6.4,0.24,1,1 vehicle
6375775,2020-12-16 21:49:00,2020,1-q5,VDU,33480.0,2020-12-16 21:50:00,1.0,4.538052603623691,8.323557642546657,13.83,5.53,7.55,0.25,1,1 vehicle
6376371,2020-12-17 15:54:00,2020,1-h3,VDU,31985.0,2020-12-17 15:50:00,4.0,16.06342328233764,14.515482652677305,9.01,10.08,13.82,0.43,1,1 vehicle
6376607,2020-12-18 05:35:00,2020,1-e1,VDU,31488.0,2020-12-18 05:30:00,5.0,4.495356688730511,3.522383406880032,9.57,11.34,16.86,5.32,1,1 vehicle
6377130,2020-12-18 17:32:00,2020,1-s6,VDU,34148.0,2020-12-18 17:30:00,2.0,3.6358291264009757,0.6188238112472331,8.76,7.41,10.09,1.03,1,1 vehicle
6378172,2020-12-20 13:53:00,2020,1-h4,VDU,32097.0,2020-12-20 13:50:00,3.0,5.505277103795877,6.809457005645053,11.45,15.04,18.82,-3.2,1,1 vehicle
6378195,2020-12-20 13:46:00,2020,1-r0,VDU,4300.0,2020-12-20 13:50:00,4.0,2.205863135541148,2.8862770126462127,12.38,4.97,6.59,-1.36,1,1 vehicle
6378259,2020-12-20 16:12:00,2020,425-01,VDU,1350.0,2020-12-20 16:10:00,2.0,17.333624147271202,12.015757431086543,11.96,12.8,16.73,-0.07,1,1 vehicle
6378850,2020-12-21 09:35:00,2020,1-e1,VDU,31488.0,2020-12-21 09:30:00,5.0,1.2597722473779194,3.522383406880032,9.57,6.26,8.72,0.16,1,1 vehicle
6379330,2020-12-22 07:55:00,2020,82-05,VDU,33661.0,2020-12-22 07:50:00,5.0,1.8857357012305436,1.840275137807545,10.92,5.38,8.13,-4.22,1,1 vehicle
6380501,2020-12-24 05:46:00,2020,1-f8,VDU,31578.0,2020-12-24 05:50:00,4.0,2.2331341624302468,3.061232100935264,5.76,8.47,17.05,3.96,1,1 vehicle
6383060,2020-12-29 20:46:00,2020,1-v3,VDU,5872.0,2020-12-29 20:50:00,4.0,7.255028345427345,3.885895153264721,9.38,5.03,9.83,-3.11,1,1 vehicle
6383377,2020-12-30 08:51:00,2020,1-d8,VDU,31392.0,2020-12-30 08:50:00,1.0,4.15473995131514,1.811228203445721,16.61,1.41,2.25,-5.21,2,2 or more vehicles
6383716,2020-12-28 10:30:00,2020,98-01,VDU,5872.0,2020-12-28 10:30:00,0.0,2.6002501644766687,2.9263273867911015,0.78,8.95,14.47,-0.7,1,1 vehicle
6383736,2020-12-30 15:49:00,2020,1-u4,VDU,5982.0,2020-12-30 15:50:00,1.0,1.4669656538456142,4.864696462469967,12.47,6.08,11.14,-1.63,1,1 vehicle
6384749,2021-01-01 12:37:00,2021,54-06,VDU,31958.0,2021-01-01 12:40:00,3.0,0.8244696699447354,3.816243689301748,12.21,1.75,2.06,-1.45,1,1 vehicle
6385073,2021-01-02 01:48:00,2021,35-02,VDU,6300.0,2021-01-02 01:50:00,2.0,9.171613542146362,12.10977044219268,7.8,2.84,4.99,0.0,2,2 or more vehicles
6387632,2021-01-06 07:55:00,2021,35-04,VDU,36411.0,2021-01-06 07:50:00,5.0,6.536742984973518,4.502054796897285,8.82,8.93,11.86,-1.21,1,1 vehicle
6390372,2021-01-10 02:55:00,2021,1-p1,VDU,33357.0,2021-01-10 02:50:00,5.0,0.7245129937714814,2.6900827429345155,10.45,5.17,6.66,-17.04,1,1 vehicle
6392823,2021-01-13 09:35:00,2021,1-y1,VDU,35116.0,2021-01-13 09:30:00,5.0,0.39317362704825176,2.1845629696036286,10.46,6.08,7.84,2.42,2,2 or more vehicles
6394235,2021-01-15 01:23:00,2021,44-03,VDU,1350.0,2021-01-15 01:20:00,3.0,4.205834287364348,5.16732077177175,4.99,5.56,7.74,2.42,2,2 or more vehicles
6394991,2021-01-16 10:16:00,2021,61-32,VDU,32654.0,2021-01-16 10:20:00,4.0,12.293385097280643,13.14299609040736,11.76,4.53,5.68,1.63,1,1 vehicle
6395841,2021-01-18 02:35:00,2021,425-02,VDU,1361.0,2021-01-18 02:30:00,5.0,7.67120347068181,6.917005970284371,14.76,4.41,5.58,1.49,1,1 vehicle
6396942,2021-01-18 13:46:00,2021,1-d9,VDU,31488.0,2021-01-18 13:50:00,4.0,5.299462535304784,3.4577407582901083,4.7,6.41,11.76,0.82,1,1 vehicle
6397721,2021-01-20 11:56:00,2021,1-g3,VDU,1673.0,2021-01-20 12:00:00,4.0,7.285696792155737,5.382052364477969,11.64,21.08,27.83,-3.19,2,2 or more vehicles
6399656,2021-01-23 04:37:00,2021,41-16,VDU,31363.0,2021-01-23 04:40:00,3.0,7.122038745879628,4.6115007826263295,11.62,11.25,16.56,-2.09,1,1 vehicle
6399697,2021-01-23 11:04:00,2021,61-43,VDU,2643.0,2021-01-23 11:00:00,4.0,0.5364128122113763,1.4872992616818663,3.07,12.21,16.24,-2.42,1,1 vehicle
6401416,2021-01-26 00:46:00,2021,1-g0,VDU,31572.0,2021-01-26 00:50:00,4.0,2.6708113035797107,2.826076960202496,0.48,7.68,11.96,-1.58,1,1 vehicle
6403699,2021-01-28 22:39:00,2021,34-02,VDU,1395.0,2021-01-28 22:40:00,1.0,6.923964696000583,5.246626996155354,8.89,4.24,4.93,-6.0,1,1 vehicle
6406510,2021-02-01 12:37:00,2021,41-16,VDU,31363.0,2021-02-01 12:40:00,3.0,5.880739921632067,4.6115007826263295,11.62,3.25,5.0,-2.65,2,2 or more vehicles
6415202,2021-02-11 07:13:00,2021,41-15,VDU,1370.0,2021-02-11 07:10:00,3.0,4.957802832802421,1.361433362983291,13.26,7.91,11.17,2.58,1,1 vehicle
6415741,2021-02-11 16:42:00,2021,61-22,VDU,32474.0,2021-02-11 16:40:00,2.0,13.349858151663398,10.555897121767453,12.25,4.84,5.68,-4.89,1,1 vehicle
6419140,2021-02-16 18:11:00,2021,39-01,VDU,31387.0,2021-02-16 18:10:00,1.0,8.373242628866068,1.6348934580675056,15.7,4.09,5.0,2.33,1,1 vehicle
6419757,2021-02-17 10:35:00,2021,56-01,VDU,31948.0,2021-02-17 10:30:00,5.0,6.959619114532086,3.8833227234733703,10.98,4.45,5.59,-0.1,2,2 or more vehicles
6422897,2021-02-21 22:03:00,2021,1-n1,VDU,33357.0,2021-02-21 22:00:00,3.0,6.729591745268312,7.600410813299837,10.63,7.81,9.11,-1.82,1,1 vehicle
6424652,2021-02-23 21:58:00,2021,85-08,VDU,3797.0,2021-02-23 22:00:00,2.0,0.25357811725336515,3.1913232846888167,6.95,5.93,7.21,0.22,1,1 vehicle
6425420,2021-02-24 22:12:00,2021,1-f7,VDU,31577.0,2021-02-24 22:10:00,2.0,0.9190655337852939,1.371046631608786,0.94,0.57,1.47,1.13,2,2 or more vehicles
6425743,2021-02-25 12:43:00,2021,509-01,VDU,31572.0,2021-02-25 12:40:00,3.0,4.045254087179127,4.617891033666576,1.51,2.78,4.41,5.16,2,2 or more vehicles
6427765,2021-02-28 11:45:00,2021,574-10,VDU,1924.0,2021-02-28 11:40:00,5.0,3.9633208544795067,3.4423086637267892,4.12,14.16,24.34,1.36,1,1 vehicle
6433071,2021-03-07 10:54:00,2021,36-12,VDU,1479.0,2021-03-07 10:50:00,4.0,5.606846546512533,7.784369828621856,7.170000000000001,0.33,0.88,4.03,3,2 or more vehicles
6433142,2021-03-07 11:23:00,2021,946-02,VDU,34382.0,2021-03-07 11:20:00,3.0,10.793719226801059,11.345368089903143,2.91,1.33,2.06,0.9,1,1 vehicle
6433358,2021-03-07 15:30:00,2021,1-m7,VDU,33451.0,2021-03-07 15:30:00,0.0,9.777939401922866,8.219589954983459,4.82,6.96,9.7,4.84,2,2 or more vehicles
6433363,2021-03-07 17:07:00,2021,1-p1,VDU,33357.0,2021-03-07 17:10:00,3.0,6.473505035435759,2.6900827429345155,10.45,2.34,3.43,-2.42,3,2 or more vehicles
6433542,2021-03-07 19:52:00,2021,1-p1,VDU,33357.0,2021-03-07 19:50:00,2.0,0.0924768787512319,2.6900827429345155,10.45,2.54,3.82,-1.21,2,2 or more vehicles
6435030,2021-03-09 13:21:00,2021,1-f3,VDU,1479.0,2021-03-09 13:20:00,1.0,0.7139990791073959,1.1330985534714593,4.78,0.32,0.84,3.33,2,2 or more vehicles
6435283,2021-03-09 23:48:00,2021,36-04,VDU,31599.0,2021-03-09 23:50:00,2.0,1.2280434656316999,1.1922106175281395,8.16,8.93,13.13,3.0,1,1 vehicle
6435710,2021-03-10 10:40:00,2021,1-f5,VDU,31579.0,2021-03-10 10:40:00,0.0,0.45706258916536063,1.028741036313794,11.95,22.39,36.36,-2.6,2,2 or more vehicles
6437183,2021-03-12 15:45:00,2021,1-m3,VDU,33431.0,2021-03-12 15:40:00,5.0,12.85483366750644,13.227469441125152,11.32,11.1,13.23,-4.01,3,2 or more vehicles
6437217,2021-03-12 15:28:00,2021,1-h4,VDU,32097.0,2021-03-12 15:30:00,2.0,10.878638305417452,6.809457005645053,11.07,13.15,15.78,-3.72,1,1 vehicle
6440546,2021-03-17 10:44:00,2021,25-02,VDU,6208.0,2021-03-17 10:40:00,4.0,10.07395412392784,5.525086509772727,10.89,6.06,7.7,7.47,1,1 vehicle
6442638,2021-03-20 08:27:00,2021,1-a3,VDU,6272.0,2021-03-20 08:30:00,3.0,9.836046436862167,13.691688950930176,9.44,5.86,8.59,3.23,3,2 or more vehicles
6443369,2021-03-21 14:46:00,2021,208-01,VDU,36270.0,2021-03-21 14:50:00,4.0,15.06974779273101,16.38043633737403,11.21,7.39,11.86,7.71,1,1 vehicle
6448112,2021-03-27 13:12:00,2021,87-03,VDU,3591.0,2021-03-27 13:10:00,2.0,3.212764900492297,3.6909694113115856,5.39,1.53,2.48,-8.82,1,1 vehicle
6448712,2021-03-28 12:15:00,2021,1-d6,VDU,31399.0,2021-03-28 12:10:00,5.0,3.715242671801712,2.8564832758413083,10.51,1.73,2.65,-0.7,2,2 or more vehicles
6448986,2021-03-28 18:48:00,2021,42-02,VDU,1370.0,2021-03-28 18:50:00,2.0,11.298349079544796,11.330292093996302,13.38,1.38,2.58,-0.27,1,1 vehicle
6450102,2021-03-30 10:00:00,2021,51-02,VDU,31572.0,2021-03-30 10:00:00,0.0,6.75258901659197,5.773738212981441,11.24,4.86,7.94,1.24,2,2 or more vehicles
6450478,2021-03-28 17:50:00,2021,427-05,VDU,7365.0,2021-03-28 17:50:00,0.0,4.6318174062700495,7.637129787024065,14.43,4.8,6.1,-1.1,2,2 or more vehicles
6451258,2021-03-31 11:26:00,2021,1-y4,VDU,35315.0,2021-03-31 11:30:00,4.0,7.708189489559934,10.68809835104116,10.77,0.34,0.69,4.21,1,1 vehicle
6452296,2021-04-02 12:49:00,2021,91-01,VHDU,4652.0,2021-04-02 12:50:00,1.0,12.95912038656164,12.792583830890914,4.44,4.1,5.32,8.98,2,2 or more vehicles
6455224,2021-04-07 08:33:00,2021,1-f3,VHDU,1479.0,2021-04-07 08:30:00,3.0,0.6259428610608923,1.1330985534714593,4.78,7.52,10.98,-3.8,2,2 or more vehicles
6455413,2021-04-07 11:34:00,2021,43-01,VHDU,31364.0,2021-04-07 11:30:00,4.0,0.24956094441475057,3.7630196539385503,13.38,8.11,15.58,-1.14,1,1 vehicle
6455445,2021-04-07 09:48:00,2021,74-02,VHDU,33424.0,2021-04-07 09:50:00,2.0,10.868614674784896,10.907060834452514,12.5,1.0,1.76,-5.34,1,1 vehicle
6455644,2021-04-07 11:55:00,2021,1-x4,VHDU,35666.0,2021-04-07 11:50:00,5.0,16.15618087650825,18.786784561512818,10.22,5.93,8.72,-3.53,1,1 vehicle
6460496,2021-04-13 21:17:00,2021,75-02,VHDU,3433.0,2021-04-13 21:20:00,3.0,17.023192957871174,13.688896355889275,13.94,6.99,9.47,3.31,1,1 vehicle
6461610,2021-04-15 16:48:00,2021,41-16,VHDU,31363.0,2021-04-15 16:50:00,2.0,9.399654321990935,4.6115007826263295,11.62,15.86,20.97,9.0,1,1 vehicle
6463198,2021-04-18 10:28:00,2021,35-03,VHDU,36411.0,2021-04-18 10:30:00,2.0,16.43462214743318,12.565510462223775,8.49,3.23,7.06,1.58,2,2 or more vehicles
6463272,2021-04-18 14:05:00,2021,1-f5,VHDU,31579.0,2021-04-18 14:00:00,5.0,1.5054493381456993,1.028741036313794,11.95,6.53,10.39,4.88,3,2 or more vehicles
6463580,2021-04-19 07:16:00,2021,1-b6,VHDU,6134.0,2021-04-19 07:20:00,4.0,8.892622718414907,5.751425337701231,12.46,3.16,4.08,-0.02,1,1 vehicle
6464141,2021-04-19 13:14:00,2021,54-05,VHDU,31958.0,2021-04-19 13:10:00,4.0,4.911400200279112,7.188865613983409,12.35,1.37,1.86,0.97,1,1 vehicle
6466202,2021-04-22 15:59:00,2021,1-q5,VHDU,33480.0,2021-04-22 16:00:00,1.0,13.656174076392285,8.323557642546657,13.83,1.62,3.14,8.7,1,1 vehicle
6466767,2021-04-23 14:35:00,2021,1-d2,VHDU,6300.0,2021-04-23 14:30:00,5.0,13.43416351828246,6.730360832725801,13.7,2.91,4.63,9.13,2,2 or more vehicles
6471237,2021-04-29 17:00:00,2021,85-11,VHDU,4614.0,2021-04-29 17:00:00,0.0,0.8876333094700095,4.103208150008344,13.07,3.2,4.9,5.9,1,1 vehicle
6473730,2021-05-03 14:26:00,2021,76-10,VHDU,33751.0,2021-05-03 14:30:00,4.0,0.22445656547934856,0.615783075840013,8.0,4.65,6.37,0.47,1,1 vehicle
6474959,2021-05-05 00:20:00,2021,60-01,VHDU,31985.0,2021-05-05 00:20:00,0.0,7.155133312279666,4.3342196891503555,8.53,1.14,1.67,-3.04,1,1 vehicle
6478220,2021-05-09 10:39:00,2021,425-01,VHDU,31640.0,2021-05-09 10:40:00,1.0,12.124326521474424,7.461184051893246,11.96,5.73,9.51,3.25,2,2 or more vehicles
6478261,2021-05-09 09:06:00,2021,41-16,VHDU,31363.0,2021-05-09 09:10:00,4.0,0.41257382430828976,4.6115007826263295,11.62,3.79,5.59,1.82,1,1 vehicle
6481324,2021-05-11 20:21:00,2021,50-02,VHDU,1779.0,2021-05-11 20:20:00,1.0,6.089028304193796,4.847820076075346,7.6,4.36,5.48,5.55,3,2 or more vehicles
6483462,2021-05-14 18:18:00,2021,39-01,VHDU,31387.0,2021-05-14 18:20:00,2.0,0.8920431799930031,1.6348934580675056,15.7,3.23,4.9,3.81,1,1 vehicle
6484634,2021-05-16 14:06:00,2021,431-01,VHDU,1481.0,2021-05-16 14:10:00,4.0,2.4008386118948106,2.8376676197304405,4.710000000000001,2.07,5.52,8.2,1,1 vehicle
6484845,2021-05-16 20:51:00,2021,540-01,VHDU,1868.0,2021-05-16 20:50:00,1.0,4.782568097400462,3.5233092091369547,8.42,8.98,12.25,2.71,1,1 vehicle
6486158,2021-05-17 23:32:00,2021,1-m9,VHDU,33451.0,2021-05-17 23:30:00,2.0,0.2353948013702435,3.2644947156683037,11.1,3.47,8.23,2.67,1,1 vehicle
6490245,2021-05-22 15:29:00,2021,427-05,VHDU,7365.0,2021-05-22 15:30:00,1.0,14.05819520065865,7.637129787024065,14.43,8.1,12.6,6.3,2,2 or more vehicles
6490970,2021-05-23 15:47:00,2021,1-g1,VHDU,31578.0,2021-05-23 15:50:00,3.0,5.374889148074236,5.843019343976989,10.93,4.17,5.29,7.53,3,2 or more vehicles
6491562,2021-05-24 14:57:00,2021,1-e2,VHDU,1482.0,2021-05-24 15:00:00,3.0,2.8998447680915644,2.638507861560012,3.46,2.54,3.88,6.38,1,1 vehicle
6492704,2021-05-25 21:39:00,2021,427-04,VHDU,31365.0,2021-05-25 21:40:00,1.0,0.05980656683102443,0.1007673098225247,7.26,12.76,18.23,7.12,2,2 or more vehicles
6492852,2021-05-26 05:35:00,2021,1-c8,VHDU,36308.0,2021-05-26 05:30:00,5.0,2.820476020753253,4.831712605587408,10.24,1.15,2.06,2.1,1,1 vehicle
6493423,2021-05-26 16:37:00,2021,1-x1,VHDU,35107.0,2021-05-26 16:40:00,3.0,5.373791776704602,7.025943108369632,7.58,4.81,6.17,5.75,1,1 vehicle
6495370,2021-05-28 15:59:00,2021,41-15,VHDU,1370.0,2021-05-28 16:00:00,1.0,3.213056548554216,1.361433362983291,13.26,23.65,32.14,9.77,1,1 vehicle
6495638,2021-05-29 03:29:00,2021,816-01,VHDU,3463.0,2021-05-29 03:30:00,1.0,4.702372424005882,3.6396059464553248,10.38,5.18,9.28,11.95,1,1 vehicle
6498493,2021-06-02 07:09:00,2021,1-g1,SDU,31578.0,2021-06-02 07:10:00,1.0,7.219110041685744,5.843019343976989,10.93,4.27,9.51,6.77,3,2 or more vehicles
6499998,2021-06-03 13:43:00,2021,1-m9,SDU,33451.0,2021-06-03 13:40:00,3.0,2.5739789808360176,3.2644947156683037,11.1,6.71,9.41,13.28,1,1 vehicle
6502339,2021-06-06 13:28:00,2021,1-m3,SDU,33431.0,2021-06-06 13:30:00,2.0,15.789465631948605,13.227469441125152,11.32,2.0,3.33,9.38,2,2 or more vehicles
6504236,2021-06-08 13:44:00,2021,1-p5,SDU,3463.0,2021-06-08 13:40:00,4.0,2.789612020167584,4.005505581134992,2.99,7.81,10.13,15.12,2,2 or more vehicles
6505179,2021-06-09 13:16:00,2021,76-03,SDU,3433.0,2021-06-09 13:20:00,4.0,9.954610411506298,11.688514772049754,7.94,2.45,3.29,9.09,2,2 or more vehicles
6507719,2021-06-12 18:30:00,2021,74-02,SDU,33424.0,2021-06-12 18:30:00,0.0,11.143695621532505,10.907060834452514,12.5,7.35,9.7,3.53,1,1 vehicle
6510193,2021-06-15 19:48:00,2021,1-p4,SDU,3463.0,2021-06-15 19:50:00,2.0,9.420378157353511,6.428645425378839,11.46,6.34,10.78,4.4,1,1 vehicle
6510768,2021-06-16 12:20:00,2021,643-03,SDU,2480.0,2021-06-16 12:20:00,0.0,5.230232868281964,5.110498105653157,6.72,14.27,17.8,2.12,1,1 vehicle
6510939,2021-06-16 19:21:00,2021,1-g1,SDU,31578.0,2021-06-16 19:20:00,1.0,6.776245152243457,5.843019343976989,10.93,8.61,12.64,7.05,1,1 vehicle
6513344,2021-06-19 06:17:00,2021,1-s6,SDU,34148.0,2021-06-19 06:20:00,3.0,2.6115785998178267,0.6188238112472331,8.76,1.32,1.86,1.52,1,1 vehicle
6514016,2021-06-20 19:59:00,2021,1-f8,SDU,31578.0,2021-06-20 20:00:00,1.0,3.708075942573737,3.061232100935264,5.76,4.46,6.08,8.67,5,2 or more vehicles
6516686,2021-06-23 11:05:00,2021,1-r0,SDU,4300.0,2021-06-23 11:00:00,5.0,8.140108979350396,2.8862770126462127,12.38,5.6,7.48,5.47,1,1 vehicle
6516731,2021-06-23 14:48:00,2021,95-04,SDU,35965.0,2021-06-23 14:50:00,2.0,7.4374245166372965,6.779096290459342,15.07,7.99,11.66,6.57,1,1 vehicle
6517098,2021-06-23 20:24:00,2021,360-02,SDU,1493.0,2021-06-23 20:20:00,4.0,11.14675095491158,9.100636214623147,12.5,7.54,9.34,9.95,2,2 or more vehicles
6518162,2021-06-24 15:01:00,2021,38-03,SDU,1395.0,2021-06-24 15:00:00,1.0,10.295096167865387,10.795312424017284,3.54,8.08,10.42,10.95,2,2 or more vehicles
6519947,2021-06-27 02:20:00,2021,39-01,SDU,31387.0,2021-06-27 02:20:00,0.0,7.009956993436702,1.6348934580675056,15.7,2.14,2.94,6.48,1,1 vehicle
6523177,2021-06-30 15:20:00,2021,54-06,SDU,31958.0,2021-06-30 15:20:00,0.0,8.842154512242072,3.816243689301748,12.21,5.92,8.43,9.62,1,1 vehicle
6524364,2021-07-01 20:23:00,2021,35-14,SDU,6935.0,2021-07-01 20:20:00,3.0,16.549044945020828,11.317774587177112,27.53,3.53,4.31,11.05,1,1 vehicle
6525737,2021-07-02 00:28:00,2021,1-k2,SDU,2197.0,2021-07-02 00:30:00,2.0,7.747886785086402,6.007449718079592,11.35,2.3,2.9,10.9,1,1 vehicle
6526928,2021-07-04 12:30:00,2021,1-u2,SDU,5975.0,2021-07-04 12:30:00,0.0,8.882688835055621,6.1636669433088285,5.9,0.9,2.3,10.4,2,2 or more vehicles
6527256,2021-07-04 16:12:00,2021,35-15,SDU,6935.0,2021-07-04 16:10:00,2.0,2.3539626706190258,8.522597050745297,18.57,3.74,5.09,16.07,1,1 vehicle
6528761,2021-07-01 19:34:00,2021,1-m4,SDU,33431.0,2021-07-01 19:30:00,4.0,5.0552553670595355,4.073257225176333,8.95,4.39,6.96,13.84,1,1 vehicle
6529171,2021-07-06 17:10:00,2021,845-02,SDU,3591.0,2021-07-06 17:10:00,0.0,8.365866573968274,5.166256434975127,6.760000000000001,5.05,6.63,12.92,1,1 vehicle
6530443,2021-07-07 13:59:00,2021,85-06,SDU,3696.0,2021-07-07 14:00:00,1.0,12.172098902666404,6.833850024128578,12.919999999999998,1.83,4.18,21.54,1,1 vehicle
6530460,2021-07-08 07:28:00,2021,60-07,SDU,2175.0,2021-07-08 07:30:00,2.0,8.25684282433671,6.6572981298054845,15.579999999999998,6.0,8.8,11.1,1,1 vehicle
6531895,2021-07-09 13:26:00,2021,870-02,SDU,4912.0,2021-07-09 13:30:00,4.0,14.384276473941949,17.232389654446973,13.58,6.3,8.23,13.13,1,1 vehicle
6532702,2021-07-09 13:27:00,2021,1-k8,SDU,3223.0,2021-07-09 13:30:00,3.0,17.670600104529026,15.384253879331345,11.4,1.22,2.35,19.52,2,2 or more vehicles
6537087,2021-07-14 12:19:00,2021,1-u7,SDU,35884.0,2021-07-14 12:20:00,1.0,4.353782632269266,4.398069252884953,9.67,4.24,7.74,8.55,1,1 vehicle
6538113,2021-07-16 15:04:00,2021,1-r3,SDU,4406.0,2021-07-16 15:00:00,4.0,6.959303401392241,7.05860661928788,17.560000000000002,5.28,7.97,13.96,2,2 or more vehicles
6539534,2021-07-18 11:42:00,2021,1-b5,SDU,6045.0,2021-07-18 11:40:00,2.0,4.026316853265938,7.297304255791511,14.2,7.91,10.03,10.02,1,1 vehicle
6540980,2021-07-20 07:20:00,2021,425-01,SDU,31640.0,2021-07-20 07:20:00,0.0,5.8955111392201545,7.461184051893246,11.96,4.66,5.78,10.39,1,1 vehicle
6541124,2021-07-20 09:22:00,2021,2433-01,SDU,36122.0,2021-07-20 09:20:00,2.0,4.443228486112869,5.783567151294784,4.48,5.86,7.84,14.99,1,1 vehicle
6542309,2021-07-21 12:38:00,2021,1-k6,SDU,33204.0,2021-07-21 12:40:00,2.0,10.740747312530548,7.807893229156674,10.57,6.71,10.68,15.77,2,2 or more vehicles
6543455,2021-07-22 18:00:00,2021,1-f7,SDU,31577.0,2021-07-22 18:00:00,0.0,0.9209975596684438,1.371046631608786,0.94,9.42,13.82,14.48,2,2 or more vehicles
6544431,2021-07-23 18:52:00,2021,955-05,SDU,35985.0,2021-07-23 18:50:00,2.0,3.8911597216108147,3.434487118274721,9.79,5.97,10.49,14.8,2,2 or more vehicles
6544498,2021-07-23 17:10:00,2021,54-05,SDU,31958.0,2021-07-23 17:10:00,0.0,11.951702665768353,7.188865613983409,12.35,3.45,5.0,10.93,2,2 or more vehicles
6545846,2021-07-25 16:55:00,2021,1-g1,SDU,31578.0,2021-07-25 16:50:00,5.0,5.942763500015673,5.843019343976989,10.93,10.22,23.42,11.44,2,2 or more vehicles
6547788,2021-07-27 14:47:00,2021,1-e2,SDU,1482.0,2021-07-27 14:50:00,3.0,2.911467749007233,2.638507861560012,3.46,3.85,5.88,13.57,2,2 or more vehicles
6548526,2021-07-26 00:26:00,2021,1-t5,SDU,4275.0,2021-07-26 00:30:00,4.0,5.10298357146668,4.136612856631306,8.49,16.65,20.44,6.69,1,1 vehicle
6548926,2021-07-28 18:46:00,2021,435-01,SDU,31488.0,2021-07-28 18:50:00,4.0,7.513430800750532,5.371941470327555,8.87,2.0,3.43,19.52,1,1 vehicle
6549709,2021-07-29 16:04:00,2021,286-01,SDU,6310.0,2021-07-29 16:00:00,4.0,6.074003289311792,5.122268425342239,9.37,1.59,3.16,21.79,1,1 vehicle
6551619,2021-07-31 12:03:00,2021,95-01,SDU,4271.0,2021-07-31 12:00:00,3.0,6.76236609227718,6.919019956377639,10.99,1.38,3.46,14.46,2,2 or more vehicles
6552989,2021-08-01 12:24:00,2021,643-07,SDU,2692.0,2021-08-01 12:20:00,4.0,5.065613185678346,9.173554504484168,18.07,3.4,4.31,11.97,1,1 vehicle
6554785,2021-08-03 17:16:00,2021,61-01,SDU,32377.0,2021-08-03 17:20:00,4.0,5.390131833703452,4.755521088381826,10.09,6.26,7.74,9.71,2,2 or more vehicles
6556900,2021-08-05 13:00:00,2021,1-s1,SDU,34326.0,2021-08-05 13:00:00,0.0,0.5332369630773588,2.795018837787393,7.88,2.53,3.63,11.26,1,1 vehicle
6557777,2021-08-06 07:08:00,2021,1-t6,SDU,34073.0,2021-08-06 07:10:00,2.0,0.11622444527444185,1.8570057529358144,11.17,0.95,1.67,8.56,1,1 vehicle
6558052,2021-08-06 15:39:00,2021,574-02,SDU,31931.0,2021-08-06 15:40:00,1.0,13.332505445984864,15.630862904651623,8.33,3.27,4.31,11.86,2,2 or more vehicles
6559652,2021-08-08 16:28:00,2021,1-c8,SDU,36308.0,2021-08-08 16:30:00,2.0,3.947367714510825,4.831712605587408,10.24,4.57,7.55,17.34,2,2 or more vehicles
6560380,2021-08-09 11:52:00,2021,75-03,SDU,3433.0,2021-08-09 11:50:00,2.0,2.6376250849713703,3.9158378277913126,9.46,4.11,4.96,18.2,2,2 or more vehicles
6560694,2021-08-09 19:10:00,2021,82-02,SDU,33563.0,2021-08-09 19:10:00,0.0,11.938742866948747,10.9166146109414,10.71,2.42,3.04,14.26,1,1 vehicle
6561796,2021-08-10 17:22:00,2021,1-g4,SDU,31674.0,2021-08-10 17:20:00,2.0,6.775660660820226,2.9434338577391106,8.41,2.15,3.23,15.14,2,2 or more vehicles
6562962,2021-08-11 19:30:00,2021,633-02,SDU,32654.0,2021-08-11 19:30:00,0.0,16.965392843675534,19.73350257913257,13.45,7.22,10.78,16.65,1,1 vehicle
6563900,2021-08-12 21:33:00,2021,360-03,SDU,31591.0,2021-08-12 21:30:00,3.0,5.198248502427288,7.306352513995508,12.42,7.22,11.27,13.07,1,1 vehicle
6565024,2021-08-13 17:01:00,2021,1-k6,SDU,33204.0,2021-08-13 17:00:00,1.0,9.563789321930642,7.807893229156674,10.57,4.04,5.98,11.33,1,1 vehicle
6565406,2021-08-14 13:44:00,2021,30-02,SDU,6310.0,2021-08-14 13:40:00,4.0,10.671531235206745,7.228154041565046,8.89,5.99,8.75,17.8,2,2 or more vehicles
6566030,2021-08-15 09:55:00,2021,1-p1,SDU,33357.0,2021-08-15 09:50:00,5.0,2.1037688977340525,2.6900827429345155,10.45,6.23,8.33,7.85,2,2 or more vehicles
6566872,2021-08-16 12:49:00,2021,1-d9,SDU,31488.0,2021-08-16 12:50:00,1.0,3.0933515850563147,3.4577407582901083,4.7,2.84,4.61,13.4,4,2 or more vehicles
6577414,2021-08-27 15:50:00,2021,427-11,SDU,31380.0,2021-08-27 15:50:00,0.0,8.99285195149427,4.968368046629869,13.94,6.02,9.11,14.18,1,1 vehicle
6578878,2021-08-29 17:46:00,2021,41-16,SDU,31363.0,2021-08-29 17:50:00,4.0,10.114409706138972,4.6115007826263295,11.62,5.27,6.96,11.12,1,1 vehicle
6581336,2021-09-01 15:16:00,2021,711-05,SDU,3317.0,2021-09-01 15:20:00,4.0,18.555455221673764,18.568666912081063,13.65,5.79,7.67,15.41,1,1 vehicle
6583338,2021-09-03 18:17:00,2021,82-03,SDU,33563.0,2021-09-03 18:20:00,3.0,2.9846194399183905,0.3760650112123629,11.32,3.4,5.39,15.68,1,1 vehicle
6583470,2021-09-03 19:46:00,2021,1-x3,SDU,35666.0,2021-09-03 19:50:00,4.0,14.68661165616091,11.238885693836824,11.23,8.87,10.78,11.46,1,1 vehicle
6583484,2021-09-03 22:02:00,2021,35-02,SDU,6300.0,2021-09-03 22:00:00,2.0,8.955928845909861,12.10977044219268,7.8,4.59,7.25,11.56,1,1 vehicle
6583748,2021-09-04 07:20:00,2021,41-16,SDU,31363.0,2021-09-04 07:20:00,0.0,0.31726987867626094,4.6115007826263295,11.62,9.74,13.23,12.47,1,1 vehicle
6587382,2021-09-08 07:43:00,2021,35-03,SDU,36411.0,2021-09-08 07:40:00,3.0,8.811680770914684,12.565510462223775,8.49,1.15,2.84,5.25,2,2 or more vehicles
6588022,2021-09-08 14:19:00,2021,1-h3,SDU,31985.0,2021-09-08 14:20:00,1.0,15.57785489399945,14.515482652677305,9.01,5.4,9.8,7.28,1,1 vehicle
6588790,2021-09-08 22:56:00,2021,75-02,SDU,3433.0,2021-09-08 23:00:00,4.0,8.140087353120288,13.688896355889275,13.94,6.72,11.47,10.43,1,1 vehicle
6591585,2021-09-12 16:05:00,2021,1-c5,SDU,6315.0,2021-09-12 16:00:00,5.0,5.635487228674866,4.189300750163836,3.03,12.49,17.61,11.23,1,1 vehicle
6592269,2021-09-13 15:46:00,2021,64-01,SDU,2631.0,2021-09-13 15:50:00,4.0,5.074741055339053,3.0850796312939655,6.8,5.6,8.1,10.1,1,1 vehicle
6592358,2021-09-12 17:24:00,2021,622-04,SDU,2530.0,2021-09-12 17:20:00,4.0,0.48973061093445225,1.4469379097884731,4.91,7.53,13.88,11.83,1,1 vehicle
6593861,2021-09-15 14:00:00,2021,85-10,SDU,34700.0,2021-09-15 14:00:00,0.0,11.473765255705178,10.855714753491744,9.86,2.11,3.14,13.86,1,1 vehicle
6593868,2021-09-15 14:12:00,2021,37-01,SDU,36504.0,2021-09-15 14:10:00,2.0,3.0777463249175514,6.431018773253294,12.209999999999996,1.88,3.53,11.26,3,2 or more vehicles
6594859,2021-09-16 13:51:00,2021,923-01,SDU,34148.0,2021-09-16 13:50:00,1.0,3.093119092274225,5.72350053157542,14.89,5.8,13.13,10.85,1,1 vehicle
6595849,2021-09-17 17:00:00,2021,35-05,SDU,36411.0,2021-09-17 17:00:00,0.0,5.217544310773474,3.3689289838627756,4.84,5.46,7.64,8.57,2,2 or more vehicles
6596617,2021-09-18 19:02:00,2021,1-m7,SDU,33451.0,2021-09-18 19:00:00,2.0,8.35428033810025,8.219589954983459,4.82,1.1,2.25,6.68,1,1 vehicle
6597283,2021-09-18 17:07:00,2021,1-h3,SDU,31985.0,2021-09-18 17:10:00,3.0,13.604182611677851,14.515482652677305,9.01,6.52,10.88,4.71,1,1 vehicle
6598159,2021-09-20 14:01:00,2021,920-01,SDU,4455.0,2021-09-20 14:00:00,1.0,13.415931067900509,7.12783776669109,13.98,6.51,8.59,11.8,1,1 vehicle
6598545,2021-09-20 22:32:00,2021,34-02,SDU,1395.0,2021-09-20 22:30:00,2.0,6.217280327344384,5.246626996155354,8.89,2.47,3.13,6.58,1,1 vehicle
6599287,2021-09-21 13:58:00,2021,1-b4,SDU,36049.0,2021-09-21 14:00:00,2.0,0.73888527421974,1.9506434494436529,12.13,19.2,40.28,7.48,1,1 vehicle
6599331,2021-09-21 20:06:00,2021,82-01,SDU,3463.0,2021-09-21 20:10:00,4.0,2.5440450419812937,2.8505006265868884,10.86,5.11,8.0,6.59,1,1 vehicle
6599977,2021-09-22 14:27:00,2021,93-02,SDU,34175.0,2021-09-22 14:30:00,3.0,0.6509986510832951,2.2346382814282277,9.91,6.41,10.58,-0.33,2,2 or more vehicles
6600948,2021-09-23 09:17:00,2021,1-d8,SDU,31392.0,2021-09-23 09:20:00,3.0,2.530254382556048,1.811228203445721,16.609999999999996,4.84,6.47,-0.11,3,2 or more vehicles
6601733,2021-09-24 08:44:00,2021,1-q9,SDU,33394.0,2021-09-24 08:40:00,4.0,2.258975304530954,0.908915067351008,12.67,3.0,4.02,-0.64,1,1 vehicle
6602371,2021-09-25 11:52:00,2021,55-02,SDU,31958.0,2021-09-25 11:50:00,2.0,17.128550913232235,19.776587122748936,14.34,9.02,18.82,5.15,1,1 vehicle
6603068,2021-09-26 13:34:00,2021,1-j1,SDU,32097.0,2021-09-26 13:30:00,4.0,7.985210400064019,3.198771852515269,10.85,14.91,22.93,1.42,2,2 or more vehicles
6604048,2021-09-27 16:31:00,2021,76-01,SDU,33451.0,2021-09-27 16:30:00,1.0,15.537156556813148,11.867168649887455,10.25,4.59,6.47,1.64,1,1 vehicle
6604201,2021-09-27 22:43:00,2021,76-08,SDU,33643.0,2021-09-27 22:40:00,3.0,3.3397900311759594,6.4254042227708075,11.86,1.76,2.45,1.32,1,1 vehicle
6605859,2021-09-30 07:16:00,2021,1-g3,SDU,1673.0,2021-09-30 07:20:00,4.0,6.1868002337259,5.382052364477969,11.64,3.71,4.67,3.59,1,1 vehicle
6606077,2021-09-30 10:37:00,2021,1-c0,SDU,6222.0,2021-09-30 10:40:00,3.0,6.402300758152101,6.323365886803895,10.13,2.08,7.12,7.24,1,1 vehicle
6606166,2021-09-30 07:41:00,2021,35-04,SDU,36411.0,2021-09-30 07:40:00,1.0,8.557557553145463,4.502054796897285,8.82,3.57,5.98,2.65,1,1 vehicle
6607685,2021-10-02 15:23:00,2021,1-c8,VHDU,36308.0,2021-10-02 15:20:00,3.0,4.6712378395341245,4.831712605587408,10.24,8.03,12.35,7.87,2,2 or more vehicles
6608695,2021-10-04 05:21:00,2021,1-d6,VHDU,31399.0,2021-10-04 05:20:00,1.0,5.478210223195203,2.8564832758413083,10.51,15.42,19.89,6.87,1,1 vehicle
6610177,2021-10-05 17:03:00,2021,427-05,VHDU,7365.0,2021-10-05 17:00:00,3.0,10.801214403331718,7.637129787024065,14.43,5.0,6.4,2.9,1,1 vehicle
6611092,2021-10-06 18:54:00,2021,1-f5,VHDU,31579.0,2021-10-06 18:50:00,4.0,2.2894651844621423,1.028741036313794,11.95,6.26,12.45,6.64,1,1 vehicle
6611529,2021-10-07 08:39:00,2021,41-16,VHDU,31363.0,2021-10-07 08:40:00,1.0,1.581614005879433,4.6115007826263295,11.62,11.76,14.9,7.67,2,2 or more vehicles
6611760,2021-10-07 10:32:00,2021,1-b5,VHDU,6045.0,2021-10-07 10:30:00,2.0,1.57582632468183,7.297304255791511,14.2,22.97,33.91,7.25,1,1 vehicle
6612604,2021-10-08 11:42:00,2021,1-b4,VHDU,36049.0,2021-10-08 11:40:00,2.0,7.462515180406841,1.9506434494436529,12.13,2.56,7.55,9.13,2,2 or more vehicles
6613513,2021-10-09 18:18:00,2021,50-01,VHDU,1779.0,2021-10-09 18:20:00,2.0,4.711711028701331,3.6583584434854974,9.24,5.76,9.41,5.44,2,2 or more vehicles
6613543,2021-10-09 21:04:00,2021,54-17,VHDU,31950.0,2021-10-09 21:00:00,4.0,2.772440462467358,0.9059057682404476,7.43,4.02,6.37,4.23,1,1 vehicle
6614936,2021-10-11 12:14:00,2021,1-f3,VHDU,1479.0,2021-10-11 12:10:00,4.0,0.7729327557866917,1.1330985534714593,4.78,3.94,6.72,6.03,2,2 or more vehicles
6615205,2021-10-11 15:41:00,2021,41-15,VHDU,1370.0,2021-10-11 15:40:00,1.0,2.490853962291793,1.361433362983291,13.26,5.84,7.9,6.41,2,2 or more vehicles
6616401,2021-10-12 16:39:00,2021,34-05,VHDU,1395.0,2021-10-12 16:40:00,1.0,1.9915005053629051,4.455773978664814,11.97,2.5,3.43,7.46,1,1 vehicle
6619070,2021-10-16 10:42:00,2021,931-01,VHDU,4271.0,2021-10-16 10:40:00,2.0,5.261128222160242,4.324276234984997,7.55,0.24,0.75,-0.22,1,1 vehicle
6619214,2021-10-16 13:55:00,2021,355-01,VHDU,36415.0,2021-10-16 13:50:00,5.0,6.7472882762197655,8.589900514068642,8.01,7.43,10.0,3.33,1,1 vehicle
6619616,2021-10-17 05:29:00,2021,41-16,VHDU,31363.0,2021-10-17 05:30:00,1.0,2.643582259892398,4.6115007826263295,11.62,10.45,13.82,-0.12,1,1 vehicle
6619635,2021-10-17 05:52:00,2021,1-d6,VHDU,31399.0,2021-10-17 05:50:00,2.0,0.24095785408959802,2.8564832758413083,10.51,11.38,16.27,-0.23,2,2 or more vehicles
6621097,2021-10-18 23:28:00,2021,417-02,VHDU,1487.0,2021-10-18 23:30:00,2.0,1.315745318578454,1.3892151095042993,4.3,9.81,11.99,4.9,2,2 or more vehicles
6624228,2021-10-21 21:23:00,2021,1-c0,VHDU,6222.0,2021-10-21 21:20:00,3.0,6.428248779507558,6.323365886803895,10.13,5.22,8.43,2.35,3,2 or more vehicles
6624277,2021-10-21 23:32:00,2021,1-b5,VHDU,6045.0,2021-10-21 23:30:00,2.0,13.831653265465018,7.297304255791511,14.2,0.65,1.04,2.26,1,1 vehicle
6628028,2021-10-26 20:19:00,2021,1-f3,VHDU,1479.0,2021-10-26 20:20:00,1.0,1.333553375938428,1.1330985534714593,4.78,5.26,9.28,6.42,1,1 vehicle
6628301,2021-10-26 12:33:00,2021,60-46,VHDU,2636.0,2021-10-26 12:30:00,3.0,2.3731405203134615,1.8431777366694395,7.28,14.47,16.92,-2.4,2,2 or more vehicles
6629134,2021-10-27 13:02:00,2021,60-09,VHDU,32179.0,2021-10-27 13:00:00,2.0,8.188167704599403,6.06551570552272,10.95,4.8,8.92,3.57,2,2 or more vehicles
6633002,2021-11-01 11:19:00,2021,1-h4,VHDU,32097.0,2021-11-01 11:20:00,1.0,8.73754698809554,6.809457005645053,11.07,7.97,10.09,-2.51,1,1 vehicle
6633402,2021-11-01 09:58:00,2021,829-01,VHDU,3471.0,2021-11-01 10:00:00,2.0,9.078317885552007,9.317363479954343,11.420000000000003,6.1,9.34,1.01,1,1 vehicle
6635982,2021-11-03 15:21:00,2021,1-f5,VHDU,31579.0,2021-11-03 15:20:00,1.0,2.9818302376662666,1.028741036313794,11.95,8.86,12.45,0.54,1,1 vehicle
6635983,2021-11-03 16:03:00,2021,47-02,VHDU,31578.0,2021-11-03 16:00:00,3.0,11.004180442487534,6.9871922755172635,11.5,9.12,25.28,5.68,1,1 vehicle
6638832,2021-11-06 17:04:00,2021,426-02,VHDU,31364.0,2021-11-06 17:00:00,4.0,1.4685757122772258,1.4561121092861575,4.75,5.63,7.74,1.57,1,1 vehicle
6639167,2021-11-06 14:57:00,2021,1-g4,VHDU,31674.0,2021-11-06 15:00:00,3.0,4.114969085453061,2.9434338577391106,8.41,3.87,5.0,0.5,2,2 or more vehicles
6639615,2021-11-08 01:05:00,2021,54-05,VHDU,31958.0,2021-11-08 01:00:00,5.0,2.738466935612215,7.188865613983409,12.35,10.19,15.58,2.29,2,2 or more vehicles
6640068,2021-11-08 12:51:00,2021,1-p5,VHDU,3463.0,2021-11-08 12:50:00,1.0,4.541854581511705,4.005505581134992,2.99,2.6,3.56,1.27,2,2 or more vehicles
6640152,2021-11-08 07:45:00,2021,82-02,VHDU,33563.0,2021-11-08 07:40:00,5.0,12.936074984296097,10.9166146109414,10.71,6.18,8.92,0.8,1,1 vehicle
6640518,2021-11-08 23:12:00,2021,1-q8,VHDU,33487.0,2021-11-08 23:10:00,2.0,6.292513868281846,6.748750985237469,10.05,5.56,8.23,1.69,1,1 vehicle
6641677,2021-11-09 12:46:00,2021,222-01,VHDU,6045.0,2021-11-09 12:50:00,4.0,10.423552095854596,10.290362108045628,1.25,9.95,13.16,6.45,1,1 vehicle
6642139,2021-11-10 12:30:00,2021,805-01,VHDU,33563.0,2021-11-10 12:30:00,0.0,5.768823272619789,6.467310384736099,10.5,6.06,10.19,0.37,1,1 vehicle
6645766,2021-11-14 10:13:00,2021,612-03,VHDU,2304.0,2021-11-14 10:10:00,3.0,5.586094645759262,10.535353510901745,17.24,6.66,18.13,5.78,1,1 vehicle
6649245,2021-11-17 17:33:00,2021,1-j2,VHDU,32097.0,2021-11-17 17:30:00,3.0,13.477189543171482,12.851629039775409,9.98,0.64,1.08,-3.1,3,2 or more vehicles
6650816,2021-11-19 10:33:00,2021,1-h1,VHDU,31882.0,2021-11-19 10:30:00,3.0,14.009895632608888,9.56603598582837,9.95,1.65,2.84,1.53,1,1 vehicle
6651048,2021-11-19 19:03:00,2021,39-01,VHDU,31387.0,2021-11-19 19:00:00,3.0,5.058318334097902,1.6348934580675056,15.7,1.31,3.14,2.36,2,2 or more vehicles
6652186,2021-11-21 11:33:00,2021,821-01,VHDU,3471.0,2021-11-21 11:30:00,3.0,7.196534851226917,7.64609910465302,5.69,4.85,9.9,5.09,1,1 vehicle
6654448,2021-11-23 17:32:00,2021,41-22,VHDU,1350.0,2021-11-23 17:30:00,2.0,2.341533871938026,2.259852353483001,1.88,4.24,5.45,1.29,2,2 or more vehicles
6654512,2021-11-23 19:55:00,2021,60-02,VHDU,31985.0,2021-11-23 19:50:00,5.0,0.41873168372498826,4.696286398233004,11.34,12.64,15.58,-3.52,1,1 vehicle
6655074,2021-11-24 12:08:00,2021,35-02,VHDU,6300.0,2021-11-24 12:10:00,2.0,8.84789846802767,12.10977044219268,7.8,7.26,11.66,-0.66,2,2 or more vehicles
6655313,2021-11-24 13:03:00,2021,61-24,VHDU,32474.0,2021-11-24 13:00:00,3.0,5.136662712606781,9.469232233801408,19.41,4.36,5.1,-7.19,1,1 vehicle
6657736,2021-11-27 16:00:00,2021,1-b1,VHDU,36156.0,2021-11-27 16:00:00,0.0,0.1752998389748704,4.49414143740731,8.79,3.22,4.31,-0.97,4,2 or more vehicles
6660563,2021-11-30 14:04:00,2021,1-b4,VHDU,36049.0,2021-11-30 14:00:00,4.0,4.2195448923153105,1.9506434494436529,12.13,1.71,3.43,1.03,1,1 vehicle
6663423,2021-12-04 12:08:00,2021,1-n1,VDU,33357.0,2021-12-04 12:10:00,2.0,12.243644632880788,7.600410813299837,10.63,1.64,3.04,-7.79,1,1 vehicle
6663645,2021-12-04 20:56:00,2021,1-g1,VDU,31578.0,2021-12-04 21:00:00,4.0,5.059480894543759,5.843019343976989,10.93,0.42,1.18,-1.02,1,1 vehicle
6664643,2021-12-05 16:29:00,2021,1-s6,VDU,34148.0,2021-12-05 16:30:00,1.0,2.530621942107681,0.6188238112472331,8.76,8.85,15.78,0.29,2,2 or more vehicles
6665306,2021-12-06 11:44:00,2021,41-15,VDU,1370.0,2021-12-06 11:40:00,4.0,4.735207130126763,1.361433362983291,13.26,4.47,5.74,1.1,1,1 vehicle
6665494,2021-12-06 18:38:00,2021,35-04,VDU,36411.0,2021-12-06 18:40:00,2.0,6.589303183075409,4.502054796897285,8.82,4.43,7.74,1.01,2,2 or more vehicles
6668173,2021-12-09 16:30:00,2021,85-13,VDU,4614.0,2021-12-09 16:30:00,0.0,17.27131462368058,14.947329654328932,11.53,5.9,9.0,2.5,1,1 vehicle
6668690,2021-12-10 10:56:00,2021,805-01,VDU,33563.0,2021-12-10 11:00:00,4.0,7.073491869785597,6.467310384736099,10.5,2.68,3.53,-0.14,1,1 vehicle
6669219,2021-12-11 02:18:00,2021,1-p4,VDU,3463.0,2021-12-11 02:20:00,2.0,2.6762224476221963,6.428645425378839,11.46,3.46,4.73,-5.91,1,1 vehicle
6670406,2021-12-12 17:54:00,2021,1-m4,VDU,33431.0,2021-12-12 17:50:00,4.0,3.2374215846662513,4.073257225176333,8.95,7.0,9.8,1.14,2,2 or more vehicles
6670917,2021-12-13 12:21:00,2021,35-04,VDU,36411.0,2021-12-13 12:20:00,1.0,8.651078605105162,4.502054796897285,8.82,2.78,3.92,0.2,1,1 vehicle
6673300,2021-12-14 23:52:00,2021,41-16,VDU,31363.0,2021-12-14 23:50:00,2.0,3.75949396510685,4.6115007826263295,11.62,6.9,14.99,3.14,1,1 vehicle
6673869,2021-12-15 12:44:00,2021,76-06,VDU,33643.0,2021-12-15 12:40:00,4.0,12.097191743559113,15.895931226517536,8.920000000000002,1.61,4.21,3.96,1,1 vehicle
6674334,2021-12-15 12:32:00,2021,1-h4,VDU,32097.0,2021-12-15 12:30:00,2.0,9.655342162423503,6.809457005645053,11.07,12.67,16.46,0.2,1,1 vehicle
6675694,2021-12-17 13:05:00,2021,41-16,VDU,31363.0,2021-12-17 13:00:00,5.0,9.882026188419255,4.6115007826263295,11.62,3.9,5.49,5.46,1,1 vehicle
6675837,2021-12-17 16:01:00,2021,1-g4,VDU,31674.0,2021-12-17 16:00:00,1.0,0.53533452352553,2.9434338577391106,8.41,4.25,6.66,5.62,2,2 or more vehicles
6676123,2021-12-17 20:02:00,2021,92-07,VDU,5981.0,2021-12-17 20:00:00,2.0,7.071342050875249,4.3294707374769,12.23,1.82,2.64,6.03,1,1 vehicle
6676392,2021-12-18 08:00:00,2021,1-e1,VDU,31488.0,2021-12-18 08:00:00,0.0,6.4451570074836555,3.522383406880032,9.57,4.72,5.88,6.42,1,1 vehicle
6677805,2021-12-19 15:47:00,2021,54-09,VDU,1936.0,2021-12-19 15:50:00,3.0,3.193704832531375,0.5920738112219328,11.25,0.0,0.8,6.1,1,1 vehicle
6678898,2021-12-20 17:38:00,2021,1-d2,VDU,6300.0,2021-12-20 17:40:00,2.0,8.68934112286112,6.730360832725801,13.7,2.3,3.29,-0.05,5,2 or more vehicles
6678908,2021-12-20 15:20:00,2021,32-01,VDU,6420.0,2021-12-20 15:20:00,0.0,5.172577004936432,1.8587537375923011,12.810000000000002,1.0,1.5,0.9,1,1 vehicle
6679105,2021-12-20 16:54:00,2021,34-03,VDU,1395.0,2021-12-20 16:50:00,4.0,2.387900011486023,1.9799264204565696,1.52,1.62,2.18,-0.37,1,1 vehicle
6679151,2021-12-20 19:38:00,2021,60-02,VDU,31985.0,2021-12-20 19:40:00,2.0,5.260164787596151,4.696286398233004,11.34,0.04,0.88,0.6,1,1 vehicle
6679686,2021-12-21 13:34:00,2021,1-h4,VDU,32097.0,2021-12-21 13:30:00,4.0,3.149052479247951,6.809457005645053,11.07,3.34,3.92,-4.62,1,1 vehicle
6679798,2021-12-21 13:22:00,2021,1-h4,VDU,32097.0,2021-12-21 13:20:00,2.0,11.263897485859516,6.809457005645053,11.07,3.53,4.12,-4.51,1,1 vehicle
6679995,2021-12-21 09:29:00,2021,1-k3,VDU,2197.0,2021-12-21 09:30:00,1.0,1.1236892903354618,5.350417813137898,11.85,3.6,4.9,-1.6,1,1 vehicle
6680800,2021-12-22 12:49:00,2021,54-06,VDU,31958.0,2021-12-22 12:50:00,1.0,6.886474385359358,3.816243689301748,12.21,2.05,7.15,1.07,3,2 or more vehicles
6680808,2021-12-20 22:50:00,2021,1-m5,VDU,33431.0,2021-12-20 22:50:00,0.0,10.555240657796263,6.468729395855224,14.15,1.69,3.72,-2.18,1,1 vehicle
6682651,2021-12-24 02:29:00,2021,1-g3,VDU,1673.0,2021-12-24 02:30:00,1.0,7.628899203318011,5.382052364477969,11.64,0.84,2.51,-2.99,1,1 vehicle
6686429,2021-12-27 18:24:00,2021,33-04,VDU,1395.0,2021-12-27 18:20:00,4.0,4.25747341352764,3.8873317209957774,3.0,10.34,14.77,-2.74,1,1 vehicle
6688133,2021-12-28 22:07:50,2021,1-d8,VDU,31392.0,2021-12-28 22:10:00,2.1666666666666665,2.4417994703789403,1.811228203445721,16.609999999999996,16.13,21.27,-4.16,2,2 or more vehicles
6688314,2021-12-23 16:01:00,2021,590-01,VDU,2175.0,2021-12-23 16:00:00,1.0,1.5224087936965336,5.040284797828875,11.26,3.0,3.8,-1.6,1,1 vehicle
6689229,2021-12-29 15:29:00,2021,60-09,VDU,32179.0,2021-12-29 15:30:00,1.0,3.557433192393441,6.06551570552272,10.95,12.71,19.21,-4.7,1,1 vehicle
6690921,2022-01-02 19:12:00,2022,1-d6,VDU,31399.0,2022-01-02 19:10:00,2.0,0.8491138891528419,2.8564832758413083,10.5,3.88,8.62,-6.23,1,1 vehicle
6692336,2022-01-04 08:41:00,2022,1-c8,VDU,36308.0,2022-01-04 08:40:00,1.0,8.371293874339907,4.831712605587408,10.239999999999998,3.98,5.29,-8.8,1,1 vehicle
6693629,2022-01-06 03:45:00,2022,41-15,VDU,1370.0,2022-01-06 03:40:00,5.0,1.963298931498536,1.361433362983291,13.26,20.48,29.01,4.36,1,1 vehicle
6694923,2022-01-07 19:35:00,2022,1-f5,VDU,31579.0,2022-01-07 19:30:00,5.0,4.144491670030141,1.028741036313794,11.95,14.42,18.42,0.28,3,2 or more vehicles
6698546,2022-01-12 15:20:00,2022,35-02,VDU,6300.0,2022-01-12 15:20:00,0.0,15.255719082892393,12.10977044219268,7.8,10.47,16.5,3.32,1,1 vehicle
6698584,2022-01-12 21:20:00,2022,1-q8,VDU,33487.0,2022-01-12 21:20:00,0.0,8.704414272994489,6.748750985237469,10.05,8.38,17.35,-0.54,1,1 vehicle
6698624,2022-01-13 00:44:00,2022,429-02,VDU,1350.0,2022-01-13 00:40:00,4.0,4.421383983841685,5.685793567904326,4.32,14.29,18.91,1.1,1,1 vehicle
6700546,2022-01-16 05:51:00,2022,43-01,VDU,31364.0,2022-01-16 05:50:00,1.0,1.8138466421261805,3.7630196539385503,13.38,5.52,7.35,-0.4,1,1 vehicle
6704998,2022-01-22 12:33:00,2022,82-02,VDU,33563.0,2022-01-22 12:30:00,3.0,14.696597483970107,10.9166146109414,10.71,11.31,18.42,0.75,1,1 vehicle
6705438,2022-01-23 08:12:00,2022,41-15,VDU,1370.0,2022-01-23 08:10:00,2.0,2.1864897679351167,1.361433362983291,13.26,9.74,14.63,-2.59,1,1 vehicle
6705458,2022-01-23 06:52:00,2022,35-01,VDU,31399.0,2022-01-23 06:50:00,2.0,4.976515575460946,4.900372212107007,8.290000000000001,6.35,10.19,-1.49,1,1 vehicle
6707504,2022-01-26 09:42:00,2022,917-08,VDU,4455.0,2022-01-26 09:40:00,2.0,3.646243837800575,4.0341030214687805,2.71,0.64,1.11,-2.76,1,1 vehicle
6709165,2022-01-28 17:07:00,2022,63-02,VDU,31122.0,2022-01-28 17:10:00,3.0,1.9087367405246258,0.0723277669925947,12.87,12.99,18.62,-8.83,1,1 vehicle
6709676,2022-01-29 14:06:00,2022,60-43,VDU,2530.0,2022-01-29 14:10:00,4.0,10.635453903120743,6.710546648763181,8.62,3.87,5.68,-0.98,1,1 vehicle
6709763,2022-01-29 19:25:00,2022,1-g4,VDU,31674.0,2022-01-29 19:20:00,5.0,1.13009392650079,2.9434338577391106,8.41,6.93,9.11,0.65,2,2 or more vehicles
6709791,2022-01-29 21:16:00,2022,1-m4,VDU,33431.0,2022-01-29 21:20:00,4.0,5.647272254091037,4.073257225176333,8.95,16.2,19.6,-3.26,2,2 or more vehicles
6711163,2022-01-31 16:10:00,2022,43-01,VDU,31364.0,2022-01-31 16:10:00,0.0,4.8402635516868076,3.7630196539385503,13.38,6.28,10.19,5.1,1,1 vehicle
6713761,2022-02-04 00:40:00,2022,1-a2,VDU,36386.0,2022-02-04 00:40:00,0.0,7.7172265811711505,6.384128057059852,11.12,17.12,24.99,-4.12,2,2 or more vehicles
6715235,2022-02-06 11:38:00,2022,1-z0,VDU,6499.0,2022-02-06 11:40:00,2.0,2.1937215449657477,4.548630125187953,10.22,8.9,13.6,0.4,1,1 vehicle
6716375,2022-02-08 09:42:00,2022,38-01,VDU,31392.0,2022-02-08 09:40:00,2.0,10.088469158771089,7.860927660955096,11.6,16.14,20.38,-3.33,1,1 vehicle
6716986,2022-02-09 08:08:00,2022,429-02,VDU,1350.0,2022-02-09 08:10:00,2.0,4.970088910792733,5.685793567904326,4.32,12.55,15.55,-0.9,1,1 vehicle
6717113,2022-02-09 08:55:00,2022,39-01,VDU,31387.0,2022-02-09 08:50:00,5.0,2.952926877240607,1.6348934580675056,15.7,10.9,17.74,-3.57,2,2 or more vehicles
6717271,2022-02-09 07:06:00,2022,1-u2,VDU,5975.0,2022-02-09 07:10:00,4.0,9.076037661051185,6.1636669433088285,5.9,9.1,13.0,0.4,1,1 vehicle
6717488,2022-02-09 15:52:00,2022,1-p2,VDU,33357.0,2022-02-09 15:50:00,2.0,12.214262198203894,12.445794851228827,9.9,3.09,4.21,-8.02,2,2 or more vehicles
6717527,2022-02-09 18:45:00,2022,1-f5,VDU,31579.0,2022-02-09 18:40:00,5.0,4.26206249269852,1.028741036313794,11.95,15.99,22.34,-3.57,2,2 or more vehicles
6718045,2022-02-10 14:54:00,2022,1-q5,VDU,33480.0,2022-02-10 14:50:00,4.0,4.831143984313554,8.323557642546657,13.83,5.49,8.62,-3.38,2,2 or more vehicles
6718463,2022-02-11 01:18:00,2022,823-01,VDU,3371.0,2022-02-11 01:20:00,2.0,8.637572934545263,8.716520375746207,2.12,8.2,12.0,-0.5,1,1 vehicle
6719063,2022-02-11 17:36:00,2022,1-c8,VDU,36308.0,2022-02-11 17:40:00,4.0,5.867619286944432,4.831712605587408,10.239999999999998,9.47,12.05,-3.58,2,2 or more vehicles
6719126,2022-02-09 00:25:00,2022,92-10,VDU,34087.0,2022-02-09 00:20:00,5.0,7.085526575144873,6.682100904890704,4.69,15.33,23.91,-4.97,1,1 vehicle
6720029,2022-02-13 15:53:00,2022,1-g4,VDU,31674.0,2022-02-13 15:50:00,3.0,0.385092242182069,2.9434338577391106,8.41,3.03,4.7,-4.81,1,1 vehicle
6720834,2022-02-14 19:07:00,2022,60-43,VDU,2530.0,2022-02-14 19:10:00,3.0,8.909348137041317,6.710546648763181,8.62,10.11,13.49,-0.02,1,1 vehicle
6722802,2022-02-17 12:00:00,2022,35-01,VDU,31399.0,2022-02-17 12:00:00,0.0,8.458406277615202,4.900372212107007,8.290000000000001,0.75,4.61,-1.34,1,1 vehicle
6723436,2022-02-18 07:50:00,2022,92-07,VDU,5981.0,2022-02-18 07:50:00,0.0,4.802998748882139,4.3294707374769,12.23,3.78,5.39,-2.55,2,2 or more vehicles
6724025,2022-02-19 11:35:00,2022,41-16,VDU,31363.0,2022-02-19 11:30:00,5.0,1.0409930209167175,4.6115007826263295,11.62,12.79,16.17,-2.77,1,1 vehicle
6724123,2022-02-19 12:15:00,2022,82-01,VDU,3463.0,2022-02-19 12:10:00,5.0,1.1454333720240824,2.8505006265868884,10.86,1.13,2.15,-5.13,2,2 or more vehicles
6724145,2022-02-19 16:17:00,2022,1-h4,VDU,32097.0,2022-02-19 16:20:00,3.0,6.245372999571371,6.809457005645053,11.07,4.85,11.56,-8.17,1,1 vehicle
6724351,2022-02-20 01:21:00,2022,1-q0,VDU,3471.0,2022-02-20 01:20:00,1.0,4.024809222286725,3.5305709872854014,2.13,1.6,6.07,-3.42,1,1 vehicle
6724514,2022-02-20 09:55:00,2022,1-e1,VDU,31488.0,2022-02-20 09:50:00,5.0,0.9908325741646758,3.522383406880032,9.57,17.22,25.97,-1.13,3,2 or more vehicles
6724543,2022-02-19 14:00:00,2022,36-02,VDU,31599.0,2022-02-19 14:00:00,0.0,8.957897638237993,11.862357694284489,12.92,15.05,21.46,-2.29,1,1 vehicle
6724611,2022-02-20 11:50:00,2022,821-04,VDU,3371.0,2022-02-20 11:50:00,0.0,2.7004183543330202,1.1005472736366726,7.81,11.6,14.4,0.0,1,1 vehicle
6725270,2022-02-21 17:05:00,2022,35-02,VDU,6300.0,2022-02-21 17:00:00,5.0,11.981175613555536,12.10977044219268,7.8,9.68,13.16,0.25,2,2 or more vehicles
6731874,2022-03-03 13:19:00,2022,426-01,VDU,31364.0,2022-03-03 13:20:00,1.0,2.507128492767688,1.731350363455631,2.35,8.77,11.27,3.98,1,1 vehicle
6734038,2022-03-06 15:28:00,2022,76-07,VDU,33643.0,2022-03-06 15:30:00,2.0,3.0655795405853272,5.475857574929004,13.91,14.59,22.15,0.71,2,2 or more vehicles
6734588,2022-03-07 14:22:00,2022,43-01,VDU,31364.0,2022-03-07 14:20:00,2.0,4.989881906067925,3.7630196539385503,13.38,5.35,10.58,-0.02,2,2 or more vehicles
6734639,2022-03-07 16:46:00,2022,43-01,VDU,31364.0,2022-03-07 16:50:00,4.0,2.5547804235138574,3.7630196539385503,13.38,2.67,4.8,1.0,3,2 or more vehicles
6740604,2022-03-15 12:44:00,2022,39-01,VDU,31387.0,2022-03-15 12:40:00,4.0,6.2305233047837945,1.6348934580675056,15.7,13.53,19.8,-2.66,2,2 or more vehicles
6740866,2022-03-15 17:52:00,2022,41-15,VDU,1370.0,2022-03-15 17:50:00,2.0,2.132210825069978,1.361433362983291,13.26,9.65,14.21,-1.79,4,2 or more vehicles
6741390,2022-03-16 10:57:00,2022,51-02,VDU,31572.0,2022-03-16 11:00:00,3.0,7.622663865842312,5.773738212981441,11.240000000000002,4.67,13.13,-1.39,1,1 vehicle
6742295,2022-03-16 11:31:00,2022,61-43,VDU,2643.0,2022-03-16 11:30:00,1.0,1.3756223013542288,1.4872992616818663,3.07,4.14,6.92,-2.26,1,1 vehicle
6742644,2022-03-18 09:34:00,2022,1-j2,VDU,32097.0,2022-03-18 09:30:00,4.0,8.53854818696096,12.851629039775409,9.98,12.45,15.48,-5.43,7,2 or more vehicles
6742717,2022-03-18 07:47:00,2022,427-12,VDU,31380.0,2022-03-18 07:50:00,3.0,4.641413152818474,8.344923350684882,14.45,10.55,14.5,0.66,1,1 vehicle
6744070,2022-03-20 09:29:00,2022,75-02,VDU,3433.0,2022-03-20 09:30:00,1.0,18.69715483473917,13.688896355889275,13.94,4.54,7.64,0.53,1,1 vehicle
6745070,2022-03-21 10:36:00,2022,420-01,VDU,31363.0,2022-03-21 10:40:00,4.0,2.9130442729992563,3.8504227892375225,11.31,4.83,6.17,1.49,1,1 vehicle
6748229,2022-03-24 21:27:00,2022,1-k2,VDU,2197.0,2022-03-24 21:30:00,3.0,3.0504469703394714,6.007449718079592,11.35,11.0,13.3,-3.3,1,1 vehicle
6749018,2022-03-25 17:00:00,2022,1-v8,VDU,35769.0,2022-03-25 17:00:00,0.0,5.737181459241777,2.971670386203585,7.97,3.57,4.8,-1.75,1,1 vehicle
6757523,2022-04-05 23:11:00,2022,1-p1,VHDU,33357.0,2022-04-05 23:10:00,1.0,6.543317216178086,2.6900827429345155,10.45,9.72,12.35,-6.35,2,2 or more vehicles
6758038,2022-04-06 14:30:00,2022,43-01,VHDU,31364.0,2022-04-06 14:30:00,0.0,7.899449520007154,3.7630196539385503,13.38,11.56,15.58,0.24,3,2 or more vehicles
6759298,2022-04-08 11:07:00,2022,30-06,VHDU,36415.0,2022-04-08 11:10:00,3.0,3.249229417622255,4.716207867910791,12.47,1.17,2.35,0.29,1,1 vehicle
6760575,2022-04-09 16:03:00,2022,1-m9,VHDU,33451.0,2022-04-09 16:00:00,3.0,7.586937672785287,3.2644947156683037,11.1,6.75,9.9,2.71,1,1 vehicle
6761461,2022-04-11 16:05:00,2022,41-15,VHDU,1370.0,2022-04-11 16:00:00,5.0,4.789949575972486,1.361433362983291,13.26,7.95,11.07,6.37,2,2 or more vehicles
6761500,2022-04-11 16:48:00,2022,46-01,VHDU,1350.0,2022-04-11 16:50:00,2.0,4.797032702992027,4.874633524047598,1.72,8.74,10.81,6.24,2,2 or more vehicles
6764017,2022-04-14 11:54:00,2022,1-g4,VHDU,31674.0,2022-04-14 11:50:00,4.0,0.06668149684755814,2.9434338577391106,8.41,20.56,31.65,10.86,3,2 or more vehicles
6768109,2022-04-20 14:17:00,2022,1-t6,VHDU,34073.0,2022-04-20 14:20:00,3.0,0.19639228140711157,1.8570057529358144,11.15,8.19,11.86,5.05,1,1 vehicle
6768973,2022-04-21 20:39:00,2022,42-02,VHDU,1370.0,2022-04-21 20:40:00,1.0,11.330421447155414,11.330292093996302,13.38,3.73,4.73,8.49,1,1 vehicle
6769641,2022-04-22 17:00:00,2022,1-u8,VHDU,35884.0,2022-04-22 17:00:00,0.0,1.1810822979445612,2.0838379564469443,7.66,1.96,2.94,4.63,2,2 or more vehicles
6771549,2022-04-25 11:01:00,2022,41-16,VHDU,31363.0,2022-04-25 11:00:00,1.0,4.805501659980369,4.6115007826263295,11.62,3.13,4.31,6.61,2,2 or more vehicles
6771892,2022-04-25 14:07:00,2022,360-02,VHDU,1493.0,2022-04-25 14:10:00,3.0,10.800794905126283,9.100636214623147,12.5,3.08,4.5,5.75,1,1 vehicle
6775995,2022-04-30 10:55:00,2022,45-01,VHDU,1453.0,2022-04-30 10:50:00,5.0,5.519602592326822,6.206697467082469,5.890000000000001,5.04,6.86,6.97,2,2 or more vehicles
6776190,2022-04-30 09:25:00,2022,429-02,VHDU,1350.0,2022-04-30 09:20:00,5.0,4.668047583752478,5.685793567904326,4.32,3.28,5.09,6.37,2,2 or more vehicles
6776192,2022-04-30 09:05:00,2022,429-02,VHDU,1350.0,2022-04-30 09:00:00,5.0,4.678507409991465,5.685793567904326,4.32,3.27,4.27,5.86,1,1 vehicle
6777956,2022-05-03 07:26:00,2022,1-q7,VHDU,33487.0,2022-05-03 07:30:00,4.0,0.41979886601541283,2.473295195759243,9.65,0.38,0.88,-1.43,1,1 vehicle
6782262,2022-05-08 05:45:00,2022,41-15,VHDU,1370.0,2022-05-08 05:40:00,5.0,5.785512575438104,1.361433362983291,13.26,6.87,10.03,8.35,1,1 vehicle
6784081,2022-05-10 11:08:00,2022,1-b6,VHDU,6134.0,2022-05-10 11:10:00,2.0,1.073838811906682,5.751425337701231,12.46,7.12,9.15,10.37,1,1 vehicle
6786232,2022-05-12 21:04:00,2022,1-f5,VHDU,31579.0,2022-05-12 21:00:00,4.0,5.83104878027273,1.028741036313794,11.95,10.94,16.46,3.03,1,1 vehicle
6786915,2022-05-13 16:39:00,2022,34-02,VHDU,1395.0,2022-05-13 16:40:00,1.0,8.081578789564597,5.246626996155354,8.89,5.36,8.2,6.56,3,2 or more vehicles
6787220,2022-05-14 01:56:00,2022,41-17,VHDU,1350.0,2022-05-14 02:00:00,4.0,8.908839632027858,6.841931195549181,4.66,1.67,2.09,0.48,2,2 or more vehicles
6787348,2022-05-14 03:42:00,2022,1-g3,VHDU,31674.0,2022-05-14 03:40:00,2.0,11.258067525233203,6.51508528335336,11.64,4.01,7.74,1.1,1,1 vehicle
6787663,2022-05-14 16:23:00,2022,54-12,VHDU,1938.0,2022-05-14 16:20:00,3.0,3.677812455255359,5.122886456510389,8.59,4.1,5.8,6.0,1,1 vehicle
6788274,2022-05-15 21:59:00,2022,1-m5,VHDU,33431.0,2022-05-15 22:00:00,1.0,10.210769977024345,6.468729395855224,14.15,1.04,3.43,6.99,1,1 vehicle
6788654,2022-05-16 09:41:00,2022,1-z0,VHDU,6499.0,2022-05-16 09:40:00,1.0,4.424597796421985,4.548630125187953,10.22,5.4,8.9,11.8,1,1 vehicle
6789047,2022-05-16 15:03:00,2022,63-03,VHDU,32322.0,2022-05-16 15:00:00,3.0,1.543861358080463,0.5913013752688775,14.58,3.66,4.8,8.83,1,1 vehicle
6792864,2022-05-20 12:07:00,2022,64-01,VHDU,2631.0,2022-05-20 12:10:00,3.0,2.4417533968652383,3.0850796312939655,6.8,2.3,3.3,8.8,2,2 or more vehicles
6793293,2022-05-21 05:09:00,2022,1-p4,VHDU,3463.0,2022-05-21 05:10:00,1.0,2.643684220861103,6.428645425378839,11.46,0.32,0.68,5.62,1,1 vehicle
6794575,2022-05-22 22:19:00,2022,1-f8,VHDU,31578.0,2022-05-22 22:20:00,1.0,3.537931951214904,3.061232100935264,5.76,6.35,9.31,7.34,1,1 vehicle
6796447,2022-05-24 19:27:00,2022,82-01,VHDU,3463.0,2022-05-24 19:30:00,3.0,2.120946939618488,2.8505006265868884,10.86,3.82,5.03,7.04,1,1 vehicle
6797276,2022-05-25 19:54:00,2022,1-h2,VHDU,31986.0,2022-05-25 19:50:00,4.0,7.612460509799708,7.866618385353681,10.7,4.96,6.86,2.91,1,1 vehicle
6799597,2022-05-28 21:23:00,2022,427-04,VHDU,31365.0,2022-05-28 21:20:00,3.0,2.430519711442211,0.1007673098225247,7.26,5.76,10.0,9.24,1,1 vehicle
6799609,2022-05-28 21:20:00,2022,215-01,VHDU,36049.0,2022-05-28 21:20:00,0.0,2.2957964976821716,2.094744433060866,4.62,1.44,1.96,9.16,1,1 vehicle
6802302,2022-06-01 02:17:00,2022,1-t7,SDU,5975.0,2022-06-01 02:20:00,3.0,5.130379479529511,5.388181282951978,10.5,0.3,1.5,6.8,2,2 or more vehicles
6803456,2022-06-02 08:14:00,2022,92-11,SDU,5990.0,2022-06-02 08:10:00,4.0,6.7614313875805525,4.856153771530656,6.0,1.97,2.9,3.41,1,1 vehicle
6805620,2022-06-04 12:17:00,2022,35-03,SDU,36411.0,2022-06-04 12:20:00,3.0,15.885638479350177,12.565510462223775,8.49,0.81,2.74,10.83,3,2 or more vehicles
6806575,2022-06-05 15:46:00,2022,41-15,SDU,1370.0,2022-06-05 15:50:00,4.0,5.233236598061501,1.361433362983291,13.26,6.46,9.34,9.51,3,2 or more vehicles
6806586,2022-06-05 13:19:00,2022,340-01,SDU,6420.0,2022-06-05 13:20:00,1.0,10.184419908135112,8.398906561639683,6.159999999999999,5.8,8.2,9.7,1,1 vehicle
6808530,2022-06-07 15:58:00,2022,82-01,SDU,3463.0,2022-06-07 16:00:00,2.0,1.8181451267243225,2.8505006265868884,10.86,3.9,4.83,13.87,1,1 vehicle
6809376,2022-06-08 15:25:00,2022,939-02,SDU,35963.0,2022-06-08 15:20:00,5.0,0.4874664861878873,3.881853818299356,12.03,4.98,6.66,6.62,1,1 vehicle
6811318,2022-06-10 14:01:00,2022,82-11,SDU,33654.0,2022-06-10 14:00:00,1.0,17.991666840718075,19.020397788547022,9.94,9.74,14.99,7.5,1,1 vehicle
6813587,2022-06-13 15:51:00,2022,815-01,SDU,3463.0,2022-06-13 15:50:00,1.0,5.99328848090952,6.41216742342198,13.61,3.08,3.72,14.57,1,1 vehicle
6815313,2022-06-15 15:43:00,2022,38-03,SDU,1395.0,2022-06-15 15:40:00,3.0,10.294544374206666,10.795312424017284,3.54,7.12,8.89,11.47,2,2 or more vehicles
6815770,2022-06-15 07:18:00,2022,1-g1,SDU,31578.0,2022-06-15 07:20:00,2.0,7.213945219595995,5.843019343976989,10.93,1.92,5.19,9.48,2,2 or more vehicles
6816452,2022-06-16 15:50:00,2022,1-a8,SDU,36270.0,2022-06-16 15:50:00,0.0,18.134266219816208,16.421669205008133,8.82,5.05,7.84,10.68,2,2 or more vehicles
6817120,2022-06-17 13:51:00,2022,643-06,SDU,2692.0,2022-06-17 13:50:00,1.0,7.914917478696085,8.875510890828616,18.61,7.87,9.77,7.84,1,1 vehicle
6817708,2022-06-18 12:07:00,2022,1-a2,SDU,36386.0,2022-06-18 12:10:00,3.0,9.017080342446825,6.384128057059852,11.12,9.94,18.72,15.18,1,1 vehicle
6818545,2022-06-19 12:50:00,2022,1-j1,SDU,32097.0,2022-06-19 12:50:00,0.0,0.05499268924404309,3.198771852515269,10.85,18.63,24.01,8.65,3,2 or more vehicles
6820075,2022-06-20 15:05:00,2022,1-d8,SDU,31392.0,2022-06-20 15:00:00,5.0,3.7581632924638715,1.811228203445721,16.61,4.48,5.78,8.63,2,2 or more vehicles
6820905,2022-06-21 14:04:00,2022,931-02,SDU,4271.0,2022-06-21 14:00:00,4.0,11.061076924686866,12.629268396948548,10.18,6.34,9.28,12.67,1,1 vehicle
6821015,2022-06-21 19:18:00,2022,1-h4,SDU,32097.0,2022-06-21 19:20:00,2.0,2.4980784856739353,6.809457005645053,11.07,18.38,23.32,6.44,1,1 vehicle
6823867,2022-06-24 16:28:00,2022,30-01,SDU,6310.0,2022-06-24 16:30:00,2.0,2.3303478800327135,2.8295859653891235,8.07,7.16,10.42,10.34,2,2 or more vehicles
6824926,2022-06-26 09:16:00,2022,1-m8,SDU,33451.0,2022-06-26 09:20:00,4.0,6.669365970710069,4.788530381206608,5.33,9.18,11.86,5.4,1,1 vehicle
6826260,2022-06-27 16:33:00,2022,38-02,SDU,31387.0,2022-06-27 16:30:00,3.0,10.720412173575465,9.944325910548493,4.01,2.77,4.12,10.61,2,2 or more vehicles
6831747,2022-07-03 04:51:00,2022,509-01,SDU,31572.0,2022-07-03 04:50:00,1.0,4.057713612870037,4.617891033666576,1.51,0.57,2.84,9.5,1,1 vehicle
6832046,2022-07-03 16:02:00,2022,1-a8,SDU,36270.0,2022-07-03 16:00:00,2.0,18.17045400872071,16.421669205008133,8.82,11.99,18.62,10.55,1,1 vehicle
6832447,2022-07-04 07:54:00,2022,41-15,SDU,1370.0,2022-07-04 07:50:00,4.0,5.367296061681663,1.361433362983291,13.26,3.47,5.25,9.31,1,1 vehicle
6834423,2022-07-05 19:12:00,2022,f910-05,SDU,4019.0,2022-07-05 19:10:00,2.0,5.3988069291795036,5.925288717379889,12.29,5.31,7.31,9.74,1,1 vehicle
6834449,2022-07-05 20:35:00,2022,939-02,SDU,35963.0,2022-07-05 20:30:00,5.0,7.219845708533079,3.881853818299356,12.03,0.29,0.88,7.35,1,1 vehicle
6835984,2022-07-07 13:40:00,2022,1-y5,SDU,35315.0,2022-07-07 13:40:00,0.0,0.5058888143986486,1.6088174154424382,8.37,20.08,30.48,13.99,1,1 vehicle
6836452,2022-07-08 02:55:00,2022,204-01,SDU,6272.0,2022-07-08 02:50:00,5.0,6.005526923895954,5.2154869670125,12.920000000000002,2.81,4.86,7.95,1,1 vehicle
6836645,2022-06-05 16:30:00,2022,35-08,SDU,36519.0,2022-06-05 16:30:00,0.0,3.9779670953443333,5.046269591968834,8.73,1.33,2.16,5.86,2,2 or more vehicles
6837087,2022-07-08 13:54:00,2022,255-01,SDU,6222.0,2022-07-08 13:50:00,4.0,10.13472165597828,11.422895962927598,10.89,5.08,7.15,11.63,1,1 vehicle
6837281,2022-07-08 18:56:00,2022,1-s6,SDU,34148.0,2022-07-08 19:00:00,4.0,2.80685021643843,0.6188238112472331,8.76,7.84,11.76,9.27,3,2 or more vehicles
6837513,2022-07-09 02:10:00,2022,1-d8,SDU,31392.0,2022-07-09 02:10:00,0.0,0.681596938203457,1.811228203445721,16.61,3.17,4.8,5.89,1,1 vehicle
6839664,2022-07-11 10:28:00,2022,54-14,SDU,1938.0,2022-07-11 10:30:00,2.0,2.776566166053757,2.202216414079087,4.17,1.7,3.0,11.4,1,1 vehicle
6840344,2022-07-12 14:16:00,2022,1-a4,SDU,6272.0,2022-07-12 14:20:00,4.0,3.267339323796877,4.907967091663654,11.410000000000002,12.88,19.5,14.33,2,2 or more vehicles
6843229,2022-07-15 17:11:00,2022,f207-01,SDU,6459.0,2022-07-15 17:10:00,1.0,14.894633262514123,14.010699033647844,26.61,6.3,9.21,7.21,1,1 vehicle
6846157,2022-07-18 17:23:00,2022,f88-01,SDU,4830.0,2022-07-18 17:20:00,3.0,11.369706434285254,13.001788036250554,59.05,6.5,9.3,12.9,1,1 vehicle
6846432,2022-07-19 14:25:00,2022,39-01,SDU,31387.0,2022-07-19 14:20:00,5.0,5.263352640448656,1.6348934580675056,15.7,2.64,4.61,12.46,2,2 or more vehicles
6848096,2022-07-21 14:54:00,2022,41-15,SDU,1370.0,2022-07-21 14:50:00,4.0,3.7403492581619506,1.361433362983291,13.26,4.95,6.82,12.72,2,2 or more vehicles
6849055,2022-07-22 19:19:00,2022,51-01,SDU,31572.0,2022-07-22 19:20:00,1.0,1.4335364622629319,0.926567118382983,7.16,1.38,2.35,13.41,1,1 vehicle
6850205,2022-07-23 19:17:00,2022,919-02,SDU,34450.0,2022-07-23 19:20:00,3.0,8.740612377914251,7.871567825658517,6.720000000000001,1.91,2.84,7.89,1,1 vehicle
6850407,2022-07-24 09:58:00,2022,60-24,SDU,32365.0,2022-07-24 10:00:00,2.0,8.061155007799531,5.444060080340623,8.31,1.92,3.04,8.41,1,1 vehicle
6852832,2022-07-26 10:43:00,2022,1-k6,SDU,33204.0,2022-07-26 10:40:00,3.0,9.163790518774304,7.807893229156674,10.57,2.88,4.41,12.77,1,1 vehicle
6853056,2022-07-27 16:35:00,2022,85-04,SDU,3696.0,2022-07-27 16:30:00,5.0,6.6761803495080105,4.839250240206277,7.15,3.25,7.15,15.44,2,2 or more vehicles
6854831,2022-07-29 22:49:00,2022,1-b7,SDU,36132.0,2022-07-29 22:50:00,1.0,3.715432864569545,3.5572778320905845,13.08,1.34,1.96,9.48,1,1 vehicle
6856358,2022-07-31 10:26:00,2022,864-02,SDU,34413.0,2022-07-31 10:30:00,4.0,19.395368325876454,14.575536427639673,12.78,9.03,12.45,6.3,1,1 vehicle
6856409,2022-07-31 13:16:00,2022,1-f5,SDU,31579.0,2022-07-31 13:20:00,4.0,1.1432536911581217,1.028741036313794,11.95,5.84,9.02,11.74,6,2 or more vehicles
6856450,2022-07-31 14:06:00,2022,351-01,SDU,36504.0,2022-07-31 14:10:00,4.0,16.17690346073392,15.161977699896108,9.21,4.76,7.74,11.4,1,1 vehicle
6860552,2022-08-05 06:52:00,2022,50-01,SDU,1779.0,2022-08-05 06:50:00,2.0,4.049354347145602,3.6583584434854974,9.24,1.73,2.54,3.93,1,1 vehicle
6860612,2022-08-04 20:03:00,2022,944-01,SDU,34382.0,2022-08-04 20:00:00,3.0,13.796890496959488,16.298484172168443,8.02,18.86,21.66,3.6,2,2 or more vehicles
6860852,2022-08-05 09:14:00,2022,1-t0,SDU,4271.0,2022-08-05 09:10:00,4.0,13.14575674887299,16.112146503479053,8.969999999999999,3.78,5.19,13.04,2,2 or more vehicles
6862578,2022-08-07 19:24:00,2022,94-03,SDU,4271.0,2022-08-07 19:20:00,4.0,11.172165458627504,15.26307140589362,8.98,7.26,12.48,13.54,1,1 vehicle
6865710,2022-08-11 21:51:00,2022,93-02,SDU,34175.0,2022-08-11 21:50:00,1.0,2.4336403039132715,2.2346382814282277,9.91,1.08,2.25,8.08,1,1 vehicle
6866761,2022-08-13 03:35:00,2022,427-12,SDU,31380.0,2022-08-13 03:30:00,5.0,14.925340051878985,8.344923350684882,14.45,1.15,2.16,8.28,1,1 vehicle
6866823,2022-08-12 11:04:00,2022,60-36,SDU,2428.0,2022-08-12 11:00:00,4.0,18.87484532843966,17.093410122889587,11.9,2.13,4.86,9.89,1,1 vehicle
6868863,2022-08-15 17:52:00,2022,63-03,SDU,32322.0,2022-08-15 17:50:00,2.0,2.756547270781575,0.5913013752688775,14.58,3.17,5.98,8.08,1,1 vehicle
6870704,2022-08-17 15:14:00,2022,1-b7,SDU,36132.0,2022-08-17 15:10:00,4.0,2.527117085401792,3.5572778320905845,13.08,11.82,18.72,10.14,2,2 or more vehicles
6871355,2022-08-18 07:38:00,2022,39-01,SDU,31387.0,2022-08-18 07:40:00,2.0,4.12341064178545,1.6348934580675056,15.7,4.0,6.47,7.74,1,1 vehicle
6872011,2022-08-18 16:05:00,2022,1-c8,SDU,36308.0,2022-08-18 16:00:00,5.0,1.5467948465961296,4.831712605587408,10.239999999999998,5.31,7.64,14.12,2,2 or more vehicles
6872965,2022-08-19 13:04:00,2022,f208-03,SDU,6459.0,2022-08-19 13:00:00,4.0,17.270148079038908,17.534650901415567,27.69,3.98,7.12,9.74,1,1 vehicle
6873054,2022-08-19 18:37:00,2022,1-h0,SDU,31882.0,2022-08-19 18:40:00,3.0,0.7175979185403643,1.048912143314543,7.74,6.86,12.45,11.97,2,2 or more vehicles
6873242,2022-08-19 14:45:00,2022,305-01,SDU,6300.0,2022-08-19 14:40:00,5.0,7.9855295527084,7.954303100921914,9.57,4.9,8.92,13.2,1,1 vehicle
6875117,2022-08-22 13:48:00,2022,1-c7,SDU,6315.0,2022-08-22 13:50:00,2.0,6.004360830623916,7.2272366966,3.5,4.28,7.38,12.45,1,1 vehicle
6876162,2022-08-23 19:55:00,2022,919-01,SDU,4455.0,2022-08-23 19:50:00,5.0,3.3277555426105354,4.447097203716337,9.37,5.44,7.41,7.8,1,1 vehicle
6876995,2022-08-25 00:09:00,2022,33-01,SDU,6300.0,2022-08-25 00:10:00,1.0,5.697929619032865,5.943518754212103,12.81,0.66,2.12,10.2,1,1 vehicle
6879446,2022-08-27 11:16:00,2022,1-g8,SDU,1779.0,2022-08-27 11:20:00,4.0,6.162789444780691,4.97049771952842,8.59,2.09,4.18,11.67,2,2 or more vehicles
6881503,2022-08-29 12:54:00,2022,756-01,SDU,3225.0,2022-08-29 12:50:00,4.0,12.743772999915892,15.403277597611776,37.52,12.32,14.77,13.14,1,1 vehicle
6881659,2022-08-29 17:59:00,2022,f946-03,SDU,4193.0,2022-08-29 18:00:00,1.0,13.07481207678485,15.344865431304356,27.34,10.12,13.23,10.24,1,1 vehicle
6885435,2022-09-02 17:37:00,2022,85-43,SDU,34348.0,2022-09-02 17:40:00,3.0,4.621896468476313,6.283792359412352,11.54,4.04,5.49,7.95,1,1 vehicle
6885892,2022-09-03 11:50:00,2022,1-b5,SDU,6045.0,2022-09-03 11:50:00,0.0,2.9188310791170133,7.297304255791511,14.2,5.83,8.26,12.01,2,2 or more vehicles
6888128,2022-09-05 17:04:00,2022,1-h3,SDU,31986.0,2022-09-05 17:00:00,4.0,14.26597274545714,14.605165098678736,9.01,4.92,5.98,11.06,1,1 vehicle
6890845,2022-09-08 15:57:00,2022,76-04,SDU,3433.0,2022-09-08 16:00:00,3.0,14.68926316037047,16.232218446531423,13.07,1.73,2.41,11.15,1,1 vehicle
6893199,2022-09-11 23:39:00,2022,42-02,SDU,1370.0,2022-09-11 23:40:00,1.0,10.214936822773446,11.330292093996302,13.38,1.88,2.64,5.35,1,1 vehicle
6894938,2022-09-13 15:37:00,2022,1-d6,SDU,31399.0,2022-09-13 15:40:00,3.0,3.9828726031533948,2.8564832758413083,10.5,3.02,4.31,12.06,4,2 or more vehicles
6897780,2022-09-16 11:38:00,2022,93-03,SDU,4182.0,2022-09-16 11:40:00,2.0,3.950921910168319,5.336718228238104,14.04,0.37,1.2,8.39,1,1 vehicle
6897858,2022-09-16 14:34:00,2022,54-03,SDU,1868.0,2022-09-16 14:30:00,4.0,7.493744575018646,2.6913564127215324,14.07,5.3,7.3,9.5,2,2 or more vehicles
6898140,2022-09-16 19:28:00,2022,63-05,SDU,2428.0,2022-09-16 19:30:00,2.0,17.862501460476434,8.303324329029156,14.5,0.23,1.5,8.44,1,1 vehicle
6898724,2022-09-17 19:38:00,2022,35-02,SDU,6300.0,2022-09-17 19:40:00,2.0,13.332987203839828,12.10977044219268,7.8,1.2,2.09,7.29,1,1 vehicle
6899166,2022-09-18 12:35:00,2022,1-g2,SDU,31572.0,2022-09-18 12:30:00,5.0,10.250422655810512,9.734372846346778,1.1,8.57,13.13,12.38,3,2 or more vehicles
6901022,2022-09-20 11:43:00,2022,222-02,SDU,6045.0,2022-09-20 11:40:00,3.0,11.91195643727697,12.02481090057097,8.31,3.27,4.05,11.08,1,1 vehicle
6901372,2022-09-20 18:10:00,2022,1-v9,SDU,35769.0,2022-09-20 18:10:00,0.0,6.9316949857262244,8.350462002981429,12.96,2.59,3.82,15.36,2,2 or more vehicles
6915801,2022-10-08 11:58:00,2022,1-e1,VHDU,31488.0,2022-10-08 12:00:00,2.0,5.018417020068685,3.522383406880032,9.57,2.75,4.9,8.09,1,1 vehicle
6915900,2022-10-08 15:23:00,2022,82-08,VHDU,3658.0,2022-10-08 15:20:00,3.0,4.219099713310644,4.0233059203129375,7.32,6.61,8.98,3.12,1,1 vehicle
6916110,2022-10-08 19:04:00,2022,1-s3,VHDU,4830.0,2022-10-08 19:00:00,4.0,7.622964862101301,8.915535731181778,8.08,7.3,9.0,0.6,1,1 vehicle
6918803,2022-10-11 23:41:00,2022,36-07,VHDU,31591.0,2022-10-11 23:40:00,1.0,0.08006441688189608,2.4786463022842136,5.1,5.0,6.57,2.32,1,1 vehicle
6919360,2022-10-11 17:12:00,2022,39-01,VHDU,31387.0,2022-10-11 17:10:00,2.0,0.49733607391579976,1.6348934580675056,15.7,5.17,10.49,4.35,3,2 or more vehicles
6919583,2022-10-12 21:07:00,2022,1-d6,VHDU,31399.0,2022-10-12 21:10:00,3.0,1.3998714728964896,2.8564832758413083,10.5,4.99,7.55,5.21,1,1 vehicle
6919857,2022-10-13 08:01:00,2022,821-02,VHDU,3371.0,2022-10-13 08:00:00,1.0,11.005539200739959,10.215577281106947,3.92,1.7,2.4,1.2,1,1 vehicle
6922031,2022-10-16 10:31:00,2022,1-f5,VHDU,31579.0,2022-10-16 10:30:00,1.0,0.08611331623729279,1.028741036313794,11.95,28.09,41.85,2.19,2,2 or more vehicles
6922087,2022-10-16 12:27:00,2022,1-b8,VHDU,36122.0,2022-10-16 12:30:00,3.0,4.207778101054741,3.3807083606755346,11.8,12.48,19.5,3.86,1,1 vehicle
6922290,2022-10-16 13:53:00,2022,61-21,VHDU,2481.0,2022-10-16 13:50:00,3.0,9.22505342184963,6.2608090114832855,9.71,9.33,12.81,1.22,1,1 vehicle
6922809,2022-10-17 08:19:00,2022,1-r0,VHDU,4300.0,2022-10-17 08:20:00,1.0,6.29332614625027,2.8862770126462127,12.38,1.14,1.37,-0.36,1,1 vehicle
6929010,2022-10-24 14:18:00,2022,43-01,VHDU,31364.0,2022-10-24 14:20:00,2.0,2.559010178179526,3.7630196539385503,13.38,4.96,8.62,7.03,1,1 vehicle
6932658,2022-10-27 18:07:00,2022,518-03,VHDU,6802.0,2022-10-27 18:10:00,3.0,5.07578545095322,3.1057314137550858,11.43,0.23,0.58,-1.19,3,2 or more vehicles
6933074,2022-10-28 10:48:00,2022,36-01,VHDU,31399.0,2022-10-28 10:50:00,2.0,9.110833717477405,11.778691413624069,9.29,2.23,5.39,4.66,1,1 vehicle
6933110,2022-10-28 08:14:00,2022,410-02,VHDU,1474.0,2022-10-28 08:10:00,4.0,0.7909485311669802,1.0124419195667345,4.35,0.5,1.2,0.6,2,2 or more vehicles
6937734,2022-11-01 09:51:00,2022,1-e1,VHDU,31488.0,2022-11-01 09:50:00,1.0,0.8856725170489855,3.522383406880032,9.57,3.79,4.7,1.11,2,2 or more vehicles
6937825,2022-11-01 09:29:00,2022,1-f8,VHDU,31578.0,2022-11-01 09:30:00,1.0,4.342702547264006,3.061232100935264,5.76,0.94,2.16,4.72,3,2 or more vehicles
6939028,2022-11-02 19:59:00,2022,35-02,VHDU,6300.0,2022-11-02 20:00:00,1.0,10.067440490620926,12.10977044219268,7.8,4.8,7.12,1.95,1,1 vehicle
6939868,2022-11-03 18:42:00,2022,1-m5,VHDU,33431.0,2022-11-03 18:40:00,2.0,3.8563640445821594,6.468729395855224,14.15,2.17,3.23,-0.08,1,1 vehicle
6939963,2022-11-03 21:36:00,2022,826-01,VHDU,3371.0,2022-11-03 21:40:00,4.0,13.345995040701293,12.811512938890258,12.22,0.9,1.6,1.8,1,1 vehicle
6940226,2022-11-04 07:53:00,2022,1-k4,VHDU,33204.0,2022-11-04 07:50:00,3.0,4.4381957740160765,4.377143261503581,4.07,0.88,2.35,-0.12,1,1 vehicle
6943519,2022-11-08 11:05:00,2022,35-05,VHDU,36411.0,2022-11-08 11:00:00,5.0,4.679103246794701,3.3689289838627756,4.84,4.99,9.9,5.2,2,2 or more vehicles
6944572,2022-11-09 14:55:00,2022,1-q3,VHDU,3474.0,2022-11-09 14:50:00,5.0,3.9243024684361343,3.9336919245067903,2.13,5.67,7.13,-0.02,1,1 vehicle
6944929,2022-11-10 08:01:00,2022,54-02,VHDU,1779.0,2022-11-10 08:00:00,1.0,8.29055492151159,11.0845394985849,12.06,7.64,12.87,4.7,2,2 or more vehicles
6946529,2022-11-12 10:58:00,2022,1-g5,VHDU,1779.0,2022-11-12 11:00:00,2.0,6.852021900618269,7.000866790432446,2.48,2.98,5.52,6.54,2,2 or more vehicles
6946782,2022-11-12 20:19:00,2022,35-03,VHDU,36411.0,2022-11-12 20:20:00,1.0,14.310807669335365,12.565510462223775,8.49,4.38,6.57,2.44,1,1 vehicle
6946954,2022-11-12 22:40:00,2022,410-02,VHDU,1474.0,2022-11-12 22:40:00,0.0,1.2817143003527591,1.0124419195667345,4.35,2.8,7.2,4.9,1,1 vehicle
6948364,2022-11-14 16:49:00,2022,61-24,VHDU,32474.0,2022-11-14 16:50:00,1.0,10.681851733466788,9.469232233801408,19.41,4.96,6.08,3.13,1,1 vehicle
6949973,2022-11-16 15:41:00,2022,75-06,VHDU,3433.0,2022-11-16 15:40:00,1.0,8.888008573056805,4.244214080639283,11.95,2.03,3.03,2.58,1,1 vehicle
6950352,2022-11-17 08:59:00,2022,68-10,VHDU,2481.0,2022-11-17 09:00:00,1.0,7.007095023677805,8.70501630835198,15.27,2.17,3.46,4.76,1,1 vehicle
6952634,2022-11-20 07:49:00,2022,60-03,VHDU,31986.0,2022-11-20 07:50:00,1.0,18.128402172726698,15.728864105123392,11.98,1.37,2.65,2.75,1,1 vehicle
6953104,2022-11-21 08:37:00,2022,1-n1,VHDU,33357.0,2022-11-21 08:40:00,3.0,10.245671906642652,7.600410813299837,10.63,3.4,5.1,1.26,1,1 vehicle
6954900,2022-11-23 15:32:00,2022,1-r3,VHDU,4406.0,2022-11-23 15:30:00,2.0,5.881583162336686,7.05860661928788,17.560000000000002,12.71,19.01,0.43,1,1 vehicle
6957123,2022-11-26 20:09:00,2022,1-k8,VHDU,3223.0,2022-11-26 20:10:00,1.0,14.663540344831155,15.384253879331345,11.4,1.0,1.73,-0.29,1,1 vehicle
6957179,2022-11-26 20:03:00,2022,1-d9,VHDU,31488.0,2022-11-26 20:00:00,3.0,2.500465962181358,3.4577407582901083,4.7,3.56,4.31,-0.88,1,1 vehicle
6957190,2022-11-26 20:01:00,2022,1-f5,VHDU,31579.0,2022-11-26 20:00:00,1.0,3.059571098322931,1.028741036313794,11.95,1.53,3.14,-1.05,1,1 vehicle
6957582,2022-11-27 11:35:00,2022,41-16,VHDU,31363.0,2022-11-27 11:30:00,5.0,4.005045125464484,4.6115007826263295,11.62,10.03,13.82,3.53,1,1 vehicle
6957636,2022-11-27 15:09:00,2022,58-01,VHDU,2050.0,2022-11-27 15:10:00,1.0,3.070121241204242,3.9981174783629543,8.670000000000002,5.98,9.73,2.95,1,1 vehicle
6958675,2022-11-28 23:15:00,2022,56-01,VHDU,31948.0,2022-11-28 23:10:00,5.0,2.5972458095546718,3.8833227234733703,10.98,11.04,13.52,1.32,1,1 vehicle
6960897,2022-12-02 09:35:00,2022,1-d8,VDU,31392.0,2022-12-02 09:30:00,5.0,5.321837413967776,1.811228203445721,16.61,6.34,9.9,2.86,1,1 vehicle
6961615,2022-12-03 10:53:00,2022,76-10,VDU,33751.0,2022-12-03 10:50:00,3.0,1.3713914283486577,0.615783075840013,8.0,3.51,4.31,1.36,1,1 vehicle
6961795,2022-12-03 15:10:00,2022,34-05,VDU,1395.0,2022-12-03 15:10:00,0.0,2.4594941986037444,4.455773978664814,11.97,3.67,4.73,1.64,2,2 or more vehicles
6962498,2022-12-04 21:09:00,2022,92-05,VDU,5975.0,2022-12-04 21:10:00,1.0,0.521180228082662,0.8526656987226161,1.24,0.7,1.7,2.2,1,1 vehicle
6963117,2022-12-05 16:07:00,2022,50-05,VDU,1781.0,2022-12-05 16:10:00,3.0,3.299574867598983,4.996154762865254,14.11,1.93,2.67,-5.79,1,1 vehicle
6963139,2022-12-05 16:44:00,2022,1-k7,VDU,3223.0,2022-12-05 16:40:00,4.0,17.041685737105045,16.565651898144605,11.68,1.46,2.61,-4.47,1,1 vehicle
6963266,2022-12-06 00:30:00,2022,36-12,VDU,1479.0,2022-12-06 00:30:00,0.0,5.022637161095434,7.784369828621856,7.170000000000001,0.06,0.91,-6.6,1,1 vehicle
6964223,2022-12-07 11:33:00,2022,54-05,VDU,31958.0,2022-12-07 11:30:00,3.0,3.720955042218842,7.188865613983409,12.35,0.94,2.25,-2.41,1,1 vehicle
6965084,2022-12-08 15:43:00,2022,51-01,VDU,31572.0,2022-12-08 15:40:00,3.0,1.0569539250307203,0.926567118382983,7.16,9.12,17.93,-0.77,2,2 or more vehicles
6966321,2022-12-10 11:35:00,2022,429-01,VDU,1350.0,2022-12-10 11:30:00,5.0,3.775708096956882,3.239769434516651,2.11,3.76,4.11,-3.54,3,2 or more vehicles
6966348,2022-12-10 13:44:00,2022,1-t7,VDU,5975.0,2022-12-10 13:40:00,4.0,5.421198681343221,5.388181282951978,10.5,6.4,9.9,-0.1,1,1 vehicle
6966373,2022-12-10 14:53:00,2022,87-05,VDU,3696.0,2022-12-10 14:50:00,3.0,10.148581461866424,10.484481059350308,8.6,2.09,3.43,-5.47,1,1 vehicle
6966420,2022-12-10 15:28:00,2022,1-n1,VDU,33357.0,2022-12-10 15:30:00,2.0,5.46208723195651,7.600410813299837,10.63,2.54,3.14,-8.76,1,1 vehicle
6966963,2022-12-11 06:41:00,2022,1-n1,VDU,33357.0,2022-12-11 06:40:00,1.0,3.2984657885887585,7.600410813299837,10.63,4.29,5.59,-7.94,1,1 vehicle
6967084,2022-12-05 00:25:00,2022,51-02,VDU,31572.0,2022-12-05 00:20:00,5.0,6.7780570930438655,5.773738212981441,11.240000000000002,0.6,1.67,3.03,1,1 vehicle
6967694,2022-12-12 12:42:00,2022,1-f5,VDU,31579.0,2022-12-12 12:40:00,2.0,2.2503289220178644,1.028741036313794,11.95,1.57,3.33,-6.1,1,1 vehicle
6967839,2022-12-12 11:00:00,2022,63-02,VDU,31122.0,2022-12-12 11:00:00,0.0,4.124828545891475,0.0723277669925947,12.87,0.73,1.18,-2.3,1,1 vehicle
6968116,2022-12-12 22:36:00,2022,829-02,VDU,3371.0,2022-12-12 22:40:00,4.0,12.312465423666165,1.9391685769392983,15.74,1.4,2.5,-3.8,1,1 vehicle
6969376,2022-12-14 17:23:00,2022,75-02,VDU,3433.0,2022-12-14 17:20:00,3.0,11.940472052906623,13.688896355889275,13.94,2.16,2.61,-12.99,1,1 vehicle
6969978,2022-12-15 13:13:00,2022,1-a3,VDU,6272.0,2022-12-15 13:10:00,3.0,10.484223766318664,13.691688950930176,9.45,3.26,4.7,-5.55,2,2 or more vehicles
6970012,2022-12-15 09:12:00,2022,574-04,VDU,1919.0,2022-12-15 09:10:00,2.0,1.5351746152104897,3.500203272167804,15.6,12.22,15.75,-2.41,1,1 vehicle
6970987,2022-12-16 23:22:00,2022,51-02,VDU,31572.0,2022-12-16 23:20:00,2.0,5.377007955777591,5.773738212981441,11.240000000000002,10.68,16.17,-2.28,1,1 vehicle
6971870,2022-12-18 10:32:00,2022,1-k7,VDU,3223.0,2022-12-18 10:30:00,2.0,17.1938763929517,16.565651898144605,11.68,10.03,15.39,-6.23,1,1 vehicle
6971939,2022-12-18 15:22:00,2022,54-04,VDU,1868.0,2022-12-18 15:20:00,2.0,13.329514891709323,10.280100279519766,12.28,3.7,5.5,-9.2,2,2 or more vehicles
6972015,2022-12-18 14:32:00,2022,1-b4,VDU,36049.0,2022-12-18 14:30:00,2.0,1.7374016871909495,1.9506434494436529,12.13,13.47,29.3,-7.23,3,2 or more vehicles
6972446,2022-12-19 13:51:00,2022,1-f5,VDU,31579.0,2022-12-19 13:50:00,1.0,4.3354344174752955,1.028741036313794,11.95,20.76,33.32,-3.7,6,2 or more vehicles
6972493,2022-12-19 14:33:00,2022,1-h2,VDU,31986.0,2022-12-19 14:30:00,3.0,7.981650654475053,7.866618385353681,10.7,15.08,25.28,-8.55,4,2 or more vehicles
6974746,2022-12-23 18:21:00,2022,76-09,VDU,33750.0,2022-12-23 18:20:00,1.0,1.9361078476585334,2.6673072887815006,13.47,6.39,9.8,-7.62,1,1 vehicle
6976827,2022-12-28 07:35:00,2022,76-07,VDU,33643.0,2022-12-28 07:30:00,5.0,6.337808591579194,5.475857574929004,13.91,2.15,3.14,-6.21,1,1 vehicle
6977073,2022-12-27 14:10:00,2022,43-01,VDU,31364.0,2022-12-27 14:10:00,0.0,6.318240876943436,3.7630196539385503,13.38,5.33,7.06,-5.75,3,2 or more vehicles
6978086,2022-12-30 13:15:00,2022,83-01,VDU,3471.0,2022-12-30 13:10:00,5.0,4.681245265999274,3.1942761755996667,6.82,4.33,6.53,-8.23,2,2 or more vehicles
6979158,2023-01-01 12:57:00,2023,41-16,VDU,31363.0,2023-01-01 13:00:00,3.0,1.7528823911226492,4.6115007826263295,11.62,9.18,10.88,-4.9,1,1 vehicle
6979689,2023-01-02 11:52:00,2023,41-15,VDU,1370.0,2023-01-02 11:50:00,2.0,3.521209048039184,1.361433362983291,13.26,8.64,11.2,2.58,1,1 vehicle
6979812,2023-01-02 14:25:00,2023,51-02,VDU,31572.0,2023-01-02 14:20:00,5.0,6.758929398557842,5.773738212981441,11.240000000000002,7.12,9.02,1.47,2,2 or more vehicles
6979853,2023-01-02 16:50:00,2023,44-03,VDU,1350.0,2023-01-02 16:50:00,0.0,3.832187530154035,5.16732077177175,4.999999999999999,5.95,8.13,1.38,2,2 or more vehicles
6979966,2023-01-02 20:32:00,2023,1-k5,VDU,33204.0,2023-01-02 20:30:00,2.0,3.249105032888645,0.4927782706765492,6.99,2.6,3.82,-0.1,1,1 vehicle
6980513,2023-01-03 18:08:00,2023,1-x7,VDU,5544.0,2023-01-03 18:10:00,2.0,2.788709287218898,3.644105449901871,3.27,9.1,11.43,2.55,2,2 or more vehicles
6980515,2023-01-03 13:52:00,2023,1-y6,VDU,5309.0,2023-01-03 13:50:00,2.0,10.42776554374727,6.126595002325329,12.329999999999998,0.8,2.0,0.3,2,2 or more vehicles
6981040,2023-01-04 12:58:00,2023,1-d8,VDU,31392.0,2023-01-04 13:00:00,2.0,2.820161060156128,1.811228203445721,16.61,5.8,7.84,-6.57,2,2 or more vehicles
6981049,2022-12-22 06:30:00,2022,36-06,VDU,1596.0,2022-12-22 06:30:00,0.0,10.40732817144076,5.4322212477658764,10.69,2.02,4.05,-8.73,2,2 or more vehicles
6981134,2023-01-04 15:56:00,2023,1-g1,VDU,31578.0,2023-01-04 16:00:00,4.0,10.239435728336174,5.843019343976989,10.93,0.66,2.25,-5.24,2,2 or more vehicles
6982363,2023-01-06 20:53:00,2023,426-01,VDU,31364.0,2023-01-06 20:50:00,3.0,2.1407516966937066,1.731350363455631,2.35,0.81,1.76,-3.06,2,2 or more vehicles
6982736,2023-01-06 18:00:00,2023,1-j1,VDU,32097.0,2023-01-06 18:00:00,0.0,0.0737353424927551,3.198771852515269,10.85,7.91,9.9,-9.13,2,2 or more vehicles
6985073,2023-01-11 15:53:00,2023,1-a4,VDU,6272.0,2023-01-11 15:50:00,3.0,2.4203863655119022,4.907967091663654,11.41,3.73,4.24,-2.69,1,1 vehicle
6985304,2023-01-09 06:30:00,2023,1-e1,VDU,31488.0,2023-01-09 06:30:00,0.0,6.243764969783198,3.522383406880032,9.57,3.37,6.08,-0.04,1,1 vehicle
6988161,2023-01-16 16:19:00,2023,767-01,VDU,3433.0,2023-01-16 16:20:00,1.0,14.073305253524385,16.62786732270217,10.73,6.31,7.48,-9.09,2,2 or more vehicles
6988226,2023-01-16 18:09:00,2023,1-e1,VDU,31488.0,2023-01-16 18:10:00,1.0,1.3180491427546615,3.522383406880032,9.57,5.76,9.02,-6.35,1,1 vehicle
6988309,2023-01-17 00:07:00,2023,41-16,VDU,31363.0,2023-01-17 00:10:00,3.0,1.5702570636070854,4.6115007826263295,11.62,11.09,13.72,-1.78,1,1 vehicle
6990575,2023-01-20 07:07:00,2023,41-16,VDU,31363.0,2023-01-20 07:10:00,3.0,0.2942779411259635,4.6115007826263295,11.62,18.06,25.68,3.75,2,2 or more vehicles
6990899,2023-01-20 18:22:00,2023,429-02,VDU,1350.0,2023-01-20 18:20:00,2.0,6.571051021366005,5.685793567904326,4.32,9.78,12.64,5.83,1,1 vehicle
6994037,2023-01-24 18:23:00,2023,1-x4,VDU,35666.0,2023-01-24 18:20:00,3.0,16.78584835023252,18.786784561512818,10.22,3.03,5.49,4.63,1,1 vehicle
6998647,2023-01-31 07:44:00,2023,41-16,VDU,31363.0,2023-01-31 07:40:00,4.0,5.788213987355096,4.6115007826263295,11.62,14.17,19.5,-0.57,2,2 or more vehicles
6999675,2023-02-01 10:12:00,2023,821-01,VDU,3471.0,2023-02-01 10:10:00,2.0,6.6748353146861055,7.64609910465302,5.6899999999999995,1.61,2.9,-1.79,2,2 or more vehicles
7000020,2023-02-01 21:25:00,2023,1-q7,VDU,33487.0,2023-02-01 21:20:00,5.0,5.092950710797739,2.473295195759243,9.65,2.34,2.74,-5.51,1,1 vehicle
7000414,2023-02-01 08:10:00,2023,1-d6,VDU,31399.0,2023-02-01 08:10:00,0.0,1.9977272223098963,2.8564832758413083,10.33,2.38,4.21,-7.86,2,2 or more vehicles
7001286,2023-02-03 14:25:00,2023,82-06,VDU,3658.0,2023-02-03 14:20:00,5.0,2.6425158044711146,3.6348423937434946,4.96,0.56,2.22,3.16,1,1 vehicle
7003899,2023-02-07 16:19:00,2023,1-p6,VDU,3471.0,2023-02-07 16:20:00,1.0,3.065089493300941,2.7742615388858822,4.92,5.54,9.96,-2.7,1,1 vehicle
7004103,2023-02-07 22:14:00,2023,41-17,VDU,1350.0,2023-02-07 22:10:00,4.0,7.4733409171103125,6.841931195549181,4.66,16.37,23.78,-4.25,3,2 or more vehicles
7004454,2023-02-08 11:09:00,2023,61-43,VDU,2642.0,2023-02-08 11:10:00,1.0,5.869707772853561,4.541472558124348,3.0700000000000003,4.11,5.45,-7.11,2,2 or more vehicles
7004914,2023-02-08 13:10:00,2023,41-16,VDU,31363.0,2023-02-08 13:10:00,0.0,5.010282740741295,4.6115007826263295,11.62,12.24,16.37,-5.12,1,1 vehicle
7007728,2023-02-13 08:29:00,2023,41-15,VDU,1370.0,2023-02-13 08:30:00,1.0,1.7095896706789442,1.361433362983291,13.26,17.39,25.15,8.32,3,2 or more vehicles
7010020,2023-02-15 16:37:00,2023,54-10,VDU,31931.0,2023-02-15 16:40:00,3.0,5.479552055401134,2.024564862693844,14.25,5.09,12.54,-2.09,1,1 vehicle
7011601,2023-02-17 13:58:00,2023,76-08,VDU,33643.0,2023-02-17 14:00:00,2.0,6.183184665906946,6.4254042227708075,11.86,4.9,10.0,-2.39,2,2 or more vehicles
7011638,2023-02-17 14:00:00,2023,572-01,VDU,1919.0,2023-02-17 14:00:00,0.0,16.22341629752909,16.213531517942943,2.05,6.82,10.45,1.07,1,1 vehicle
7012501,2023-02-18 20:38:00,2023,955-01,VDU,5975.0,2023-02-18 20:40:00,2.0,6.3475528367258764,6.637779109995783,10.44,3.0,5.9,-1.7,1,1 vehicle
7013059,2023-02-19 18:40:00,2023,1-b4,VDU,36049.0,2023-02-19 18:40:00,0.0,1.464825765367877,1.9506434494436529,12.13,28.57,38.51,1.19,1,1 vehicle
7013078,2023-02-19 18:55:00,2023,1-d8,VDU,31392.0,2023-02-19 18:50:00,5.0,3.3982017012257413,1.811228203445721,16.61,16.87,28.52,-0.29,3,2 or more vehicles
7013120,2023-02-20 00:05:00,2023,61-33,VDU,2646.0,2023-02-20 00:00:00,5.0,12.92718610559494,10.974953957267978,13.84,6.2,8.23,0.63,1,1 vehicle
7013803,2023-02-20 14:03:00,2023,43-01,VDU,31364.0,2023-02-20 14:00:00,3.0,2.572647974427991,3.7630196539385503,13.38,3.77,8.13,3.21,2,2 or more vehicles
7014781,2023-02-21 15:59:00,2023,1-d8,VDU,31392.0,2023-02-21 16:00:00,1.0,5.827204273383693,1.811228203445721,16.61,6.67,8.43,-2.47,1,1 vehicle
7017439,2023-02-24 23:32:00,2023,1-e1,VDU,31488.0,2023-02-24 23:30:00,2.0,4.633308713982261,3.522383406880032,9.57,11.92,17.74,4.8,1,1 vehicle
7018231,2023-02-26 12:05:00,2023,35-04,VDU,36411.0,2023-02-26 12:00:00,5.0,6.031184337880374,4.502054796897285,8.82,5.57,8.13,7.19,1,1 vehicle
7018338,2023-02-26 15:32:00,2023,1-a7,VDU,36270.0,2023-02-26 15:30:00,2.0,12.239513897836988,7.406305507969019,10.72,2.97,5.39,5.36,1,1 vehicle
7024070,2023-03-05 11:31:00,2023,1-d6,VDU,31399.0,2023-03-05 11:30:00,1.0,3.3033533092814773,2.8564832758413083,10.33,5.41,14.8,5.21,3,2 or more vehicles
7025115,2023-03-06 13:13:00,2023,54-02,VDU,1777.0,2023-03-06 13:10:00,3.0,12.733234228300548,10.66291507740808,12.06,9.88,13.03,-4.4,2,2 or more vehicles
7026425,2023-03-07 23:08:00,2023,1-f8,VDU,31578.0,2023-03-07 23:10:00,2.0,5.078970772740627,3.061232100935264,5.76,9.15,15.29,-8.33,2,2 or more vehicles
7029075,2023-03-10 22:22:00,2023,1-e1,VDU,31488.0,2023-03-10 22:20:00,2.0,7.40030278680559,3.522383406880032,9.57,2.97,4.21,-15.56,3,2 or more vehicles
7030179,2023-03-12 15:26:00,2023,41-22,VDU,1350.0,2023-03-12 15:30:00,4.0,2.2359407699740865,2.259852353483001,1.42,9.59,12.35,-5.37,2,2 or more vehicles
7032198,2023-03-14 12:49:00,2023,1-t6,VDU,34073.0,2023-03-14 12:50:00,1.0,1.804028525373989,1.8570057529358144,11.17,9.51,12.74,-8.32,3,2 or more vehicles
7033850,2023-03-15 21:10:00,2023,54-17,VDU,31950.0,2023-03-15 21:10:00,0.0,0.39289127629304116,0.9059057682404476,7.43,3.69,5.39,-8.58,1,1 vehicle
7035571,2023-03-18 11:02:00,2023,1-n1,VDU,33357.0,2023-03-18 11:00:00,2.0,12.75180762001168,7.600410813299837,10.63,2.8,3.23,-7.47,2,2 or more vehicles
7035629,2023-03-18 13:18:00,2023,1-a3,VDU,6272.0,2023-03-18 13:20:00,2.0,12.155887063874662,13.691688950930176,9.45,4.9,8.72,-1.49,2,2 or more vehicles
7035727,2023-03-18 17:58:00,2023,41-15,VDU,1370.0,2023-03-18 18:00:00,2.0,2.717431143638255,1.361433362983291,13.26,6.43,8.85,-1.9,3,2 or more vehicles
7035768,2023-03-18 18:43:00,2023,41-16,VDU,31363.0,2023-03-18 18:40:00,3.0,1.742481214951126,4.6115007826263295,11.62,4.09,5.59,-1.42,1,1 vehicle
7035792,2023-03-18 20:30:00,2023,41-16,VDU,31363.0,2023-03-18 20:30:00,0.0,0.13877083164558932,4.6115007826263295,11.62,8.7,11.86,-1.74,2,2 or more vehicles
7037527,2023-03-19 18:07:00,2023,35-04,VDU,36411.0,2023-03-19 18:10:00,3.0,8.63441620881515,4.502054796897285,8.82,6.45,10.19,-3.97,1,1 vehicle
7042229,2023-03-26 11:20:00,2023,1-a8,VDU,36270.0,2023-03-26 11:20:00,0.0,15.774741974642547,16.421669205008133,8.82,7.28,10.29,-2.44,1,1 vehicle
7042799,2023-03-26 14:46:00,2023,35-07,VDU,6515.0,2023-03-26 14:50:00,4.0,6.551110406850603,2.481668592393056,11.46,1.96,2.64,-1.35,4,2 or more vehicles
7043906,2023-03-28 11:10:00,2023,837-03,VDU,3471.0,2023-03-28 11:10:00,0.0,6.044608112311544,4.4283120933992635,4.43,2.38,4.21,-1.47,4,2 or more vehicles
7044130,2023-03-28 10:59:00,2023,1-y7,VDU,5309.0,2023-03-28 11:00:00,1.0,8.084638655736118,4.321816631986554,9.11,18.5,23.2,-1.1,1,1 vehicle
7044506,2023-03-29 07:06:00,2023,85-13,VDU,4614.0,2023-03-29 07:10:00,4.0,14.34756187670472,14.947329654328932,11.53,9.3,13.7,-2.0,1,1 vehicle
7046685,2023-03-31 15:38:00,2023,1-g3,VDU,31674.0,2023-03-31 15:40:00,2.0,11.257634703058226,6.51508528335336,11.64,6.56,14.21,9.7,3,2 or more vehicles
7051920,2023-04-05 16:08:00,2023,1-d6,VHDU,31399.0,2023-04-05 16:10:00,2.0,3.0767234893069917,2.8564832758413083,10.33,4.57,6.08,6.94,2,2 or more vehicles
7058065,2023-04-13 13:32:00,2023,33-01,VHDU,6300.0,2023-04-13 13:30:00,2.0,6.795102775651942,5.943518754212103,12.81,4.39,6.95,7.53,1,1 vehicle
7058278,2023-04-13 15:15:00,2023,1-d9,VHDU,31488.0,2023-04-13 15:10:00,5.0,5.197715355389468,3.4577407582901083,4.7,4.67,6.86,6.54,1,1 vehicle
7061439,2023-04-17 12:17:00,2023,1-k2,VHDU,2197.0,2023-04-17 12:20:00,3.0,2.8348149218129763,6.007449718079592,11.35,1.2,1.5,11.0,1,1 vehicle
7061496,2023-04-17 14:06:00,2023,75-03,VHDU,3433.0,2023-04-17 14:10:00,4.0,2.6388654652221346,3.9158378277913126,9.46,4.56,6.2,12.81,2,2 or more vehicles
7063465,2023-04-18 12:32:00,2023,1-p4,VHDU,3463.0,2023-04-18 12:30:00,2.0,10.929479997138122,6.428645425378839,11.46,2.43,4.27,13.29,1,1 vehicle
7063693,2023-04-18 21:26:00,2023,30-02,VHDU,6310.0,2023-04-18 21:30:00,4.0,10.595011567183427,7.228154041565046,8.89,9.83,12.94,8.75,1,1 vehicle
7064494,2023-04-19 13:46:00,2023,753-01,VHDU,33451.0,2023-04-19 13:50:00,4.0,5.254349985141074,4.667550525498251,6.949999999999999,6.31,8.33,14.97,1,1 vehicle
7065300,2023-04-20 16:05:00,2023,1-f5,VHDU,31579.0,2023-04-20 16:00:00,5.0,3.674033799405584,1.028741036313794,11.97,2.76,4.02,11.1,2,2 or more vehicles
7065844,2023-04-21 13:51:00,2023,1-u5,VHDU,35985.0,2023-04-21 13:50:00,1.0,2.4530823846513754,6.050012126207608,12.42,8.76,11.56,5.9,1,1 vehicle
7069171,2023-04-25 07:45:00,2023,254-01,VHDU,36122.0,2023-04-25 07:40:00,5.0,10.11230387369096,5.719877538979474,11.9,2.68,3.33,3.03,2,2 or more vehicles
7070597,2023-04-27 06:57:00,2023,1-d8,VHDU,31392.0,2023-04-27 07:00:00,3.0,5.348456940463976,1.811228203445721,16.61,6.93,8.53,-3.56,1,1 vehicle
7071039,2023-04-27 13:43:00,2023,38-03,VHDU,1395.0,2023-04-27 13:40:00,3.0,11.319490564127964,10.795312424017284,3.54,6.82,8.62,-0.02,2,2 or more vehicles
7071046,2023-04-26 22:38:00,2023,39-01,VHDU,31387.0,2023-04-26 22:40:00,2.0,8.371595777150361,1.6348934580675056,15.7,7.8,10.49,-1.7,1,1 vehicle
7071215,2023-04-27 16:54:00,2023,1-c2,VHDU,6315.0,2023-04-27 16:50:00,4.0,4.135551404669876,6.674890552366854,7.61,6.1,7.4,0.0,1,1 vehicle
7071577,2023-04-28 08:07:00,2023,1-d8,VHDU,31392.0,2023-04-28 08:10:00,3.0,3.7895620484969395,1.811228203445721,16.61,5.08,6.57,-4.3,1,1 vehicle
7073107,2023-04-30 16:36:00,2023,1-g1,VHDU,31578.0,2023-04-30 16:40:00,4.0,5.910387738827183,5.843019343976989,10.93,8.94,11.37,7.44,2,2 or more vehicles
7073754,2023-05-01 18:35:00,2023,360-02,VHDU,1493.0,2023-05-01 18:30:00,5.0,8.658847443970238,9.100636214623147,12.5,4.03,5.19,2.46,1,1 vehicle
7075003,2023-05-02 23:14:00,2023,32-03,VHDU,6430.0,2023-05-02 23:10:00,4.0,10.974987463814383,7.87593362657015,7.62,5.18,6.57,2.6,1,1 vehicle
7076389,2023-05-04 12:25:00,2023,622-00,VHDU,2530.0,2023-05-04 12:20:00,5.0,10.697209728038915,7.200541945865046,7.34,3.1,4.47,7.03,2,2 or more vehicles
7078348,2023-05-07 01:44:00,2023,1-b5,VHDU,6045.0,2023-05-07 01:40:00,4.0,9.606611104429327,7.297304255791511,14.2,9.18,14.05,9.29,1,1 vehicle
7082164,2023-05-11 00:31:00,2023,1-c0,VHDU,6222.0,2023-05-11 00:30:00,1.0,6.918369048796855,6.323365886803895,10.13,2.37,3.56,6.79,1,1 vehicle
7082214,2023-05-11 01:52:00,2023,41-17,VHDU,1350.0,2023-05-11 01:50:00,2.0,6.571844142796212,6.841931195549181,4.66,1.97,2.97,6.53,1,1 vehicle
7083629,2023-05-12 16:36:00,2023,1-u0,VHDU,5975.0,2023-05-12 16:40:00,4.0,1.4698445816142682,1.4183646717657052,1.11,3.6,6.9,13.6,3,2 or more vehicles
7083693,2023-05-12 16:54:00,2023,60-01,VHDU,31985.0,2023-05-12 16:50:00,4.0,6.924929584369971,4.3342196891503555,8.530000000000001,6.78,9.8,5.76,2,2 or more vehicles
7084189,2023-05-13 10:20:00,2023,60-30,VHDU,32355.0,2023-05-13 10:20:00,0.0,2.123895140385373,0.3700734187950305,11.79,3.89,5.68,4.47,1,1 vehicle
7084748,2023-05-14 14:27:00,2023,1-t6,VHDU,34073.0,2023-05-14 14:30:00,3.0,5.08227544710967,1.8570057529358144,11.17,6.28,11.37,2.29,1,1 vehicle
7085702,2023-05-15 09:25:00,2023,54-05,VHDU,31958.0,2023-05-15 09:20:00,5.0,5.662722702419151,7.188865613983409,12.35,11.36,16.95,1.61,3,2 or more vehicles
7085717,2023-05-15 07:54:00,2023,58-01,VHDU,2050.0,2023-05-15 07:50:00,4.0,7.412344569352079,3.9981174783629543,8.670000000000002,4.41,5.94,0.17,1,1 vehicle
7086723,2023-05-16 15:27:00,2023,1-f5,VHDU,31579.0,2023-05-16 15:30:00,3.0,2.517357144024016,1.028741036313794,11.97,9.52,13.82,5.45,2,2 or more vehicles
7088309,2023-05-18 13:54:00,2023,1-b5,VHDU,6045.0,2023-05-18 13:50:00,4.0,1.5590750013449244,7.297304255791511,14.2,6.24,8.79,8.93,2,2 or more vehicles
7089695,2023-05-21 11:54:00,2023,1-x2,VHDU,35666.0,2023-05-21 11:50:00,4.0,2.843321324975547,0.8689949165810135,13.24,17.61,21.46,10.14,1,1 vehicle
7089744,2023-05-21 13:31:00,2023,939-01,VHDU,35963.0,2023-05-21 13:30:00,1.0,3.3740806616346033,4.949274260890756,8.68,8.98,16.07,5.75,1,1 vehicle
7090652,2023-05-22 14:45:00,2023,443-01,VHDU,31640.0,2023-05-22 14:40:00,5.0,1.4297814842880285,1.1447165623492197,3.45,5.56,6.76,9.2,1,1 vehicle
7091734,2023-05-23 13:07:00,2023,1-v9,VHDU,35769.0,2023-05-23 13:10:00,3.0,8.347608906949663,8.350462002981429,12.96,12.03,18.82,14.03,1,1 vehicle
7091944,2023-05-24 10:00:00,2023,1-y5,VHDU,35315.0,2023-05-24 10:00:00,0.0,1.674065441928539,1.6088174154424382,8.37,28.81,39.3,7.99,1,1 vehicle
7092150,2023-05-24 09:37:00,2023,1-y5,VHDU,35315.0,2023-05-24 09:40:00,3.0,1.4589161393120307,1.6088174154424382,8.37,30.12,43.02,7.28,1,1 vehicle
7092298,2023-05-24 17:42:00,2023,36-06,VHDU,1596.0,2023-05-24 17:40:00,2.0,1.4380874335231641,5.4322212477658764,10.69,6.85,9.87,6.68,2,2 or more vehicles
7092356,2023-05-23 09:00:00,2023,1-r0,VHDU,4300.0,2023-05-23 09:00:00,0.0,8.089790682938993,2.8862770126462127,12.38,13.94,17.84,8.46,2,2 or more vehicles
7092985,2023-05-25 15:32:00,2023,38-02,VHDU,31387.0,2023-05-25 15:30:00,2.0,11.709761306634173,9.944325910548493,4.01,6.51,10.0,7.11,1,1 vehicle
7093820,2023-05-26 13:58:00,2023,1-b8,VHDU,36122.0,2023-05-26 14:00:00,2.0,1.4547571517408584,3.3807083606755346,11.8,9.42,12.94,8.58,3,2 or more vehicles
7093956,2023-05-26 15:17:00,2023,35-01,VHDU,31399.0,2023-05-26 15:20:00,3.0,4.578747675223467,4.900372212107007,8.290000000000001,5.94,9.31,8.32,2,2 or more vehicles
7094981,2023-05-28 07:02:00,2023,1-z1,VHDU,36391.0,2023-05-28 07:00:00,2.0,6.0676049077898,5.756717799163035,13.970000000000002,1.68,3.14,5.72,1,1 vehicle
7098209,2023-05-30 14:59:00,2023,61-33,VHDU,2646.0,2023-05-30 15:00:00,1.0,11.477317634191222,10.974953957267978,13.84,5.0,9.44,8.39,1,1 vehicle
7102396,2023-06-04 09:04:00,2023,1-p1,SDU,33357.0,2023-06-04 09:00:00,4.0,0.04549620014043833,2.6900827429345155,10.45,4.65,5.88,5.8,1,1 vehicle
7103860,2023-06-05 12:08:00,2023,427-06,SDU,31380.0,2023-06-05 12:10:00,2.0,15.144243973891841,13.1804183372558,5.0600000000000005,4.34,5.98,8.6,1,1 vehicle
7105205,2023-06-06 18:30:00,2023,1-t5,SDU,4275.0,2023-06-06 18:30:00,0.0,5.145969588102947,4.136612856631306,8.49,1.21,1.88,1.63,1,1 vehicle
7108397,2023-06-10 01:34:00,2023,860-01,SDU,4300.0,2023-06-10 01:30:00,4.0,4.485564401903283,4.447197348100199,4.12,5.71,7.21,8.86,1,1 vehicle
7108812,2023-06-10 16:13:00,2023,1-d6,SDU,31399.0,2023-06-10 16:10:00,3.0,1.7306299911792753,2.8564832758413083,10.33,6.56,9.8,9.44,2,2 or more vehicles
7108817,2023-06-10 14:26:00,2023,26-07,SDU,6546.0,2023-06-10 14:30:00,4.0,17.363045468369272,17.32368153467973,14.44,6.66,10.29,7.16,2,2 or more vehicles
7109307,2023-06-10 16:09:00,2023,1-d6,SDU,31399.0,2023-06-10 16:10:00,1.0,1.7724519920708486,2.8564832758413083,10.33,6.56,9.8,9.44,3,2 or more vehicles
7112869,2023-06-14 19:35:00,2023,93-01,SDU,4271.0,2023-06-14 19:30:00,5.0,1.5124883647446286,1.7057193753947664,1.7200000000000002,5.72,7.08,15.15,2,2 or more vehicles
7112947,2023-06-14 21:33:00,2023,1-m5,SDU,33431.0,2023-06-14 21:30:00,3.0,5.444537429189683,6.468729395855224,14.15,2.47,3.14,11.94,1,1 vehicle
7114143,2023-06-15 15:24:00,2023,864-01,SDU,4323.0,2023-06-15 15:20:00,4.0,5.368659539422598,7.496876045172349,15.27,5.8,8.9,22.8,1,1 vehicle
7114961,2023-06-16 12:13:00,2023,35-01,SDU,31399.0,2023-06-16 12:10:00,3.0,5.78524426322576,4.900372212107007,8.290000000000001,3.49,5.59,15.52,2,2 or more vehicles
7116699,2023-06-18 11:32:00,2023,1-d6,SDU,31399.0,2023-06-18 11:30:00,2.0,0.4528259359595609,2.8564832758413083,10.33,0.47,1.08,9.91,1,1 vehicle
7117262,2023-06-19 08:43:00,2023,1-d8,SDU,31392.0,2023-06-19 08:40:00,3.0,2.6510804356139093,1.811228203445721,16.61,1.71,2.65,6.1,1,1 vehicle
7120154,2023-06-21 16:41:00,2023,51-01,SDU,31572.0,2023-06-21 16:40:00,1.0,2.782577386662941,0.926567118382983,7.16,6.58,11.17,14.16,3,2 or more vehicles
7120240,2023-06-21 17:15:00,2023,61-27,SDU,32474.0,2023-06-21 17:10:00,5.0,19.561659868833786,19.19286766351891,15.62,3.83,5.98,5.42,1,1 vehicle
7120331,2023-06-21 23:50:00,2023,83-02,SDU,3474.0,2023-06-21 23:50:00,0.0,5.932250191360967,4.255580081063748,5.5200000000000005,5.04,6.03,2.57,1,1 vehicle
7121050,2023-06-22 14:52:00,2023,1-g3,SDU,31674.0,2023-06-22 14:50:00,2.0,10.210454145713118,6.51508528335336,11.64,5.57,12.05,13.82,2,2 or more vehicles
7123015,2023-06-24 21:12:00,2023,370-02,SDU,31399.0,2023-06-24 21:10:00,2.0,3.8031565086546673,3.975864375743144,5.08,8.53,11.66,13.11,1,1 vehicle
7125479,2023-06-27 14:53:00,2023,41-15,SDU,1370.0,2023-06-27 14:50:00,3.0,3.2649723760007894,1.361433362983291,13.26,3.52,4.93,12.11,4,2 or more vehicles
7125662,2023-06-27 18:44:00,2023,1-v9,SDU,35769.0,2023-06-27 18:40:00,4.0,6.971157304846747,8.350462002981429,12.96,13.64,20.58,9.27,2,2 or more vehicles
7125669,2023-06-27 17:11:00,2023,1-f3,SDU,1479.0,2023-06-27 17:10:00,1.0,0.7644445649306493,1.1330985534714593,4.78,0.65,1.76,11.41,2,2 or more vehicles
7126454,2023-06-27 19:37:00,2023,1-x6,SDU,5544.0,2023-06-27 19:40:00,3.0,5.697811033945722,5.3676427573238845,6.67,17.48,22.25,9.91,1,1 vehicle
7126689,2023-06-29 00:47:00,2023,1-d9,SDU,31488.0,2023-06-29 00:50:00,3.0,4.669421528047466,3.4577407582901083,4.7,9.66,13.62,6.95,1,1 vehicle
7127119,2023-06-29 13:34:00,2023,54-04,SDU,1868.0,2023-06-29 13:30:00,4.0,12.89388419513614,10.280100279519766,12.28,4.7,5.7,8.5,1,1 vehicle
7128954,2023-07-01 07:43:00,2023,41-15,SDU,1370.0,2023-07-01 07:40:00,3.0,4.208788567440736,1.361433362983291,13.26,0.18,1.04,10.7,1,1 vehicle
7129337,2023-07-01 20:37:00,2023,1-f5,SDU,31579.0,2023-07-01 20:40:00,3.0,0.2685385451400779,1.028741036313794,11.97,1.5,2.25,11.84,3,2 or more vehicles
7130171,2023-07-01 19:56:00,2023,34-02,SDU,1395.0,2023-07-01 20:00:00,4.0,8.067421084244089,5.246626996155354,8.89,0.63,1.37,11.62,1,1 vehicle
7131210,2023-07-03 16:44:00,2023,43-01,SDU,31364.0,2023-07-03 16:40:00,4.0,2.536942522901737,3.7630196539385503,13.38,9.66,13.62,14.92,2,2 or more vehicles
7131410,2023-07-03 18:49:00,2023,1-h0,SDU,31882.0,2023-07-03 18:50:00,1.0,2.752539063926077,1.048912143314543,7.74,4.95,8.33,12.5,3,2 or more vehicles
7132380,2023-07-04 23:53:00,2023,54-02,SDU,1777.0,2023-07-04 23:50:00,3.0,11.350904760009408,10.66291507740808,12.06,7.75,11.13,4.43,1,1 vehicle
7136752,2023-07-09 16:36:00,2023,60-46,SDU,2636.0,2023-07-09 16:40:00,4.0,1.8033405177760216,1.8431777366694395,7.28,3.81,4.98,15.15,2,2 or more vehicles
7137809,2023-07-09 16:00:00,2023,f228-01,SDU,6546.0,2023-07-09 16:00:00,0.0,2.759659845453279,8.508369954343173,20.96,1.85,4.31,23.2,1,1 vehicle
7137831,2023-07-07 18:04:00,2023,37-01,SDU,36504.0,2023-07-07 18:00:00,4.0,10.858828694879078,6.431018773253294,12.21,6.19,8.33,17.46,1,1 vehicle
7137978,2023-07-10 17:52:00,2023,1-d2,SDU,6300.0,2023-07-10 17:50:00,2.0,3.6802502815695313,6.730360832725801,13.7,3.84,7.25,15.53,3,2 or more vehicles
7138322,2023-07-11 08:50:00,2023,41-21,SDU,1350.0,2023-07-11 08:50:00,0.0,1.3805798882463787,1.4041541058646172,3.31,4.96,6.86,12.26,2,2 or more vehicles
7138692,2023-07-11 13:34:00,2023,1-f8,SDU,31578.0,2023-07-11 13:30:00,4.0,4.032571055097567,3.061232100935264,5.76,6.57,9.51,17.52,3,2 or more vehicles
7140070,2023-07-12 14:25:00,2023,1-t0,SDU,4271.0,2023-07-12 14:20:00,5.0,19.380868883296998,16.112146503479053,8.969999999999999,6.99,10.26,10.34,1,1 vehicle
7140520,2023-07-13 08:38:00,2023,39-01,SDU,31387.0,2023-07-13 08:40:00,2.0,1.4053809336746914,1.6348934580675056,15.7,10.25,13.33,8.13,1,1 vehicle
7140980,2023-07-12 18:35:00,2023,61-39,SDU,2642.0,2023-07-12 18:30:00,5.0,1.4219210207669304,3.766087170529165,6.31,5.17,6.76,10.97,2,2 or more vehicles
7142751,2023-07-15 11:51:00,2023,f261-05,SDU,6237.0,2023-07-15 11:50:00,1.0,4.007585899562785,3.7923088122967457,23.27,0.62,2.61,15.28,1,1 vehicle
7143190,2023-07-16 14:56:00,2023,1-d6,SDU,31399.0,2023-07-16 15:00:00,4.0,5.803946727948246,2.8564832758413083,10.33,7.92,12.35,14.38,2,2 or more vehicles
7144827,2023-07-17 12:44:00,2023,54-04,SDU,1868.0,2023-07-17 12:40:00,4.0,5.954239581943615,10.280100279519766,12.28,6.1,8.7,14.6,2,2 or more vehicles
7145435,2023-07-19 08:24:00,2023,1-d1,SDU,36308.0,2023-07-19 08:20:00,4.0,2.9687642385021022,1.5292496506417883,3.18,2.19,2.94,10.72,2,2 or more vehicles
7146193,2023-07-18 19:45:00,2023,30-06,SDU,36415.0,2023-07-18 19:40:00,5.0,4.901024843727485,4.716207867910791,12.47,7.15,9.51,16.62,2,2 or more vehicles
7146815,2023-07-20 12:18:00,2023,1-b4,SDU,36049.0,2023-07-20 12:20:00,2.0,0.07457972161515984,1.9506434494436529,12.13,4.82,8.23,13.13,1,1 vehicle
7147244,2023-07-21 03:16:00,2023,42-01,SDU,1473.0,2023-07-21 03:20:00,4.0,6.0378224807083525,5.682283768255924,9.62,1.43,2.06,11.67,1,1 vehicle
7147677,2023-07-20 13:55:00,2023,862-01,SDU,34415.0,2023-07-20 13:50:00,5.0,9.792861365548983,9.078106116980054,21.12,3.77,5.59,11.34,1,1 vehicle
7147727,2023-07-21 14:57:00,2023,1-d6,SDU,31399.0,2023-07-21 15:00:00,3.0,1.5741169527081607,2.8564832758413083,10.33,4.49,7.06,14.12,3,2 or more vehicles
7147793,2023-07-21 18:14:00,2023,95-02,SDU,5960.0,2023-07-21 18:10:00,4.0,7.560165390102341,9.027618125264537,10.26,6.36,7.55,11.19,1,1 vehicle
7153833,2023-07-28 15:54:00,2023,1-v1,SDU,35880.0,2023-07-28 15:50:00,4.0,4.443889872131602,4.664944106407247,9.72,1.5,6.37,12.89,1,1 vehicle
7153867,2023-07-28 15:18:00,2023,327-02,SDU,6430.0,2023-07-28 15:20:00,2.0,4.354416100049296,4.062793515477516,4.88,3.74,6.99,16.61,1,1 vehicle
7156304,2023-07-31 11:58:00,2023,1-k7,SDU,3223.0,2023-07-31 12:00:00,2.0,15.998323083761894,16.565651898144605,11.68,3.79,5.23,11.66,1,1 vehicle
7156318,2023-07-31 13:47:00,2023,54-02,SDU,1777.0,2023-07-31 13:50:00,3.0,11.343323799605278,10.66291507740808,12.06,4.03,5.43,15.92,2,2 or more vehicles
7156417,2023-07-31 13:36:00,2023,60-26,SDU,32365.0,2023-07-31 13:40:00,4.0,2.545134021114546,2.35603885525555,6.9,3.83,5.19,12.27,1,1 vehicle
7156683,2023-07-31 20:47:00,2023,1-m3,SDU,33431.0,2023-07-31 20:50:00,3.0,10.65358000166822,13.227469441125152,11.32,2.07,2.94,8.08,1,1 vehicle
7157371,2023-07-30 13:22:00,2023,427-04,SDU,31365.0,2023-07-30 13:20:00,2.0,1.4479325468886013,0.1007673098225247,7.26,4.2,6.08,11.37,1,1 vehicle
7157390,2023-08-01 16:28:00,2023,61-36,SDU,2646.0,2023-08-01 16:30:00,2.0,4.993737321656121,6.510486031780955,9.58,1.05,2.35,11.69,1,1 vehicle
7158178,2023-08-01 06:03:00,2023,60-23,SDU,32372.0,2023-08-01 06:00:00,3.0,3.5509664983114666,1.0080423895503003,12.62,0.25,1.18,8.15,1,1 vehicle
7159008,2023-08-03 11:32:00,2023,82-01,SDU,3463.0,2023-08-03 11:30:00,2.0,5.376661173727844,2.8505006265868884,10.86,3.13,4.77,10.53,2,2 or more vehicles
7159371,2023-08-03 18:45:00,2023,1-c7,SDU,6315.0,2023-08-03 18:40:00,5.0,8.939879744732636,7.2272366966,3.5,5.8,7.9,12.8,1,1 vehicle
7161181,2023-08-05 13:45:00,2023,54-05,SDU,31958.0,2023-08-05 13:40:00,5.0,4.493058488298258,7.188865613983409,12.35,1.55,2.65,13.01,1,1 vehicle
7162022,2023-08-06 17:28:00,2023,34-05,SDU,1395.0,2023-08-06 17:30:00,2.0,2.9740640229318553,4.455773978664814,11.97,2.28,2.97,12.98,2,2 or more vehicles
7162901,2023-08-07 18:02:00,2023,1-h4,SDU,32097.0,2023-08-07 18:00:00,2.0,4.210159516406495,6.809457005645053,11.07,6.87,8.62,11.11,2,2 or more vehicles
7162908,2023-08-07 19:32:00,2023,36-12,SDU,1479.0,2023-08-07 19:30:00,2.0,5.059826029116829,7.784369828621856,7.170000000000001,1.43,3.59,14.36,2,2 or more vehicles
7165551,2023-08-09 18:50:00,2023,1-m5,SDU,33431.0,2023-08-09 18:50:00,0.0,3.2749550430500824,6.468729395855224,14.15,4.63,6.57,8.6,1,1 vehicle
7167330,2023-08-11 15:26:00,2023,1-d6,SDU,31399.0,2023-08-11 15:30:00,4.0,2.1191098870626597,2.8564832758413083,10.33,4.26,5.78,18.3,3,2 or more vehicles
7168465,2023-08-13 00:28:00,2023,82-02,SDU,33563.0,2023-08-13 00:30:00,2.0,15.101958632661992,10.9166146109414,10.71,1.32,1.86,5.39,1,1 vehicle
7169066,2023-08-13 17:26:00,2023,42-01,SDU,1473.0,2023-08-13 17:30:00,4.0,6.06598834002242,5.682283768255924,9.62,3.34,3.76,14.58,1,1 vehicle
7170118,2023-08-14 01:51:00,2023,1-s5,SDU,34238.0,2023-08-14 01:50:00,1.0,5.535455710321825,11.05888658286931,19.9,1.14,2.06,3.4,2,2 or more vehicles
7170215,2023-08-14 13:13:00,2023,919-02,SDU,34450.0,2023-08-14 13:10:00,3.0,9.23972710040502,7.871567825658517,6.720000000000001,3.79,4.8,14.16,1,1 vehicle
7170444,2023-08-14 20:38:00,2023,1-d1,SDU,36308.0,2023-08-14 20:40:00,2.0,2.967582911344585,1.5292496506417883,3.18,2.64,5.0,12.18,2,2 or more vehicles
7172032,2023-08-11 16:35:00,2023,590-06,SDU,2266.0,2023-08-11 16:30:00,5.0,12.626325772963288,14.251177026787158,13.85,10.6,14.7,11.0,1,1 vehicle
7175716,2023-08-19 19:47:00,2023,82-12,SDU,33750.0,2023-08-19 19:50:00,3.0,13.082358147454473,13.312291262430248,9.07,0.46,1.08,14.66,1,1 vehicle
7175780,2023-08-20 15:22:00,2023,60-32,SDU,32355.0,2023-08-20 15:20:00,2.0,16.360662332828458,16.071558073963168,10.13,10.22,14.7,9.62,2,2 or more vehicles
7175829,2023-08-20 17:03:00,2023,f338-01,SDU,36519.0,2023-08-20 17:00:00,3.0,15.494033922403874,13.93349128520185,25.74,8.15,11.17,17.68,1,1 vehicle
7175990,2023-08-20 23:05:00,2023,42-02,SDU,1370.0,2023-08-20 23:00:00,5.0,10.221538743716515,11.330292093996302,13.38,0.76,1.57,9.71,1,1 vehicle
7178086,2023-08-22 16:31:00,2023,1-x1,SDU,35107.0,2023-08-22 16:30:00,1.0,9.851418661046296,7.025943108369632,7.58,4.15,9.02,16.95,1,1 vehicle
7178165,2023-08-22 22:29:00,2023,1-k9,SDU,3317.0,2023-08-22 22:30:00,1.0,6.868691989971999,5.731173545267037,11.4,1.83,2.84,7.21,1,1 vehicle
7178214,2023-08-23 02:31:00,2023,1-k8,SDU,3223.0,2023-08-23 02:30:00,1.0,19.48645804360966,15.384253879331345,11.4,1.11,1.73,7.39,1,1 vehicle
7181352,2023-08-26 11:24:00,2023,1-y5,SDU,35315.0,2023-08-26 11:20:00,4.0,1.0437206906630998,1.6088174154424382,8.37,2.26,3.04,10.87,1,1 vehicle
7183254,2023-08-28 16:26:00,2023,36-01,SDU,31399.0,2023-08-28 16:30:00,4.0,8.462822110836967,11.778691413624069,9.29,3.98,12.15,15.43,1,1 vehicle
7184662,2023-08-30 07:48:00,2023,1-f5,SDU,31579.0,2023-08-30 07:50:00,2.0,5.784418569070427,1.028741036313794,11.97,5.52,8.04,9.47,1,1 vehicle
7184701,2023-08-30 08:05:00,2023,82-05,SDU,33661.0,2023-08-30 08:00:00,5.0,3.4654255790122592,1.840275137807545,10.92,0.67,1.27,8.73,1,1 vehicle
7186538,2023-08-31 23:12:00,2023,1-q0,SDU,3471.0,2023-08-31 23:10:00,2.0,4.086228243029771,3.5305709872854014,2.13,0.62,0.98,7.84,1,1 vehicle
7191540,2023-09-06 14:24:00,2023,85-39,SDU,34450.0,2023-09-06 14:20:00,4.0,9.837034414453697,3.695307337107368,13.77,9.66,13.52,14.19,1,1 vehicle
7191672,2023-09-06 18:20:00,2023,47-11,SDU,1685.0,2023-09-06 18:20:00,0.0,1.5207471171121525,2.85210964840569,13.71,4.9,8.0,12.9,1,1 vehicle
7192365,2023-09-07 13:19:00,2023,435-01,SDU,31488.0,2023-09-07 13:20:00,1.0,5.608874042436299,5.371941470327555,8.86,0.57,1.18,10.95,1,1 vehicle
7192998,2023-09-08 05:15:00,2023,1-k8,SDU,3223.0,2023-09-08 05:10:00,5.0,19.000891797619545,15.384253879331345,11.4,3.77,5.85,11.29,1,1 vehicle
7194090,2023-09-10 01:29:00,2023,829-02,SDU,3371.0,2023-09-10 01:30:00,1.0,8.462145290008314,1.9391685769392983,15.74,3.3,4.5,5.3,1,1 vehicle
7194623,2023-09-10 20:35:00,2023,365-01,SDU,36504.0,2023-09-10 20:30:00,5.0,1.2757649368207742,3.818324764347183,14.36,1.73,2.94,6.66,2,2 or more vehicles
7195589,2023-09-11 16:56:00,2023,1-d6,SDU,31399.0,2023-09-11 17:00:00,4.0,6.008965145705983,2.8564832758413083,10.33,5.33,8.92,10.35,3,2 or more vehicles
7198679,2023-09-15 04:15:00,2023,61-22,SDU,32474.0,2023-09-15 04:10:00,5.0,9.386719682678626,10.555897121767453,12.25,4.32,4.8,2.86,1,1 vehicle
7198804,2023-09-14 18:07:00,2023,643-05,SDU,2692.0,2023-09-14 18:10:00,3.0,14.35887812042794,14.278441464754636,13.28,3.63,5.32,8.77,1,1 vehicle
7199096,2023-09-16 00:43:00,2023,1-k2,SDU,2197.0,2023-09-16 00:40:00,3.0,3.892166111973236,6.007449718079592,11.35,3.4,3.9,5.6,1,1 vehicle
7199436,2023-09-16 12:42:00,2023,f338-01,SDU,36519.0,2023-09-16 12:40:00,2.0,11.094113985816646,13.93349128520185,25.74,6.42,10.29,8.62,2,2 or more vehicles
7199879,2023-09-17 06:49:00,2023,95-07,SDU,35880.0,2023-09-17 06:50:00,1.0,9.822953687142531,10.65025194810092,13.840000000000002,4.7,9.02,10.35,1,1 vehicle
7200882,2023-09-17 23:16:00,2023,73-00,SDU,33419.0,2023-09-17 23:20:00,4.0,2.5562927642797058,3.4481067703511687,7.419999999999999,1.97,2.84,5.69,1,1 vehicle
7202083,2023-09-18 11:27:00,2023,1-y6,SDU,5309.0,2023-09-18 11:30:00,3.0,3.664548125614423,6.126595002325329,12.329999999999998,6.0,7.7,11.3,1,1 vehicle
7203217,2023-09-19 15:22:00,2023,1-f5,SDU,31579.0,2023-09-19 15:20:00,2.0,0.44414525390066034,1.028741036313794,11.97,26.6,33.52,9.2,1,1 vehicle
7203750,2023-09-19 11:30:00,2023,574-01,SDU,31931.0,2023-09-19 11:30:00,0.0,2.2114556485489696,4.4991859417418425,16.81,14.63,24.4,5.15,1,1 vehicle
7204204,2023-09-20 17:38:00,2023,370-02,SDU,31399.0,2023-09-20 17:40:00,2.0,4.706540744601871,3.975864375743144,5.08,8.84,14.31,10.8,1,1 vehicle
7204348,2023-09-20 21:24:00,2023,1-d6,SDU,31399.0,2023-09-20 21:20:00,4.0,1.3220319092098074,2.8564832758413083,10.33,7.48,13.23,7.25,1,1 vehicle
7205680,2023-09-22 07:26:00,2023,85-35,SDU,34559.0,2023-09-22 07:30:00,4.0,2.3516536341493395,0.7836510672612165,12.26,8.34,10.49,0.12,1,1 vehicle
7209850,2023-09-27 08:51:00,2023,427-12,SDU,31380.0,2023-09-27 08:50:00,1.0,14.72649439649658,8.344923350684882,14.45,7.15,10.88,7.41,1,1 vehicle
7210895,2023-09-28 14:58:00,2023,25-02,SDU,6208.0,2023-09-28 15:00:00,2.0,10.535433050643336,5.525086509772727,10.89,3.25,4.8,11.61,2,2 or more vehicles
7214441,2023-10-02 16:21:00,2023,41-21,VHDU,1350.0,2023-10-02 16:20:00,1.0,1.369679262538232,1.4041541058646172,3.31,11.22,15.48,7.46,3,2 or more vehicles
7214791,2023-10-03 05:52:00,2023,41-21,VHDU,1350.0,2023-10-03 05:50:00,2.0,2.171693831683713,1.4041541058646172,3.31,3.07,3.98,4.48,1,1 vehicle
7216150,2023-10-04 11:05:00,2023,85-03,VHDU,3585.0,2023-10-04 11:00:00,5.0,9.026786132363126,6.645727083197894,11.12,2.31,3.46,5.26,2,2 or more vehicles
7216287,2023-10-04 16:19:00,2023,1-b6,VHDU,6134.0,2023-10-04 16:20:00,1.0,6.303121089766049,5.751425337701231,12.46,3.83,7.8,8.09,4,2 or more vehicles
7219364,2023-10-08 08:08:00,2023,1-d1,VHDU,36308.0,2023-10-08 08:10:00,2.0,2.4983449930841077,1.5292496506417883,3.18,2.02,3.63,3.23,1,1 vehicle
7220739,2023-10-09 17:35:00,2023,1-c7,VHDU,6315.0,2023-10-09 17:30:00,5.0,8.955227529428619,7.2272366966,3.5,7.2,11.5,8.0,2,2 or more vehicles
7220888,2023-10-09 23:27:00,2023,1-d8,VHDU,31392.0,2023-10-09 23:30:00,3.0,1.2927193918171602,1.811228203445721,16.61,8.66,13.33,0.52,2,2 or more vehicles
7221497,2023-10-10 13:09:00,2023,1-x0,VHDU,35107.0,2023-10-10 13:10:00,1.0,14.711500620131618,12.416601603313,7.65,19.9,37.73,6.15,1,1 vehicle
7221586,2023-10-10 16:18:00,2023,93-03,VHDU,4182.0,2023-10-10 16:20:00,2.0,6.0360786011949,5.336718228238104,14.04,11.41,20.35,3.26,2,2 or more vehicles
7221781,2023-10-11 07:25:00,2023,76-09,VHDU,33750.0,2023-10-11 07:20:00,5.0,4.941063648056345,2.6673072887815006,13.47,9.65,12.64,0.88,1,1 vehicle
7222682,2023-10-12 11:40:00,2023,1-d8,VHDU,31392.0,2023-10-12 11:40:00,0.0,5.62155385802748,1.811228203445721,16.61,16.02,21.76,-0.45,1,1 vehicle
7223066,2023-10-12 20:27:00,2023,1-c0,VHDU,6222.0,2023-10-12 20:30:00,3.0,6.157237093567744,6.323365886803895,10.13,4.86,12.02,4.01,2,2 or more vehicles
7223074,2023-10-12 20:30:00,2023,30-04,VHDU,6420.0,2023-10-12 20:30:00,0.0,10.075604596679185,5.359811449264286,11.71,8.6,14.7,3.0,1,1 vehicle
7223751,2023-10-13 17:42:00,2023,1-p4,VHDU,3463.0,2023-10-13 17:40:00,2.0,9.20044843708809,6.428645425378839,11.46,6.0,10.13,0.16,2,2 or more vehicles
7223922,2023-10-14 02:19:00,2023,417-02,VHDU,1487.0,2023-10-14 02:20:00,1.0,2.457819445925968,1.3892151095042993,4.3,1.21,1.73,-3.63,1,1 vehicle
7224059,2023-10-14 05:37:00,2023,1-f6,VHDU,31577.0,2023-10-14 05:40:00,3.0,0.09333851122335587,0.866726910174939,3.5799999999999996,1.61,2.35,-1.16,1,1 vehicle
7224194,2023-10-13 18:35:00,2023,815-01,VHDU,3463.0,2023-10-13 18:30:00,5.0,6.234543117953756,6.41216742342198,13.61,6.18,9.31,-0.81,2,2 or more vehicles
7224951,2023-10-15 14:34:00,2023,1-b6,VHDU,6134.0,2023-10-15 14:30:00,4.0,2.8953245762651556,5.751425337701231,12.46,3.14,4.44,8.79,2,2 or more vehicles
7225105,2023-10-15 20:32:00,2023,94-01,VHDU,4271.0,2023-10-15 20:30:00,2.0,3.9994319731466135,5.40726558119129,11.260000000000002,0.42,0.78,-0.08,1,1 vehicle
7227696,2023-10-18 11:16:00,2023,59-01,VHDU,2175.0,2023-10-18 11:20:00,4.0,12.53096738696731,12.584237084727231,13.57,4.2,6.8,9.6,2,2 or more vehicles
7227727,2023-10-18 13:28:00,2023,731-02,VHDU,33431.0,2023-10-18 13:30:00,2.0,17.663119661559808,13.878354167089809,13.95,5.07,6.57,7.18,1,1 vehicle
7227953,2023-10-18 20:00:00,2023,37-01,VHDU,36504.0,2023-10-18 20:00:00,0.0,5.0600369250668855,6.431018773253294,12.21,11.67,15.78,7.64,1,1 vehicle
7230135,2023-10-21 08:44:00,2023,82-02,VHDU,33563.0,2023-10-21 08:40:00,4.0,12.650972602226705,10.9166146109414,10.71,2.56,3.53,3.38,1,1 vehicle
7231100,2023-10-22 18:15:00,2023,1-g9,VHDU,31882.0,2023-10-22 18:10:00,5.0,8.425133570260018,6.975496895193262,9.12,1.76,2.55,1.93,2,2 or more vehicles
7234709,2023-10-26 20:10:00,2023,1-j1,VHDU,32097.0,2023-10-26 20:10:00,0.0,0.4176420100881445,3.198771852515269,10.85,2.32,2.74,-1.7,4,2 or more vehicles
7234814,2023-10-26 07:47:00,2023,51-02,VHDU,31572.0,2023-10-26 07:50:00,3.0,4.044389476321957,5.773738212981441,11.240000000000002,5.84,8.13,8.37,2,2 or more vehicles
7235162,2023-10-27 12:13:00,2023,1-q5,VHDU,33480.0,2023-10-27 12:10:00,3.0,6.9918973842951795,8.323557642546657,13.83,1.24,1.76,0.44,1,1 vehicle
7235714,2023-10-28 10:06:00,2023,95-01,VHDU,4271.0,2023-10-28 10:10:00,4.0,6.912693393734488,6.919019956377639,10.990000000000002,0.41,1.18,-0.3,1,1 vehicle
7236111,2023-10-28 23:36:00,2023,76-01,VHDU,33451.0,2023-10-28 23:40:00,4.0,7.445844136291652,11.867168649887455,10.25,1.61,3.82,0.38,1,1 vehicle
7236463,2023-10-29 13:14:00,2023,41-15,VHDU,1370.0,2023-10-29 13:10:00,4.0,4.959872397062051,1.361433362983291,13.26,0.49,1.04,5.52,2,2 or more vehicles
7237860,2023-10-31 07:36:00,2023,41-15,VHDU,1370.0,2023-10-31 07:40:00,4.0,2.492066551655989,1.361433362983291,13.26,4.93,6.96,-0.17,4,2 or more vehicles
7238290,2023-10-31 11:06:00,2023,82-03,VHDU,33563.0,2023-10-31 11:10:00,4.0,3.6993925672473273,0.3760650112123629,11.32,0.27,0.69,-1.37,1,1 vehicle
7239961,2023-11-02 12:48:00,2023,82-01,VHDU,3463.0,2023-11-02 12:50:00,2.0,7.580821492524487,2.8505006265868884,10.86,3.36,4.47,1.96,1,1 vehicle
7240783,2023-11-03 09:48:00,2023,83-05,VHDU,33576.0,2023-11-03 09:50:00,2.0,13.188843657177175,13.79984926605571,7.85,3.55,5.88,-0.2,1,1 vehicle
7240905,2023-11-02 14:57:00,2023,82-01,VHDU,3463.0,2023-11-02 15:00:00,3.0,6.6635400294062945,2.8505006265868884,10.86,4.38,5.59,2.09,1,1 vehicle
7242250,2023-11-05 09:45:00,2023,76-15,VHDU,33654.0,2023-11-05 09:40:00,5.0,0.3244339177021112,0.96895568343592,14.13,13.06,19.99,-0.01,1,1 vehicle
7242446,2023-11-05 08:54:00,2023,36-06,VHDU,1596.0,2023-11-05 08:50:00,4.0,4.210066469503641,5.4322212477658764,10.69,5.8,9.73,2.26,2,2 or more vehicles
7242509,2023-11-05 17:50:00,2023,1-r3,VHDU,4406.0,2023-11-05 17:50:00,0.0,5.708903319439015,7.05860661928788,17.560000000000002,12.19,16.14,-1.36,1,1 vehicle
7245245,2023-11-08 11:23:00,2023,58-01,VHDU,2050.0,2023-11-08 11:20:00,3.0,3.8278836547140824,3.9981174783629543,8.670000000000002,2.54,3.4,2.09,2,2 or more vehicles
7245292,2023-11-08 17:50:00,2023,47-02,VHDU,31578.0,2023-11-08 17:50:00,0.0,11.585572002473043,6.9871922755172635,11.5,2.74,4.12,3.57,1,1 vehicle
7246894,2023-11-10 15:46:00,2023,54-02,VHDU,1777.0,2023-11-10 15:50:00,4.0,11.134711573690197,10.66291507740808,12.06,2.66,3.5,-2.27,1,1 vehicle
7246897,2023-11-10 14:56:00,2023,553-02,VHDU,31882.0,2023-11-10 15:00:00,4.0,3.7150209786040644,2.8035040053960287,7.65,3.17,4.61,-0.29,1,1 vehicle
7247546,2023-11-11 17:11:00,2023,41-22,VHDU,1350.0,2023-11-11 17:10:00,1.0,2.3421500820906416,2.259852353483001,1.42,4.91,6.2,3.46,2,2 or more vehicles
7247589,2023-11-11 16:44:00,2023,1-c2,VHDU,6315.0,2023-11-11 16:40:00,4.0,5.972076402684936,6.674890552366854,7.61,2.9,3.6,0.2,2,2 or more vehicles
7247607,2023-11-11 18:04:00,2023,35-06,VHDU,36415.0,2023-11-11 18:00:00,4.0,6.168153697962398,4.6028820030654085,4.38,3.38,5.19,2.01,1,1 vehicle
7248863,2023-11-13 12:41:00,2023,1-q8,VHDU,33487.0,2023-11-13 12:40:00,1.0,7.921656080925316,6.748750985237469,10.05,2.93,4.02,0.04,2,2 or more vehicles
7250195,2023-11-15 07:30:00,2023,1-t7,VHDU,5975.0,2023-11-15 07:30:00,0.0,1.4540514363846906,5.388181282951978,10.5,0.8,1.9,2.5,2,2 or more vehicles
7251380,2023-11-16 20:12:00,2023,1-g3,VHDU,31674.0,2023-11-16 20:10:00,2.0,10.995345531989802,6.51508528335336,11.64,1.82,4.12,1.5,2,2 or more vehicles
7251802,2023-11-17 06:25:00,2023,1-u1,VHDU,5975.0,2023-11-17 06:20:00,5.0,2.2557584816460583,2.2263199421392788,2.79,0.8,1.3,-0.2,1,1 vehicle
7252544,2023-11-18 06:56:00,2023,1-h0,VHDU,31882.0,2023-11-18 07:00:00,4.0,2.6528875546021102,1.048912143314543,7.74,3.96,6.37,2.6,1,1 vehicle
7255013,2023-11-21 20:34:00,2023,1-t6,VHDU,34073.0,2023-11-21 20:30:00,4.0,3.3862240431529207,1.8570057529358144,11.17,4.54,18.33,2.97,2,2 or more vehicles
7255330,2023-11-22 10:34:00,2023,50-04,VHDU,1781.0,2023-11-22 10:30:00,4.0,6.829589313161013,9.334438700568713,8.77,9.42,13.85,0.53,1,1 vehicle
7255616,2023-11-22 18:10:00,2023,34-05,VHDU,1395.0,2023-11-22 18:10:00,0.0,9.304791219731968,4.455773978664814,11.97,14.77,19.44,1.09,1,1 vehicle
7255816,2023-11-23 06:24:00,2023,1-g0,VHDU,31572.0,2023-11-23 06:20:00,4.0,2.8624942025062703,2.826076960202496,0.48,10.05,15.58,-0.53,1,1 vehicle
7256976,2023-11-24 14:30:00,2023,1-j1,VHDU,32097.0,2023-11-24 14:30:00,0.0,3.243592483257743,3.198771852515269,10.85,8.61,10.98,-1.13,1,1 vehicle
7257076,2023-11-24 15:14:00,2023,1-k7,VHDU,3223.0,2023-11-24 15:10:00,4.0,16.267550931112023,16.565651898144605,11.68,5.45,6.86,0.03,1,1 vehicle
7257736,2023-11-25 17:56:00,2023,1-k2,VHDU,2197.0,2023-11-25 18:00:00,4.0,2.988600397725995,6.007449718079592,11.35,2.7,3.5,2.0,3,2 or more vehicles
7258223,2023-11-26 10:54:00,2023,76-15,VHDU,33654.0,2023-11-26 10:50:00,4.0,5.925244486438157,0.96895568343592,14.13,0.27,0.69,1.78,1,1 vehicle
7259480,2023-11-28 07:29:00,2023,829-01,VHDU,3471.0,2023-11-28 07:30:00,1.0,7.6765464705646185,9.317363479954343,11.420000000000003,1.12,1.47,2.43,1,1 vehicle
7259770,2023-11-28 11:53:00,2023,821-03,VHDU,3371.0,2023-11-28 11:50:00,3.0,7.5060871354937895,5.605000581782615,5.6,0.0,0.0,0.6,1,1 vehicle
7260019,2023-11-28 15:43:00,2023,39-01,VHDU,31387.0,2023-11-28 15:40:00,3.0,5.86139376410673,1.6348934580675056,15.7,5.07,6.86,0.25,2,2 or more vehicles
7261216,2023-11-30 16:11:00,2023,1-q5,VHDU,33480.0,2023-11-30 16:10:00,1.0,4.535967823849769,8.323557642546657,13.83,3.77,6.66,-3.12,1,1 vehicle
7261293,2023-11-30 19:36:00,2023,93-02,VHDU,34175.0,2023-11-30 19:40:00,4.0,0.12815235443511874,2.2346382814282277,9.91,5.83,7.25,-4.74,1,1 vehicle
7261742,2023-12-01 13:25:00,2023,1-d8,VDU,31392.0,2023-12-01 13:20:00,5.0,5.323943329966025,1.811228203445721,16.61,5.91,8.13,-3.76,3,2 or more vehicles
7263157,2023-12-03 12:56:00,2023,1-s6,VDU,34148.0,2023-12-03 13:00:00,4.0,3.675944885228837,0.6188238112472331,8.76,0.81,1.86,-5.11,1,1 vehicle
7268500,2023-12-11 06:31:00,2023,85-01,VDU,33480.0,2023-12-11 06:30:00,1.0,3.768156399951169,1.6191868693980056,12.73,0.17,0.78,-9.71,1,1 vehicle
7269229,2023-12-11 20:36:00,2023,1-f5,VDU,31579.0,2023-12-11 20:40:00,4.0,0.8819205813391573,1.028741036313794,11.97,4.74,7.45,-0.4,1,1 vehicle
7269564,2023-12-12 09:10:00,2023,420-01,VDU,31363.0,2023-12-12 09:10:00,0.0,5.143736999313593,3.8504227892375225,11.31,1.82,2.35,-4.57,1,1 vehicle
7270505,2023-12-13 14:35:00,2023,1-g3,VDU,31674.0,2023-12-13 14:30:00,5.0,8.775392240975581,6.51508528335336,11.64,11.15,15.39,7.41,2,2 or more vehicles
7270602,2023-12-13 20:46:00,2023,39-01,VDU,31387.0,2023-12-13 20:50:00,4.0,1.5807302149931752,1.6348934580675056,15.7,5.91,7.55,1.88,1,1 vehicle
7272188,2023-12-15 15:17:00,2023,36-06,VDU,1596.0,2023-12-15 15:20:00,3.0,7.1599142039650605,5.4322212477658764,10.69,5.68,8.85,0.7,1,1 vehicle
7272486,2023-12-15 20:58:00,2023,45-01,VDU,1453.0,2023-12-15 21:00:00,2.0,6.212117901638753,6.206697467082469,5.89,17.21,22.83,1.09,2,2 or more vehicles
7272872,2023-12-16 21:37:00,2023,64-01,VDU,2631.0,2023-12-16 21:40:00,3.0,4.405344003197061,3.0850796312939655,6.8,4.47,6.21,2.09,1,1 vehicle
7273059,2023-12-16 20:43:00,2023,35-04,VDU,36411.0,2023-12-16 20:40:00,3.0,1.906016742602143,4.502054796897285,8.82,5.55,9.51,1.19,1,1 vehicle
7274054,2023-12-18 13:49:00,2023,1-q9,VDU,33394.0,2023-12-18 13:50:00,1.0,1.5693789017375213,0.908915067351008,12.67,1.35,2.06,-4.21,1,1 vehicle
7275256,2023-12-20 10:43:00,2023,76-11,VDU,3751.0,2023-12-20 10:40:00,3.0,2.5413300703994675,2.744742171290234,2.2,1.34,2.42,-3.45,1,1 vehicle
7275570,2023-12-20 17:58:00,2023,1-v5,VDU,5872.0,2023-12-20 18:00:00,2.0,14.097755178837932,9.7844402299714,10.72,1.4,3.0,-3.8,1,1 vehicle
7277415,2023-12-23 15:25:00,2023,35-01,VDU,31399.0,2023-12-23 15:20:00,5.0,8.456812017394629,4.900372212107007,8.290000000000001,14.95,20.38,-5.29,1,1 vehicle
7277441,2023-12-23 14:42:00,2023,1-d8,VDU,31392.0,2023-12-23 14:40:00,2.0,3.051411336891517,1.811228203445721,16.61,17.31,20.97,-7.48,6,2 or more vehicles
7278521,2023-12-26 16:57:00,2023,365-01,VDU,36504.0,2023-12-26 17:00:00,3.0,3.2525443020110827,3.818324764347183,14.36,6.65,8.82,0.04,3,2 or more vehicles
7278527,2023-12-26 19:57:00,2023,51-02,VDU,31572.0,2023-12-26 20:00:00,3.0,4.799524192013169,5.773738212981441,11.240000000000002,2.84,6.17,1.23,1,1 vehicle
7279183,2023-12-27 16:51:00,2023,36-12,VDU,1479.0,2023-12-27 16:50:00,1.0,6.089205283923887,7.784369828621856,7.170000000000001,0.01,0.29,-8.39,2,2 or more vehicles
7279189,2023-12-27 13:42:00,2023,1-g1,VDU,31578.0,2023-12-27 13:40:00,2.0,7.546574159747788,5.843019343976989,10.93,4.53,6.17,-1.11,2,2 or more vehicles
7279814,2023-12-27 05:00:00,2023,1-d6,VDU,31399.0,2023-12-27 05:00:00,0.0,0.08764401150571902,2.8564832758413083,10.33,0.44,1.37,-1.64,1,1 vehicle
7279830,2023-12-28 14:31:00,2023,1-y7,VDU,5309.0,2023-12-28 14:30:00,1.0,6.009570736920488,4.321816631986554,9.11,4.7,5.8,0.2,2,2 or more vehicles
7280696,2023-12-30 09:30:00,2023,1-e1,VDU,31488.0,2023-12-30 09:30:00,0.0,4.800146971355732,3.522383406880032,9.57,4.26,6.08,-4.5,1,1 vehicle
7281946,2024-01-01 10:35:00,2024,95-01,VDU,4271.0,2024-01-01 10:30:00,5.0,2.9660329206661418,6.919019956377639,10.99,4.69,7.22,3.29,2,2 or more vehicles
7281983,2024-01-01 14:06:00,2024,41-15,VDU,1370.0,2024-01-01 14:10:00,4.0,2.0951111190776057,1.361433362983291,13.26,4.74,5.82,1.91,1,1 vehicle
7282811,2024-01-02 16:30:00,2024,44-02,VDU,1350.0,2024-01-02 16:30:00,0.0,3.2923106232088593,3.3009710836525894,2.94,5.21,7.12,2.14,1,1 vehicle
7282852,2024-01-02 16:54:00,2024,39-01,VDU,31387.0,2024-01-02 16:50:00,4.0,2.364644652260214,1.6348934580675056,15.7,3.7,6.17,1.48,1,1 vehicle
7283417,2023-12-26 13:59:00,2023,767-01,VDU,3433.0,2023-12-26 14:00:00,1.0,15.290124787243359,16.62786732270217,10.73,8.8,10.32,-1.54,1,1 vehicle
7283593,2024-01-03 16:25:00,2024,829-01,VDU,3471.0,2024-01-03 16:20:00,5.0,7.645084952982383,9.317363479954343,11.420000000000003,0.9,2.45,3.75,1,1 vehicle
7284176,2024-01-04 09:28:00,2024,828-01,VDU,3471.0,2024-01-04 09:30:00,2.0,3.7044990846934254,3.4072094255190617,1.27,0.52,0.85,-0.64,1,1 vehicle
7285653,2024-01-06 18:40:00,2024,41-15,VDU,1370.0,2024-01-06 18:40:00,0.0,1.354512487968892,1.361433362983291,13.26,3.84,5.85,1.68,1,1 vehicle
7285970,2024-01-07 10:37:00,2024,83-01,VDU,3471.0,2024-01-07 10:40:00,3.0,2.468904916899573,3.1942761755996667,6.819999999999999,6.7,9.83,6.48,1,1 vehicle
7286027,2024-01-07 12:16:00,2024,73-03,VDU,33424.0,2024-01-07 12:20:00,4.0,8.209703681311764,10.566157141749969,16.089999999999996,1.76,4.31,5.09,1,1 vehicle
7286683,2024-01-08 07:01:00,2024,1-u8,VDU,35884.0,2024-01-08 07:00:00,1.0,0.3754872674104525,2.0838379564469443,7.66,10.11,14.6,6.65,1,1 vehicle
7288704,2024-01-10 19:22:00,2024,420-01,VDU,31363.0,2024-01-10 19:20:00,2.0,2.030254391423,3.8504227892375225,11.31,8.57,12.74,6.56,1,1 vehicle
7289513,2024-01-11 16:23:00,2024,1-g3,VDU,31674.0,2024-01-11 16:20:00,3.0,4.116609395984761,6.51508528335336,11.64,13.25,17.74,7.13,1,1 vehicle
7289904,2024-01-12 09:48:00,2024,1-z0,VDU,6499.0,2024-01-12 09:50:00,2.0,1.6949179554418299,4.548630125187953,10.22,4.5,7.3,5.0,2,2 or more vehicles
7290243,2024-01-12 22:45:00,2024,1-n0,VDU,33451.0,2024-01-12 22:40:00,5.0,14.907043696894808,12.39083591009894,9.74,1.44,2.25,1.57,1,1 vehicle
7290278,2024-01-13 00:55:00,2024,85-04,VDU,3696.0,2024-01-13 00:50:00,5.0,2.73835503286645,4.839250240206277,7.150000000000001,1.06,2.12,-2.09,1,1 vehicle
7290933,2024-01-14 04:48:00,2024,1-s9,VDU,4271.0,2024-01-14 04:50:00,2.0,19.796697278815383,18.30644535475735,11.49,8.3,10.88,-6.97,1,1 vehicle
7292693,2024-01-16 11:26:00,2024,731-02,VDU,33431.0,2024-01-16 11:30:00,4.0,11.462670973688143,13.878354167089809,13.950000000000005,10.94,14.7,-11.89,1,1 vehicle
7295502,2024-01-19 20:48:00,2024,76-11,VDU,3751.0,2024-01-19 20:50:00,2.0,2.622351627314359,2.744742171290234,2.2,3.06,4.02,-6.11,1,1 vehicle
7296414,2024-01-17 18:30:00,2024,853-01,VDU,3591.0,2024-01-17 18:30:00,0.0,4.5065362492377545,2.278682220907146,7.92,7.95,11.34,-8.47,1,1 vehicle
7297782,2024-01-23 13:24:00,2024,47-12,VDU,1679.0,2024-01-23 13:20:00,4.0,10.663284216528773,10.954316682771935,12.42,8.5,12.92,-0.5,1,1 vehicle
7297958,2024-01-23 19:49:00,2024,410-02,VDU,1474.0,2024-01-23 19:50:00,1.0,1.8960588345166838,1.0124419195667345,4.35,1.1,2.1,-0.9,2,2 or more vehicles
7299874,2024-01-26 13:43:00,2024,931-01,VDU,4271.0,2024-01-26 13:40:00,3.0,5.1884092299574345,4.324276234984997,7.55,2.33,6.6,0.68,1,1 vehicle
7299906,2024-01-26 09:30:00,2024,1-b6,VDU,6134.0,2024-01-26 09:30:00,0.0,5.959263267863205,5.751425337701231,12.46,7.89,13.98,1.72,1,1 vehicle
7300388,2024-01-27 08:22:00,2024,506-01,VDU,31578.0,2024-01-27 08:20:00,2.0,8.441696784706592,8.070603027456807,2.46,7.97,12.15,-1.6,1,1 vehicle
7300430,2024-01-27 09:13:00,2024,41-21,VDU,1350.0,2024-01-27 09:10:00,3.0,1.8510075404319863,1.4041541058646172,3.31,14.38,18.49,-0.15,1,1 vehicle
7300471,2024-01-27 12:17:00,2024,1-c8,VDU,36308.0,2024-01-27 12:20:00,3.0,0.06958303308873319,4.831712605587408,10.24,13.44,19.8,-0.71,3,2 or more vehicles
7300656,2024-01-27 10:32:00,2024,1-y9,VDU,6499.0,2024-01-27 10:30:00,2.0,4.6527483036090835,3.9428645231018016,4.99,1.7,2.4,-3.1,1,1 vehicle
7301617,2024-01-29 11:30:00,2024,30-01,VDU,6310.0,2024-01-29 11:30:00,0.0,5.779057620218597,2.8295859653891235,8.07,14.57,18.26,2.07,1,1 vehicle
7301869,2024-01-29 18:01:00,2024,1-b5,VDU,6045.0,2024-01-29 18:00:00,1.0,8.240005608307904,7.297304255791511,14.2,12.36,17.57,3.14,2,2 or more vehicles
7302455,2024-01-30 14:30:00,2024,41-15,VDU,1370.0,2024-01-30 14:30:00,0.0,5.795087670089983,1.361433362983291,13.26,8.32,12.28,-1.97,1,1 vehicle
7302511,2024-01-30 18:58:00,2024,41-15,VDU,1370.0,2024-01-30 19:00:00,2.0,4.255665772897253,1.361433362983291,13.26,5.6,7.74,-2.15,3,2 or more vehicles
7302910,2024-01-31 11:51:00,2024,1-g3,VDU,31674.0,2024-01-31 11:50:00,1.0,8.39191371295329,6.51508528335336,11.64,11.49,15.88,-1.33,1,1 vehicle
7303708,2024-02-01 14:55:00,2024,425-01,VDU,31640.0,2024-02-01 14:50:00,5.0,9.870884019218561,7.461184051893246,11.97,8.09,9.6,5.68,1,1 vehicle
7306484,2024-02-05 12:41:00,2024,60-07,VDU,2175.0,2024-02-05 12:40:00,1.0,8.334449566313351,6.6572981298054845,15.579999999999998,9.3,13.5,-5.8,3,2 or more vehicles
7306592,2024-02-05 16:21:00,2024,36-06,VDU,1596.0,2024-02-05 16:20:00,1.0,2.1393165964938357,5.4322212477658764,10.69,4.57,7.55,-7.53,2,2 or more vehicles
7307107,2024-02-06 11:42:00,2024,1-t7,VDU,5975.0,2024-02-06 11:40:00,2.0,6.971828812748616,5.388181282951978,10.5,7.0,11.2,-4.9,2,2 or more vehicles
7308586,2024-02-08 13:36:00,2024,64-01,VDU,2631.0,2024-02-08 13:40:00,4.0,2.937177695581273,3.0850796312939655,6.8,2.2,2.88,-3.96,1,1 vehicle
7308748,2024-02-08 17:48:00,2024,1-f3,VDU,1479.0,2024-02-08 17:50:00,2.0,0.8212326082421679,1.1330985534714593,4.78,0.21,1.08,-10.53,1,1 vehicle
7311000,2024-02-10 18:17:00,2024,1-c8,VDU,36308.0,2024-02-10 18:20:00,3.0,8.07931824069109,4.831712605587408,10.24,9.55,11.37,-2.75,2,2 or more vehicles
7311587,2024-02-11 15:52:00,2024,35-07,VDU,6515.0,2024-02-11 15:50:00,2.0,6.115478847568997,2.481668592393056,11.46,11.98,15.55,-0.96,2,2 or more vehicles
7312281,2024-02-12 17:01:00,2024,1-e1,VDU,31488.0,2024-02-12 17:00:00,1.0,0.9898987372178455,3.522383406880032,9.57,8.23,10.88,-0.56,1,1 vehicle
7312917,2024-02-13 12:23:00,2024,60-08,VDU,32179.0,2024-02-13 12:20:00,3.0,3.594899573918028,3.63933878874034,9.26,7.03,10.98,-2.38,1,1 vehicle
7313021,2024-02-13 16:40:00,2024,1-d6,VDU,31399.0,2024-02-13 16:40:00,0.0,4.041583144815906,2.8564832758413083,10.33,15.32,18.62,-0.89,2,2 or more vehicles
7313746,2024-02-14 17:30:00,2024,1-m4,VDU,33431.0,2024-02-14 17:30:00,0.0,3.3896881388234275,4.073257225176333,8.95,11.69,14.21,-2.21,1,1 vehicle
7314496,2024-02-15 18:12:00,2024,1-g8,VDU,1777.0,2024-02-15 18:10:00,2.0,5.388622720962499,4.666648338235164,8.59,4.51,6.23,-2.87,3,2 or more vehicles
7316093,2024-02-18 11:39:00,2024,1-j2,VDU,32097.0,2024-02-18 11:40:00,1.0,14.179152580432104,12.851629039775409,9.98,10.52,13.43,2.51,1,1 vehicle
7317110,2024-02-19 16:04:00,2024,1-s5,VDU,34238.0,2024-02-19 16:00:00,4.0,15.617913049073426,11.05888658286931,19.9,5.63,6.37,-1.9,1,1 vehicle
7317112,2024-02-19 17:30:00,2024,82-01,VDU,3463.0,2024-02-19 17:30:00,0.0,1.6060820637314939,2.8505006265868884,10.86,0.63,0.95,0.44,2,2 or more vehicles
7318960,2024-02-22 07:02:00,2024,41-16,VDU,31363.0,2024-02-22 07:00:00,2.0,2.94548004126099,4.6115007826263295,11.62,3.76,4.9,0.66,2,2 or more vehicles
7319296,2024-02-22 11:39:00,2024,36-01,VDU,31399.0,2024-02-22 11:40:00,1.0,9.247469549757174,11.778691413624069,9.29,1.0,1.96,-1.06,2,2 or more vehicles
7319438,2024-02-22 14:52:00,2024,1-p5,VDU,3463.0,2024-02-22 14:50:00,2.0,5.426651529262681,4.005505581134992,2.99,0.0,0.0,-1.06,4,2 or more vehicles
7322193,2024-02-23 13:20:00,2024,85-15,VDU,34732.0,2024-02-23 13:20:00,0.0,6.220669749174744,14.425602103547613,18.700000000000003,5.85,10.09,-0.25,1,1 vehicle
7325352,2024-03-01 12:27:00,2024,76-08,VDU,33643.0,2024-03-01 12:30:00,3.0,1.2659328885651828,6.4254042227708075,11.86,9.65,13.03,-4.39,1,1 vehicle
7326556,2024-03-03 12:25:00,2024,1-c3,VDU,6315.0,2024-03-03 12:20:00,5.0,0.5388621852894464,0.4198979929840348,4.99,6.7,8.8,-4.3,3,2 or more vehicles
7327744,2024-03-05 00:09:00,2024,41-13,VDU,1474.0,2024-03-05 00:10:00,1.0,0.8253742188938635,0.6574073151814317,2.51,5.2,11.0,6.0,1,1 vehicle
7333290,2024-03-11 16:21:00,2024,41-21,VDU,1350.0,2024-03-11 16:20:00,1.0,1.3517254705993529,1.4041541058646172,3.31,5.7,6.92,3.74,2,2 or more vehicles
7333410,2024-03-11 18:00:00,2024,1-m7,VDU,33451.0,2024-03-11 18:00:00,0.0,7.876471329430222,8.219589954983459,4.82,0.75,1.27,2.9,2,2 or more vehicles
7333833,2024-03-12 10:41:00,2024,65-02,VDU,2630.0,2024-03-12 10:40:00,1.0,6.677274504204706,3.675237890695173,9.22,4.48,9.08,0.48,1,1 vehicle
7334963,2024-03-13 15:33:00,2024,35-11,VDU,36519.0,2024-03-13 15:30:00,3.0,5.274216494748787,8.402290279671812,11.75,12.76,17.35,3.33,1,1 vehicle
7336016,2024-03-14 17:36:00,2024,60-46,VDU,2636.0,2024-03-14 17:40:00,4.0,4.240717193308429,1.8431777366694395,7.28,13.5,16.37,-9.06,1,1 vehicle
7336731,2024-03-15 12:24:00,2024,427-05,VDU,7001.0,2024-03-15 12:20:00,4.0,9.404567572593757,8.672631809759135,14.43,20.8,29.6,0.0,1,1 vehicle
7339483,2024-03-19 12:47:00,2024,1-f6,VDU,31577.0,2024-03-19 12:50:00,3.0,1.856266941859304,0.866726910174939,3.5799999999999996,12.9,17.44,1.87,1,1 vehicle
7340274,2024-03-20 14:14:00,2024,39-01,VDU,31387.0,2024-03-20 14:10:00,4.0,3.3278171209469463,1.6348934580675056,15.7,10.67,17.05,0.06,2,2 or more vehicles
7340432,2024-03-20 16:59:00,2024,56-02,VDU,31948.0,2024-03-20 17:00:00,1.0,4.030104100878095,4.089604367560472,5.42,12.99,18.91,-0.24,4,2 or more vehicles
7340436,2024-03-20 14:47:00,2024,1-d8,VDU,31392.0,2024-03-20 14:50:00,3.0,5.548897024154643,1.811228203445721,16.61,11.73,14.99,-0.52,1,1 vehicle
7341566,2024-03-22 08:08:00,2024,1-d6,VDU,31399.0,2024-03-22 08:10:00,2.0,0.21705957963114808,2.8564832758413083,10.33,17.58,25.09,-0.93,2,2 or more vehicles
7342323,2024-03-23 14:09:00,2024,1-r7,VDU,4323.0,2024-03-23 14:10:00,1.0,4.061125979888971,5.67442215411124,10.1,9.4,11.1,-4.2,2,2 or more vehicles
7342703,2024-03-24 06:00:00,2024,41-17,VDU,1350.0,2024-03-24 06:00:00,0.0,8.81452849331972,6.841931195549181,4.66,6.15,8.62,2.23,1,1 vehicle
7343832,2024-03-25 16:43:00,2024,1-k7,VDU,3223.0,2024-03-25 16:40:00,3.0,15.776776251133601,16.565651898144605,11.68,7.0,10.06,-3.45,2,2 or more vehicles
7344338,2024-03-26 12:33:00,2024,1-g4,VDU,31674.0,2024-03-26 12:30:00,3.0,0.5379373654462586,2.9434338577391106,8.41,4.01,7.45,-0.28,1,1 vehicle
7345687,2024-03-28 12:10:00,2024,92-10,VDU,34087.0,2024-03-28 12:10:00,0.0,6.809291117069499,6.682100904890704,4.69,6.14,16.07,-4.21,2,2 or more vehicles
7346634,2024-03-29 18:37:00,2024,76-14,VDU,3752.0,2024-03-29 18:40:00,3.0,0.23643030982885488,0.2721930521313832,1.06,12.59,17.93,-0.89,2,2 or more vehicles
7347005,2024-03-29 18:04:00,2024,61-24,VDU,32474.0,2024-03-29 18:00:00,4.0,5.010267818968447,9.469232233801408,19.41,11.53,14.41,-5.33,1,1 vehicle
7348227,2024-04-01 14:14:00,2024,85-39,VHDU,34450.0,2024-04-01 14:10:00,4.0,2.0655655356323184,3.695307337107368,13.77,9.21,11.07,-6.73,1,1 vehicle
7348251,2024-04-01 12:51:00,2024,60-30,VHDU,32355.0,2024-04-01 12:50:00,1.0,1.5215657508495375,0.3700734187950305,11.87,15.15,18.62,-8.38,3,2 or more vehicles
7349388,2024-04-02 15:43:00,2024,1-y4,VHDU,35315.0,2024-04-02 15:40:00,3.0,14.0344739066465,10.68809835104116,10.77,7.87,12.25,1.46,2,2 or more vehicles
7350863,2024-04-04 12:05:00,2024,54-11,VHDU,31932.0,2024-04-04 12:00:00,5.0,5.4683414549950395,1.6555647354751262,11.07,6.56,10.98,-0.07,3,2 or more vehicles
7352697,2024-04-06 18:16:00,2024,1-d8,VHDU,31392.0,2024-04-06 18:20:00,4.0,2.730395994762105,1.811228203445721,16.61,11.26,16.37,-3.8,2,2 or more vehicles
7352778,2024-04-07 14:17:00,2024,1-k2,VHDU,2197.0,2024-04-07 14:20:00,3.0,2.896656981182738,6.007449718079592,11.35,15.3,19.6,0.2,1,1 vehicle
7352877,2024-04-07 20:11:00,2024,61-24,VHDU,32474.0,2024-04-07 20:10:00,1.0,1.1893775696051458,9.469232233801408,19.41,13.72,16.95,-5.36,1,1 vehicle
7356284,2024-04-11 18:03:00,2024,61-24,VHDU,32474.0,2024-04-11 18:00:00,3.0,6.196356210744907,9.469232233801408,19.41,18.35,21.66,-1.86,5,2 or more vehicles
7356974,2024-04-12 11:51:00,2024,1-m2,VHDU,33419.0,2024-04-12 11:50:00,1.0,1.4530571188408583,5.573498711103916,14.07,19.29,23.03,-0.66,1,1 vehicle
7357135,2024-04-12 18:27:00,2024,1-q5,VHDU,33480.0,2024-04-12 18:30:00,3.0,8.181004355575917,8.323557642546657,13.83,6.91,9.11,-2.95,3,2 or more vehicles
7357413,2024-04-13 03:21:00,2024,51-02,VHDU,31572.0,2024-04-13 03:20:00,1.0,6.37542710742693,5.773738212981441,11.240000000000002,2.94,4.9,-1.9,1,1 vehicle
7359217,2024-04-15 11:40:00,2024,76-04,VHDU,3433.0,2024-04-15 11:40:00,0.0,19.334882434897747,16.232218446531423,13.07,10.46,12.84,-2.02,1,1 vehicle
7359368,2024-04-15 14:38:00,2024,83-04,VHDU,33576.0,2024-04-15 14:40:00,2.0,9.055771075133238,6.361058651898554,9.29,14.27,22.83,-4.42,1,1 vehicle
7359530,2024-04-15 17:39:00,2024,1-y5,VHDU,35315.0,2024-04-15 17:40:00,1.0,4.99946960571858,1.6088174154424382,8.37,3.6,5.19,1.85,2,2 or more vehicles
7361006,2024-04-17 20:23:00,2024,312-01,VHDU,6300.0,2024-04-17 20:20:00,3.0,10.865178261398393,10.218601075326106,5.31,1.49,2.45,3.34,1,1 vehicle
7362197,2024-04-19 16:17:00,2024,1-c5,VHDU,6315.0,2024-04-19 16:20:00,3.0,4.619943806913212,4.189300750163836,3.03,7.4,9.5,2.8,2,2 or more vehicles
7365641,2024-04-23 23:47:00,2024,44-03,VHDU,1350.0,2024-04-23 23:50:00,3.0,6.138238938720913,5.16732077177175,4.999999999999999,1.69,2.05,7.4,1,1 vehicle
7366052,2024-04-24 13:09:00,2024,829-01,VHDU,3471.0,2024-04-24 13:10:00,1.0,13.040494146640789,9.317363479954343,11.420000000000003,1.99,2.91,7.5,1,1 vehicle
7366708,2024-04-25 11:18:00,2024,36-06,VHDU,1596.0,2024-04-25 11:20:00,2.0,0.3602731268279358,5.4322212477658764,10.69,3.2,4.34,9.36,2,2 or more vehicles
7366894,2024-04-25 09:59:00,2024,42-01,VHDU,1473.0,2024-04-25 10:00:00,1.0,8.608651776710678,5.682283768255924,9.62,3.37,4.31,5.3,1,1 vehicle
7366958,2024-04-25 19:06:00,2024,1-d8,VHDU,31392.0,2024-04-25 19:10:00,4.0,3.7324664293616983,1.811228203445721,16.61,7.45,11.17,5.01,3,2 or more vehicles
7367591,2024-04-26 16:06:00,2024,58-01,VHDU,2050.0,2024-04-26 16:10:00,4.0,8.19157848214436,3.9981174783629543,8.670000000000002,2.42,3.49,5.62,2,2 or more vehicles
7368138,2024-04-27 05:27:00,2024,1-m3,VHDU,33431.0,2024-04-27 05:30:00,3.0,13.637112240475613,13.227469441125152,11.32,3.1,4.12,-3.32,1,1 vehicle
7369643,2024-04-29 17:58:00,2024,870-02,VHDU,4912.0,2024-04-29 18:00:00,2.0,12.907950237220774,17.232389654446973,13.58,5.66,7.87,2.15,1,1 vehicle
7377413,2024-05-08 00:01:00,2024,1-d8,VHDU,31392.0,2024-05-08 00:00:00,1.0,3.73651392385294,1.811228203445721,16.61,5.85,7.35,0.6,1,1 vehicle
7377495,2024-05-08 04:45:00,2024,41-16,VHDU,31363.0,2024-05-08 04:40:00,5.0,1.8230297743326778,4.6115007826263295,11.62,4.36,4.8,1.61,1,1 vehicle
7379588,2024-05-10 12:50:00,2024,41-16,VHDU,31363.0,2024-05-10 12:50:00,0.0,1.3685022751581524,4.6115007826263295,11.62,8.43,11.66,9.04,1,1 vehicle
7380368,2024-05-11 16:21:00,2024,958-01,VHDU,34087.0,2024-05-11 16:20:00,1.0,10.002901208111094,9.549508098349785,12.96,0.89,1.37,9.08,1,1 vehicle
7380909,2024-05-12 03:05:00,2024,1-k8,VHDU,3223.0,2024-05-12 03:00:00,5.0,19.202374918387587,15.384253879331345,11.4,2.0,3.2,3.28,1,1 vehicle
7381955,2024-05-13 15:28:00,2024,1-c0,VHDU,6222.0,2024-05-13 15:30:00,2.0,6.509026866273623,6.323365886803895,10.13,1.18,1.86,11.13,3,2 or more vehicles
7382864,2024-05-14 17:33:00,2024,745-08,VHDU,33424.0,2024-05-14 17:30:00,3.0,11.254404926732473,11.655482587078543,10.11,1.77,3.92,7.02,1,1 vehicle
7383145,2024-05-15 07:45:00,2024,506-01,VHDU,31578.0,2024-05-15 07:40:00,5.0,7.724522363948598,8.070603027456807,2.46,2.68,5.59,6.33,2,2 or more vehicles
7384255,2024-05-16 09:02:00,2024,1-d6,VHDU,31399.0,2024-05-16 09:00:00,2.0,2.0495230585197795,2.8564832758413083,10.33,1.69,3.23,6.92,2,2 or more vehicles
7384641,2024-05-16 14:23:00,2024,1-d6,VHDU,31399.0,2024-05-16 14:20:00,3.0,3.0795297341007837,2.8564832758413083,10.33,1.38,3.23,8.46,1,1 vehicle
7388682,2024-05-21 11:15:00,2024,1-e1,VHDU,31488.0,2024-05-21 11:10:00,5.0,7.111086785068016,3.522383406880032,9.57,6.72,11.07,6.21,2,2 or more vehicles
7391981,2024-05-24 19:47:00,2024,42-02,VHDU,1370.0,2024-05-24 19:50:00,3.0,9.399665423220405,11.330292093996302,13.38,15.52,22.74,8.59,1,1 vehicle
7392648,2024-05-25 16:52:00,2024,264-01,VHDU,6222.0,2024-05-25 16:50:00,2.0,8.707975695075989,8.254225728246299,11.48,8.3,12.38,11.01,1,1 vehicle
7392754,2024-05-25 18:21:00,2024,1-b8,VHDU,36122.0,2024-05-25 18:20:00,1.0,2.4648275039063656,3.3807083606755346,11.8,8.52,11.66,10.56,2,2 or more vehicles
7393425,2024-05-26 17:32:00,2024,41-15,VHDU,1370.0,2024-05-26 17:30:00,2.0,4.631591909787149,1.361433362983291,13.26,7.85,11.04,13.37,2,2 or more vehicles
7393907,2024-05-27 09:06:00,2024,1-g0,VHDU,31572.0,2024-05-27 09:10:00,4.0,2.6093269121957205,2.826076960202496,0.48,1.17,2.06,10.24,1,1 vehicle
7394503,2024-05-27 17:09:00,2024,54-15,VHDU,31942.0,2024-05-27 17:10:00,1.0,0.856763577455649,0.3649829257412452,9.1,3.67,4.51,9.87,2,2 or more vehicles
7395830,2024-05-28 04:52:00,2024,1-k2,VHDU,2197.0,2024-05-28 04:50:00,2.0,6.812607917293868,6.007449718079592,11.35,3.2,3.9,6.7,1,1 vehicle
7397187,2024-05-29 09:58:00,2024,85-07,VHDU,3797.0,2024-05-29 10:00:00,2.0,1.3573005397155364,4.297639259651846,9.18,4.08,5.16,4.91,1,1 vehicle
7398480,2024-05-29 20:54:00,2024,1-a6,VHDU,36270.0,2024-05-29 20:50:00,4.0,2.3928033969105758,4.464514206348191,13.14,1.57,2.35,10.43,2,2 or more vehicles
7402636,2024-06-03 16:07:00,2024,1-d2,SDU,6300.0,2024-06-03 16:10:00,3.0,13.428111497415959,6.730360832725801,13.7,6.67,10.58,7.22,2,2 or more vehicles
7403340,2024-06-04 08:42:00,2024,76-09,SDU,33750.0,2024-06-04 08:40:00,2.0,8.399981174206186,2.6673072887815006,13.47,14.94,20.78,0.67,1,1 vehicle
7403714,2024-06-04 12:06:00,2024,1-y2,SDU,35116.0,2024-06-04 12:10:00,4.0,7.4833095072995715,8.14199183510842,11.17,17.62,32.93,9.08,1,1 vehicle
7405607,2024-06-06 12:48:00,2024,222-01,SDU,6045.0,2024-06-06 12:50:00,2.0,10.46540467051418,10.290362108045628,1.25,15.85,20.42,9.92,1,1 vehicle
7406376,2024-06-07 16:29:00,2024,1-f7,SDU,31577.0,2024-06-07 16:30:00,1.0,0.9209975596684438,1.371046631608786,0.94,7.79,10.68,7.12,2,2 or more vehicles
7406540,2024-06-07 22:09:00,2024,56-02,SDU,31948.0,2024-06-07 22:10:00,1.0,3.4813665840264854,4.089604367560472,5.42,5.49,7.25,3.67,1,1 vehicle
7406880,2024-06-08 12:26:00,2024,427-04,SDU,31365.0,2024-06-08 12:30:00,4.0,1.7235322158799655,0.1007673098225247,7.24,11.7,15.88,7.17,1,1 vehicle
7406930,2024-06-06 23:26:00,2024,643-04,SDU,2481.0,2024-06-06 23:30:00,4.0,13.157627890158535,15.913393232186284,13.32,16.84,20.78,3.09,1,1 vehicle
7407383,2024-06-09 00:15:00,2024,1-f3,SDU,1479.0,2024-06-09 00:10:00,5.0,0.7564464796232717,1.1330985534714593,4.78,4.32,6.73,7.32,1,1 vehicle
7407590,2024-06-08 18:55:00,2024,1-a7,SDU,36270.0,2024-06-08 18:50:00,5.0,2.096458083990762,7.406305507969019,10.72,4.49,7.06,9.35,1,1 vehicle
7407738,2024-06-09 13:02:00,2024,722-04,SDU,3223.0,2024-06-09 13:00:00,2.0,5.633037386584974,8.393986852232786,14.750000000000002,2.16,3.33,8.14,1,1 vehicle
7408130,2024-06-09 20:46:00,2024,1-h1,SDU,31882.0,2024-06-09 20:50:00,4.0,12.302971927949438,9.56603598582837,9.95,4.75,8.33,9.48,2,2 or more vehicles
7408194,2024-06-10 01:28:00,2024,1-b4,SDU,36049.0,2024-06-10 01:30:00,2.0,1.228431812659024,1.9506434494436529,12.13,0.47,1.47,4.8,1,1 vehicle
7408415,2024-06-10 08:37:00,2024,420-01,SDU,31363.0,2024-06-10 08:40:00,3.0,4.610419257474492,3.8504227892375225,11.31,2.44,3.43,8.97,1,1 vehicle
7411178,2024-06-12 17:28:00,2024,82-01,SDU,3463.0,2024-06-12 17:30:00,2.0,2.89579407163444,2.8505006265868884,10.86,5.05,6.7,15.36,1,1 vehicle
7411652,2024-06-13 07:07:00,2024,410-02,SDU,1474.0,2024-06-13 07:10:00,3.0,1.240061479256462,1.0124419195667345,4.35,4.3,10.7,10.4,1,1 vehicle
7413466,2024-06-14 16:51:00,2024,1-p2,SDU,33357.0,2024-06-14 16:50:00,1.0,10.386404731790194,12.445794851228827,9.9,6.48,7.74,11.75,1,1 vehicle
7413560,2024-06-14 21:39:00,2024,1-g9,SDU,31882.0,2024-06-14 21:40:00,1.0,3.4983596459211284,6.975496895193262,9.12,1.17,1.86,11.92,2,2 or more vehicles
7413581,2024-06-14 19:54:00,2024,1-h4,SDU,32097.0,2024-06-14 19:50:00,4.0,9.478134024950394,6.809457005645053,11.07,5.31,7.06,11.64,1,1 vehicle
7415062,2024-06-16 05:44:00,2024,836-01,SDU,3474.0,2024-06-16 05:40:00,4.0,5.481259169102335,5.046976227642842,5.570000000000001,0.98,1.87,4.88,1,1 vehicle
7416037,2024-06-17 17:08:00,2024,1-p1,SDU,33357.0,2024-06-17 17:10:00,2.0,0.8560360662610367,2.6900827429345155,10.45,8.5,10.88,10.49,4,2 or more vehicles
7420434,2024-06-21 12:56:00,2024,1-f8,SDU,31578.0,2024-06-21 13:00:00,4.0,1.2467545654956014,3.061232100935264,5.76,2.46,4.7,12.61,5,2 or more vehicles
7426863,2024-06-27 08:51:00,2024,41-16,SDU,31363.0,2024-06-27 08:50:00,1.0,10.008750884055317,4.6115007826263295,11.62,6.6,8.62,10.52,2,2 or more vehicles
7428301,2024-06-28 14:54:00,2024,1-f5,SDU,31579.0,2024-06-28 14:50:00,4.0,5.7842529469692705,1.028741036313794,11.97,9.91,15.88,10.83,1,1 vehicle
7428412,2024-06-28 15:11:00,2024,1-a2,SDU,36382.0,2024-06-28 15:10:00,1.0,0.564965587289195,1.4808596330580517,11.12,21.88,41.65,9.44,2,2 or more vehicles
7428946,2024-06-29 11:38:00,2024,30-04,SDU,6420.0,2024-06-29 11:40:00,2.0,5.227491687049219,5.359811449264286,11.71,4.7,8.4,17.2,1,1 vehicle
7429789,2024-06-30 14:59:00,2024,50-01,SDU,1777.0,2024-06-30 15:00:00,1.0,5.060901253722363,3.4541697625742347,9.24,7.3,17.53,16.78,2,2 or more vehicles
7429868,2024-06-30 18:31:00,2024,1-m3,SDU,33431.0,2024-06-30 18:30:00,1.0,11.753981003619478,13.227469441125152,11.32,10.6,14.5,17.13,1,1 vehicle
7431128,2024-07-01 16:55:00,2024,1-h1,SDU,31882.0,2024-07-01 16:50:00,5.0,14.234991807134977,9.56603598582837,9.95,6.53,8.92,10.81,3,2 or more vehicles
7432303,2024-07-02 17:32:00,2024,1-m5,SDU,33431.0,2024-07-02 17:30:00,2.0,5.434554784202195,6.468729395855224,14.15,6.05,7.74,10.58,1,1 vehicle
7434260,2024-07-04 16:02:00,2024,1-z2,SDU,36391.0,2024-07-04 16:00:00,2.0,1.986639938657396,1.7544628426852549,1.46,5.11,8.53,12.95,1,1 vehicle
7435484,2024-07-06 07:42:00,2024,54-14,SDU,1938.0,2024-07-06 07:40:00,2.0,0.6545378912712572,2.202216414079087,4.17,1.4,2.8,9.7,2,2 or more vehicles
7435563,2024-07-06 11:52:00,2024,249-02,SDU,36127.0,2024-07-06 11:50:00,2.0,10.808587121801803,11.900776627669831,16.509999999999998,2.01,3.23,12.1,1,1 vehicle
7437643,2024-07-08 19:29:00,2024,35-06,SDU,36415.0,2024-07-08 19:30:00,1.0,4.19526606556799,4.6028820030654085,4.38,4.65,6.47,14.78,2,2 or more vehicles
7439903,2024-07-10 16:06:00,2024,1-j1,SDU,32097.0,2024-07-10 16:10:00,4.0,2.3145866708798266,3.198771852515269,10.85,14.36,17.05,8.82,2,2 or more vehicles
7440788,2024-07-11 17:44:00,2024,1-b4,SDU,36049.0,2024-07-11 17:40:00,4.0,1.3431988923843847,1.9506434494436529,12.13,8.0,11.07,10.01,2,2 or more vehicles
7441264,2024-07-12 11:26:00,2024,f910-07,SDU,5940.0,2024-07-12 11:30:00,4.0,14.753511073757958,10.184828801993705,20.94,6.22,11.76,20.14,1,1 vehicle
7442762,2024-07-14 14:11:00,2024,1-g3,SDU,31674.0,2024-07-14 14:10:00,1.0,7.733585701115342,6.51508528335336,11.64,12.39,17.84,11.88,2,2 or more vehicles
7444015,2024-07-15 19:55:00,2024,36-11,SDU,31591.0,2024-07-15 19:50:00,5.0,9.6869723060414,5.841435164966701,7.99,2.76,3.92,15.18,4,2 or more vehicles
7445021,2024-07-16 23:11:00,2024,1-s4,SDU,34238.0,2024-07-16 23:10:00,1.0,7.2442517107864886,2.044687902619077,12.0,2.7,4.9,6.36,1,1 vehicle
7446188,2024-07-18 11:34:00,2024,1-d6,SDU,31399.0,2024-07-18 11:30:00,4.0,2.181566513187093,2.8564832758413083,10.33,1.75,4.8,13.09,2,2 or more vehicles
7448172,2024-07-20 17:49:00,2024,94-01,SDU,4271.0,2024-07-20 17:50:00,1.0,2.284565109766537,5.40726558119129,11.260000000000002,0.28,1.47,14.4,2,2 or more vehicles
7450154,2024-07-23 07:03:00,2024,41-15,SDU,1370.0,2024-07-23 07:00:00,3.0,2.929393982133663,1.361433362983291,13.26,4.88,6.5,8.92,1,1 vehicle
7450739,2024-07-23 17:09:00,2024,1-v1,SDU,35880.0,2024-07-23 17:10:00,1.0,8.448433811200065,4.664944106407247,9.72,8.26,11.76,12.35,1,1 vehicle
7452045,2024-07-25 13:32:00,2024,1-q9,SDU,33394.0,2024-07-25 13:30:00,2.0,4.931340233468269,0.908915067351008,12.669999999999998,2.5,4.02,15.33,1,1 vehicle
7453163,2024-07-26 15:24:00,2024,1-v1,SDU,35880.0,2024-07-26 15:20:00,4.0,8.27842432242116,4.664944106407247,9.72,1.2,2.16,10.08,1,1 vehicle
7455181,2024-07-29 14:27:00,2024,1-j1,SDU,32097.0,2024-07-29 14:30:00,3.0,2.7163477288115283,3.198771852515269,10.85,9.38,11.76,11.03,2,2 or more vehicles
7455233,2024-07-29 14:32:00,2024,612-03,SDU,2304.0,2024-07-29 14:30:00,2.0,9.584672501138959,10.535353510901745,17.24,6.54,10.88,10.49,1,1 vehicle
7455312,2024-07-29 18:43:00,2024,1-e2,SDU,1482.0,2024-07-29 18:40:00,3.0,2.872689830861197,2.638507861560012,3.46,2.34,3.66,13.65,2,2 or more vehicles
7455948,2024-07-30 14:47:00,2024,953-02,SDU,4182.0,2024-07-30 14:50:00,3.0,8.627067213099338,9.082249866539652,8.42,2.38,4.15,13.46,1,1 vehicle
7456508,2024-07-31 11:02:00,2024,1-g3,SDU,31674.0,2024-07-31 11:00:00,2.0,8.204808442216097,6.51508528335336,11.64,16.48,27.44,14.54,2,2 or more vehicles
7456553,2024-07-31 12:44:00,2024,60-09,SDU,32179.0,2024-07-31 12:40:00,4.0,2.7367602278489285,6.06551570552272,10.95,4.63,8.33,17.2,1,1 vehicle
7456781,2024-07-31 14:09:00,2024,1-b4,SDU,36049.0,2024-07-31 14:10:00,1.0,7.462210137693759,1.9506434494436529,12.13,7.86,12.94,11.3,2,2 or more vehicles
7458256,2024-08-02 13:31:00,2024,1-f8,SDU,31578.0,2024-08-02 13:30:00,1.0,4.25956258448704,3.061232100935264,5.76,5.01,7.15,13.72,2,2 or more vehicles
7460224,2024-08-04 18:49:00,2024,42-03,SDU,7001.0,2024-08-04 18:50:00,1.0,12.010166825944193,12.436064211550317,3.57,12.5,16.8,11.9,1,1 vehicle
7460227,2024-08-04 13:54:00,2024,574-03,SDU,1919.0,2024-08-04 13:50:00,4.0,13.276323651016131,14.54265234841502,11.59,8.26,10.65,14.29,1,1 vehicle
7462450,2024-08-07 10:32:00,2024,1-m4,SDU,33431.0,2024-08-07 10:30:00,2.0,5.658633873897009,4.073257225176333,8.95,1.67,2.35,5.5,3,2 or more vehicles
7462902,2024-08-07 20:20:00,2024,39-01,SDU,31387.0,2024-08-07 20:20:00,0.0,6.445477636817073,1.6348934580675056,15.7,2.63,4.02,14.22,2,2 or more vehicles
7466680,2024-08-12 06:43:00,2024,1-h4,SDU,32097.0,2024-08-12 06:40:00,3.0,7.768203184934999,6.809457005645053,11.07,4.35,5.39,5.15,1,1 vehicle
7466776,2024-08-12 14:16:00,2024,1-z2,SDU,36391.0,2024-08-12 14:20:00,4.0,1.3628817398318513,1.7544628426852549,1.46,3.33,6.27,10.6,2,2 or more vehicles
7468485,2024-08-14 21:38:00,2024,1-f5,SDU,31579.0,2024-08-14 21:40:00,2.0,0.7632045055092255,1.028741036313794,11.97,3.75,5.0,9.37,1,1 vehicle
7468592,2024-08-15 06:27:00,2024,1-f5,SDU,31579.0,2024-08-15 06:30:00,3.0,2.6113566634338454,1.028741036313794,11.97,3.0,4.31,8.73,1,1 vehicle
7470022,2024-08-16 16:36:00,2024,503-01,SDU,31572.0,2024-08-16 16:40:00,4.0,1.1711914984976723,2.3989783393278965,3.23,2.74,4.7,11.03,1,1 vehicle
7470845,2024-08-17 16:38:00,2024,f26-12,SDU,6760.0,2024-08-17 16:40:00,2.0,10.884927923172995,9.135468933751598,57.94,4.24,6.66,9.4,1,1 vehicle
7473454,2024-08-20 12:52:00,2024,1-g3,SDU,31674.0,2024-08-20 12:50:00,2.0,10.232619317564248,6.51508528335336,11.64,3.69,8.33,10.47,3,2 or more vehicles
7473714,2024-08-20 16:18:00,2024,1-r3,SDU,4406.0,2024-08-20 16:20:00,2.0,5.7379471260251895,7.05860661928788,17.560000000000002,6.03,7.55,4.94,2,2 or more vehicles
7473732,2024-08-20 17:08:00,2024,35-02,SDU,6300.0,2024-08-20 17:10:00,2.0,12.537162854255067,12.10977044219268,7.8,1.04,1.73,13.77,2,2 or more vehicles
7475321,2024-08-21 13:14:00,2024,60-09,SDU,32179.0,2024-08-21 13:10:00,4.0,7.1190726299824165,6.06551570552272,10.95,9.48,14.99,4.83,1,1 vehicle
7477443,2024-08-25 04:15:00,2024,540-03,SDU,1868.0,2024-08-25 04:10:00,5.0,10.680190260782329,11.101328006391253,13.41,6.4,9.9,5.7,1,1 vehicle
7477558,2024-08-25 11:16:00,2024,60-09,SDU,32179.0,2024-08-25 11:20:00,4.0,7.04884858825947,6.06551570552272,10.95,5.02,7.06,5.04,1,1 vehicle
7477775,2024-08-25 16:36:00,2024,1-m5,SDU,33431.0,2024-08-25 16:40:00,4.0,9.187771783329278,6.468729395855224,14.15,5.24,6.47,3.14,1,1 vehicle
7479476,2024-08-27 11:18:00,2024,f206-02,SDU,6272.0,2024-08-27 11:20:00,2.0,8.001988185394532,14.463788918437665,32.02,6.62,9.6,10.77,1,1 vehicle
7482260,2024-08-29 22:21:00,2024,1-g1,SDU,31578.0,2024-08-29 22:20:00,1.0,5.374724951796891,5.843019343976989,10.93,4.2,8.04,9.19,2,2 or more vehicles
7482269,2024-08-29 23:15:00,2024,1-f5,SDU,31579.0,2024-08-29 23:10:00,5.0,2.7689344339888526,1.028741036313794,11.97,1.79,3.04,9.47,2,2 or more vehicles
7482621,2024-08-27 10:05:00,2024,26-01,SDU,6310.0,2024-08-27 10:00:00,5.0,9.577109440659513,8.661999678256562,8.93,3.97,8.2,11.71,1,1 vehicle
7484148,2024-09-01 11:02:00,2024,54-05,SDU,31958.0,2024-09-01 11:00:00,2.0,4.235760626027932,7.188865613983409,12.35,8.22,11.17,11.17,2,2 or more vehicles
7487253,2024-09-04 10:48:00,2024,37-04,SDU,6515.0,2024-09-04 10:50:00,2.0,7.751768961242998,6.087446640656035,9.74,3.06,3.76,6.66,1,1 vehicle
7487464,2024-09-04 14:23:00,2024,222-02,SDU,6045.0,2024-09-04 14:20:00,3.0,10.825200949078534,12.02481090057097,8.31,10.92,17.08,10.31,1,1 vehicle
7488327,2024-09-05 13:33:00,2024,f337-02,SDU,6515.0,2024-09-05 13:30:00,3.0,15.76756721221538,16.44904131279467,31.89,10.04,14.37,8.78,1,1 vehicle
7489054,2024-09-05 16:40:00,2024,1-s1,SDU,34326.0,2024-09-05 16:40:00,0.0,0.2506536712016229,2.795018837787393,7.88,29.22,37.14,12.51,1,1 vehicle
7489921,2024-09-07 16:29:00,2024,1-e2,SDU,1482.0,2024-09-07 16:30:00,1.0,2.9089420712836302,2.638507861560012,3.46,7.14,10.03,10.78,2,2 or more vehicles
7492820,2024-09-11 00:15:00,2024,420-01,SDU,31363.0,2024-09-11 00:10:00,5.0,2.8939086951400013,3.8504227892375225,11.31,10.14,14.01,4.18,1,1 vehicle
7493198,2024-09-11 10:59:00,2024,1-f6,SDU,31577.0,2024-09-11 11:00:00,1.0,0.12304616564529254,0.866726910174939,3.5799999999999996,3.83,6.37,6.98,2,2 or more vehicles
7493819,2024-09-12 07:21:00,2024,1-e1,SDU,31488.0,2024-09-12 07:20:00,1.0,2.878401981977267,3.522383406880032,9.57,0.42,1.08,-2.83,2,2 or more vehicles
7499492,2024-09-17 16:15:00,2024,85-04,SDU,3696.0,2024-09-17 16:10:00,5.0,7.84888618515006,4.839250240206277,7.150000000000001,3.64,7.35,9.18,1,1 vehicle
7499722,2024-09-18 18:35:00,2024,99-01,SDU,5544.0,2024-09-18 18:30:00,5.0,2.7608035882737796,1.21089321665288,3.28,8.28,10.14,9.56,2,2 or more vehicles
7502892,2024-09-22 14:10:00,2024,1-d2,SDU,6300.0,2024-09-22 14:10:00,0.0,9.599687154814328,6.730360832725801,13.7,1.96,4.15,11.87,3,2 or more vehicles
7502999,2024-09-22 15:51:00,2024,45-05,SDU,1350.0,2024-09-22 15:50:00,1.0,6.468552951441775,5.7473375391917125,6.680000000000001,5.28,6.96,9.88,1,1 vehicle
7503131,2024-09-22 16:48:00,2024,848-01,SDU,4300.0,2024-09-22 16:50:00,2.0,6.386605311370675,6.386439163438794,8.66,4.0,6.14,3.38,1,1 vehicle
7508148,2024-09-27 10:31:00,2024,574-02,SDU,31931.0,2024-09-27 10:30:00,1.0,11.835942883618433,15.630862904651623,8.33,1.52,2.45,2.2,2,2 or more vehicles
7509012,2024-09-28 13:12:00,2024,286-01,SDU,6310.0,2024-09-28 13:10:00,2.0,5.796285909650729,5.122268425342239,9.37,3.2,3.92,6.6,1,1 vehicle
7511178,2024-10-01 08:56:00,2024,845-01,VHDU,3591.0,2024-10-01 09:00:00,4.0,4.778817052092516,5.513349493291968,10.44,2.26,4.38,6.1,1,1 vehicle
7511314,2024-10-01 12:08:00,2024,61-45,VHDU,2738.0,2024-10-01 12:10:00,2.0,4.787561169345361,4.881859631806077,8.46,5.95,10.7,9.47,2,2 or more vehicles
7511745,2024-10-01 16:54:00,2024,1-d6,VHDU,31399.0,2024-10-01 16:50:00,4.0,1.7256695329341263,2.8564832758413083,10.33,2.02,3.14,7.98,2,2 or more vehicles
7512370,2024-10-02 11:21:00,2024,93-01,VHDU,4271.0,2024-10-02 11:20:00,1.0,1.5156378468874552,1.7057193753947664,1.7200000000000002,2.75,3.37,6.11,2,2 or more vehicles
7513605,2024-10-03 20:12:00,2024,1-d2,VHDU,6300.0,2024-10-03 20:10:00,2.0,13.430090250039786,6.730360832725801,13.7,3.97,6.99,5.4,2,2 or more vehicles
7514175,2024-10-04 13:47:00,2024,1-d2,VHDU,6300.0,2024-10-04 13:50:00,3.0,9.54469520522862,6.730360832725801,13.7,7.53,12.09,8.68,2,2 or more vehicles
7514284,2024-10-04 16:26:00,2024,1-x7,VHDU,5544.0,2024-10-04 16:30:00,4.0,3.9292956200093996,3.644105449901871,3.2699999999999996,12.37,15.61,6.63,2,2 or more vehicles
7514403,2024-10-04 17:43:00,2024,886-01,VHDU,34415.0,2024-10-04 17:40:00,3.0,0.07112501574481403,1.306255721662187,3.02,3.8,5.59,-1.04,2,2 or more vehicles
7514774,2024-10-05 11:16:00,2024,1-e2,VHDU,1482.0,2024-10-05 11:20:00,4.0,3.794591281613007,2.638507861560012,3.46,1.71,2.94,6.51,3,2 or more vehicles
7514795,2024-10-05 11:08:00,2024,249-02,VHDU,36127.0,2024-10-05 11:10:00,2.0,8.59241016511916,11.900776627669831,16.509999999999998,2.59,4.41,6.81,1,1 vehicle
7514915,2024-10-05 15:08:00,2024,42-02,VHDU,1370.0,2024-10-05 15:10:00,2.0,10.083451573480122,11.330292093996302,13.38,3.43,4.67,8.08,1,1 vehicle
7516409,2024-10-07 08:19:00,2024,924-02,VHDU,4271.0,2024-10-07 08:20:00,1.0,17.41718347200969,18.020731711345913,11.57,5.6,7.78,1.29,1,1 vehicle
7517526,2024-10-08 10:24:00,2024,1-b6,VHDU,6134.0,2024-10-08 10:20:00,4.0,3.361012017516014,5.751425337701231,12.46,2.48,4.15,5.36,3,2 or more vehicles
7517778,2024-10-08 15:34:00,2024,54-02,VHDU,1777.0,2024-10-08 15:30:00,4.0,13.848631530067115,10.66291507740808,12.06,4.72,6.2,3.41,1,1 vehicle
7517947,2024-10-08 18:47:00,2024,435-02,VHDU,1496.0,2024-10-08 18:50:00,3.0,8.4700775250889,7.355674807437691,13.9,6.4,7.3,-1.7,1,1 vehicle
7518953,2024-10-09 14:10:00,2024,34-02,VHDU,1395.0,2024-10-09 14:10:00,0.0,2.74407339429944,5.246626996155354,8.89,2.88,5.06,4.45,2,2 or more vehicles
7520098,2024-10-10 15:45:00,2024,85-11,VHDU,4614.0,2024-10-10 15:40:00,5.0,7.817641288099784,4.103208150008344,13.070000000000002,2.3,3.7,0.3,3,2 or more vehicles
7520290,2024-10-10 15:54:00,2024,811-02,VHDU,3463.0,2024-10-10 15:50:00,4.0,8.647628974870061,8.756363866950636,1.0,3.22,6.47,1.01,1,1 vehicle
7523096,2024-10-14 12:33:00,2024,1-e1,VHDU,31488.0,2024-10-14 12:30:00,3.0,1.177397711018894,3.522383406880032,9.57,1.86,3.53,3.98,1,1 vehicle
7523184,2024-10-14 14:13:00,2024,50-01,VHDU,1777.0,2024-10-14 14:10:00,3.0,2.2066123873238297,3.4541697625742347,9.24,3.34,5.4,3.0,1,1 vehicle
7524904,2024-10-16 08:32:00,2024,1-g3,VHDU,31674.0,2024-10-16 08:30:00,2.0,3.2665524943099515,6.51508528335336,11.64,1.45,1.96,1.57,1,1 vehicle
7526976,2024-10-18 13:53:00,2024,862-01,VHDU,34415.0,2024-10-18 13:50:00,3.0,1.4494033384288867,9.078106116980054,21.119999999999997,7.07,9.21,2.43,1,1 vehicle
7529234,2024-10-21 10:44:00,2024,50-03,VHDU,1781.0,2024-10-21 10:40:00,4.0,5.506313499265674,4.395959241160504,9.6,0.82,1.08,0.18,2,2 or more vehicles
7529915,2024-10-22 09:57:00,2024,73-02,VHDU,33424.0,2024-10-22 10:00:00,3.0,4.201177233709527,3.116053040352967,11.59,0.89,1.47,-2.93,1,1 vehicle
7530250,2024-10-22 14:58:00,2024,1-p4,VHDU,3463.0,2024-10-22 15:00:00,2.0,6.33805759208358,6.428645425378839,11.46,0.83,1.37,1.73,1,1 vehicle
7532445,2024-10-25 08:23:00,2024,54-12,VHDU,1938.0,2024-10-25 08:20:00,3.0,4.642720676611289,5.122886456510389,8.59,26.3,35.8,4.6,1,1 vehicle
7532784,2024-10-25 19:51:00,2024,1-k6,VHDU,33204.0,2024-10-25 19:50:00,1.0,2.9679489701055073,7.807893229156674,10.57,3.49,5.0,1.38,2,2 or more vehicles
7533982,2024-10-27 15:38:00,2024,1-r0,VHDU,4300.0,2024-10-27 15:40:00,2.0,2.206296363627165,2.8862770126462127,12.38,0.74,1.14,-2.96,2,2 or more vehicles
7534403,2024-10-28 07:04:00,2024,41-15,VHDU,1370.0,2024-10-28 07:00:00,4.0,3.45811604182061,1.361433362983291,13.26,4.76,6.3,3.83,3,2 or more vehicles
7534593,2024-10-28 11:49:00,2024,805-01,VHDU,33563.0,2024-10-28 11:50:00,1.0,9.503397940104128,6.467310384736099,10.5,1.68,2.35,0.77,1,1 vehicle
7535975,2024-10-30 10:59:00,2024,1-p4,VHDU,3463.0,2024-10-30 11:00:00,1.0,6.168179183028451,6.428645425378839,11.46,4.51,6.14,0.91,1,1 vehicle
7537025,2024-10-31 16:15:00,2024,85-03,VHDU,3585.0,2024-10-31 16:10:00,5.0,6.585949573356408,6.645727083197894,11.12,10.64,13.65,-3.67,2,2 or more vehicles
7537056,2024-10-31 16:46:00,2024,1-m4,VHDU,33431.0,2024-10-31 16:50:00,4.0,4.211922265396646,4.073257225176333,8.95,3.52,5.59,-7.0,3,2 or more vehicles
7537844,2024-11-01 18:27:00,2024,95-07,VHDU,35880.0,2024-11-01 18:30:00,3.0,9.988669459523178,10.65025194810092,13.840000000000002,1.63,2.84,-0.12,1,1 vehicle
7538306,2024-11-02 10:51:00,2024,1-x5,VHDU,5544.0,2024-11-02 10:50:00,1.0,10.33727389259645,12.099625291230964,9.96,4.39,5.73,4.09,2,2 or more vehicles
7538357,2024-11-02 14:51:00,2024,42-02,VHDU,1370.0,2024-11-02 14:50:00,1.0,8.909646079754403,11.330292093996302,13.38,1.74,2.68,4.75,1,1 vehicle
7538401,2024-11-02 15:12:00,2024,93-03,VHDU,4182.0,2024-11-02 15:10:00,2.0,6.071953415743641,5.336718228238104,14.039999999999996,7.07,10.26,1.94,1,1 vehicle
7538591,2024-11-02 20:29:00,2024,302-01,VHDU,36308.0,2024-11-02 20:30:00,1.0,4.006672364003888,3.550935979887614,7.58,3.11,3.53,-1.83,1,1 vehicle
7538786,2024-11-03 03:28:00,2024,1-g3,VHDU,31674.0,2024-11-03 03:30:00,2.0,10.928433369484255,6.51508528335336,11.64,6.32,11.56,7.26,1,1 vehicle
7538939,2024-11-03 09:33:00,2024,94-01,VHDU,4271.0,2024-11-03 09:30:00,3.0,9.769885065973606,5.40726558119129,11.260000000000002,8.77,14.47,3.21,1,1 vehicle
7539690,2024-11-02 08:50:00,2024,1-y9,VHDU,6499.0,2024-11-02 08:50:00,0.0,6.110872549354276,3.9428645231018016,4.99,0.6,1.5,1.5,1,1 vehicle
7540292,2024-11-04 19:09:00,2024,1-k9,VHDU,3317.0,2024-11-04 19:10:00,1.0,4.817126215356594,5.731173545267037,11.4,4.29,6.43,3.88,2,2 or more vehicles
7549591,2024-11-16 12:10:00,2024,52-04,VHDU,1689.0,2024-11-16 12:10:00,0.0,19.625394192554783,15.465014971271502,11.75,12.81,15.12,-5.84,1,1 vehicle
7549598,2024-11-16 12:10:00,2024,1-t5,VHDU,4275.0,2024-11-16 12:10:00,0.0,4.383188811924787,4.136612856631306,8.49,1.14,1.87,-7.48,1,1 vehicle
7550465,2024-11-17 19:14:00,2024,35-01,VHDU,31399.0,2024-11-17 19:10:00,4.0,7.100617943928558,4.900372212107007,8.290000000000001,10.12,14.8,-4.21,4,2 or more vehicles
7551287,2024-11-18 15:44:00,2024,1-k9,VHDU,3317.0,2024-11-18 15:40:00,4.0,11.381826010841591,5.731173545267037,11.4,4.28,6.73,-5.29,2,2 or more vehicles
7555750,2024-11-23 23:35:00,2024,540-01,VHDU,1868.0,2024-11-23 23:30:00,5.0,5.314211468466515,3.5233092091369547,8.42,2.3,3.9,-4.5,1,1 vehicle
7557453,2024-11-26 13:49:00,2024,370-02,VHDU,31399.0,2024-11-26 13:50:00,1.0,5.782507723680889,3.975864375743144,5.08,0.28,1.18,-0.21,2,2 or more vehicles
7560537,2024-11-30 15:05:00,2024,54-10,VHDU,31931.0,2024-11-30 15:00:00,5.0,1.400791213085321,2.024564862693844,14.25,14.03,25.77,-6.28,1,1 vehicle
7561969,2024-12-02 14:04:00,2024,41-16,VDU,31363.0,2024-12-02 14:00:00,4.0,4.8586093727364705,4.6115007826263295,11.62,7.82,10.19,-0.86,2,2 or more vehicles
7562003,2024-12-02 14:06:00,2024,41-16,VDU,31363.0,2024-12-02 14:10:00,4.0,5.15802644899259,4.6115007826263295,11.62,7.56,10.39,-0.91,2,2 or more vehicles
7562838,2024-12-04 03:15:00,2024,1-b8,VDU,36122.0,2024-12-04 03:10:00,5.0,1.4557702975315046,3.3807083606755346,11.8,1.21,1.57,1.84,1,1 vehicle
7563191,2024-12-04 13:49:00,2024,1-f8,VDU,31578.0,2024-12-04 13:50:00,1.0,3.8990934602354805,3.061232100935264,5.76,3.86,5.19,2.33,1,1 vehicle
7563502,2024-12-04 18:16:00,2024,1-y2,VDU,35116.0,2024-12-04 18:20:00,4.0,8.832543096545862,8.14199183510842,11.17,8.06,10.49,3.52,1,1 vehicle
7564879,2024-12-06 22:09:00,2024,1-s9,VDU,4271.0,2024-12-06 22:10:00,1.0,18.42547339336209,18.30644535475735,11.49,7.5,11.43,-1.38,1,1 vehicle
7565043,2024-12-07 02:00:00,2024,65-02,VDU,2630.0,2024-12-07 02:00:00,0.0,4.767278316121154,3.675237890695173,9.22,3.86,7.15,-2.03,1,1 vehicle
7565368,2024-12-07 15:59:00,2024,1-b8,VDU,36122.0,2024-12-07 16:00:00,1.0,3.9891386432945386,3.3807083606755346,11.8,7.64,10.58,-4.46,2,2 or more vehicles
7566013,2024-12-08 09:59:00,2024,1-y7,VDU,5309.0,2024-12-08 10:00:00,1.0,2.7739203737799123,4.321816631986554,9.11,5.1,7.3,3.4,1,1 vehicle
7567114,2024-12-10 05:40:00,2024,41-15,VDU,1370.0,2024-12-10 05:40:00,0.0,4.893920226908425,1.361433362983291,13.26,4.07,6.14,2.06,1,1 vehicle
7567692,2024-12-10 08:44:00,2024,54-06,VDU,31958.0,2024-12-10 08:40:00,4.0,5.754986479140456,3.816243689301748,12.21,3.87,5.68,1.79,1,1 vehicle
7568532,2024-12-11 19:20:00,2024,1-f5,VDU,31579.0,2024-12-11 19:20:00,0.0,1.5004147748423946,1.028741036313794,11.97,5.9,9.31,6.66,1,1 vehicle
7569330,2024-12-12 19:58:00,2024,1-k8,VDU,3223.0,2024-12-12 20:00:00,2.0,15.56255004854441,15.384253879331345,11.4,7.26,11.5,-1.83,1,1 vehicle
7569770,2024-12-13 10:22:00,2024,54-17,VDU,31950.0,2024-12-13 10:20:00,2.0,2.3699639845540386,0.9059057682404476,7.43,1.52,1.96,-6.01,1,1 vehicle
7570334,2024-12-14 01:01:00,2024,1-s5,VDU,34238.0,2024-12-14 01:00:00,1.0,14.576218683955995,11.05888658286931,19.9,2.53,6.37,-6.73,1,1 vehicle
7570597,2024-12-14 15:30:00,2024,38-01,VDU,31392.0,2024-12-14 15:30:00,0.0,8.778908668745027,7.860927660955096,11.599999999999998,7.21,10.19,0.78,2,2 or more vehicles
7571433,2024-12-15 15:37:00,2024,1-b7,VDU,36132.0,2024-12-15 15:40:00,3.0,5.16170394696323,3.5572778320905845,13.08,6.89,9.7,2.11,1,1 vehicle
7572591,2024-12-16 10:58:00,2024,1-b4,VDU,36049.0,2024-12-16 11:00:00,2.0,4.819517970630619,1.9506434494436529,12.13,1.75,2.35,-0.68,2,2 or more vehicles
7572970,2024-12-17 07:41:00,2024,51-01,VDU,31572.0,2024-12-17 07:40:00,1.0,1.8672674911531468,0.926567118382983,7.16,3.03,4.51,1.11,1,1 vehicle
7573574,2024-12-17 17:34:00,2024,58-01,VDU,2050.0,2024-12-17 17:30:00,4.0,3.6790651622339796,3.9981174783629543,8.670000000000002,4.93,6.43,-0.28,1,1 vehicle
7573609,2024-12-17 18:04:00,2024,460-01,VDU,31578.0,2024-12-17 18:00:00,4.0,3.0328342984662213,5.691891680277714,11.16,4.96,8.33,1.02,1,1 vehicle
7574458,2024-12-18 15:42:00,2024,1-q0,VDU,3471.0,2024-12-18 15:40:00,2.0,4.058683962706372,3.5305709872854014,2.13,0.19,0.62,-2.89,1,1 vehicle
7576739,2024-12-21 22:34:00,2024,1-m3,VDU,33431.0,2024-12-21 22:30:00,4.0,14.31706330117976,13.227469441125152,11.32,8.89,11.56,-8.53,1,1 vehicle
7577246,2024-12-22 15:43:00,2024,85-33,VDU,4652.0,2024-12-22 15:40:00,3.0,7.169925982806982,6.570573262904891,14.01,5.67,6.83,-6.98,3,2 or more vehicles
7578401,2024-12-24 23:13:00,2024,41-13,VDU,1474.0,2024-12-24 23:10:00,3.0,0.8684158807725838,0.6574073151814317,2.51,11.5,17.5,-1.1,1,1 vehicle
7578946,2024-12-26 12:24:00,2024,1-y5,VDU,35315.0,2024-12-26 12:20:00,4.0,0.9536094758938454,1.6088174154424382,8.37,13.04,22.34,4.41,2,2 or more vehicles
7578977,2024-12-26 18:26:00,2024,60-23,VDU,32372.0,2024-12-26 18:30:00,4.0,1.5349591903001054,1.0080423895503003,12.62,0.86,1.86,-0.46,3,2 or more vehicles
7579665,2024-12-27 18:31:00,2024,1-g4,VDU,31674.0,2024-12-27 18:30:00,1.0,3.5950937988050566,2.9434338577391106,8.41,8.92,15.29,-2.47,3,2 or more vehicles
7580254,2024-12-28 18:29:00,2024,816-01,VDU,3463.0,2024-12-28 18:30:00,1.0,3.7004802312457006,3.6396059464553248,10.38,2.89,4.31,-2.44,1,1 vehicle
7580357,2024-12-28 22:24:00,2024,60-02,VDU,31985.0,2024-12-28 22:20:00,4.0,2.6077876812076877,4.696286398233004,11.34,11.77,14.8,-6.79,2,2 or more vehicles
7581492,2024-12-30 08:33:00,2024,268-01,VDU,6315.0,2024-12-30 08:30:00,3.0,6.556968172630404,9.72980061408004,8.73,5.6,7.5,-7.9,1,1 vehicle
7581548,2024-12-30 07:40:00,2024,51-01,VDU,31572.0,2024-12-30 07:40:00,0.0,1.0030953217779297,0.926567118382983,7.16,3.31,6.37,-4.06,1,1 vehicle
7581792,2024-12-30 15:50:00,2024,56-01,VDU,31948.0,2024-12-30 15:50:00,0.0,5.542303348920244,3.8833227234733703,10.98,17.28,22.93,-10.03,5,2 or more vehicles
7581907,2024-12-31 03:57:00,2024,429-01,VDU,1350.0,2024-12-31 04:00:00,3.0,2.2943781111306394,3.239769434516651,2.11,9.05,11.11,-3.63,1,1 vehicle
7584357,2025-01-03 17:00:00,2025,1-g2,VDU,31572.0,2025-01-03 17:00:00,0.0,9.296101928065664,9.734372846346778,1.1,0.92,2.55,1.11,1,1 vehicle
7584823,2025-01-04 18:01:00,2025,1-e2,VDU,1482.0,2025-01-04 18:00:00,1.0,2.7732192773453375,2.638507861560012,3.46,2.59,4.21,-10.14,3,2 or more vehicles
7585303,2025-01-05 13:39:00,2025,1-t6,VDU,34073.0,2025-01-05 13:40:00,1.0,2.6113297379393976,1.8570057529358144,11.17,12.45,16.86,-8.85,3,2 or more vehicles
7586166,2025-01-06 16:33:00,2025,1-d8,VDU,31392.0,2025-01-06 16:30:00,3.0,4.262696575274543,1.811228203445721,16.61,9.15,11.56,-7.53,2,2 or more vehicles
7587118,2025-01-07 17:52:00,2025,39-01,VDU,31387.0,2025-01-07 17:50:00,2.0,2.3419114100461305,1.6348934580675056,15.7,0.61,1.18,-7.88,1,1 vehicle
7590075,2025-01-11 19:02:00,2025,1-y4,VDU,35315.0,2025-01-11 19:00:00,2.0,6.094462090814259,10.68809835104116,10.77,2.8,3.82,0.92,2,2 or more vehicles
7590299,2025-01-12 10:34:00,2025,82-03,VDU,33563.0,2025-01-12 10:30:00,4.0,3.1400689444294057,0.3760650112123629,11.32,2.95,4.8,4.87,1,1 vehicle
7591109,2025-01-13 11:49:00,2025,1-d1,VDU,36308.0,2025-01-13 11:50:00,1.0,2.8950506189245835,1.5292496506417883,3.18,3.76,5.68,1.44,3,2 or more vehicles
7593256,2025-01-16 09:34:00,2025,1-u1,VDU,5975.0,2025-01-16 09:30:00,4.0,1.8769302418702554,2.2263199421392788,2.79,1.2,4.0,4.6,1,1 vehicle
7594096,2025-01-17 06:51:00,2025,1-x7,VDU,5544.0,2025-01-17 06:50:00,1.0,4.166717021135795,3.644105449901871,3.27,7.59,10.3,1.83,1,1 vehicle
7595738,2025-01-19 11:52:00,2025,1-p1,VDU,33357.0,2025-01-19 11:50:00,2.0,2.2399935798545885,2.6900827429345155,10.45,12.49,14.9,-5.61,1,1 vehicle
7599889,2025-01-24 10:38:00,2025,51-02,VDU,31572.0,2025-01-24 10:40:00,2.0,4.102205026117731,5.773738212981441,11.240000000000002,1.6,2.35,-0.47,1,1 vehicle
7600234,2025-01-24 16:56:00,2025,1-a8,VDU,36270.0,2025-01-24 17:00:00,4.0,15.540465672615207,16.421669205008133,8.82,7.11,11.96,3.29,2,2 or more vehicles
7603052,2025-01-28 12:39:00,2025,1-f8,VDU,31578.0,2025-01-28 12:40:00,1.0,5.072961314991069,3.061232100935264,5.76,4.71,7.25,-3.04,2,2 or more vehicles
7606661,2025-02-02 03:24:00,2025,1-v5,VDU,5872.0,2025-02-02 03:20:00,4.0,13.543346855702085,9.7844402299714,10.72,8.8,12.6,4.8,1,1 vehicle
7607006,2025-02-02 17:47:00,2025,64-01,VDU,2631.0,2025-02-02 17:50:00,3.0,5.920447509905784,3.0850796312939655,6.8,4.61,7.81,2.28,1,1 vehicle
7607490,2025-02-03 11:00:00,2025,43-01,VDU,31361.0,2025-02-03 11:00:00,0.0,1.0439867240181735,0.1266376158870643,13.89,4.6,6.17,1.24,2,2 or more vehicles
7607836,2025-02-03 17:12:00,2025,1-d8,VDU,31392.0,2025-02-03 17:10:00,2.0,5.822538926246705,1.811228203445721,16.61,18.74,26.26,-1.55,1,1 vehicle
7608541,2025-02-04 11:47:00,2025,41-15,VDU,1370.0,2025-02-04 11:50:00,3.0,4.555362075265455,1.361433362983291,13.25,7.17,9.87,-1.87,1,1 vehicle
7608883,2025-02-04 17:31:00,2025,41-15,VDU,1370.0,2025-02-04 17:30:00,1.0,2.5154637458531846,1.361433362983291,13.25,9.65,14.21,-1.76,1,1 vehicle
7610347,2025-02-06 16:13:00,2025,1-x3,VDU,35666.0,2025-02-06 16:10:00,3.0,12.0820443739618,11.238885693836824,11.23,31.07,36.95,7.84,1,1 vehicle
7610719,2025-02-06 16:50:00,2025,1-v3,VDU,5872.0,2025-02-06 16:50:00,0.0,5.831100624537791,3.885895153264721,9.38,10.3,17.6,9.1,1,1 vehicle
7612877,2025-02-10 08:54:00,2025,1-y1,VDU,35116.0,2025-02-10 08:50:00,4.0,2.6272180206462017,2.1845629696036286,10.46,2.0,3.43,5.62,1,1 vehicle
7614263,2025-02-11 10:36:00,2025,30-04,VDU,6420.0,2025-02-11 10:40:00,4.0,7.619377233080209,5.359811449264286,11.71,3.8,5.3,3.5,1,1 vehicle
7615076,2025-02-12 13:16:00,2025,75-03,VDU,3433.0,2025-02-12 13:20:00,4.0,2.4712519646700133,3.9158378277913126,9.46,1.07,1.57,3.02,2,2 or more vehicles
7615150,2025-02-12 16:24:00,2025,50-01,VDU,1777.0,2025-02-12 16:20:00,4.0,2.702420000668455,3.4541697625742347,9.24,9.76,14.53,5.51,3,2 or more vehicles
7615871,2025-02-13 12:32:00,2025,1-f5,VDU,31579.0,2025-02-13 12:30:00,2.0,0.9076266201397322,1.028741036313794,11.97,13.41,18.33,5.83,1,1 vehicle
7618003,2025-02-15 19:44:00,2025,423-01,VDU,1350.0,2025-02-15 19:40:00,4.0,4.278590387223995,4.026199387447493,1.66,8.68,10.71,2.1,1,1 vehicle
7619602,2025-02-17 18:35:00,2025,1-y1,VDU,35116.0,2025-02-17 18:30:00,5.0,3.824223750980798,2.1845629696036286,10.46,6.11,8.82,0.99,1,1 vehicle
7619740,2025-02-18 01:10:00,2025,1-k9,VDU,3317.0,2025-02-18 01:10:00,0.0,4.165353730970737,5.731173545267037,11.400000000000002,5.22,6.27,0.82,1,1 vehicle
7623667,2025-02-22 10:33:00,2025,82-05,VDU,33661.0,2025-02-22 10:30:00,3.0,5.552243772905589,1.840275137807545,10.919999999999998,1.1,2.16,1.78,1,1 vehicle
7624454,2025-02-23 06:52:00,2025,65-01,VDU,32635.0,2025-02-23 06:50:00,2.0,0.8646134334313123,2.867804950876332,5.07,4.86,8.43,2.1,1,1 vehicle
7625627,2025-02-24 14:24:00,2025,92-11,VDU,5990.0,2025-02-24 14:20:00,4.0,4.663556370504354,4.856153771530656,6.0,0.92,1.5,3.63,1,1 vehicle
7627683,2025-02-26 13:57:00,2025,429-02,VDU,1350.0,2025-02-26 14:00:00,3.0,5.759198924019903,5.685793567904326,4.32,1.53,2.71,-0.45,3,2 or more vehicles
7627701,2025-02-26 14:55:00,2025,45-01,VDU,1453.0,2025-02-26 14:50:00,5.0,5.442575068479358,6.206697467082469,5.89,10.4,12.74,1.75,1,1 vehicle
7627839,2025-02-26 18:51:00,2025,1-g4,VDU,31674.0,2025-02-26 18:50:00,1.0,3.399424023267614,2.9434338577391106,8.41,4.96,6.76,-0.16,1,1 vehicle
7629612,2025-02-28 18:56:00,2025,1-g8,VDU,1777.0,2025-02-28 19:00:00,4.0,5.541010976755055,4.666648338235164,8.59,10.06,14.23,1.26,1,1 vehicle
7630092,2025-03-01 12:12:00,2025,93-03,VDU,4182.0,2025-03-01 12:10:00,2.0,4.324165943517,5.336718228238104,14.039999999999996,8.14,14.24,4.52,1,1 vehicle
7630730,2025-03-02 16:09:00,2025,59-01,VDU,2175.0,2025-03-02 16:10:00,1.0,15.528581113133486,12.584237084727231,13.570000000000002,9.9,17.2,-1.5,1,1 vehicle
7630753,2025-03-02 13:07:00,2025,1-k4,VDU,33204.0,2025-03-02 13:10:00,3.0,4.0500609001348336,4.377143261503581,4.07,8.68,12.94,-0.58,1,1 vehicle
7631151,2025-03-03 08:58:00,2025,1-b7,VDU,36132.0,2025-03-03 09:00:00,2.0,1.3766900463944773,3.5572778320905845,13.08,11.06,14.8,1.45,1,1 vehicle
7631895,2025-03-03 19:19:00,2025,1-e1,VDU,31488.0,2025-03-03 19:20:00,1.0,8.016308833620837,3.522383406880032,9.54,13.87,17.25,-0.08,1,1 vehicle
7631896,2025-03-03 19:08:00,2025,47-02,VDU,31578.0,2025-03-03 19:10:00,2.0,11.00728398247001,6.9871922755172635,11.5,8.79,21.56,3.36,1,1 vehicle
7632203,2025-03-04 06:58:00,2025,590-06,VDU,2266.0,2025-03-04 07:00:00,2.0,12.054152156363514,14.251177026787158,13.85,9.7,12.4,2.2,1,1 vehicle
7634853,2025-03-06 14:42:00,2025,1-h1,VDU,31882.0,2025-03-06 14:40:00,2.0,14.247357831691716,9.56603598582837,9.95,0.72,1.27,1.99,2,2 or more vehicles
7636495,2025-03-08 10:55:00,2025,92-07,VDU,5981.0,2025-03-08 10:50:00,5.0,4.749845874102859,4.3294707374769,12.23,0.71,2.71,1.52,1,1 vehicle
7636545,2025-03-08 09:02:00,2025,344-01,VDU,36415.0,2025-03-08 09:00:00,2.0,4.286401432524741,5.050166164558334,7.72,4.2,6.96,-5.59,2,2 or more vehicles
7636697,2025-03-08 17:40:00,2025,41-15,VDU,1370.0,2025-03-08 17:40:00,0.0,3.8296735789754406,1.361433362983291,13.25,3.24,4.47,0.76,2,2 or more vehicles
7637352,2025-03-09 11:45:00,2025,1-v2,VDU,35880.0,2025-03-09 11:40:00,5.0,4.84443213624341,2.89693091249895,10.82,2.01,3.23,1.65,2,2 or more vehicles
7639536,2025-03-11 13:29:00,2025,1-f8,VDU,31578.0,2025-03-11 13:30:00,1.0,5.066103014691011,3.061232100935264,5.76,3.14,5.1,4.14,2,2 or more vehicles
7639706,2025-03-11 15:59:00,2025,1-p6,VDU,3471.0,2025-03-11 16:00:00,1.0,3.1892211704666655,2.7742615388858822,4.96,0.82,1.37,6.54,2,2 or more vehicles
7641053,2025-03-12 22:27:00,2025,41-17,VDU,1350.0,2025-03-12 22:30:00,3.0,8.762939818779163,6.841931195549181,4.66,7.54,10.13,4.61,1,1 vehicle
7642567,2025-03-14 16:44:00,2025,1-g1,VDU,31578.0,2025-03-14 16:40:00,4.0,5.34615487313512,5.843019343976989,10.93,5.01,7.35,4.48,1,1 vehicle
7648297,2025-03-21 06:48:00,2025,45-01,VDU,1453.0,2025-03-21 06:50:00,2.0,6.201981335278773,6.206697467082469,5.89,3.9,5.29,0.97,1,1 vehicle
7648547,2025-03-21 12:49:00,2025,1-y1,VDU,35116.0,2025-03-21 12:50:00,1.0,0.15807420956118148,2.1845629696036286,10.46,2.0,2.55,5.8,1,1 vehicle
7650257,2025-03-23 16:18:00,2025,1-y7,VDU,5309.0,2025-03-23 16:20:00,2.0,8.546049061365366,4.321816631986554,9.11,14.1,17.3,8.4,1,1 vehicle
7650540,2025-03-24 07:51:00,2025,1-e2,VDU,1482.0,2025-03-24 07:50:00,1.0,2.9032504589966486,2.638507861560012,3.46,5.62,8.3,0.27,1,1 vehicle
7650546,2025-03-24 08:07:00,2025,50-01,VDU,1777.0,2025-03-24 08:10:00,3.0,5.748294816439092,3.4541697625742347,9.24,4.99,7.6,-1.8,1,1 vehicle
7652536,2025-03-26 01:48:00,2025,431-01,VDU,1481.0,2025-03-26 01:50:00,2.0,3.9048929500183562,2.8376676197304405,4.710000000000001,7.73,10.16,6.11,1,1 vehicle
7654717,2025-03-28 13:25:00,2025,1-b6,VDU,6134.0,2025-03-28 13:20:00,5.0,6.296339591833526,5.751425337701231,12.46,2.41,3.4,0.92,2,2 or more vehicles
7656088,2025-03-30 14:14:00,2025,64-01,VDU,2631.0,2025-03-30 14:10:00,4.0,0.6027010755538362,3.0850796312939655,6.8,11.34,16.07,0.93,1,1 vehicle
7657144,2025-03-31 12:42:00,2025,1-b7,VDU,36132.0,2025-03-31 12:40:00,2.0,3.717920470577253,3.5572778320905845,13.08,3.5,6.08,5.0,1,1 vehicle
7657559,2025-03-30 14:37:00,2025,39-01,VDU,31387.0,2025-03-30 14:40:00,3.0,0.512578796010341,1.6348934580675056,15.7,9.34,16.56,-0.1,1,1 vehicle
7660863,2025-04-03 18:20:00,2025,1-g3,VHDU,31674.0,2025-04-03 18:20:00,0.0,10.280568424606024,6.51508528335336,11.64,7.74,19.8,7.39,2,2 or more vehicles
7666791,2025-04-10 10:56:00,2025,61-38,VHDU,2646.0,2025-04-10 11:00:00,4.0,3.4862526670625456,3.8609028288009,8.47,3.08,3.66,7.03,1,1 vehicle
7667047,2025-04-10 15:06:00,2025,51-01,VHDU,31572.0,2025-04-10 15:10:00,4.0,0.9891371819370324,0.926567118382983,7.16,2.25,3.92,8.82,3,2 or more vehicles
7668173,2025-04-11 20:32:00,2025,76-04,VHDU,3433.0,2025-04-11 20:30:00,2.0,19.68106339694549,16.232218446531423,13.07,5.01,9.67,3.59,1,1 vehicle
7668342,2025-04-12 07:56:00,2025,54-03,VHDU,1868.0,2025-04-12 08:00:00,4.0,6.363735180883804,2.6913564127215324,14.07,4.5,5.8,0.9,1,1 vehicle
7670226,2025-04-14 18:25:00,2025,1-y2,VHDU,35116.0,2025-04-14 18:20:00,5.0,7.252998290157916,8.14199183510842,11.17,1.39,4.41,6.73,1,1 vehicle
7675760,2025-04-21 21:42:00,2025,310-01,VHDU,6300.0,2025-04-21 21:40:00,2.0,2.2588380096796237,2.7678835051119584,5.29,4.58,7.35,2.16,1,1 vehicle
7678609,2025-04-25 01:22:00,2025,39-01,VHDU,31387.0,2025-04-25 01:20:00,2.0,0.058885346346195896,1.6348934580675056,15.7,8.28,13.72,7.77,1,1 vehicle
7681590,2025-04-28 19:32:00,2025,54-16,VHDU,31950.0,2025-04-28 19:30:00,2.0,6.810894587234464,7.485227201742805,7.6,1.3,2.65,8.53,1,1 vehicle
7681768,2025-04-28 12:42:00,2025,1-h4,VHDU,32097.0,2025-04-28 12:40:00,2.0,2.4334393230421827,6.809457005645053,11.07,3.46,5.39,4.37,2,2 or more vehicles
7682410,2025-04-29 21:01:00,2025,1-m4,VHDU,33431.0,2025-04-29 21:00:00,1.0,7.690377806224384,4.073257225176333,8.95,4.32,6.27,4.38,1,1 vehicle
7682847,2025-04-30 10:31:00,2025,41-15,VHDU,1370.0,2025-04-30 10:30:00,1.0,5.15296906004706,1.361433362983291,13.25,10.55,14.47,7.98,1,1 vehicle
7683016,2025-04-30 12:09:00,2025,835-01,VHDU,3477.0,2025-04-30 12:10:00,1.0,1.0814698665411655,3.408059424404988,9.36,3.8,7.3,13.2,2,2 or more vehicles
7685101,2025-05-02 16:59:00,2025,1-d6,VHDU,31399.0,2025-05-02 17:00:00,1.0,1.5833594743859347,2.8564832758413083,10.33,2.83,6.76,10.81,2,2 or more vehicles
7686019,2025-05-04 03:46:00,2025,85-01,VHDU,33480.0,2025-05-04 03:50:00,4.0,0.6780399345361651,1.6191868693980056,12.73,4.0,6.27,9.67,1,1 vehicle
7686671,2025-05-05 01:39:00,2025,1-v8,VHDU,35769.0,2025-05-05 01:40:00,1.0,4.710724487258423,2.971670386203585,7.97,0.26,1.08,7.24,1,1 vehicle
7687539,2025-05-05 19:28:00,2025,51-01,VHDU,31572.0,2025-05-05 19:30:00,2.0,1.1470546060278806,0.926567118382983,7.16,0.32,1.27,7.82,1,1 vehicle
7698946,2025-05-17 11:20:00,2025,1-f5,VHDU,31579.0,2025-05-17 11:20:00,0.0,5.828383847950697,1.028741036313794,11.97,8.75,12.35,18.26,2,2 or more vehicles
7699172,2025-05-17 17:00:00,2025,1-b5,VHDU,6045.0,2025-05-17 17:00:00,0.0,6.186671036663438,7.297304255791511,14.2,3.07,3.82,15.69,1,1 vehicle
7699801,2025-05-18 14:24:00,2025,35-02,VHDU,26400.0,2025-05-18 14:20:00,4.0,6.591118467298382,6.116733260483486,7.8,4.79,6.95,22.94,2,2 or more vehicles
7702299,2025-05-20 15:43:00,2025,1-m3,VHDU,33431.0,2025-05-20 15:40:00,3.0,18.432932500992347,13.227469441125152,11.32,4.63,7.35,16.38,1,1 vehicle
7702358,2025-05-20 16:13:00,2025,44-03,VHDU,1350.0,2025-05-20 16:10:00,3.0,4.705931373959329,5.16732077177175,4.999999999999999,4.3,6.6,17.4,1,1 vehicle
7705530,2025-05-23 21:09:00,2025,82-08,VHDU,3658.0,2025-05-23 21:10:00,1.0,6.822940866252634,4.0233059203129375,7.26,4.09,5.26,9.96,1,1 vehicle
7706748,2025-05-25 16:16:00,2025,41-16,VHDU,31363.0,2025-05-25 16:20:00,4.0,10.147406429495996,4.6115007826263295,11.62,5.79,7.35,8.94,1,1 vehicle
7708896,2025-05-27 16:26:00,2025,41-17,VHDU,1350.0,2025-05-27 16:30:00,4.0,8.929098772462986,6.841931195549181,4.66,3.86,5.72,10.59,2,2 or more vehicles
7710371,2025-05-28 21:49:00,2025,964-01,VHDU,35880.0,2025-05-28 21:50:00,1.0,10.312992264060055,9.571072966143628,2.26,1.27,1.76,5.39,1,1 vehicle
7710656,2025-05-29 13:09:00,2025,33-01,VHDU,6300.0,2025-05-29 13:10:00,1.0,5.361547300261521,5.943518754212103,12.81,4.8,6.63,10.05,2,2 or more vehicles
7711567,2025-05-30 15:52:00,2025,1-g1,VHDU,31578.0,2025-05-30 15:50:00,2.0,10.238172816300287,5.843019343976989,10.93,4.85,6.66,10.0,2,2 or more vehicles
7712201,2025-05-30 18:05:00,2025,410-02,VHDU,1474.0,2025-05-30 18:00:00,5.0,0.8219279405517065,1.0124419195667345,4.35,3.0,5.0,11.0,1,1 vehicle
7715156,2025-06-03 13:49:00,2025,427-11,SDU,31380.0,2025-06-03 13:50:00,1.0,7.373436472168457,4.968368046629869,13.94,19.05,25.77,6.94,1,1 vehicle
7720400,2025-06-09 16:00:00,2025,36-07,SDU,31591.0,2025-06-09 16:00:00,0.0,1.2764537228837252,2.4786463022842136,5.1,6.95,11.07,9.76,1,1 vehicle
7720496,2025-06-09 13:56:00,2025,1-j2,SDU,32097.0,2025-06-09 14:00:00,4.0,17.20555929216218,12.851629039775409,9.98,6.92,9.41,5.88,1,1 vehicle
7724196,2025-06-12 15:02:00,2025,1-d2,SDU,6300.0,2025-06-12 15:00:00,2.0,7.3843966190001,6.730360832725801,13.7,2.56,5.26,12.48,2,2 or more vehicles
7726682,2025-06-15 01:23:00,2025,1-p5,SDU,3463.0,2025-06-15 01:20:00,3.0,5.208205171478818,4.005505581134992,2.99,3.51,4.54,2.38,1,1 vehicle
7727260,2025-06-15 17:05:00,2025,1-g3,SDU,31674.0,2025-06-15 17:00:00,5.0,5.610716970687591,6.51508528335336,11.64,3.82,5.78,10.96,2,2 or more vehicles
7730958,2025-06-19 12:00:00,2025,622-04,SDU,2530.0,2025-06-19 12:00:00,0.0,3.5258519737260423,1.4469379097884731,4.91,3.68,4.7,7.28,1,1 vehicle
7732783,2025-06-21 16:59:00,2025,1-b5,SDU,6045.0,2025-06-21 17:00:00,1.0,7.55809820376514,7.297304255791511,14.2,15.55,24.08,7.56,1,1 vehicle
7733165,2025-06-22 06:31:00,2025,41-16,SDU,31363.0,2025-06-22 06:30:00,1.0,3.1310837379963874,4.6115007826263295,11.62,0.42,0.88,9.58,2,2 or more vehicles
7740240,2025-06-28 17:36:00,2025,76-09,SDU,33750.0,2025-06-28 17:40:00,4.0,3.7790363269301483,2.6673072887815006,13.47,6.06,8.13,7.3,1,1 vehicle
7740656,2025-06-29 04:50:00,2025,95-02,SDU,5960.0,2025-06-29 04:50:00,0.0,5.478142875218527,9.027618125264537,10.26,3.5,4.55,5.94,1,1 vehicle
7742363,2025-06-30 20:30:00,2025,425-02,SDU,1361.0,2025-06-30 20:30:00,0.0,5.317211217625203,6.917005970284371,14.76,6.97,11.01,9.95,1,1 vehicle
7747274,2025-07-04 21:34:00,2025,1-p3,SDU,3471.0,2025-07-04 21:30:00,4.0,14.25984233023149,17.04322593257332,10.59,2.86,4.08,10.22,3,2 or more vehicles
7747385,2025-07-04 22:03:00,2025,42-01,SDU,31374.0,2025-07-04 22:00:00,3.0,6.904852126590431,5.25936048073692,9.62,1.96,2.35,10.39,1,1 vehicle
7747694,2025-07-05 04:28:00,2025,622-00,SDU,2530.0,2025-07-05 04:30:00,2.0,4.881486743245092,7.200541945865046,7.34,0.3,1.01,6.56,1,1 vehicle
7748010,2025-07-05 13:07:00,2025,54-07,SDU,31948.0,2025-07-05 13:10:00,3.0,8.536169513053917,8.319713766184018,12.77,5.19,7.84,13.05,1,1 vehicle
7748516,2025-07-05 22:07:00,2025,427-06,SDU,31372.0,2025-07-05 22:10:00,3.0,7.621021999008373,7.849223897359967,5.0600000000000005,6.55,8.92,9.49,1,1 vehicle
7749007,2025-07-06 18:30:00,2025,1-b7,SDU,36132.0,2025-07-06 18:30:00,0.0,0.8234464401582896,3.5572778320905845,13.08,10.67,14.7,16.5,1,1 vehicle
7751136,2025-07-08 20:59:00,2025,1-f5,SDU,31579.0,2025-07-08 21:00:00,1.0,2.877925920710849,1.028741036313794,11.97,0.17,0.98,11.26,1,1 vehicle
7753643,2025-07-11 07:07:00,2025,38-03,SDU,1395.0,2025-07-11 07:10:00,3.0,10.782097468042329,10.795312424017284,3.5399999999999996,5.03,6.76,10.65,2,2 or more vehicles
7755076,2025-07-12 18:28:00,2025,50-05,SDU,1781.0,2025-07-12 18:30:00,2.0,3.8058795626590856,4.996154762865254,14.11,2.57,3.3,17.79,2,2 or more vehicles
7755735,2025-07-13 14:10:00,2025,65-02,SDU,2630.0,2025-07-13 14:10:00,0.0,2.736996872927681,3.675237890695173,9.22,2.31,3.46,13.94,1,1 vehicle
7755973,2025-07-13 23:04:00,2025,807-01,SDU,33563.0,2025-07-13 23:00:00,4.0,4.43165697777479,6.458626410238519,10.36,0.91,1.37,12.96,1,1 vehicle
7757698,2025-07-15 11:32:00,2025,41-16,SDU,31363.0,2025-07-15 11:30:00,2.0,0.8758042327120084,4.6115007826263295,11.62,2.01,3.23,15.55,1,1 vehicle
7757873,2025-07-15 11:45:00,2025,1-b7,SDU,36132.0,2025-07-15 11:40:00,5.0,9.05168283750593,3.5572778320905845,13.08,1.29,1.96,16.6,2,2 or more vehicles
7759859,2025-07-17 20:13:00,2025,83-01,SDU,3471.0,2025-07-17 20:10:00,3.0,2.555236136142328,3.1942761755996667,6.819999999999999,3.44,5.55,14.03,2,2 or more vehicles
7761521,2025-07-19 13:32:00,2025,f225-01,SDU,6430.0,2025-07-19 13:30:00,2.0,9.477782150281284,18.95102355075963,41.28,4.33,5.36,15.53,2,2 or more vehicles
7764066,2025-07-21 20:46:00,2025,1-c3,SDU,6315.0,2025-07-21 20:50:00,4.0,0.05266161762979998,0.4198979929840348,4.99,1.3,1.8,13.3,2,2 or more vehicles
7764945,2025-07-22 15:48:00,2025,1-d8,SDU,31392.0,2025-07-22 15:50:00,2.0,5.501726585087241,1.811228203445721,16.61,5.52,7.15,11.4,2,2 or more vehicles
7765232,2025-07-22 21:55:00,2025,63-02,SDU,31122.0,2025-07-22 21:50:00,5.0,1.9715801088518328,0.0723277669925947,12.87,2.38,2.94,8.78,1,1 vehicle
7765288,2025-07-22 16:19:00,2025,939-02,SDU,35963.0,2025-07-22 16:20:00,1.0,5.376181482929922,3.881853818299356,12.03,5.38,6.76,10.9,1,1 vehicle
7767659,2025-07-25 15:34:00,2025,38-02,SDU,31387.0,2025-07-25 15:30:00,4.0,11.711814279152014,9.944325910548493,4.01,2.05,3.33,11.75,2,2 or more vehicles
7767681,2025-07-25 16:33:00,2025,1-c7,SDU,6315.0,2025-07-25 16:30:00,3.0,8.733390879477817,7.2272366966,3.5,5.0,7.3,14.1,1,1 vehicle
7769255,2025-07-26 14:12:00,2025,1-s4,SDU,34238.0,2025-07-26 14:10:00,2.0,4.502033117887481,2.044687902619077,12.0,3.2,4.51,11.36,3,2 or more vehicles
7769328,2025-07-27 16:23:00,2025,1-g2,SDU,31572.0,2025-07-27 16:20:00,3.0,10.248431746428327,9.734372846346778,1.1,3.77,6.76,14.85,2,2 or more vehicles
7770798,2025-07-28 14:54:00,2025,1-p3,SDU,3471.0,2025-07-28 14:50:00,4.0,17.27490325057897,17.04322593257332,10.59,4.83,6.27,15.4,2,2 or more vehicles
7772021,2025-07-30 01:55:00,2025,1-p4,SDU,3463.0,2025-07-30 01:50:00,5.0,9.954704842881346,6.428645425378839,11.46,0.0,0.29,11.28,1,1 vehicle
7773589,2025-07-31 17:29:00,2025,1-d2,SDU,6300.0,2025-07-31 17:30:00,1.0,2.2488567604876537,6.730360832725801,13.7,1.98,4.47,13.55,2,2 or more vehicles
7773729,2025-07-31 20:57:00,2025,427-05,SDU,7001.0,2025-07-31 21:00:00,3.0,13.86706034588859,8.672631809759135,14.43,2.7,3.2,8.5,2,2 or more vehicles
7774582,2025-08-01 15:08:00,2025,54-02,SDU,1777.0,2025-08-01 15:10:00,2.0,9.234142295244963,10.66291507740808,12.06,4.51,9.1,12.32,1,1 vehicle
7776776,2025-08-03 21:15:00,2025,93-03,SDU,4182.0,2025-08-03 21:10:00,5.0,3.2430988991705427,5.336718228238104,14.039999999999996,5.95,8.49,14.11,1,1 vehicle
7777518,2025-08-04 16:15:00,2025,92-07,SDU,5981.0,2025-08-04 16:10:00,5.0,3.756898013233544,4.3294707374769,12.23,1.9,3.17,14.5,1,1 vehicle
7777688,2025-08-04 18:56:00,2025,711-06,SDU,33204.0,2025-08-04 19:00:00,4.0,14.048028847265504,16.335649087650875,10.45,2.65,4.61,14.29,1,1 vehicle
7778620,2025-08-05 10:00:00,2025,9549-01,SDU,34087.0,2025-08-05 10:00:00,0.0,0.12609602682623372,1.7162207935057578,6.62,3.97,7.35,11.29,1,1 vehicle
7779632,2025-08-06 12:37:00,2025,1-a2,SDU,36382.0,2025-08-06 12:40:00,3.0,0.04089940277466394,1.4808596330580517,11.12,3.6,5.29,11.46,2,2 or more vehicles
7779754,2025-08-06 18:42:00,2025,30-07,SDU,36519.0,2025-08-06 18:40:00,2.0,4.963012967163814,5.098949975482601,8.51,3.24,5.59,11.46,2,2 or more vehicles
7780246,2025-08-07 11:11:00,2025,92-11,SDU,5990.0,2025-08-07 11:10:00,1.0,6.510784218223857,4.856153771530656,6.0,1.3,4.93,13.14,2,2 or more vehicles
7781537,2025-08-08 15:23:00,2025,1-d6,SDU,31399.0,2025-08-08 15:20:00,3.0,2.069624736638876,2.8564832758413083,10.33,9.96,14.7,13.07,2,2 or more vehicles
7782800,2025-08-10 13:54:00,2025,34-02,SDU,1395.0,2025-08-10 13:50:00,4.0,6.222113255044826,5.246626996155354,8.89,3.43,4.7,16.78,1,1 vehicle
7784081,2025-08-11 13:29:00,2025,1-g3,SDU,31674.0,2025-08-11 13:30:00,1.0,4.076817751567475,6.51508528335336,11.64,4.97,11.27,15.05,2,2 or more vehicles
7786055,2025-08-13 15:31:00,2025,1-b6,SDU,6134.0,2025-08-13 15:30:00,1.0,6.309241957796697,5.751425337701231,12.46,2.59,4.18,14.42,2,2 or more vehicles
7786085,2025-08-13 16:10:00,2025,35-02,SDU,26400.0,2025-08-13 16:10:00,0.0,6.160813826071407,6.116733260483486,7.8,3.76,4.9,15.64,2,2 or more vehicles
7787292,2025-08-14 16:32:00,2025,1-r3,SDU,4406.0,2025-08-14 16:30:00,2.0,9.782397686771821,7.05860661928788,17.560000000000002,4.18,6.96,11.27,1,1 vehicle
7787961,2025-08-15 11:43:00,2025,58-01,SDU,2050.0,2025-08-15 11:40:00,3.0,7.28319536165041,3.9981174783629543,8.670000000000002,9.19,13.52,13.14,3,2 or more vehicles
7788718,2025-08-16 10:35:00,2025,1-g3,SDU,31674.0,2025-08-16 10:30:00,5.0,9.130573786205488,6.51508528335336,11.64,9.17,12.05,10.19,1,1 vehicle
7788727,2025-08-16 10:46:00,2025,1-d8,SDU,31392.0,2025-08-16 10:50:00,4.0,5.528024077443818,1.811228203445721,16.61,5.78,8.04,8.19,1,1 vehicle
7788779,2025-08-16 13:17:00,2025,1-k8,SDU,3223.0,2025-08-16 13:20:00,3.0,18.712325982769386,15.384253879331345,11.4,8.66,12.94,16.68,1,1 vehicle
7791016,2025-08-18 15:00:00,2025,f338-01,SDU,36519.0,2025-08-18 15:00:00,0.0,10.9087056046261,13.93349128520185,25.74,1.55,3.04,17.39,1,1 vehicle
7792232,2025-08-20 05:01:00,2025,41-17,SDU,1350.0,2025-08-20 05:00:00,1.0,7.117005455728471,6.841931195549181,4.66,2.56,3.3,10.88,1,1 vehicle
7792578,2025-08-20 11:59:00,2025,1-v9,SDU,35769.0,2025-08-20 12:00:00,1.0,8.232725948138059,8.350462002981429,12.96,4.2,6.08,11.04,1,1 vehicle
7800028,2025-08-27 03:54:00,2025,1-k9,SDU,3317.0,2025-08-27 03:50:00,4.0,8.130409273385247,5.731173545267037,11.400000000000002,7.1,9.9,14.56,1,1 vehicle
7800153,2025-08-27 17:22:00,2025,75-03,SDU,3433.0,2025-08-27 17:20:00,2.0,5.447558628880309,3.9158378277913126,9.46,3.89,4.87,19.25,1,1 vehicle
7802430,2025-08-30 07:58:00,2025,85-03,SDU,3585.0,2025-08-30 08:00:00,2.0,7.112560902312853,6.645727083197894,11.12,1.61,3.1,11.42,1,1 vehicle
7802860,2025-08-30 20:04:00,2025,1-d2,SDU,6300.0,2025-08-30 20:00:00,4.0,13.422817537409584,6.730360832725801,13.7,2.71,4.61,15.13,2,2 or more vehicles
7803536,2025-08-31 16:45:00,2025,1-d2,SDU,6300.0,2025-08-31 16:40:00,5.0,13.363339510003957,6.730360832725801,13.7,6.26,11.14,18.08,2,2 or more vehicles
7808999,2025-09-05 23:53:00,2025,1-d8,SDU,31392.0,2025-09-05 23:50:00,3.0,4.932794584585788,1.811228203445721,16.61,0.31,0.78,2.88,1,1 vehicle
7811689,2025-09-08 17:35:00,2025,1-d2,SDU,6300.0,2025-09-08 17:30:00,5.0,13.422059483151658,6.730360832725801,13.7,3.85,7.51,14.16,2,2 or more vehicles
7817002,2025-09-14 17:48:00,2025,33-01,SDU,6300.0,2025-09-14 17:50:00,2.0,10.454648651163614,5.943518754212103,12.81,3.56,6.4,10.67,1,1 vehicle
7820694,2025-09-18 04:44:00,2025,1-p1,SDU,33357.0,2025-09-18 04:40:00,4.0,0.681689998568665,2.6900827429345155,10.45,4.92,6.66,-2.52,1,1 vehicle
7821790,2025-09-17 15:00:00,2025,1-g1,SDU,31578.0,2025-09-17 15:00:00,0.0,10.222256746944904,5.843019343976989,10.93,3.65,5.59,9.56,1,1 vehicle
7823550,2025-09-21 04:11:00,2025,811-01,SDU,3463.0,2025-09-21 04:10:00,1.0,7.954010265339896,8.298039882060115,2.13,7.86,10.65,4.36,1,1 vehicle
7823619,2025-09-21 04:45:00,2025,41-15,SDU,1370.0,2025-09-21 04:40:00,5.0,4.082986737946266,1.361433362983291,13.25,3.2,3.69,1.37,2,2 or more vehicles
7823826,2025-09-21 12:44:00,2025,1-p1,SDU,33357.0,2025-09-21 12:40:00,4.0,2.353618085194702,2.6900827429345155,10.45,6.57,8.82,0.04,1,1 vehicle
7824626,2025-09-22 08:24:00,2025,1-d8,SDU,31392.0,2025-09-22 08:20:00,4.0,5.505956035515047,1.811228203445721,16.61,3.56,5.68,7.11,1,1 vehicle
7825804,2025-09-23 10:20:00,2025,1-t0,SDU,4271.0,2025-09-23 10:20:00,0.0,14.030918944182337,16.112146503479053,8.969999999999999,5.23,8.95,11.19,1,1 vehicle
7829834,2025-09-27 13:43:00,2025,60-09,SDU,32179.0,2025-09-27 13:40:00,3.0,8.13305571652662,6.06551570552272,10.95,5.75,7.55,7.7,1,1 vehicle
7830992,2025-09-28 20:20:00,2025,59-02,SDU,32190.0,2025-09-28 20:20:00,0.0,8.21907455975274,3.972460559685162,14.7,4.27,4.7,5.28,3,2 or more vehicles
7831070,2025-09-29 03:46:00,2025,38-03,SDU,1395.0,2025-09-29 03:50:00,4.0,10.298779357067126,10.795312424017284,3.5399999999999996,5.0,6.47,7.55,1,1 vehicle
7832018,2025-09-29 12:08:00,2025,76-06,SDU,33643.0,2025-09-29 12:10:00,2.0,16.494048574232888,15.895931226517536,8.92,1.81,2.45,7.26,2,2 or more vehicles
7836765,2025-10-04 13:28:00,2025,1-x5,VHDU,5544.0,2025-10-04 13:30:00,2.0,9.527934456094846,12.099625291230964,9.96,18.48,26.05,7.44,1,1 vehicle
7837706,2025-10-05 16:58:00,2025,54-06,VHDU,31958.0,2025-10-05 17:00:00,2.0,5.936207883683122,3.816243689301748,12.21,3.06,5.68,8.33,4,2 or more vehicles
7837799,2025-10-05 19:40:00,2025,1-s5,VHDU,34238.0,2025-10-05 19:40:00,0.0,17.164917672187446,11.05888658286931,19.9,2.69,3.33,3.96,2,2 or more vehicles
7839135,2025-10-06 17:18:00,2025,54-16,VHDU,31950.0,2025-10-06 17:20:00,2.0,9.313193126523323,7.485227201742805,7.6,4.41,6.08,3.93,1,1 vehicle
7840109,2025-10-07 08:25:00,2025,1-a3,VHDU,36382.0,2025-10-07 08:20:00,5.0,11.843812395892593,8.286568096328335,9.45,1.09,1.86,2.2,1,1 vehicle
7843323,2025-10-10 11:07:00,2025,1-k5,VHDU,33204.0,2025-10-10 11:10:00,3.0,1.8111237571864724,0.4927782706765492,6.99,2.32,4.61,4.87,1,1 vehicle
7843545,2025-10-10 17:37:00,2025,845-01,VHDU,3591.0,2025-10-10 17:40:00,3.0,5.2041566105981305,5.513349493291968,10.44,0.97,1.7,5.22,1,1 vehicle
7846796,2025-10-14 12:09:00,2025,1-z2,VHDU,36391.0,2025-10-14 12:10:00,1.0,1.7696007371106626,1.7544628426852549,1.46,3.98,4.8,10.72,1,1 vehicle
7850217,2025-10-17 19:45:00,2025,43-01,VHDU,31361.0,2025-10-17 19:40:00,5.0,5.210685018682362,0.1266376158870643,13.89,2.1,2.84,5.92,1,1 vehicle
7851453,2025-10-19 15:46:00,2025,518-02,VHDU,6802.0,2025-10-19 15:50:00,4.0,17.273124345629576,14.938071940975734,13.59,0.5,1.04,5.09,1,1 vehicle
7851646,2025-10-19 21:26:00,2025,812-01,VHDU,3463.0,2025-10-19 21:30:00,4.0,5.00818326145924,5.617208164035614,6.069999999999999,0.47,1.47,1.79,1,1 vehicle
7851837,2025-10-20 06:17:00,2025,1-a2,VHDU,36382.0,2025-10-20 06:20:00,3.0,5.833465105620955,1.4808596330580517,11.12,2.28,2.84,1.49,1,1 vehicle
7852110,2025-10-20 08:48:00,2025,41-15,VHDU,1370.0,2025-10-20 08:50:00,2.0,1.6085230266487947,1.361433362983291,13.25,3.32,4.08,2.71,1,1 vehicle
7853571,2025-10-21 11:50:00,2025,1-p1,VHDU,33357.0,2025-10-21 11:50:00,0.0,2.0282311954927676,2.6900827429345155,10.45,8.12,10.39,-3.19,2,2 or more vehicles
7853875,2025-10-21 14:23:00,2025,863-01,VHDU,4406.0,2025-10-21 14:20:00,3.0,1.8991074541771535,1.3581717794530035,8.94,8.85,11.86,-2.42,1,1 vehicle
7854655,2025-10-22 13:30:00,2025,1-t6,VHDU,34073.0,2025-10-22 13:30:00,0.0,0.710533867643078,1.8570057529358144,11.17,14.84,20.68,-1.44,2,2 or more vehicles
7854816,2025-10-22 20:52:00,2025,1-p3,VHDU,3471.0,2025-10-22 20:50:00,2.0,14.217131259631369,17.04322593257332,10.59,5.11,7.35,-0.37,1,1 vehicle
7855909,2025-10-24 09:34:00,2025,36-11,VHDU,1590.0,2025-10-24 09:30:00,4.0,4.361970361201296,4.097097125921327,7.99,5.93,7.7,-0.16,1,1 vehicle
7857596,2025-10-26 11:43:00,2025,1-a8,VHDU,36270.0,2025-10-26 11:40:00,3.0,13.542895030442073,16.421669205008133,8.82,6.28,9.41,1.78,1,1 vehicle
7857597,2025-10-26 10:15:00,2025,1-z1,VHDU,36391.0,2025-10-26 10:10:00,5.0,7.053734946603193,5.756717799163035,13.97,5.33,7.06,2.04,1,1 vehicle
7858541,2025-10-27 18:30:00,2025,54-18,VHDU,31950.0,2025-10-27 18:30:00,0.0,9.88567007223878,9.34063742761611,17.31,5.49,7.45,-1.08,1,1 vehicle
7859666,2025-10-28 15:31:00,2025,1-g4,VHDU,31674.0,2025-10-28 15:30:00,1.0,6.4422847821460545,2.9434338577391106,8.41,11.49,18.13,-2.06,1,1 vehicle
7861688,2025-10-31 10:17:00,2025,1-p1,VHDU,33357.0,2025-10-31 10:20:00,3.0,2.2283834148488952,2.6900827429345155,10.45,16.52,20.09,-0.32,1,1 vehicle
7861974,2025-10-31 16:23:00,2025,1-d1,VHDU,36308.0,2025-10-31 16:20:00,3.0,1.9472084193206503,1.5292496506417883,3.18,14.3,18.42,5.55,2,2 or more vehicles
7868308,2025-11-07 13:30:00,2025,82-05,VHDU,33661.0,2025-11-07 13:30:00,0.0,3.094963577991057,1.840275137807545,10.919999999999998,4.96,7.25,3.15,1,1 vehicle
7869093,2025-11-08 14:28:00,2025,75-06,VHDU,3433.0,2025-11-08 14:30:00,2.0,3.4168996058434273,4.244214080639283,11.95,8.08,10.62,6.02,1,1 vehicle
7875810,2025-11-14 19:45:00,2025,26-02,VHDU,6420.0,2025-11-14 19:40:00,5.0,6.392030272530051,8.594202972816396,13.93,1.4,2.3,-5.3,1,1 vehicle
7876111,2025-11-15 07:12:00,2025,43-01,VHDU,31361.0,2025-11-15 07:10:00,2.0,5.377422127801695,0.1266376158870643,13.89,2.06,3.14,2.23,2,2 or more vehicles
7876334,2025-11-15 13:49:00,2025,1-c2,VHDU,6315.0,2025-11-15 13:50:00,1.0,7.663856815217863,6.674890552366854,7.61,3.4,4.1,1.4,1,1 vehicle
7877199,2025-11-16 19:26:00,2025,939-02,VHDU,35963.0,2025-11-16 19:30:00,4.0,0.3398922954703214,3.881853818299356,12.03,7.04,7.64,-8.65,1,1 vehicle
7878295,2025-11-17 15:36:00,2025,54-02,VHDU,1777.0,2025-11-17 15:40:00,4.0,11.114455490155036,10.66291507740808,12.06,6.32,9.43,0.7,1,1 vehicle
7881730,2025-11-21 09:03:00,2025,1-a6,VHDU,36270.0,2025-11-21 09:00:00,3.0,0.6625285769833154,4.464514206348191,13.14,2.0,3.14,4.04,1,1 vehicle
7881943,2025-11-21 10:17:00,2025,435-01,VHDU,31488.0,2025-11-21 10:20:00,3.0,7.357725562033446,5.371941470327555,8.86,3.2,4.41,3.1,1,1 vehicle
7883784,2025-11-23 16:22:00,2025,1-k3,VHDU,2197.0,2025-11-23 16:20:00,2.0,11.014868952896808,5.350417813137898,11.85,3.9,4.4,-3.5,3,2 or more vehicles
7885389,2025-11-23 21:46:00,2025,60-34,VHDU,32336.0,2025-11-23 21:50:00,4.0,13.866386352131746,11.425118293118071,11.65,0.42,2.06,1.32,1,1 vehicle
7886503,2025-11-26 17:15:00,2025,33-01,VHDU,6300.0,2025-11-26 17:10:00,5.0,2.0729738701010034,5.943518754212103,12.81,2.81,3.66,0.53,1,1 vehicle
7888603,2025-11-29 03:42:00,2025,56-01,VHDU,31948.0,2025-11-29 03:40:00,2.0,9.16302227078111,3.8833227234733703,10.98,2.66,3.33,-9.07,4,2 or more vehicles
7889526,2025-11-30 15:22:00,2025,38-02,VHDU,31387.0,2025-11-30 15:20:00,2.0,8.385149464854239,9.944325910548493,4.01,11.28,19.31,1.82,2,2 or more vehicles
7891034,2025-12-01 14:35:00,2025,931-09,VDU,34081.0,2025-12-01 14:30:00,5.0,8.702905448998917,11.043890646760392,5.6899999999999995,7.21,17.35,-0.15,2,2 or more vehicles
7891485,2025-12-02 08:24:00,2025,427-05,VDU,7001.0,2025-12-02 08:20:00,4.0,10.777172568337024,8.672631809759135,14.43,7.7,9.2,-0.9,1,1 vehicle
7892666,2025-12-03 14:00:00,2025,93-03,VDU,4182.0,2025-12-03 14:00:00,0.0,5.943788013873578,5.336718228238104,14.039999999999996,4.78,8.17,1.86,2,2 or more vehicles
7893236,2025-12-04 08:39:00,2025,41-17,VDU,1350.0,2025-12-04 08:40:00,1.0,6.7724204590708625,6.841931195549181,4.66,5.12,6.5,0.65,1,1 vehicle
7893738,2025-12-04 21:41:00,2025,41-16,VDU,31363.0,2025-12-04 21:40:00,1.0,10.035442665740138,4.6115007826263295,11.62,6.36,8.04,0.19,2,2 or more vehicles
7894638,2025-12-05 16:31:00,2025,1-d8,VDU,31392.0,2025-12-05 16:30:00,1.0,3.420875943626578,1.811228203445721,16.61,9.82,12.94,1.49,8,2 or more vehicles
7898931,2025-12-10 23:24:00,2025,1-t1,VDU,4271.0,2025-12-10 23:20:00,4.0,3.067389104371845,6.49991970936017,11.25,6.93,8.95,2.44,1,1 vehicle
7899785,2025-12-12 05:47:00,2025,41-15,VDU,1370.0,2025-12-12 05:50:00,3.0,3.3958973442168228,1.361433362983291,13.25,7.89,11.11,4.47,1,1 vehicle
7900424,2025-12-12 18:04:00,2025,41-17,VDU,1350.0,2025-12-12 18:00:00,4.0,6.880120252729987,6.841931195549181,4.66,7.26,8.85,5.04,1,1 vehicle
7901023,2025-12-13 12:53:00,2025,44-03,VDU,1350.0,2025-12-13 12:50:00,3.0,5.342566832031205,5.16732077177175,4.999999999999999,3.5,4.41,2.17,1,1 vehicle
7901048,2025-12-13 14:15:00,2025,1-g1,VDU,31578.0,2025-12-13 14:10:00,5.0,5.0846921636765705,5.843019343976989,10.93,0.81,1.27,3.46,2,2 or more vehicles
7901167,2025-12-13 18:23:00,2025,1-k8,VDU,3223.0,2025-12-13 18:20:00,3.0,15.405825639263577,15.384253879331345,11.4,1.37,3.01,-0.44,1,1 vehicle
7901204,2025-12-13 20:34:00,2025,355-01,VDU,36415.0,2025-12-13 20:30:00,4.0,6.368484294267962,8.589900514068642,8.01,4.94,7.15,-0.09,1,1 vehicle
7902712,2025-12-15 11:47:00,2025,60-01,VDU,31985.0,2025-12-15 11:50:00,3.0,1.115208140281964,4.3342196891503555,8.52,5.38,7.64,-1.83,3,2 or more vehicles
7905386,2025-12-18 09:47:00,2025,427-12,VDU,31380.0,2025-12-18 09:50:00,3.0,12.766578223753907,8.344923350684882,14.45,6.8,9.41,2.49,2,2 or more vehicles
7905443,2025-12-18 07:20:00,2025,74-02,VDU,33420.0,2025-12-18 07:20:00,0.0,11.418860125702496,5.903421877462939,12.39,13.55,18.62,1.37,1,1 vehicle
7906346,2025-12-19 12:56:00,2025,36-01,VDU,26400.0,2025-12-19 13:00:00,4.0,5.112251472439948,2.661894758257892,9.29,1.01,2.54,-0.04,1,1 vehicle
7906441,2025-12-19 16:01:00,2025,30-01,VDU,6310.0,2025-12-19 16:00:00,1.0,3.0100038096577855,2.8295859653891235,8.07,2.72,4.08,0.7,1,1 vehicle
7907800,2025-12-21 14:50:00,2025,1-a2,VDU,36382.0,2025-12-21 14:50:00,0.0,6.41953824962952,1.4808596330580517,11.12,2.25,3.53,6.66,1,1 vehicle
7909889,2025-12-24 11:49:00,2025,95-02,VDU,5960.0,2025-12-24 11:50:00,1.0,13.015892291401613,9.027618125264537,10.26,18.66,21.55,3.76,1,1 vehicle
7911266,2025-12-27 15:32:00,2025,45-01,VDU,1453.0,2025-12-27 15:30:00,2.0,5.99496756218771,6.206697467082469,5.89,5.45,7.45,5.53,2,2 or more vehicles
7911975,2025-12-28 17:17:00,2025,1-y6,VDU,5309.0,2025-12-28 17:20:00,3.0,3.5738628570242676,6.126595002325329,12.329999999999998,2.2,3.2,2.7,2,2 or more vehicles
