point_type,group,id,lon,lat
Accident,No exact counter link,5830198,-18.036943629545068,63.78702788733735
Accident,No exact counter link,5830706,-16.06805842386129,64.12556718169851
Accident,No exact counter link,5832224,-22.664969868787807,66.01856843592253
Accident,Allocated-rate sample,5832861,-21.263694704720464,64.0140650919971
Accident,"Exact link, not retained",5835322,-20.28742326587536,64.31303498965882
Accident,Allocated-rate sample,5835385,-20.96855356596253,64.0439413839854
Accident,"Exact link, not retained",5836803,-21.962007719663717,64.4605367691935
Accident,Allocated-rate sample,5836918,-22.42028533061439,63.9610006507315
Accident,No exact counter link,5840588,-20.831906803169463,64.05657317318921
Accident,Allocated-rate sample,5840631,-21.82972426096936,64.24760905805957
Accident,No exact counter link,5840704,-21.746164709950015,64.1543368480348
Accident,No exact counter link,5843271,-22.379099520420496,63.856349578882806
Accident,Allocated-rate sample,5843285,-21.94441254755928,64.31029822697644
Accident,No exact counter link,5843391,-17.370499369612986,63.940389304606
Accident,No exact counter link,5844001,-20.871442026949044,64.04805211256583
Accident,Allocated-rate sample,5844565,-17.54079570223693,65.68657666906499
Accident,"Exact link, not retained",5847537,-20.265608401801003,64.31381834224777
Accident,"Exact link, not retained",5847902,-21.956401989413223,64.42840278538826
Accident,No exact counter link,5848810,-17.07705166110099,63.97430820119293
Accident,No exact counter link,5849371,-21.677842345893573,64.19740114022875
Accident,"Exact link, not retained",5849718,-21.94012676100511,64.42063116221557
Accident,"Exact link, not retained",5850453,-20.35729626940728,64.27330858768688
Accident,Allocated-rate sample,5851622,-22.42101796580787,63.89364753735325
Accident,No exact counter link,5852539,-22.885096665300555,64.83532481587602
Accident,Allocated-rate sample,5852821,-17.88123530825177,65.74508692285002
Accident,No exact counter link,5853372,-20.43625012435242,64.0397986216465
Accident,"Exact link, not retained",5853592,-21.899625148713344,64.40032027252951
Accident,No exact counter link,5853973,-20.42508889951353,64.09779808682775
Accident,Allocated-rate sample,5854230,-21.55197819706213,64.94641922678282
Accident,Allocated-rate sample,5856077,-21.54150768662003,64.05982798653929
Accident,Allocated-rate sample,5856054,-21.899152318995274,64.31250886074179
Accident,Allocated-rate sample,5858458,-18.690546100208756,63.446739952563945
Accident,No exact counter link,5859041,-22.590572329492893,64.01660023956694
Accident,Allocated-rate sample,5859505,-21.745258435688083,64.20577405223445
Accident,Allocated-rate sample,5859990,-21.93203769267524,64.56391520032251
Accident,No exact counter link,5860426,-21.061872912125672,64.9379394810599
Accident,Allocated-rate sample,5861290,-17.502968350675737,65.697596231297
Accident,Allocated-rate sample,5861938,-21.587574150914964,64.0669630213126
Accident,No exact counter link,5862877,-18.373053890044485,63.68080224757267
Accident,No exact counter link,5863137,-18.76046858977259,65.86170160631512
Accident,Allocated-rate sample,29246,-21.738359314767596,64.15258130303963
Accident,No exact counter link,5865904,-22.806648817908833,65.9202884433667
Accident,No exact counter link,5871198,-21.18688540186671,64.89887312015469
Accident,Allocated-rate sample,5871551,-22.943242193390574,66.0396794757695
Accident,No exact counter link,5872877,-22.51116194804861,63.866574276905645
Accident,Allocated-rate sample,5875743,-20.71016118176996,63.95273197932885
Accident,Allocated-rate sample,5879337,-22.651128755636982,64.02587679090355
Accident,Allocated-rate sample,5882904,-21.346883511642663,63.89058881580396
Accident,No exact counter link,5883211,-21.455871352671178,64.03920168526366
Accident,Allocated-rate sample,5883817,-21.09783554517948,65.04808928830221
Accident,No exact counter link,5885313,-21.11037402979922,63.86049265440472
Accident,No exact counter link,5885630,-20.549279955362582,63.891784863719714
Accident,Allocated-rate sample,5886017,-23.75358226946219,64.90236700119894
Accident,No exact counter link,5885814,-19.41729024589712,63.50258103563015
Accident,Allocated-rate sample,5889368,-21.23990233448241,64.01053271399967
Accident,Allocated-rate sample,5890901,-18.813385257521855,66.10252534257853
Accident,Allocated-rate sample,5891446,-15.43419350815653,65.41291431616897
Accident,No exact counter link,5891552,-19.517161225868552,63.520844270023005
Accident,Allocated-rate sample,5891657,-22.386907453814473,63.96614790494256
Accident,No exact counter link,5893141,-21.097835715903564,65.10892054806764
Accident,Allocated-rate sample,5893863,-21.809355049826035,64.35181999533424
Accident,No exact counter link,5895277,-19.46252496772569,63.51506884495082
Accident,No exact counter link,5898610,-21.067580672479504,64.93621799355746
Accident,No exact counter link,5899784,-18.07084622623123,65.62858093033473
Accident,Allocated-rate sample,5900220,-14.455290747162415,65.23478428880867
Accident,No exact counter link,5900725,-22.12155427600391,64.0249087299445
Accident,No exact counter link,5905869,-21.905836264289757,64.03785332182964
Accident,Allocated-rate sample,5907973,-21.926502459455417,64.36579544060247
Accident,No exact counter link,5908670,-20.14414293446898,63.675136398897074
Accident,No exact counter link,5918900,-18.61065113857148,65.85637438140581
Accident,No exact counter link,5913029,-18.070144742202327,65.77267058126556
Accident,No exact counter link,5913727,-14.636918478112886,65.18570055293748
Accident,Allocated-rate sample,5913983,-21.98961301367531,64.31005923363315
Accident,Allocated-rate sample,5914988,-21.499542152898165,64.78950810792811
Accident,No exact counter link,5916316,-21.675388136108197,64.14436798646213
Accident,Allocated-rate sample,5916515,-19.88769988280608,65.53130844174875
Accident,Allocated-rate sample,5922535,-21.35874574181641,64.01859867193387
Accident,Allocated-rate sample,5923698,-23.16546272479464,64.95026827858975
Accident,Allocated-rate sample,5924551,-20.698991885543645,65.4140099531246
Accident,Allocated-rate sample,5924527,-22.37673453413915,63.9683814331722
Accident,No exact counter link,5929798,-19.032171223474247,66.04976371284502
Accident,No exact counter link,5930550,-20.343865647582646,65.55082717683368
Accident,Allocated-rate sample,5930931,-18.20325067108984,65.7443130066685
Accident,No exact counter link,5931888,-20.295176216022455,63.84060970691044
Accident,No exact counter link,5935664,-16.698887249458032,63.89081002551275
Accident,No exact counter link,5936106,-20.249869369500153,64.32455907269883
Accident,No exact counter link,5940454,-18.442012232157165,65.6765567253192
Accident,Allocated-rate sample,5940570,-21.75305526940921,64.14444626753199
Accident,Allocated-rate sample,5941449,-21.90820755367783,64.07857206663347
Accident,Allocated-rate sample,5942435,-19.07490842570366,66.11673304887914
Accident,No exact counter link,5942703,-15.810511591034595,66.27491516118991
Accident,No exact counter link,5942931,-17.838521831977314,63.90952473590241
Accident,No exact counter link,5943340,-22.312762138649823,63.85695696851886
Accident,No exact counter link,5945507,-16.17972929946135,64.04566768477116
Accident,Allocated-rate sample,5947302,-13.970026295136964,65.10947893732119
Accident,No exact counter link,5947254,-14.342340829836449,65.19265568809519
Accident,Allocated-rate sample,5947270,-21.22345541130893,64.01358790146618
Accident,Allocated-rate sample,5948452,-18.280991808928224,65.74127020898474
Accident,Allocated-rate sample,5948764,-22.768748393897212,65.05212164718286
Accident,Allocated-rate sample,5948769,-19.890762976179495,65.53233107514627
Accident,No exact counter link,5949034,-17.083918388336606,65.57199848237971
Accident,Allocated-rate sample,5949834,-23.78191112202312,65.5914125330175
Accident,Allocated-rate sample,5949966,-14.531733799492908,65.13010279203642
Accident,No exact counter link,5951629,-21.842615406276163,64.41275507841962
Accident,No exact counter link,5953591,-20.064611711565774,65.5528521913976
Accident,No exact counter link,5953695,-21.132110604387403,64.25562763264577
Accident,Allocated-rate sample,5955262,-17.51950650588237,65.68703644847106
Accident,Allocated-rate sample,5955591,-22.38481686143801,63.84391750170911
Accident,No exact counter link,5955989,-24.28088130258523,65.54560183110465
Accident,No exact counter link,5955821,-22.30190397405115,63.85242947535285
Accident,No exact counter link,5956776,-15.93273715534816,64.15988501219387
Accident,No exact counter link,5961045,-21.761418252268474,64.6435590568977
Accident,Allocated-rate sample,5961039,-22.61833528578468,64.02045126552868
Accident,Allocated-rate sample,5961941,-22.615113971189565,64.84186295486097
Accident,No exact counter link,5962948,-22.585858159432476,64.01688844767823
Accident,No exact counter link,5964510,-21.32998276582643,63.930088667815824
Accident,No exact counter link,5964723,-21.412795748514625,64.81371102973547
Accident,No exact counter link,5966294,-23.698900137499592,65.70778656200494
Accident,No exact counter link,5966843,-20.69933208519688,64.10670461514405
Accident,No exact counter link,5955674,-20.534088748741883,63.88917569636222
Accident,No exact counter link,5969005,-19.20175105751491,66.07601770613691
Accident,No exact counter link,5969093,-22.65209052833135,63.82499915599979
Accident,No exact counter link,5969134,-21.550522989123248,64.3082071663455
Accident,No exact counter link,5970507,-19.39000265373798,65.63083310041849
Accident,Allocated-rate sample,5970677,-22.613880272117047,64.0173916166192
Accident,No exact counter link,5972652,-22.745876749614624,64.84810783248061
Accident,No exact counter link,5973486,-23.635139624786916,65.97575230511606
Accident,Allocated-rate sample,5974591,-20.27062719113531,63.76966911782313
Accident,Allocated-rate sample,5975362,-21.110078025005233,63.86061368479508
Accident,No exact counter link,5975971,-21.663428960769927,65.65946447499593
Accident,No exact counter link,5975983,-21.376664607320464,64.38890423694657
Accident,No exact counter link,5976222,-19.192794952269345,64.02764297187909
Accident,Allocated-rate sample,5976450,-22.304015801097208,65.84992830152986
Accident,Allocated-rate sample,5977188,-17.407994990491304,65.73815894041705
Accident,No exact counter link,5977955,-19.131288008948445,64.03269040254058
Accident,No exact counter link,5979068,-21.127591505434193,63.86163802550796
Accident,No exact counter link,5980586,-20.051146872222063,63.64150565472468
Accident,"Exact link, not retained",5981582,-23.197711807860877,65.60652506669945
Accident,Allocated-rate sample,5981864,-21.96353377806698,64.57928570927547
Accident,No exact counter link,5986224,-19.516297208693977,65.75365438514442
Accident,No exact counter link,5986826,-22.43328442170302,65.51480612776223
Accident,No exact counter link,5989267,-20.300736524629833,64.30998282968524
Accident,"Exact link, not retained",5989741,-21.019605054888427,64.10488140500753
Accident,No exact counter link,5991195,-20.300969601416053,65.6208386005125
Accident,No exact counter link,5992414,-20.32206733172999,64.2524769150139
Accident,No exact counter link,5994177,-21.724268665700624,65.05706121514785
Accident,Allocated-rate sample,5994204,-22.264536611351065,65.80272602496093
Accident,Allocated-rate sample,5994293,-22.41834702292465,63.96251997655057
Accident,No exact counter link,5995080,-21.854928576414064,64.70861024455446
Accident,No exact counter link,5995159,-21.855717054966615,64.70693381756433
Accident,Allocated-rate sample,5997574,-18.410474760556397,65.93908109209656
Accident,No exact counter link,5997616,-18.784226767867803,65.46599671195189
Accident,Allocated-rate sample,5998833,-22.420245336779075,63.9119101116742
Accident,No exact counter link,5998937,-20.403059161364048,63.66292423589571
Accident,No exact counter link,5999856,-21.45381254550786,64.80373791231968
Accident,No exact counter link,6000886,-23.22121002718986,65.83554937457897
Accident,No exact counter link,6002105,-21.850967466267463,64.04709314570098
Accident,No exact counter link,6002212,-15.238104940012644,64.32300332967174
Accident,Allocated-rate sample,6002364,-19.86046090424571,65.52191179703767
Accident,No exact counter link,6005805,-16.99351183276074,65.65068079646095
Accident,No exact counter link,6005667,-21.24027183093733,64.68501140427858
Accident,No exact counter link,6005743,-14.49836569741983,65.18852699848982
Accident,Allocated-rate sample,6006630,-20.656822884909033,65.42198610167983
Accident,Allocated-rate sample,6007656,-21.737552885097337,64.09555666633314
Accident,No exact counter link,6008325,-19.85343687320429,64.12134933207022
Accident,No exact counter link,6009014,-16.01751209044705,64.1311963766776
Accident,No exact counter link,6009798,-15.658276926733738,66.20732085398332
Accident,No exact counter link,6011150,-19.508869231498117,63.51999533779835
Accident,No exact counter link,6012645,-14.337168193029228,65.38868942998988
Accident,Allocated-rate sample,6012664,-18.158851102445876,63.74744924086484
Accident,Allocated-rate sample,6013972,-21.252672348484285,64.2132826659552
Accident,No exact counter link,6017817,-18.52179749146186,63.980549501094934
Accident,Allocated-rate sample,6018407,-21.88628848436124,64.52187177066926
Accident,No exact counter link,6023303,-14.725333248901094,65.14746249702908
Accident,No exact counter link,6019217,-16.91932149522063,65.62444798039076
Accident,Allocated-rate sample,6020492,-21.74769650285509,64.09890155150107
Accident,No exact counter link,6020574,-21.948366139303175,64.68396524217377
Accident,No exact counter link,6023684,-21.853769914235436,64.07606704554922
Accident,Allocated-rate sample,6024596,-21.644941845293083,64.18021987823266
Accident,Allocated-rate sample,6025419,-21.229179800735576,64.01608434728567
Accident,No exact counter link,6025393,-17.582544710695426,63.95611345095016
Accident,Allocated-rate sample,6027827,-14.532416553006026,64.42658993179144
Accident,No exact counter link,6031031,-21.747009063180908,64.14422898571011
Accident,No exact counter link,6031225,-14.854929315064307,65.36388398004148
Accident,Allocated-rate sample,6034668,-21.51662845910203,64.77794339425373
Accident,Allocated-rate sample,6035160,-14.881866522940392,64.42182105519244
Accident,No exact counter link,6036249,-16.06797449591439,64.12558343890956
Accident,No exact counter link,6037097,-17.98008038783887,63.761793760834856
Accident,Allocated-rate sample,6037540,-21.832123195259538,64.59576728508175
Accident,Allocated-rate sample,6038067,-17.939815474271096,65.79539051787228
Accident,No exact counter link,6038263,-21.12206490080538,64.29818250548932
Accident,No exact counter link,6039451,-13.839398379723969,65.12166391609433
Accident,Allocated-rate sample,6041375,-22.578324531368743,64.83982585901494
Accident,Allocated-rate sample,6043662,-21.85622863916693,64.52468709518178
Accident,Allocated-rate sample,6047302,-22.672567143054515,64.02855722839615
Accident,No exact counter link,6047371,-21.639239281381776,64.11488432679268
Accident,Allocated-rate sample,6049373,-21.524766136876252,65.16542011629367
Accident,Allocated-rate sample,6048586,-14.445100464602692,65.24216513240476
Accident,No exact counter link,6048787,-21.73290854885113,64.14531305380926
Accident,No exact counter link,6051348,-20.604177186573335,63.8391228764009
Accident,No exact counter link,6049312,-21.893658885485763,64.0722646645833
Accident,No exact counter link,6051401,-22.007844486194145,64.31820590894031
Accident,Allocated-rate sample,6054155,-20.32937846201156,63.80475104298799
Accident,Allocated-rate sample,6054406,-23.492123209287552,64.83081474621598
Accident,Allocated-rate sample,6054365,-20.57883353792837,63.98280310354863
Accident,No exact counter link,6054818,-21.677011795987458,64.07359105696183
Accident,No exact counter link,6055551,-21.287003274367628,64.10589625654231
Accident,No exact counter link,6055492,-14.656820136872051,64.8851644045574
Accident,"Exact link, not retained",6056783,-18.17728665236392,65.66890666424055
Accident,No exact counter link,6059201,-19.775519774918173,64.53896770512657
Accident,Allocated-rate sample,6059684,-21.9530105595191,64.48387809401987
Accident,No exact counter link,6060486,-23.24527827708056,65.63659918231862
Accident,No exact counter link,6061582,-21.66200892367079,65.75442357306073
Accident,No exact counter link,6061583,-14.341995569785349,65.19425492540302
Accident,Allocated-rate sample,6061616,-22.678973583061342,64.84866741129382
Accident,No exact counter link,6061715,-14.670201107617869,64.83962806344803
Accident,No exact counter link,6062625,-22.503608007382155,65.04175081084891
Accident,No exact counter link,6062653,-23.68836146204297,64.75912726444717
Accident,No exact counter link,6063519,-21.9164852348131,64.03529457526558
Accident,No exact counter link,6065098,-17.7361254094433,63.89838728636275
Accident,Allocated-rate sample,6065622,-21.0620331697923,65.1520821936438
Accident,Allocated-rate sample,6066197,-22.59108982669311,64.84232060741896
Accident,No exact counter link,6067378,-22.0354330013576,64.041809192951
Accident,Allocated-rate sample,6067608,-21.374241762981928,64.01818252862714
Accident,Allocated-rate sample,6067569,-21.537753247946277,64.18852885077396
Accident,Allocated-rate sample,6069878,-20.71235091502629,64.14955998560312
Accident,No exact counter link,6071204,-15.275286036959155,65.18091660087103
Accident,"Exact link, not retained",6073446,-17.820307457781794,65.72852138643307
Accident,No exact counter link,6073463,-14.341709542989603,65.0355430344329
Accident,No exact counter link,6073631,-21.473499468889393,64.04740128605737
Accident,Allocated-rate sample,6074487,-18.478331746327097,65.94841799676514
Accident,Allocated-rate sample,6075689,-14.307227289267711,65.27863747024428
Accident,Allocated-rate sample,6075867,-21.084668691362182,63.958018855511135
Accident,No exact counter link,6076178,-21.79205933500274,64.05564441757616
Accident,No exact counter link,6076348,-21.493212054429694,64.24538172381399
Accident,Allocated-rate sample,6076922,-18.114065314895797,63.76430255257508
Accident,Allocated-rate sample,6077390,-22.427622955501366,63.938332441824485
Accident,No exact counter link,6077418,-21.87260937747592,64.08247258766944
Accident,No exact counter link,6078052,-19.86659585642115,65.82138273046819
Accident,No exact counter link,6078339,-20.55781998318764,63.99568341440808
Accident,No exact counter link,6080322,-22.630809712137086,63.99388401154819
Accident,No exact counter link,6081767,-18.013912833224335,65.64710592187134
Accident,No exact counter link,6082794,-22.445987303716837,63.961599234483
Accident,No exact counter link,6083431,-20.556406152160474,63.8932330222414
Accident,No exact counter link,6083516,-20.622356473352717,63.914440386799065
Accident,Allocated-rate sample,6084060,-19.910702284089567,65.53964928407285
Accident,No exact counter link,6084398,-15.947531271897391,64.15413592208523
Accident,Allocated-rate sample,6085415,-23.80618638257865,64.91551809510598
Accident,No exact counter link,6085451,-21.28844405843737,64.84503356507639
Accident,No exact counter link,6087043,-19.34059098474316,65.54957604064433
Accident,Allocated-rate sample,6089016,-15.355542590768184,66.15767018180914
Accident,Allocated-rate sample,6091477,-21.931378507316303,64.31010336035838
Accident,Allocated-rate sample,6091811,-21.739340385802173,64.0961961538971
Accident,No exact counter link,6091914,-21.647106326185632,64.12475077929872
Accident,No exact counter link,6092592,-22.604568912242343,64.04546799598032
Accident,Allocated-rate sample,6092758,-21.88818444721848,64.51694954150318
Accident,No exact counter link,6092799,-20.991262174995544,63.82632855719902
Accident,Allocated-rate sample,6093115,-22.36623620241255,63.971484148927814
Accident,Allocated-rate sample,6094032,-19.205828869150935,63.44961960887786
Accident,Allocated-rate sample,6094110,-23.54420958953973,64.91264896530934
Accident,No exact counter link,6095251,-22.39369203436972,65.03905835726611
Accident,No exact counter link,6096692,-19.315301497997492,65.77180282467765
Accident,Allocated-rate sample,6096703,-20.740174839115443,65.35792140512679
Accident,No exact counter link,6096859,-15.411090633443308,64.33242957380476
Accident,No exact counter link,6097644,-19.040820338816356,66.04945679851323
Accident,No exact counter link,6097880,-19.52372179785873,63.52146593510446
Accident,Allocated-rate sample,6099405,-18.698636397323337,65.4679768819818
Accident,Allocated-rate sample,6100091,-21.8230359999488,64.38805592850031
Accident,No exact counter link,6100233,-14.37345467974226,65.25237304976957
Accident,No exact counter link,6100951,-14.639117578731872,65.40942135575958
Accident,No exact counter link,6100284,-14.655622812574846,65.40238850062168
Accident,No exact counter link,6100307,-21.92264469292325,65.00823135307316
Accident,No exact counter link,6103521,-21.397465714156752,64.81876213867004
Accident,No exact counter link,6104098,-21.064468775527168,64.96669473230739
Accident,Allocated-rate sample,6106390,-21.39561224496992,64.01873531455233
Accident,Allocated-rate sample,6106514,-21.884882134549475,64.39829555770537
Accident,Allocated-rate sample,6106689,-21.83339079012743,64.26375389928839
Accident,Allocated-rate sample,6106707,-21.83343386027525,64.26377101771747
Accident,No exact counter link,6106991,-21.86889687492304,64.08248356499764
Accident,Allocated-rate sample,6107137,-21.45972013764804,64.0078254387348
Accident,No exact counter link,6107782,-20.549856290665517,64.01227884664713
Accident,No exact counter link,6108851,-13.747554491462848,65.13702123868566
Accident,No exact counter link,6109343,-21.093418541467763,63.96847288237063
Accident,Allocated-rate sample,6109356,-21.225842693964456,64.00280745434779
Accident,No exact counter link,6109614,-21.933594350080888,65.47843910586683
Accident,Allocated-rate sample,6109565,-22.351416793633128,63.9760701417755
Accident,Allocated-rate sample,6110422,-14.169197762284892,64.6978438400293
Accident,"Exact link, not retained",6111648,-18.052144411062542,65.57316760009627
Accident,Allocated-rate sample,6112867,-23.50004951108543,64.83047537530521
Accident,Allocated-rate sample,6112958,-20.106504759660652,64.3618288384448
Accident,Allocated-rate sample,6113049,-20.24560731394503,65.66709323033679
Accident,Allocated-rate sample,6113396,-18.596083232079256,65.5211418712368
Accident,No exact counter link,6114392,-20.031350956810765,63.730520922720615
Accident,Allocated-rate sample,6114362,-21.809216745085145,64.3518855141164
Accident,Allocated-rate sample,6115787,-21.81944534231116,64.23452898317204
Accident,Allocated-rate sample,6116068,-21.64413792978427,64.07487940642368
Accident,Allocated-rate sample,6116220,-20.69858553238569,63.952994853774385
Accident,Allocated-rate sample,6116826,-19.293912600548538,65.50786834953342
Accident,Allocated-rate sample,6116974,-21.556617680774856,64.0614282533337
Accident,No exact counter link,6119824,-22.62471185656933,63.998584020369314
Accident,No exact counter link,6118501,-18.886049732379306,63.42850381355954
Accident,No exact counter link,6121342,-22.622713456252733,63.99691830292467
Accident,Allocated-rate sample,6120716,-20.814844265083817,65.34441064279754
Accident,Allocated-rate sample,6121087,-19.149271404184457,63.440031450319694
Accident,Allocated-rate sample,6121414,-20.25136902591261,64.3111959723248
Accident,No exact counter link,6121593,-20.970902439932495,65.30454408209793
Accident,"Exact link, not retained",6121963,-20.979373981095534,64.70108039661449
Accident,No exact counter link,6122668,-21.475722534681296,64.04820695296732
Accident,"Exact link, not retained",6123512,-22.420938865306503,63.90229090882543
Accident,No exact counter link,6123486,-22.44337129860414,63.96159906960754
Accident,Allocated-rate sample,6123542,-21.02271415622992,64.25138497979111
Accident,No exact counter link,6123826,-18.178021040959024,65.73390156284276
Accident,Allocated-rate sample,6123846,-19.621924384304275,65.71627614062233
Accident,Allocated-rate sample,6124577,-18.684800231137967,65.47021804746203
Accident,No exact counter link,6126038,-21.69230943068405,65.71456070773112
Accident,Allocated-rate sample,6126663,-14.420212852158862,65.27950491460327
Accident,Allocated-rate sample,6127053,-19.104800858529156,63.450430260940685
Accident,Allocated-rate sample,6127047,-22.577228001772873,63.98954853506259
Accident,No exact counter link,6127082,-20.74333872760152,64.08568533175895
Accident,"Exact link, not retained",6127297,-21.70797284348598,64.20402406707173
Accident,No exact counter link,6127546,-20.341312770697975,65.5288797958721
Accident,No exact counter link,6128698,-21.15885898670849,64.25014364152459
Accident,No exact counter link,6128735,-22.031223752037167,64.04303826920352
Accident,Allocated-rate sample,6129090,-21.228342967157268,64.01585495834433
Accident,No exact counter link,6131548,-16.997143122981466,63.975739521869734
Accident,Allocated-rate sample,6131806,-18.18080135163912,65.66846805706884
Accident,Allocated-rate sample,6131900,-18.232245461586785,65.81183475852374
Accident,No exact counter link,6132043,-22.401521648531663,63.83755691843191
Accident,Allocated-rate sample,6132072,-22.61982129123246,64.02100689432184
Accident,Allocated-rate sample,6132183,-21.36276291827539,63.92865543262959
Accident,No exact counter link,6133242,-19.170295077383415,66.06895330469744
Accident,"Exact link, not retained",6133280,-14.476817385629854,64.76489444611066
Accident,Allocated-rate sample,6136352,-21.089560775195174,64.27928467588575
Accident,Allocated-rate sample,6136717,-21.95469084628178,64.4820930985096
Accident,No exact counter link,6138449,-22.21598741808552,63.84941893523152
Accident,Allocated-rate sample,6138531,-22.420424024648018,63.8911375401027
Accident,Allocated-rate sample,6139665,-21.812177318550283,64.34924245678634
Accident,Allocated-rate sample,6140603,-19.613321331073912,65.70154800476519
Accident,Allocated-rate sample,6141248,-21.392103070114704,64.66357121948147
Accident,No exact counter link,6141681,-21.515145112813943,64.05887166204106
Accident,No exact counter link,6142214,-22.597815317189717,64.03625701028423
Accident,Allocated-rate sample,6142519,-23.02619056159397,65.97954893933084
Accident,No exact counter link,6142963,-13.92466890733504,64.82572176807044
Accident,Allocated-rate sample,6146557,-19.06340977116422,63.45412309348804
Accident,No exact counter link,6158118,-23.90814218984051,64.86559876684687
Accident,No exact counter link,6147283,-21.18301338021712,64.90374978837077
Accident,Allocated-rate sample,6147994,-19.67005277534483,65.78090023616092
Accident,Allocated-rate sample,6148102,-22.42121861995085,63.8941188379436
Accident,Allocated-rate sample,6150631,-18.19168909048343,65.73740923964128
Accident,No exact counter link,6151742,-20.344175062499275,65.55052841003
Accident,No exact counter link,6152220,-18.4389978759858,65.65693966418212
Accident,No exact counter link,6152543,-18.10868837863316,65.92885806164915
Accident,No exact counter link,6156540,-20.702370465705524,64.10639069150817
Accident,No exact counter link,6154128,-19.80318969237531,65.33580242083524
Accident,Allocated-rate sample,6153567,-21.78056484011648,64.21460084716618
Accident,Allocated-rate sample,6153573,-22.33503504530004,63.98045720310994
Accident,Allocated-rate sample,6153543,-21.9220715968381,64.41515644130816
Accident,"Exact link, not retained",6154192,-19.07341257090212,66.11198128023528
Accident,Allocated-rate sample,6155908,-23.7669760710829,65.532247021117
Accident,"Exact link, not retained",6156000,-17.311131225535235,65.91059289204915
Accident,Allocated-rate sample,6157177,-18.53737096274744,66.07324623115615
Accident,"Exact link, not retained",6157488,-18.920107912527087,66.13284409434668
Accident,"Exact link, not retained",32720,-21.835182173213912,64.27070474609224
Accident,Allocated-rate sample,6160287,-19.770064619256992,65.51486090473388
Accident,Allocated-rate sample,6159281,-21.12397607875828,63.960782092309294
Accident,No exact counter link,6159343,-21.948108643136987,63.98908846655367
Accident,No exact counter link,6159890,-14.34747766254317,65.03920363571191
Accident,Allocated-rate sample,6159885,-18.59175222162719,65.52296900828176
Accident,Allocated-rate sample,6160413,-19.73426889926403,65.51183548722602
Accident,No exact counter link,6162748,-20.23551578194251,65.68633538564195
Accident,Allocated-rate sample,6163300,-16.484701748456093,66.19544650578418
Accident,Allocated-rate sample,6164036,-22.779413749907143,64.8759052985358
Accident,Allocated-rate sample,6165050,-22.371281530361752,63.969767005956385
Accident,No exact counter link,6165347,-19.80668111450597,64.05049803646521
Accident,No exact counter link,6165277,-22.959499263928297,64.837545170017
Accident,Allocated-rate sample,6165916,-22.258475589316383,65.56790841507856
Accident,Allocated-rate sample,6166032,-21.905155169170023,64.07919924381237
Accident,No exact counter link,6167425,-20.111917311517935,63.66485129338623
Accident,No exact counter link,6167822,-22.09035422817688,64.03123031893227
Accident,No exact counter link,6167919,-21.64058518133816,64.67265426265301
Accident,"Exact link, not retained",6168050,-17.35230929259627,66.02873987258037
Accident,Allocated-rate sample,6171061,-21.560114742645165,64.06222805534586
Accident,No exact counter link,6171101,-20.29397195075763,65.64609622072935
Accident,Allocated-rate sample,6173200,-21.915780069706937,64.51010861639642
Accident,Allocated-rate sample,6173870,-21.959163048155705,64.4462082548324
Accident,No exact counter link,6174163,-23.32111928115237,65.8638085436385
Accident,Allocated-rate sample,6177225,-15.201764704860889,64.2677997559965
Accident,No exact counter link,6177539,-22.056149574114244,64.03847970773569
Accident,Allocated-rate sample,6177544,-20.563564004118703,63.989169865137896
Accident,No exact counter link,6178115,-18.07939381161129,65.60290758686467
Accident,Allocated-rate sample,6180078,-18.686317031111717,65.46969199947499
Accident,Allocated-rate sample,6183073,-18.22569095475638,65.74797044456218
Accident,Allocated-rate sample,6183294,-21.05193944066529,64.22884319058298
Accident,Allocated-rate sample,6183931,-22.35806602922506,63.97441490741308
Accident,Allocated-rate sample,6184048,-22.358289209430204,63.9744007113548
Accident,No exact counter link,6184056,-22.46860734712261,63.96418112894106
Accident,Allocated-rate sample,6184789,-22.35489910756321,63.97510863965177
Accident,No exact counter link,6186991,-21.85323835289276,64.07787337374823
Accident,Allocated-rate sample,6194423,-17.547502591650776,65.68768096780829
Accident,Allocated-rate sample,6196138,-21.812325233520067,64.34906900052925
Accident,Allocated-rate sample,6196639,-18.03735940969428,65.60698105896111
Accident,Allocated-rate sample,6197614,-21.736854097285924,64.15357944772876
Accident,Allocated-rate sample,6199022,-15.656747250343214,65.46166310998119
Accident,Allocated-rate sample,6199760,-18.176982141080583,65.72057682887562
Accident,No exact counter link,6199765,-18.339424405419024,65.92424798958923
Accident,Allocated-rate sample,6200243,-18.02615709368222,65.62932557976809
Accident,No exact counter link,6202625,-14.416422961338233,65.26296817320487
Accident,Allocated-rate sample,6204180,-22.395869354372643,63.96455307024763
Accident,No exact counter link,6208372,-21.669609616466985,64.5714408894814
Accident,Allocated-rate sample,6209183,-21.22297664902447,64.00047325449431
Accident,Allocated-rate sample,6209390,-22.75512102651626,65.00672687382588
Accident,Allocated-rate sample,6211606,-21.09195718164797,63.95802067154169
Accident,"Exact link, not retained",6213707,-24.083658634458583,65.57598116663593
Accident,No exact counter link,6214388,-22.139448895971235,64.7012365605582
Accident,No exact counter link,6214499,-20.70878561141489,64.10426908927153
Accident,Allocated-rate sample,6218650,-21.856571489487433,64.39470368778706
Accident,No exact counter link,6218973,-18.166055969551365,65.45709964600232
Accident,No exact counter link,6219843,-21.093256574317895,63.97445240364146
Accident,No exact counter link,6220740,-21.631015112768477,64.41468059732306
Accident,"Exact link, not retained",6223224,-14.37401079472408,65.27127676694938
Accident,"Exact link, not retained",6224070,-21.59533086602787,64.057639734355
Accident,No exact counter link,6225484,-21.672749363260557,64.19798892604913
Accident,Allocated-rate sample,6225565,-21.84633618639759,64.29401235660607
Accident,No exact counter link,6226597,-21.301407499499035,64.11568471759867
Accident,Allocated-rate sample,6226454,-18.036899951743752,65.6023766628481
Accident,Allocated-rate sample,6231883,-13.919893497096634,65.12508181856711
Accident,No exact counter link,6232042,-21.893542644644604,64.07232985099829
Accident,No exact counter link,6241652,-18.046309809404185,65.6791711428002
Accident,No exact counter link,6233618,-21.98839900213055,64.09201124828378
Accident,Allocated-rate sample,6234204,-21.05233427452459,63.91219378464586
Accident,"Exact link, not retained",6236872,-21.748324194423503,64.54029717601283
Accident,Allocated-rate sample,6237623,-21.876211725263524,64.31136563002806
Accident,No exact counter link,6238293,-23.73960302230416,64.8442896971822
Accident,Allocated-rate sample,6240255,-18.047411685431474,65.67878333310698
Accident,No exact counter link,6242840,-17.385160526341537,65.74731353920406
Accident,No exact counter link,6243003,-21.838940681220286,64.27468997362197
Accident,No exact counter link,6243140,-21.712086459490628,64.14789554795681
Accident,No exact counter link,6245791,-18.114674992172695,65.66017130874518
Accident,"Exact link, not retained",6243956,-21.83129515726833,64.25604575626714
Accident,Allocated-rate sample,6247216,-21.504630399586027,64.7869534443439
Accident,No exact counter link,6247701,-22.6238726332814,63.82542969244518
Accident,No exact counter link,6249088,-22.575661840663464,65.9672189884432
Accident,No exact counter link,6249082,-21.558335972872236,64.21725384836374
Accident,No exact counter link,6249060,-22.306510855088224,65.46614070783363
Accident,No exact counter link,6249109,-15.5472568001812,66.19095401038172
Accident,"Exact link, not retained",6249695,-23.18791415174012,65.58312744238629
Accident,No exact counter link,6250931,-16.012662403819768,64.12890513606824
Accident,No exact counter link,6252779,-23.44852129326903,66.01605172630256
Accident,Allocated-rate sample,6254359,-20.35577885204799,64.05893429400665
Accident,Allocated-rate sample,6254977,-21.4612599566635,65.19264926358588
Accident,"Exact link, not retained",6257076,-20.88714928717176,63.8367759086528
Accident,No exact counter link,6256522,-21.852326756824596,64.04656343241045
Accident,No exact counter link,6257206,-21.629821723973667,65.72418969379716
Accident,Allocated-rate sample,6257388,-19.628901959078647,65.52002065115651
Accident,"Exact link, not retained",6258032,-22.419498851581956,63.95809992130949
Accident,Allocated-rate sample,6258813,-16.969838091526228,65.6596201035251
Accident,Allocated-rate sample,6258589,-21.256112775954055,64.01265820474556
Accident,Allocated-rate sample,6259925,-21.30028732057513,65.55057242312442
Accident,Allocated-rate sample,6260344,-20.0601930226536,65.58488831748203
Accident,No exact counter link,6260799,-15.884574887225275,65.3830625962746
Accident,Allocated-rate sample,6263042,-20.438303354025383,63.90862363524335
Accident,No exact counter link,6264277,-16.409250157798272,66.26970345273675
Accident,No exact counter link,6266737,-18.85992217384673,65.46420175877431
Accident,No exact counter link,6266584,-20.69520189531881,65.46821874604824
Accident,No exact counter link,6274979,-18.980009752913112,65.45299076113471
Accident,Allocated-rate sample,6271036,-19.040341726979797,63.45353963248139
Accident,No exact counter link,6271165,-21.31590302676466,64.84134048122634
Accident,Allocated-rate sample,6271525,-21.73012742404424,64.15668732342793
Accident,No exact counter link,6273241,-21.683683630329913,64.19709559951974
Accident,Allocated-rate sample,6274339,-17.409390645396442,65.73744672970895
Accident,No exact counter link,6279424,-19.964657854995355,65.78330015826252
Accident,Allocated-rate sample,6280361,-18.56839778189199,66.07874261697988
Accident,Allocated-rate sample,6282064,-21.236895110872613,64.01103720342189
Accident,No exact counter link,6282144,-21.76566149535492,64.64020220078108
Accident,No exact counter link,6282562,-16.557307426663016,63.90951764366318
Accident,No exact counter link,6284063,-14.273288414813916,65.02910224482005
Accident,No exact counter link,6285152,-21.56723145302706,64.20698805168654
Accident,No exact counter link,6285884,-14.752479960780605,64.41776397349786
Accident,No exact counter link,6288911,-22.41491146671673,65.54458179842214
Accident,Allocated-rate sample,6288974,-18.73636948737496,65.46847749498649
Accident,No exact counter link,6289009,-23.344941050417237,64.93574288792584
Accident,No exact counter link,6289023,-23.134171679493413,66.12950943653097
Accident,Allocated-rate sample,6289198,-20.49704777561526,63.88375313343137
Accident,No exact counter link,6290994,-15.884754038544418,64.1758611319793
Accident,No exact counter link,6292705,-21.432513621515792,64.23750610793081
Accident,"Exact link, not retained",6294163,-22.64751583157865,64.0253573852828
Accident,No exact counter link,6294767,-23.859415267971485,64.76161730210879
Accident,No exact counter link,6294980,-19.601819525894182,64.07497335797164
Accident,No exact counter link,6295607,-16.97638872266548,63.97573623300184
Accident,No exact counter link,6296462,-21.232169400876455,64.1200374986552
Accident,Allocated-rate sample,6296734,-20.266356063988564,64.31389259109838
Accident,No exact counter link,6297032,-20.343970167055108,65.55075448858848
Accident,No exact counter link,6297322,-21.180959237296054,64.90578142596576
Accident,No exact counter link,6298547,-21.85335830277743,64.0468303491706
Accident,No exact counter link,6298630,-17.146708961620302,65.30661574642149
Accident,No exact counter link,6300344,-21.892052751875287,65.48305084738519
Accident,No exact counter link,6300365,-16.980527295838304,65.65525689051405
Accident,No exact counter link,6301408,-15.774025668041354,66.23394736581709
Accident,No exact counter link,6302267,-18.082971757461696,65.6455976542291
Accident,No exact counter link,6303284,-21.54424194864275,64.11141679166055
Accident,Allocated-rate sample,6306465,-21.87665766831781,64.39764966701637
Accident,No exact counter link,6306546,-23.91087225797356,64.85543150477379
Accident,No exact counter link,6312912,-18.547596995392727,65.95795329260763
Accident,Allocated-rate sample,6314997,-18.027182741028575,65.62510735336326
Accident,Allocated-rate sample,6317700,-21.7395710744881,64.0962456487667
Accident,No exact counter link,6317806,-21.89255518478225,64.57022939127748
Accident,"Exact link, not retained",6319473,-22.42528233958721,63.92829149944184
Accident,Allocated-rate sample,6319699,-21.42585902753216,64.03020374727267
Accident,Allocated-rate sample,6320386,-21.929037077126477,64.50257963840664
Accident,No exact counter link,6322137,-21.46068252043999,64.04218069320922
Accident,No exact counter link,6322315,-23.834961194420774,65.51664496694154
Accident,Allocated-rate sample,6322590,-14.02495424517152,65.04497412705656
Accident,No exact counter link,6323072,-21.71769217812952,64.09333702775507
Accident,Allocated-rate sample,6322479,-20.833039047887684,63.94341947363309
Accident,No exact counter link,6322874,-22.19320764439032,64.85757629654512
Accident,No exact counter link,6323185,-22.897623120073433,64.94879154952474
Accident,Allocated-rate sample,6323993,-21.80064654628808,64.29078683016365
Accident,"Exact link, not retained",6326369,-21.56335710993877,64.18485533924652
Accident,No exact counter link,6330050,-21.761325332100625,64.08881913964612
Accident,No exact counter link,6335829,-21.7505124541967,64.09254507443366
Accident,Allocated-rate sample,6330310,-21.65734405051501,64.0780664057573
Accident,Allocated-rate sample,6330737,-17.803362373115757,65.7249278903328
Accident,No exact counter link,6331632,-21.45717723100307,64.04030151640582
Accident,No exact counter link,6332208,-21.18237435760277,64.90472850707026
Accident,"Exact link, not retained",6332264,-21.137393531900155,63.97010562843633
Accident,No exact counter link,6332502,-23.39322895803515,66.1733391701686
Accident,No exact counter link,6332694,-18.204777125016985,65.43344727008962
Accident,No exact counter link,6333476,-21.879484885856037,64.08111441916407
Accident,No exact counter link,6333544,-16.94944748810908,65.57628139888651
Accident,No exact counter link,6334857,-21.966338558848207,63.85187358600746
Accident,Allocated-rate sample,6339280,-17.413022890944877,65.73403038786972
Accident,No exact counter link,6340339,-21.737476901234515,64.56205763298114
Accident,No exact counter link,6341626,-14.851170379042635,65.7121482519413
Accident,No exact counter link,6343015,-18.172807829723027,65.66477459949223
Accident,Allocated-rate sample,6346005,-21.493006562264583,64.84377722645952
Accident,Allocated-rate sample,6347105,-21.95056554777787,64.48648667371114
Accident,No exact counter link,6347340,-14.33844813804893,65.0774538313133
Accident,No exact counter link,6347755,-14.16487760078946,65.23849541448901
Accident,No exact counter link,6349415,-20.260870374485837,65.76237546933253
Accident,No exact counter link,6350353,-18.413531009645464,65.67217223392366
Accident,Allocated-rate sample,6349997,-21.453405745467045,64.02801388159392
Accident,No exact counter link,6350223,-23.50781798557916,66.12568924210854
Accident,No exact counter link,6350897,-20.64208365731704,63.917894903193854
Accident,Allocated-rate sample,6354466,-23.183581283536498,64.94638919814597
Accident,Allocated-rate sample,6354501,-21.482279573967897,64.79611819995179
Accident,No exact counter link,6355178,-22.38187689216543,64.8461851677355
Accident,No exact counter link,6355217,-20.38190645341811,65.50449244536715
Accident,Allocated-rate sample,6356634,-21.072722002278287,65.22734795618048
Accident,No exact counter link,6357406,-20.19861069726589,63.75987625846025
Accident,No exact counter link,6358545,-22.443615819935378,63.96159320939546
Accident,No exact counter link,6359113,-15.307512255190025,64.37031926318235
Accident,Allocated-rate sample,6359154,-22.566340414344243,63.98220939168315
Accident,No exact counter link,6359921,-22.457977507483832,63.96269458151962
Accident,"Exact link, not retained",6361633,-21.162435743325336,63.986379997526626
Accident,Allocated-rate sample,6361742,-21.3033621890554,64.02216068886304
Accident,No exact counter link,6362541,-22.421120022247777,63.96230127031882
Accident,No exact counter link,6362820,-18.07979319543045,65.60943096016493
Accident,No exact counter link,6363838,-22.475759450375698,63.96645178120601
Accident,No exact counter link,6363850,-21.701711167744374,64.1015915340532
Accident,No exact counter link,6363890,-21.27384894599984,63.95228749204247
Accident,Allocated-rate sample,6363955,-21.73759665766871,64.1538078221817
Accident,Allocated-rate sample,6364177,-21.850782242928748,64.37759448324489
Accident,Allocated-rate sample,6366778,-21.798070222455955,65.57207288969516
Accident,Allocated-rate sample,6367127,-21.422560328848604,64.02876914368981
Accident,No exact counter link,6367274,-22.162227719189367,64.01793228568216
Accident,Allocated-rate sample,6369921,-22.318933760946127,63.984323825438146
Accident,No exact counter link,6370382,-20.964348569031262,63.91536335726992
Accident,Allocated-rate sample,6375775,-17.622240747432887,65.7037283451759
Accident,No exact counter link,6376371,-21.18329863522692,64.90309937261586
Accident,Allocated-rate sample,6376607,-21.645416763397684,64.07517019492536
Accident,Allocated-rate sample,6377130,-15.148413107977968,65.31093900560181
Accident,No exact counter link,6378017,-21.844949857738236,64.081053948707
Accident,No exact counter link,6378195,-17.009134023427016,65.63397943659716
Accident,No exact counter link,6378172,-21.05224563520449,64.94044172718935
Accident,No exact counter link,6378259,-22.68236763506077,63.83123063377999
Accident,Allocated-rate sample,6378850,-21.582384406057592,64.06583506754353
Accident,Allocated-rate sample,6379330,-18.51934010003729,66.02535017005553
Accident,Allocated-rate sample,6380501,-21.852299874195097,64.29688564344262
Accident,Allocated-rate sample,6383716,-14.310965058259416,64.6572022296344
Accident,No exact counter link,6383060,-14.198414140495128,64.69468691121297
Accident,Allocated-rate sample,6383377,-21.424175051178004,64.02944215425403
Accident,No exact counter link,6383736,-14.056167606069303,64.92575019708003
Accident,Allocated-rate sample,6384749,-22.517501294100793,64.82744497473968
Accident,No exact counter link,6385073,-20.94129121415328,64.01696683405133
Accident,No exact counter link,6387632,-20.657057227086092,64.1118255420845
Accident,Allocated-rate sample,6390372,-18.684474940802453,65.47035191125623
Accident,No exact counter link,6392823,-15.806380571458153,64.18477009124469
Accident,No exact counter link,6394235,-22.611517684594563,63.94538645568307
Accident,No exact counter link,6394991,-22.82270086346905,65.95038426988931
Accident,No exact counter link,6395841,-22.563083270400917,63.819123648680915
Accident,No exact counter link,6396942,-21.459632659836853,64.04166000688704
Accident,"Exact link, not retained",6397721,-21.909189391645075,64.40339865455559
Accident,Allocated-rate sample,6399656,-22.36000219337653,63.97385766435169
Accident,Allocated-rate sample,6399697,-23.10941979934081,66.10177766332376
Accident,No exact counter link,6400311,-19.62554261656633,65.72271004008783
Accident,No exact counter link,6401416,-21.91089944692302,64.3079821192145
Accident,Allocated-rate sample,6403699,-21.054921833145368,63.91080161790536
Accident,Allocated-rate sample,6406510,-22.337942119223342,63.97946456646319
Accident,No exact counter link,6410695,-23.18132621405282,65.75256523727158
Accident,No exact counter link,6415202,-22.191280306744787,64.01010628516666
Accident,No exact counter link,6415741,-21.838421508928228,65.76326888736256
Accident,No exact counter link,6416358,-21.987865819057088,64.09163614260139
Accident,Allocated-rate sample,6419140,-21.36120239032097,63.92709235222061
Accident,Allocated-rate sample,6419757,-22.75746158434221,64.86662259032795
Accident,No exact counter link,6422897,-18.844029361289778,65.4630202978441
Accident,No exact counter link,6424652,-17.097210966926397,66.19885804700526
Accident,No exact counter link,6425420,-21.838466924228143,64.2743041411435
Accident,Allocated-rate sample,6425743,-22.03818873676019,64.32907087409312
Accident,No exact counter link,6425973,-18.76462247235347,65.46755517565099
Accident,No exact counter link,6427765,-23.63338124159603,64.88974014499085
Accident,Allocated-rate sample,6433071,-21.656426731884583,64.17955186939035
Accident,No exact counter link,6433142,-13.84649460775232,65.48547318503445
Accident,Allocated-rate sample,6433358,-19.43135846706547,65.55428836836269
Accident,Allocated-rate sample,6433363,-18.60596063735235,65.51129268155996
Accident,Allocated-rate sample,6433542,-18.696910277196498,65.46797345164983
Accident,Allocated-rate sample,6435030,-21.737662011941175,64.15322298664748
Accident,Allocated-rate sample,6435283,-21.03357180909753,64.25814398110536
Accident,"Exact link, not retained",6435710,-21.77452845829274,64.21300149989017
Accident,No exact counter link,6437217,-21.17897977654305,64.90665410988133
Accident,Allocated-rate sample,6437183,-19.948547426658873,65.55638964581826
Accident,No exact counter link,6440546,-20.44716504836146,63.79771300389981
Accident,No exact counter link,6442638,-17.860312395698003,63.85100143653496
Accident,No exact counter link,6443369,-18.4943268895514,63.700407667876966
Accident,No exact counter link,6447861,-21.894569135012773,64.56776522482616
Accident,No exact counter link,6448112,-17.274214993031936,65.8190912461962
Accident,Allocated-rate sample,6448712,-21.136030364646945,63.96725390761401
Accident,No exact counter link,6450478,-22.274190534986193,63.85233857708874
Accident,"Exact link, not retained",6448986,-21.996345886644985,63.927145505274
Accident,Allocated-rate sample,6450102,-21.90824349162644,64.36583742756352
Accident,No exact counter link,6451258,-16.34621218461804,64.01984782892559
Accident,No exact counter link,6452296,-14.809137955290058,66.02807942336071
Accident,Allocated-rate sample,6455224,-21.75281534551292,64.14492669508009
Accident,No exact counter link,6455445,-20.256764212829943,65.78306699732296
Accident,Allocated-rate sample,6455413,-22.423862636372917,63.87053866561606
Accident,Allocated-rate sample,6455644,-14.874232705364127,64.42114712261397
Accident,No exact counter link,6460496,-19.49124573056361,65.57662879527597
Accident,Allocated-rate sample,6461610,-22.40102227613985,63.964071894933795
Accident,No exact counter link,6463198,-20.824913636098223,64.05925518591458
Accident,Allocated-rate sample,6463272,-21.73685624294778,64.20686664531415
Accident,No exact counter link,6463580,-19.45786511073447,63.51381935415828
Accident,No exact counter link,6464141,-22.433269185287173,64.84364860950335
Accident,Allocated-rate sample,6466202,-17.890732747808183,65.74740715542374
Accident,Allocated-rate sample,6466767,-20.69854474565273,63.95299533572984
Accident,No exact counter link,6469040,-21.933966279641577,64.03653807575586
Accident,No exact counter link,6471237,-16.46373892332245,66.03065638789556
Accident,No exact counter link,6471183,-22.22304277036434,63.85781040147507
Accident,No exact counter link,6471760,-21.375003699773877,63.86802694720397
Accident,No exact counter link,6473730,-18.979088737454276,66.17713204458846
Accident,Allocated-rate sample,6474959,-21.47303249023099,64.80983708409138
Accident,Allocated-rate sample,6478261,-22.22141777158081,64.00365090631459
Accident,No exact counter link,6478220,-22.687401682918004,63.9243824136881
Accident,No exact counter link,6481324,-21.64526763774812,64.58117339538676
Accident,Allocated-rate sample,6483462,-21.462768141167583,63.99561894628204
Accident,No exact counter link,6484634,-21.639953726824828,64.11591270610724
Accident,No exact counter link,6484845,-22.242891618036467,64.6809015788695
Accident,Allocated-rate sample,6486158,-19.28704209684915,65.49219445322382
Accident,No exact counter link,6490245,-22.015615434695032,63.85046685754069
Accident,Allocated-rate sample,6490970,-21.910018383110707,64.31001118706445
Accident,Allocated-rate sample,6491562,-21.739791102488244,64.09618760470684
Accident,Allocated-rate sample,6492704,-22.343500271260837,63.85896394432945
Accident,No exact counter link,6492852,-20.621084915328375,63.914302216652366
Accident,No exact counter link,6493423,-14.504003083228977,64.46630305361279
Accident,No exact counter link,6494509,-18.16687537927734,65.67693178308527
Accident,No exact counter link,6495370,-22.044407695789985,64.03976097503063
Accident,No exact counter link,6495638,-18.168648316372135,65.74546613628058
Accident,Allocated-rate sample,6498493,-21.8092401808006,64.35191199963381
Accident,Allocated-rate sample,6499998,-19.260835654787048,65.46950480143822
Accident,Allocated-rate sample,6502339,-19.999075582700872,65.5737739097067
Accident,Allocated-rate sample,6504236,-18.22562660083429,65.74793424445346
Accident,No exact counter link,6505179,-19.361775222583184,65.74664280225079
Accident,No exact counter link,6507719,-20.259764179589013,65.7962731585697
Accident,No exact counter link,6510025,-20.794475689230328,64.04007465026778
Accident,Allocated-rate sample,6510193,-18.37324726562494,65.70239062308632
Accident,No exact counter link,6510768,-21.601724651833496,65.7738026077364
Accident,Allocated-rate sample,6510939,-21.813244826279107,64.34793784870547
Accident,Allocated-rate sample,6513344,-15.27959062669066,65.29951054202564
Accident,Allocated-rate sample,6514016,-21.873266605741776,64.30714958579286
Accident,No exact counter link,6516686,-17.134158283427517,65.58562233751529
Accident,No exact counter link,6516731,-14.624684718682875,64.97307598582964
Accident,No exact counter link,6517098,-21.04219574480793,64.09453027024846
Accident,"Exact link, not retained",6518162,-21.3642443842474,63.89162308618834
Accident,Allocated-rate sample,6519947,-21.394725689041092,63.93221007418469
Accident,Allocated-rate sample,6523177,-22.714200573567208,64.85038670593121
Accident,Allocated-rate sample,6528761,-19.79714231136894,65.52454344354118
Accident,No exact counter link,6524364,-19.43527144395437,64.72803184366546
Accident,Allocated-rate sample,6525737,-21.059472868574673,65.18649859629652
Accident,Allocated-rate sample,6526928,-14.175147214341653,64.9616037991112
Accident,No exact counter link,6526975,-22.37043269930075,63.85118244540479
Accident,No exact counter link,6527256,-19.520303578404903,64.87817377209721
Accident,Allocated-rate sample,6529171,-17.438141142553373,65.8857784199632
Accident,Allocated-rate sample,6530443,-17.240644939949316,66.14537046618051
Accident,No exact counter link,6530460,-21.706736637582,65.158175990752
Accident,No exact counter link,6531895,-16.503487902001062,66.3798765271913
Accident,No exact counter link,6532702,-20.34297880270325,65.53226512512302
Accident,No exact counter link,6531789,-15.297419827615093,64.37283986420512
Accident,No exact counter link,6531974,-20.778010981075926,64.32261506019437
Accident,No exact counter link,6533579,-18.78084249630121,65.96233260093533
Accident,No exact counter link,6537087,-13.944505305589743,64.82967573899522
Accident,Allocated-rate sample,6538113,-16.683878816386052,65.64436165168046
Accident,No exact counter link,6538407,-20.22978052173384,65.70959628456434
Accident,Allocated-rate sample,6539534,-19.21746683963237,63.4569116766364
Accident,No exact counter link,6539552,-18.488811278279076,63.798920058137085
Accident,No exact counter link,6540980,-22.680243085067605,63.867548049430994
Accident,No exact counter link,6541124,-20.114655060225523,63.63309199465345
Accident,No exact counter link,6542309,-20.6311834806251,65.40878753426622
Accident,No exact counter link,6543455,-21.838468777029863,64.27432206334383
Accident,No exact counter link,6544498,-22.28008786151476,64.82984952781078
Accident,No exact counter link,6544431,-13.914783450386809,64.9195863456928
Accident,"Exact link, not retained",6545846,-21.82414937392057,64.34018448001449
Accident,No exact counter link,6546805,-19.645501141679357,65.01820588574957
Accident,No exact counter link,6548526,-14.342155348923166,65.19371123989373
Accident,Allocated-rate sample,6547788,-21.739526546675243,64.0962105797678
Accident,No exact counter link,6547975,-22.119080150727136,65.50304233490021
Accident,No exact counter link,6548926,-21.468722489776685,64.11766374670253
Accident,No exact counter link,6549709,-20.450118141544877,63.98171724591732
Accident,No exact counter link,6549741,-20.05465134230142,65.77108543754647
Accident,Allocated-rate sample,6551619,-14.469418000476598,65.22177519044831
Accident,No exact counter link,6552989,-21.43807832424911,65.98262858847752
Accident,No exact counter link,6553994,-20.28526229707066,64.22499399219839
Accident,No exact counter link,6554785,-21.878817564854774,65.50779493246041
Accident,No exact counter link,6554913,-14.752444034338476,65.09523600501917
Accident,No exact counter link,6556022,-22.022022838312463,64.15472103571679
Accident,Allocated-rate sample,6556900,-16.003191034599723,65.55497391643497
Accident,No exact counter link,6556810,-20.31025828897602,63.683994190247795
Accident,No exact counter link,6561357,-20.891885303713877,65.18098242982376
Accident,Allocated-rate sample,6557777,-14.33447506351868,65.12713149017888
Accident,No exact counter link,6558052,-23.67768687224006,64.76219991048781
Accident,No exact counter link,6558726,-18.64771093964089,63.939095014454175
Accident,No exact counter link,6559652,-20.59914794417592,63.91024143252506
Accident,Allocated-rate sample,6560380,-19.62746165478605,65.73452311212961
Accident,No exact counter link,6560694,-18.265406783281627,65.87922493317687
Accident,Allocated-rate sample,6561796,-21.883590642762428,64.52671095076214
Accident,No exact counter link,6562962,-22.57145328771345,65.8990798817444
Accident,No exact counter link,6563900,-21.237359949916456,64.2130080098702
Accident,No exact counter link,6565024,-20.639474000684757,65.39632538052466
Accident,Allocated-rate sample,6565387,-21.536507506312415,64.18886486446557
Accident,No exact counter link,6565410,-20.446941720268825,64.27978376239656
Accident,No exact counter link,6565406,-20.43618828139245,64.03979026536774
Accident,No exact counter link,6565673,-19.59687370808753,63.71077361901643
Accident,Allocated-rate sample,6566030,-18.744200622947904,65.46862540625023
Accident,No exact counter link,6566299,-18.1834520290976,65.65673238384768
Accident,No exact counter link,6566872,-21.49615995388629,64.05538624175584
Accident,No exact counter link,6567383,-19.76522246474623,65.75418658954239
Accident,No exact counter link,6570200,-17.391839066585497,65.85374420971623
Accident,No exact counter link,6571369,-21.581296928790533,64.21019473873324
Accident,No exact counter link,6572766,-14.520133529374036,65.50546953692673
Accident,Allocated-rate sample,6577414,-21.87339701031121,63.86618694911678
Accident,No exact counter link,6578254,-18.162474945227373,65.6947387661017
Accident,No exact counter link,6578755,-20.895970074552555,64.25405442178366
Accident,Allocated-rate sample,6578878,-22.416063618805648,63.962897664666464
Accident,No exact counter link,6581336,-20.652321130181058,65.58193574542682
Accident,No exact counter link,6582440,-18.030828634026054,63.77386268402025
Accident,Allocated-rate sample,6583338,-18.525108091558128,65.95295371096265
Accident,No exact counter link,6583470,-14.843878171601224,64.4193334300098
Accident,No exact counter link,6583484,-20.94606452374025,64.01531401517103
Accident,Allocated-rate sample,6583748,-22.235017727941177,64.00111840310784
Accident,No exact counter link,6586810,-19.740332202708167,64.47130273816661
Accident,No exact counter link,6587382,-20.702370465705524,64.10639069150817
Accident,No exact counter link,6588022,-21.189564647093928,64.89363692020639
Accident,No exact counter link,6588790,-19.56452019701075,65.65279204898414
Accident,No exact counter link,6590029,-18.212165831224695,65.66744856365625
Accident,No exact counter link,6591585,-20.441816622584092,63.86356691604376
Accident,No exact counter link,6592358,-23.547547292468597,65.86724839626646
Accident,No exact counter link,6592269,-23.414709072045692,66.02561154691686
Accident,No exact counter link,6593861,-16.77741678656066,66.08362542450394
Accident,Allocated-rate sample,6593868,-20.743285891512265,64.20586719381829
Accident,Allocated-rate sample,6594859,-15.188591244022463,65.27836955497624
Accident,No exact counter link,6595635,-21.85589981028037,64.0776231940859
Accident,No exact counter link,6595849,-20.49069255642913,64.17584306109184
Accident,No exact counter link,6595955,-21.73647145577514,64.15283249369384
Accident,No exact counter link,6597283,-21.232125132107154,64.84977738127206
Accident,"Exact link, not retained",6596617,-19.40050696673316,65.54845287711571
Accident,"Exact link, not retained",6598159,-15.057734349036114,65.63269875966782
Accident,Allocated-rate sample,6598545,-21.06417082839103,63.9058047154956
Accident,Allocated-rate sample,6599287,-19.036844151431417,63.44546879551048
Accident,"Exact link, not retained",6599331,-18.22748409676728,65.75001542446498
Accident,Allocated-rate sample,6599977,-14.270701815657771,65.26931048276411
Accident,No exact counter link,6600414,-15.571360201430476,65.01816552508441
Accident,Allocated-rate sample,6600948,-21.394342987359977,64.01872948825667
Accident,Allocated-rate sample,6601733,-17.193083340575203,65.59642485257343
Accident,No exact counter link,6602371,-22.248209906861636,64.92655911904752
Accident,No exact counter link,6602964,-19.565230996220897,65.6514978958669
Accident,Allocated-rate sample,6603068,-21.10209017393254,65.05921225459565
Accident,No exact counter link,6602977,-20.234638073599257,65.68342713255166
Accident,No exact counter link,6603775,-21.99491297102186,64.30459804225379
Accident,Allocated-rate sample,6604048,-19.378490809969502,65.624521032522
Accident,No exact counter link,6604201,-19.20555417507168,66.07651489238869
Accident,"Exact link, not retained",6605859,-21.91813323270786,64.41250530366909
Accident,No exact counter link,6606166,-20.697341145518592,64.10703309768235
Accident,Allocated-rate sample,6606077,-20.21097803075271,63.69962132042835
Accident,No exact counter link,6607683,-21.691497611405424,64.21781611614105
Accident,No exact counter link,6607685,-20.59048437312963,63.9044696570693
Accident,Allocated-rate sample,6608695,-21.157543227192672,63.984173775621926
Accident,No exact counter link,6609976,-22.339337148332216,63.85939344961502
Accident,No exact counter link,6610177,-22.08213409241733,63.8559558406334
Accident,Allocated-rate sample,6611092,-21.806244286113863,64.2220167372835
Accident,Allocated-rate sample,6611529,-22.260230774986873,63.99800753514827
Accident,Allocated-rate sample,6611760,-19.194282984097953,63.437357837218904
Accident,No exact counter link,6612013,-22.41732767664784,63.83255411199837
Accident,Allocated-rate sample,6612604,-19.180625452686986,63.43145666237706
Accident,No exact counter link,6612752,-21.881172627037856,64.06384055266729
Accident,No exact counter link,6613399,-20.160325846517267,65.73217613230311
Accident,Allocated-rate sample,6613513,-21.82213835644132,64.527699437699
Accident,Allocated-rate sample,6613543,-22.859209241558546,64.97318442091186
Accident,Allocated-rate sample,6614936,-21.73702448778252,64.15384557897528
Accident,No exact counter link,6615069,-13.918286046827063,65.29567890973621
Accident,No exact counter link,6615205,-22.143035188426772,64.01984332287597
Accident,"Exact link, not retained",6616401,-21.193589241401583,63.87942737636117
Accident,No exact counter link,6619070,-14.502226127441409,65.25232675229844
Accident,No exact counter link,6619214,-20.492067320556327,64.18490017041154
Accident,Allocated-rate sample,6619616,-22.280004904588264,63.993929417815465
Accident,Allocated-rate sample,6619635,-21.05862352914086,63.95670697689355
Accident,No exact counter link,6621097,-21.635405434057787,63.99313566139349
Accident,Allocated-rate sample,6624228,-20.207258030969655,63.69728456672359
Accident,Allocated-rate sample,6624277,-19.40388464813665,63.50012655641588
Accident,Allocated-rate sample,6628301,-23.343206953189274,66.0287799458982
Accident,Allocated-rate sample,6628028,-21.72840230558263,64.15733936065706
Accident,No exact counter link,6629134,-21.839620127913975,65.36656729941178
Accident,No exact counter link,6632309,-19.963127166276877,63.56359584296898
Accident,Allocated-rate sample,6633402,-18.024755826085467,65.62266109668344
Accident,No exact counter link,6633002,-21.130988368392817,64.91772430416509
Accident,No exact counter link,6635034,-21.965689642768663,64.09002796115107
Accident,Allocated-rate sample,6635982,-21.708466701286437,64.20192289404854
Accident,No exact counter link,6635983,-21.615985987477583,64.33774061763427
Accident,No exact counter link,6636268,-13.842834312038214,65.10869664781694
Accident,Allocated-rate sample,6639167,-21.919671156270155,64.50810949786707
Accident,No exact counter link,6638832,-22.45279287568152,63.86547834855333
Accident,No exact counter link,6639615,-22.477236800523787,64.82407339265377
Accident,No exact counter link,6640152,-18.262470326691425,65.86765952398068
Accident,Allocated-rate sample,6640068,-18.19206669728518,65.73788658670455
Accident,No exact counter link,6640518,-17.405012788698844,65.73664776178602
Accident,No exact counter link,6641677,-19.3279714434887,63.49205355438325
Accident,No exact counter link,6642139,-18.57210763301971,65.92779233274965
Accident,No exact counter link,6645766,-24.421568873844578,65.52432420911167
Accident,No exact counter link,6649245,-21.097468042150737,65.10993086455106
Accident,"Exact link, not retained",6650816,-21.469662779103793,64.79974025734825
Accident,No exact counter link,6650843,-14.374225951797534,65.27127437897546
Accident,Allocated-rate sample,6651048,-21.455646198993204,64.03296673889074
Accident,No exact counter link,6652186,-18.06966527992346,65.63369542142263
Accident,"Exact link, not retained",6654448,-22.626944982052127,64.00047739948513
Accident,Allocated-rate sample,6654512,-21.51621013442906,64.8753536525592
Accident,No exact counter link,6655074,-20.948644794486068,64.01448043766584
Accident,Allocated-rate sample,6655313,-22.214083901586537,65.78058404792796
Accident,Allocated-rate sample,6657736,-18.606822667665224,63.4649536916487
Accident,Allocated-rate sample,6660563,-19.1220611945879,63.44746570631685
Accident,No exact counter link,6660874,-17.360850535209615,66.02968238300608
Accident,Allocated-rate sample,6662088,-16.82924886373739,65.64621421854375
Accident,No exact counter link,6663423,-18.962065336985063,65.45492467798323
Accident,Allocated-rate sample,6663645,-21.898127015432983,64.31298723860846
Accident,Allocated-rate sample,6664643,-15.277804200038712,65.29938563061064
Accident,No exact counter link,6665306,-22.187151064137783,64.01122163165245
Accident,No exact counter link,6665494,-20.65811787564346,64.11171467723264
Accident,Allocated-rate sample,6668173,-16.496061949344803,66.18513863680704
Accident,No exact counter link,6668690,-18.580602908908503,65.91180785816866
Accident,"Exact link, not retained",6669219,-18.25081182644535,65.74663298792122
Accident,Allocated-rate sample,6670406,-19.763952956968676,65.51283762458162
Accident,No exact counter link,6670917,-20.699127568863084,64.10671599266233
Accident,Allocated-rate sample,6673300,-22.299708810760496,63.98861952383649
Accident,No exact counter link,6674334,-21.147563382035216,64.91186764534618
Accident,No exact counter link,6673869,-19.4069712238878,65.97567391246473
Accident,Allocated-rate sample,6675694,-22.41113920896195,63.963239222703656
Accident,Allocated-rate sample,6675837,-21.95654947196014,64.48003507743005
Accident,Allocated-rate sample,6676123,-14.13813239476274,65.02913354989985
Accident,Allocated-rate sample,6676392,-21.680485759166174,64.08425530643663
Accident,Allocated-rate sample,6677805,-23.238904020934857,64.82872369259832
Accident,Allocated-rate sample,6678908,-20.357178970403385,64.03359324960653
Accident,No exact counter link,6679105,-21.116745204429357,63.859465290089034
Accident,Allocated-rate sample,6678898,-20.79363197616333,63.94293867561514
Accident,Allocated-rate sample,6679151,-21.53038857945459,64.91848214428748
Accident,Allocated-rate sample,6680808,-19.48713284046629,65.5489004434143
Accident,No exact counter link,6679995,-21.090755792832216,65.26396599342972
Accident,No exact counter link,6679798,-21.18302573941502,64.90364190194848
Accident,No exact counter link,6679686,-21.060518254451363,64.96160680676644
Accident,Allocated-rate sample,6680800,-22.672549389569216,64.84847611388965
Accident,Allocated-rate sample,6688314,-21.78662222122469,65.22768946752255
Accident,Allocated-rate sample,6682651,-21.903215046758575,64.40109303194976
Accident,No exact counter link,6686429,-21.0920535945378,63.84544187506953
Accident,Allocated-rate sample,6688133,-21.392527416464816,64.01879555959563
Accident,No exact counter link,6689229,-21.747414046137532,65.33772597896234
Accident,No exact counter link,6689464,-21.662045910739348,64.20063687268944
Accident,Allocated-rate sample,6690921,-21.046632759590484,63.95521791726183
Accident,No exact counter link,6692336,-20.52609879394593,63.88678458639555
Accident,No exact counter link,6693629,-22.07462295442769,64.03565303178613
Accident,Allocated-rate sample,6694923,-21.692274739888497,64.1922586466119
Accident,No exact counter link,6698546,-20.8287491890254,64.05777083596664
Accident,No exact counter link,6698584,-17.32440951417053,65.67039573703808
Accident,Allocated-rate sample,6698624,-22.621696462168064,64.02156170509473
Accident,Allocated-rate sample,6700546,-22.421003538549115,63.88457523712045
Accident,No exact counter link,6700757,-21.785470254217213,64.07020949003513
Accident,No exact counter link,6701732,-20.48680070791689,63.8282955965902
Accident,No exact counter link,6704998,-18.255664975837018,65.84906195746656
Accident,Allocated-rate sample,6705458,-20.98307265349259,63.9850327215143
Accident,No exact counter link,6705438,-22.136716146005163,64.02081632700421
Accident,No exact counter link,6706635,-21.75633727969592,64.18634965615975
Accident,No exact counter link,6707504,-14.860941020044654,65.73193355247842
Accident,No exact counter link,6707599,-21.791850251148983,64.05560357195121
Accident,Allocated-rate sample,6709165,-23.8901644568852,65.57144537704818
Accident,No exact counter link,6709676,-23.32400246383631,65.865291788649
Accident,Allocated-rate sample,6709763,-21.96378976416235,64.4654487228238
Accident,Allocated-rate sample,6709791,-19.811307155684386,65.52385875539055
Accident,Allocated-rate sample,6711163,-22.420150754954072,63.91180457288491
Accident,No exact counter link,6713761,-17.703945989344682,63.93432752952023
Accident,No exact counter link,6714617,-23.633852115209564,64.76630581707951
Accident,No exact counter link,6715235,-16.951834008109977,63.99678399027074
Accident,No exact counter link,6716375,-21.354874647913615,63.928237484601595
Accident,No exact counter link,6719126,-13.851613848439444,65.1208154085883
Accident,Allocated-rate sample,6717271,-14.172324084545943,64.96018984647854
Accident,Allocated-rate sample,6716986,-22.639356221103615,64.02422511498412
Accident,No exact counter link,6717113,-21.45048374165942,63.9616459023988
Accident,Allocated-rate sample,6717488,-18.54794756967491,65.55794167506141
Accident,Allocated-rate sample,6717527,-21.69050921023961,64.19147441525567
Accident,"Exact link, not retained",6718045,-17.64234956365776,65.70440096110067
Accident,No exact counter link,6718463,-18.07307409889508,65.56948392768386
Accident,No exact counter link,6719063,-20.57286577269863,63.89694753084232
Accident,Allocated-rate sample,6720029,-21.963794333013972,64.4723812673615
Accident,No exact counter link,6720834,-23.361817776312428,65.86893706774227
Accident,Allocated-rate sample,6722802,-20.94879162931603,64.01453229606123
Accident,Allocated-rate sample,6723436,-14.089002142406748,65.0390864251124
Accident,Allocated-rate sample,6724025,-22.209734202010026,64.00613934716954
Accident,Allocated-rate sample,6724123,-18.23383247034417,65.7633032916422
Accident,Allocated-rate sample,6724543,-21.040409715053087,64.16789662135265
Accident,No exact counter link,6724145,-21.073981354559994,64.93416353710556
Accident,Allocated-rate sample,6724351,-18.044861167100045,65.67239907350107
Accident,Allocated-rate sample,6724514,-21.57707309433639,64.0651579758943
Accident,No exact counter link,6724611,-18.15148579432868,65.52492087469433
Accident,No exact counter link,6725270,-20.894775351214488,64.03797484845184
Accident,No exact counter link,6725742,-21.094185096895817,63.84647868138038
Accident,No exact counter link,6731874,-22.422875106076283,63.89084546971268
Accident,No exact counter link,6734038,-19.332342170690243,66.05433507476656
Accident,No exact counter link,6733898,-21.88331162465933,64.08318407949268
Accident,Allocated-rate sample,6734588,-22.4206640069905,63.91315772684629
Accident,Allocated-rate sample,6734639,-22.42043613364195,63.8912360620902
Accident,No exact counter link,6740604,-21.39800242090239,63.93945304658797
Accident,No exact counter link,6740866,-22.071624789998147,64.03669584811642
Accident,Allocated-rate sample,6741390,-21.87839079267444,64.36759700791346
Accident,Allocated-rate sample,6742295,-23.113031649721627,66.09433170227
Accident,No exact counter link,6742443,-20.91251779502971,63.95513543381785
Accident,No exact counter link,6742717,-21.603729956019087,63.836052544725966
Accident,No exact counter link,6742644,-21.10860243519637,65.06360809897437
Accident,No exact counter link,6744070,-19.460090522492425,65.564411286704
Accident,No exact counter link,6744104,-21.627277576260283,64.20611911204747
Accident,No exact counter link,6745070,-22.282990785518237,64.01448388491116
Accident,Allocated-rate sample,6748229,-21.073775161145107,65.22877834873957
Accident,No exact counter link,6749018,-14.409498725269124,64.60763842724921
Accident,Allocated-rate sample,6757523,-18.605410760649296,65.51192806976509
Accident,Allocated-rate sample,6758038,-22.427805592038357,63.939316205911794
Accident,No exact counter link,6759298,-20.301159274770477,64.1606848348123
Accident,Allocated-rate sample,6760575,-19.182541500741788,65.4371953179189
Accident,No exact counter link,6761461,-22.016513279054973,64.04737896115549
Accident,No exact counter link,6761500,-22.57259672356594,64.02427077851551
Accident,No exact counter link,6763369,-22.000637497007084,64.09129945063638
Accident,Allocated-rate sample,6764017,-21.961233587926667,64.47505526928815
Accident,No exact counter link,6765234,-16.36151662008488,64.01646608461378
Accident,No exact counter link,6765775,-20.428390239686344,64.06442464272236
Accident,No exact counter link,6767619,-22.219813179165055,64.78429414383203
Accident,Allocated-rate sample,6768109,-14.334649212728786,65.1279643858094
Accident,No exact counter link,6768224,-23.89892364986797,65.65070425281608
Accident,"Exact link, not retained",6768973,-22.00051003075681,63.92602583746788
Accident,Allocated-rate sample,6769641,-13.914382921533448,64.79567140346185
Accident,No exact counter link,6770066,-20.82604641839471,65.62558227686998
Accident,No exact counter link,6770279,-22.528067391520658,63.859331192301006
Accident,Allocated-rate sample,6771549,-22.31881138727704,63.984326649612946
Accident,No exact counter link,6771892,-21.05293103925645,64.09736668657251
Accident,"Exact link, not retained",6776192,-22.62980810435831,64.0229656863521
Accident,"Exact link, not retained",6776190,-22.629574111831825,64.02289970767488
Accident,No exact counter link,6775995,-22.606854059717246,64.04758507233083
Accident,No exact counter link,6776259,-20.499637089848314,64.26047921760984
Accident,Allocated-rate sample,6777956,-17.507547643464587,65.6936756789384
Accident,No exact counter link,6782262,-22.20702357782036,64.00694522683382
Accident,No exact counter link,6784081,-19.624433181388092,63.53244862510959
Accident,"Exact link, not retained",6786232,-21.67669477140581,64.1758479273849
Accident,Allocated-rate sample,6786915,-21.03955288178961,63.91883754333165
Accident,No exact counter link,6787220,-22.424061030562267,63.962285114088154
Accident,"Exact link, not retained",6787348,-21.846591287538992,64.38694295201428
Accident,No exact counter link,6787514,-20.445096749872526,64.07518657620489
Accident,No exact counter link,6787663,-23.32550358853056,64.9315528563452
Accident,Allocated-rate sample,6788274,-19.492825479916355,65.54661295662646
Accident,No exact counter link,6788654,-16.992534349729024,63.97563040685436
Accident,Allocated-rate sample,6789047,-23.67727747408099,65.64648546586251
Accident,No exact counter link,6792864,-23.4595839843827,66.04184895506053
Accident,Allocated-rate sample,6793293,-18.23161252806266,65.74834097862002
Accident,No exact counter link,6794201,-23.88869026056031,65.64599441691755
Accident,Allocated-rate sample,6794575,-21.87104472273572,64.30588244118329
Accident,Allocated-rate sample,6796447,-18.231549180582338,65.75343503464053
Accident,No exact counter link,6797276,-21.45998802325933,64.80240571755691
Accident,No exact counter link,6797649,-21.853399354334044,64.07784325352499
Accident,"Exact link, not retained",6799609,-19.054410492800365,63.4328352883086
Accident,Allocated-rate sample,6799597,-22.38082360342385,63.84505387252823
Accident,No exact counter link,6800114,-20.055283085050668,63.72693703460104
Accident,No exact counter link,6801453,-20.85342732102271,64.21186926952632
Accident,No exact counter link,6802302,-14.348392185728816,65.04128281211742
Accident,No exact counter link,6803456,-13.801007820047827,65.12381008901465
Accident,No exact counter link,6805620,-20.81615341686613,64.06250648546053
Accident,No exact counter link,6806586,-20.43179815170568,64.08753029833828
Accident,No exact counter link,6806575,-22.008362708110617,64.04931835558621
Accident,Allocated-rate sample,6836645,-20.293700023317207,64.31243207462283
Accident,Allocated-rate sample,6808530,-18.23377044801573,65.78538437763665
Accident,Allocated-rate sample,6809376,-14.64949488585864,64.82283742265683
Accident,No exact counter link,6810486,-17.33700913366042,66.02762602216879
Accident,No exact counter link,6811318,-18.93799795003808,65.94857535979098
Accident,No exact counter link,6812311,-23.001774906760858,64.80441261831623
Accident,No exact counter link,6813587,-18.338786156443422,65.73052495957334
Accident,No exact counter link,6813770,-14.40052786923899,65.51226668441123
Accident,No exact counter link,6814581,-17.4840192935223,65.7597941531393
Accident,Allocated-rate sample,6815770,-21.80929761540975,64.3518659974953
Accident,Allocated-rate sample,6815313,-21.364242862038637,63.89160515939032
Accident,No exact counter link,6816452,-18.45334228477411,63.61656161039048
Accident,No exact counter link,6817120,-21.408556305487657,65.93143509762282
Accident,No exact counter link,6817708,-17.71498040912648,63.917057669297975
Accident,Allocated-rate sample,6818545,-21.057731692537704,64.99039141721403
Accident,No exact counter link,6818669,-14.567092009729931,65.52750733824963
Accident,Allocated-rate sample,6820075,-21.417967122098226,64.02563272151266
Accident,No exact counter link,6819776,-21.645886700840805,63.98489931879422
Accident,No exact counter link,6820905,-14.595866414725954,65.2171955610271
Accident,No exact counter link,6821015,-21.0655196750327,64.9676853615707
Accident,Allocated-rate sample,6823867,-20.611085927111,63.97074520050243
Accident,No exact counter link,6824639,-20.973079233387782,64.0531409893681
Accident,No exact counter link,6824926,-19.33667492854583,65.5463289740327
Accident,Allocated-rate sample,6826260,-21.3649732978435,63.90140383869294
Accident,No exact counter link,6831747,-22.038460254054005,64.32909215111313
Accident,No exact counter link,6832046,-18.45373082223337,63.61627608302513
Accident,No exact counter link,6832447,-22.19913469287167,64.00863863109784
Accident,No exact counter link,6833133,-21.91423788600573,64.12099536228544
Accident,No exact counter link,6834423,-16.251523190944457,65.0152549677469
Accident,Allocated-rate sample,6834449,-14.525034231079813,64.79334872123557
Accident,"Exact link, not retained",6835207,-22.83234122248549,64.8914079606794
Accident,No exact counter link,6835318,-20.280053258634325,63.776313413438906
Accident,Allocated-rate sample,6835984,-16.425258735350532,63.9550660811713
Accident,Allocated-rate sample,6836452,-17.954000241273565,63.745538684544904
Accident,No exact counter link,6837087,-20.28787019602903,63.69024498142247
Accident,Allocated-rate sample,6837281,-15.16488176123076,65.3077728035396
Accident,Allocated-rate sample,6837513,-21.328730661064036,64.02011027278347
Accident,No exact counter link,6839664,-23.2038246402673,64.93609191283964
Accident,"Exact link, not retained",6840344,-17.992753500377038,63.82124233698291
Accident,No exact counter link,6843229,-18.362418275884416,64.02179605898176
Accident,No exact counter link,6845719,-19.88349326859533,63.83716612638075
Accident,No exact counter link,6846157,-16.082936861685802,65.31606967834684
Accident,No exact counter link,6846432,-21.456426431234757,64.03483854241898
Accident,No exact counter link,6847380,-18.070872348384412,65.91037547527691
Accident,No exact counter link,6848096,-22.034496751987263,64.04205341405707
Accident,Allocated-rate sample,6849055,-21.99566073289389,64.3114435562244
Accident,No exact counter link,6850205,-14.979138652567888,65.63997960579681
Accident,No exact counter link,6850407,-22.09099118631891,65.5978208113583
Accident,No exact counter link,6852832,-20.643432568743616,65.3924962084739
Accident,Allocated-rate sample,6853056,-17.377922306266314,65.985278980971
Accident,Allocated-rate sample,6854831,-19.76401887173503,63.54973948787646
Accident,No exact counter link,6856358,-16.370395336687892,65.82362046342892
Accident,"Exact link, not retained",6856409,-21.746092805373973,64.20566846768183
Accident,No exact counter link,6856450,-20.94208876080955,64.06894325788704
Accident,No exact counter link,6859486,-14.976571802737537,64.45489563335376
Accident,No exact counter link,6860612,-14.289621098791248,65.56293369419494
Accident,Allocated-rate sample,6860552,-21.80595886664622,64.5303443350456
Accident,No exact counter link,6860852,-14.530904580610638,65.38201673565275
Accident,No exact counter link,6862074,-14.294696535344144,65.39217778766856
Accident,No exact counter link,6862314,-22.487152275772942,63.83391394651544
Accident,No exact counter link,6862578,-14.347670239241696,65.3738223330024
Accident,No exact counter link,6864932,-21.75777555406132,64.09272978169903
Accident,Allocated-rate sample,6865710,-14.304854315369784,65.27663877441138
Accident,No exact counter link,6866823,-23.20423737979888,65.70412208621313
Accident,No exact counter link,6866761,-21.3937522041132,63.86261653470489
Accident,Allocated-rate sample,6868863,-23.747020674286627,65.62478223948514
Accident,Allocated-rate sample,6870704,-19.74087392216145,63.54675890217255
Accident,No exact counter link,6871355,-21.43078725188339,63.95337192517864
Accident,No exact counter link,6872011,-20.64731482063172,63.91915397130171
Accident,No exact counter link,6872965,-18.653280936299485,63.943737023563685
Accident,Allocated-rate sample,6873242,-20.820796186523104,63.90695448512152
Accident,Allocated-rate sample,6873054,-21.629592185672756,64.70146346974146
Accident,No exact counter link,6875117,-20.44660758878374,63.86612947439366
Accident,No exact counter link,6876162,-14.873745632630971,65.68308945292196
Accident,No exact counter link,6876995,-20.903328029277663,63.89368821374872
Accident,No exact counter link,6878117,-22.45540971257744,63.88164760394491
Accident,No exact counter link,6878107,-21.98608010682484,64.09049670594317
Accident,Allocated-rate sample,6879446,-21.795952661998864,64.61599766439802
Accident,No exact counter link,6879524,-21.724076984893166,64.14666474062344
Accident,No exact counter link,6880323,-24.011089572570462,65.55652172219821
Accident,No exact counter link,6881503,-19.44662995282813,65.2463398747066
Accident,No exact counter link,6881659,-13.730224588337808,65.36620399032103
Accident,No exact counter link,6885435,-15.371867615666911,65.56019913746901
Accident,Allocated-rate sample,6885892,-19.204718748460845,63.44850910317397
Accident,No exact counter link,6888128,-21.21696839742524,64.85501282652928
Accident,No exact counter link,6890635,-21.7557892628125,64.59851921865832
Accident,No exact counter link,6890845,-19.311060046041085,65.8022408737059
Accident,"Exact link, not retained",6893199,-21.96480313210929,63.946684614305575
Accident,"Exact link, not retained",6894938,-21.138279937533873,63.97153741593369
Accident,No exact counter link,6897780,-14.07723714919448,65.2352754002632
Accident,No exact counter link,6897858,-22.06721562705025,64.63627012566255
Accident,No exact counter link,6897870,-22.38233020907695,63.84841363173076
Accident,No exact counter link,6898140,-23.241361058222928,65.63004716929159
Accident,No exact counter link,6898724,-20.873208697774835,64.04752664283733
Accident,"Exact link, not retained",6899166,-21.846643135534244,64.38684316841199
Accident,No exact counter link,6900309,-19.67412691046836,65.7578237836095
Accident,No exact counter link,6901022,-19.287723746192817,63.520527742867145
Accident,No exact counter link,6901372,-14.49215640678906,64.59579859538361
Accident,Allocated-rate sample,6915801,-21.654971022179417,64.07749060115592
Accident,No exact counter link,6915900,-18.70006388729005,66.03852876396671
Accident,No exact counter link,6916110,-15.872496343308622,65.44380740134376
Accident,No exact counter link,6919360,-21.461339963511683,63.98321074395007
Accident,Allocated-rate sample,6918803,-21.343569725367605,64.21448170189953
Accident,"Exact link, not retained",6919583,-21.09193813857228,63.9580388980493
Accident,No exact counter link,6919857,-18.077723657722704,65.59368561464797
Accident,"Exact link, not retained",6922031,-21.7664693408234,64.20993209379887
Accident,Allocated-rate sample,6922087,-19.969099277636932,63.59449288852893
Accident,No exact counter link,6922290,-21.762877747288982,65.76318195340207
Accident,No exact counter link,6922809,-17.106802808239664,65.60137391987885
Accident,No exact counter link,6924841,-14.994186120722526,65.69911997350881
Accident,No exact counter link,6927748,-17.30896630391897,66.02848055822987
Accident,No exact counter link,6928360,-21.8532133127266,64.04681526064361
Accident,Allocated-rate sample,6929010,-22.42021585300505,63.891268267412514
Accident,No exact counter link,6930462,-20.37502595800039,65.94473654329839
Accident,"Exact link, not retained",6932593,-16.394751708376578,66.27642697477883
Accident,Allocated-rate sample,6932658,-20.975809644295698,64.69909088701134
Accident,No exact counter link,6933110,-21.909434680785065,64.0641083837378
Accident,Allocated-rate sample,6933074,-20.956667516018275,64.02468300727632
Accident,Allocated-rate sample,6937825,-21.879000328256407,64.31309741395614
Accident,Allocated-rate sample,6937734,-21.57519736385584,64.06460793760745
Accident,No exact counter link,6939028,-20.925072390114217,64.02379833198711
Accident,Allocated-rate sample,6939868,-19.615606134611575,65.52005700714216
Accident,No exact counter link,6939963,-18.236072630594748,65.38503586197857
Accident,No exact counter link,6940226,-20.896411673525854,65.33408695312522
Accident,No exact counter link,6941360,-18.084730260411497,65.64625398527022
Accident,No exact counter link,6941691,-21.715601028328344,64.14056618344344
Accident,No exact counter link,6968732,-18.036582037979095,63.78692677462606
Accident,No exact counter link,6943519,-20.50474224809183,64.1728176470641
Accident,Allocated-rate sample,6944572,-17.918400461001415,65.74034789128058
Accident,Allocated-rate sample,6944929,-21.93806189013412,64.56748558965471
Accident,Allocated-rate sample,6946529,-21.88371783890194,64.52771416362461
Accident,No exact counter link,6946782,-20.790010868584677,64.07109774995223
Accident,No exact counter link,6946954,-21.888406489637624,64.07735341774996
Accident,Allocated-rate sample,6948364,-22.279645675343406,65.82389439597775
Accident,No exact counter link,6949973,-19.37979153244512,65.7318910013804
Accident,Allocated-rate sample,6950352,-21.58098673191832,65.63973759510758
Accident,No exact counter link,6952634,-21.651586242432533,65.01916963582767
Accident,No exact counter link,6953104,-18.920141823691225,65.46173395251566
Accident,Allocated-rate sample,6954900,-16.810096915005694,65.64364406110622
Accident,"Exact link, not retained",6957190,-21.70829302234433,64.20015740971058
Accident,No exact counter link,6957179,-21.50705945319978,64.05852765827288
Accident,No exact counter link,6957123,-20.44385677619874,65.48189284184033
Accident,Allocated-rate sample,6957582,-22.30437533454626,63.98778484234509
Accident,Allocated-rate sample,6957636,-22.75702921107369,65.04611754762468
Accident,No exact counter link,6958426,-15.032060655295943,65.69476758088271
Accident,Allocated-rate sample,6958675,-22.83100579152199,64.89109191443926
Accident,Allocated-rate sample,6960897,-21.233654952797657,64.01423788017242
Accident,Allocated-rate sample,6961214,-23.10968526959457,66.09929052474027
Accident,No exact counter link,6961615,-18.988761447990843,66.16735038516596
Accident,No exact counter link,6961771,-23.621452787678976,64.77018367855563
Accident,Allocated-rate sample,6961795,-21.203903791255748,63.880103846940514
Accident,Allocated-rate sample,6962498,-14.245527102446808,65.03273634702478
Accident,"Exact link, not retained",6967084,-21.90659784316944,64.36576247889904
Accident,No exact counter link,6963117,-21.61662681529551,64.6702711101501
Accident,Allocated-rate sample,6963139,-20.582685241753055,65.44173513202044
Accident,Allocated-rate sample,6963266,-21.66990407465211,64.17863075960481
Accident,No exact counter link,6964223,-22.454243224814707,64.83292060617953
Accident,"Exact link, not retained",6965084,-21.987867412976005,64.3097987349911
Accident,No exact counter link,6965154,-22.474361430179258,63.96442839977088
Accident,Allocated-rate sample,6966321,-22.613258323372783,64.01639197593289
Accident,No exact counter link,6966348,-14.34969608679264,65.05150488919276
Accident,Allocated-rate sample,6966373,-17.318008254548914,65.95062398957727
Accident,No exact counter link,6966420,-18.816397128700903,65.46266655245418
Accident,No exact counter link,6966963,-18.770129126208374,65.46702544847756
Accident,Allocated-rate sample,6967839,-23.77507453800278,65.59741914518136
Accident,"Exact link, not retained",6967694,-21.72043756651328,64.2085941796571
Accident,No exact counter link,6968116,-18.036035042035888,65.59877431952587
Accident,No exact counter link,6969376,-19.512470215861228,65.62152094229917
Accident,No exact counter link,6970012,-23.902566825752455,64.91034590300966
Accident,No exact counter link,6969978,-17.843394206300538,63.85109907765858
Accident,Allocated-rate sample,43015,-22.34415193945039,63.977883089424
Accident,"Exact link, not retained",6970987,-21.970523457737063,64.35881688998705
Accident,No exact counter link,6971364,-19.20590722440899,64.21492829765987
Accident,Allocated-rate sample,6971870,-20.601822293954548,65.42457729794087
Accident,Allocated-rate sample,6972015,-19.028060567559244,63.43709410971785
Accident,No exact counter link,6971939,-22.263695870506808,64.80340848676362
Accident,"Exact link, not retained",6972446,-21.68948781766275,64.19092774643319
Accident,No exact counter link,6972493,-21.425990433161846,64.80606300433315
Accident,No exact counter link,6973632,-22.625243476235323,63.996701825816466
Accident,No exact counter link,6981049,-21.243938187667595,64.21635309480284
Accident,Allocated-rate sample,6974746,-19.07336722935478,66.11159572254562
Accident,Allocated-rate sample,6977073,-22.42374868927914,63.925121199964195
Accident,No exact counter link,6976827,-19.367816036502575,66.02715578496118
Accident,Allocated-rate sample,6978086,-18.0738578305725,65.73528221033038
Accident,Allocated-rate sample,6979158,-22.263427296469455,63.99735125329395
Accident,No exact counter link,6979689,-22.16405145737762,64.01776648795642
Accident,"Exact link, not retained",6979812,-21.907953882072132,64.36584320255682
Accident,No exact counter link,6979853,-22.60127018816709,63.94843796747742
Accident,Allocated-rate sample,6979966,-20.87077225749734,65.35324124817308
Accident,Allocated-rate sample,6980387,-21.89329357579644,64.53402688746088
Accident,No exact counter link,6980515,-16.465124922859946,63.93013655028263
Accident,Allocated-rate sample,6980513,-15.182674899804992,64.29031377373707
Accident,Allocated-rate sample,6981040,-21.400294041400237,64.01868430727376
Accident,Allocated-rate sample,6981134,-21.850776639372064,64.3775407167491
Accident,No exact counter link,6981648,-18.055065450495476,63.80053282468253
Accident,Allocated-rate sample,6982736,-21.05645065972579,64.9894487715086
Accident,No exact counter link,6982363,-22.451492322776804,63.88308948579085
Accident,Allocated-rate sample,6985304,-21.676942003762928,64.08325267535227
Accident,Allocated-rate sample,6985073,-18.00991622246004,63.814849434425746
Accident,No exact counter link,6986653,-13.820888774035858,65.01931516880201
Accident,No exact counter link,6988161,-19.275442857195017,65.75756586109479
Accident,Allocated-rate sample,6988226,-21.531737662702476,64.0590033245321
Accident,Allocated-rate sample,6988309,-22.260009461581383,63.9980394949828
Accident,Allocated-rate sample,6990575,-22.23453312895028,64.00117420436318
Accident,Allocated-rate sample,6990899,-22.68315489242705,64.02958966641502
Accident,Allocated-rate sample,6994037,-14.88764472572363,64.41990737334349
Accident,No exact counter link,6998020,-21.762136904211783,64.36473591727588
Accident,Allocated-rate sample,6998647,-22.33647845007976,63.98004645986948
Accident,No exact counter link,7000414,-21.104180106367675,63.95821024292213
Accident,No exact counter link,6999675,-18.071301134705923,65.63837853241102
Accident,Allocated-rate sample,7000020,-17.438604210813672,65.73431047383993
Accident,Allocated-rate sample,7001286,-18.611260011100104,66.08270245817201
Accident,No exact counter link,43882,-22.00385374024306,64.0914301374137
Accident,"Exact link, not retained",7003899,-18.165348521054263,65.71238794531644
Accident,No exact counter link,7004103,-22.454735096986507,63.96226053471794
Accident,"Exact link, not retained",7004454,-23.11050015555363,66.10657460306663
Accident,Allocated-rate sample,7004914,-22.32246438856946,63.98340695294983
Accident,No exact counter link,7004688,-22.62398527616295,63.998036296106974
Accident,No exact counter link,7007728,-22.07871505617168,64.03394916026355
Accident,Allocated-rate sample,7010020,-23.583032126177898,64.87110235370966
Accident,No exact counter link,7010841,-22.18709164735463,63.85015509530966
Accident,No exact counter link,7011601,-19.14333632141984,66.0616184178072
Accident,No exact counter link,7011638,-23.880273345546588,64.75984135436262
Accident,No exact counter link,7012501,-14.116507259136275,65.0130881257466
Accident,No exact counter link,7012780,-15.448824631454576,64.29145177281634
Accident,Allocated-rate sample,7013059,-19.031087332863823,63.43927285164019
Accident,"Exact link, not retained",7013078,-21.41193733427852,64.02126353280585
Accident,No exact counter link,7013120,-22.941962065989888,65.92773277519896
Accident,Allocated-rate sample,7013803,-22.42027191526441,63.89139268895484
Accident,No exact counter link,7014591,-14.07718180714818,65.2351116453964
Accident,"Exact link, not retained",7014781,-21.22340519987488,64.01347199620953
Accident,Allocated-rate sample,7017439,-21.647900340599705,64.07583389911927
Accident,No exact counter link,7018231,-20.647498662267964,64.11364863575676
Accident,No exact counter link,7018338,-18.40244759887746,63.67144772512495
Accident,No exact counter link,7020956,-22.62400567643836,63.998035782181695
Accident,No exact counter link,7024070,-21.127369724697004,63.966969449801326
Accident,Allocated-rate sample,7025115,-22.024475238856446,64.60172588424425
Accident,Allocated-rate sample,7026425,-21.90123441454523,64.31126410575725
Accident,"Exact link, not retained",7028772,-18.51164138867227,65.6007199870407
Accident,Allocated-rate sample,7029075,-21.697089213730457,64.08915339618792
Accident,Allocated-rate sample,7030179,-22.607511365108923,64.00277188788952
Accident,Allocated-rate sample,7032198,-14.330594111052868,65.11020019459528
Accident,Allocated-rate sample,7033850,-22.81684356472663,64.98570582053419
Accident,No exact counter link,7035571,-18.9728923933498,65.45404801802714
Accident,No exact counter link,7035629,-17.817802969807442,63.861081410368726
Accident,No exact counter link,7035727,-22.056233311002497,64.0384958926672
Accident,Allocated-rate sample,7035768,-22.263226398123773,63.9973827552269
Accident,Allocated-rate sample,7035792,-22.231664131547557,64.00184042838627
Accident,No exact counter link,7037527,-20.698824376904614,64.10679134222977
Accident,No exact counter link,7039106,-23.34135011119004,65.49750326791134
Accident,No exact counter link,7042229,-18.429584901119327,63.63603066090643
Accident,Allocated-rate sample,7042799,-20.395490192554924,64.19860265453299
Accident,No exact counter link,7044130,-16.767802711381385,63.91838540044282
Accident,"Exact link, not retained",7043906,-18.211842483442595,65.66088139380938
Accident,Allocated-rate sample,7044506,-16.463281540737004,66.15867546902383
Accident,"Exact link, not retained",7046685,-21.846652464445697,64.38693277954373
Accident,No exact counter link,7047440,-18.662610265080342,66.07569321986888
Accident,No exact counter link,7051920,-21.12396508344095,63.964910686851375
Accident,No exact counter link,7058065,-20.898564770605713,63.88327004644667
Accident,No exact counter link,7058278,-21.46111384248907,64.04242467838195
Accident,Allocated-rate sample,7061439,-21.075689309159312,65.23054687886508
Accident,Allocated-rate sample,7061496,-19.630100433603623,65.73096963425328
Accident,Allocated-rate sample,7063465,-18.3936781676379,65.69172798205861
Accident,No exact counter link,7063693,-20.437246574058474,64.03927727734708
Accident,No exact counter link,7064494,-19.390123468363672,65.50957170958162
Accident,No exact counter link,7065300,-21.819440747988544,64.23448417722244
Accident,No exact counter link,7065947,-20.76446399688346,65.64491327770284
Accident,"Exact link, not retained",7065844,-13.81198021343047,64.88302883061361
Accident,Allocated-rate sample,7069171,-20.11429615978875,63.539057935148215
Accident,No exact counter link,7070033,-21.88845573717319,64.08332368104573
Accident,"Exact link, not retained",7071046,-21.36120391251222,63.92711027916992
Accident,Allocated-rate sample,7070597,-21.23284665473216,64.01563263381563
Accident,Allocated-rate sample,7071039,-21.391038112147932,63.86418778985623
Accident,Allocated-rate sample,7071215,-20.313838686568545,63.79628207769452
Accident,Allocated-rate sample,7071577,-21.41850157230343,64.02589304503157
Accident,Allocated-rate sample,7073107,-21.82500576146732,64.33985360857281
Accident,No exact counter link,7073754,-21.13997358792666,64.11542703360243
Accident,No exact counter link,7075003,-19.967619726502033,64.09997024077278
Accident,Allocated-rate sample,7076389,-23.3258796192448,65.8525017617583
Accident,Allocated-rate sample,7078348,-19.32643348288003,63.48226309253124
Accident,Allocated-rate sample,7082164,-20.14418405658884,63.67515400978352
Accident,No exact counter link,7082214,-22.471793597490493,63.96546964744609
Accident,Allocated-rate sample,7083629,-14.252273585262817,65.02461239075076
Accident,Allocated-rate sample,7083693,-21.472999520875312,64.81200109554342
Accident,Allocated-rate sample,7084189,-22.571374357164363,65.64374349023025
Accident,Allocated-rate sample,7084748,-14.339352976046063,65.17202040302665
Accident,Allocated-rate sample,7085717,-22.755087134642203,65.00573030129223
Accident,No exact counter link,7085702,-22.418455413574534,64.84616456306027
Accident,No exact counter link,7086723,-21.714965252441992,64.20827474843952
Accident,No exact counter link,7090962,-21.65381598598166,64.17959073954488
Accident,Allocated-rate sample,7088309,-19.19412182916046,63.437223528939825
Accident,Allocated-rate sample,7089695,-14.523021162455477,64.43198559770809
Accident,No exact counter link,7089744,-14.671112711325057,64.85547019264416
Accident,No exact counter link,7090652,-22.698486949675917,63.82820000311384
Accident,No exact counter link,7092356,-17.13380444428487,65.58632685844532
Accident,No exact counter link,7091734,-14.539270573253104,64.59053698456906
Accident,Allocated-rate sample,7092150,-16.427517467816582,63.946551259072926
Accident,Allocated-rate sample,7091944,-16.42806264882528,63.944630924317465
Accident,No exact counter link,7092298,-21.11166292502855,64.27313157715015
Accident,Allocated-rate sample,7092985,-21.364291156306017,63.891694122619406
Accident,Allocated-rate sample,7093820,-20.005510003404595,63.61342690156846
Accident,Allocated-rate sample,7093956,-20.9844500655238,63.97971893214724
Accident,No exact counter link,7094776,-18.088527702011092,65.6438997033079
Accident,Allocated-rate sample,7094981,-17.22885510189776,63.94766836019028
Accident,No exact counter link,7098209,-22.913231667933943,65.9437188900502
Accident,No exact counter link,7099131,-21.74882185227166,64.16427950693686
Accident,No exact counter link,7101378,-21.87701938580796,64.0611668232955
Accident,Allocated-rate sample,7102396,-18.69831274976525,65.46797624028687
Accident,No exact counter link,7103860,-22.004700277176035,63.850579650034845
Accident,No exact counter link,7104256,-22.575281914012,64.02745642824561
Accident,No exact counter link,7104684,-22.11067021689093,65.02530434123891
Accident,No exact counter link,7105084,-22.62296892628031,63.99949943104863
Accident,No exact counter link,7105205,-14.342290682285926,65.19318478459817
Accident,No exact counter link,7108397,-16.880775250219163,65.62681723395089
Accident,No exact counter link,7108817,-19.40451843749879,64.18498053705027
Accident,No exact counter link,7109307,-21.099563766143785,63.95817901778628
Accident,No exact counter link,7108812,-21.09869362726463,63.958281471010224
Accident,No exact counter link,7112869,-14.374237916732246,65.27132870798395
Accident,"Exact link, not retained",7112947,-19.578156430673996,65.51698369999016
Accident,No exact counter link,7114143,-16.17953533731161,65.685640356176
Accident,Allocated-rate sample,7114961,-20.982385202434187,63.99543436431329
Accident,No exact counter link,7116699,-21.054386174910775,63.956273999190785
Accident,Allocated-rate sample,7117262,-21.288022546963724,64.01979316838934
Accident,No exact counter link,7120154,-22.01499336970179,64.32374260935404
Accident,No exact counter link,7120240,-22.429949807990663,65.87581916487783
Accident,No exact counter link,7120331,-18.058632517122064,65.79634201732993
Accident,No exact counter link,7121063,-20.340916530045902,65.55750057218869
Accident,Allocated-rate sample,7121050,-21.858092516454928,64.394961259436
Accident,No exact counter link,7123015,-21.136818055205627,63.96873204187825
Accident,No exact counter link,7125479,-22.1588385297922,64.01819527715712
Accident,Allocated-rate sample,7125669,-21.73696208241516,64.15363127637262
Accident,No exact counter link,7125662,-14.49352972863511,64.5955979105647
Accident,Allocated-rate sample,7126454,-15.10722607942843,64.29143129494837
Accident,No exact counter link,7126689,-21.469395368978297,64.045945580602
Accident,No exact counter link,7127119,-22.264582942075407,64.7989068624294
Accident,No exact counter link,7127410,-20.48504605858823,64.29136920823525
Accident,No exact counter link,7128954,-22.17767577204787,64.0151672772065
Accident,Allocated-rate sample,7130171,-21.039770981743267,63.918753675016674
Accident,No exact counter link,7129337,-21.771453949527523,64.21194691996271
Accident,No exact counter link,7130210,-21.229041151964093,65.43595649966626
Accident,Allocated-rate sample,7131210,-22.420416318969195,63.89107484429291
Accident,Allocated-rate sample,7131410,-21.607308211459618,64.71712991886923
Accident,Allocated-rate sample,7132380,-22.000588576023937,64.59336044943767
Accident,Allocated-rate sample,7137831,-20.704003053942134,64.11489603771983
Accident,No exact counter link,7135418,-21.825606401153394,64.07666609069317
Accident,No exact counter link,7136398,-21.017003434365193,64.05545917259778
Accident,No exact counter link,7137809,-18.991358117617853,64.18964391442077
Accident,Allocated-rate sample,7136752,-23.334885568655533,66.0326349449906
Accident,Allocated-rate sample,7137978,-20.897106999597717,63.94257889058372
Accident,Allocated-rate sample,7138322,-22.578261742097155,63.99058295578981
Accident,Allocated-rate sample,7138692,-21.875608180269005,64.31054246611066
Accident,No exact counter link,7139135,-21.88157451607218,64.08462851311718
Accident,No exact counter link,7140070,-14.59470890211475,65.43142331087122
Accident,No exact counter link,7140980,-23.142557878733243,66.05324446378887
Accident,"Exact link, not retained",7140520,-21.46121214902147,64.00020569698475
Accident,No exact counter link,7142751,-19.51506315177785,63.711908946039074
Accident,No exact counter link,7143190,-21.162211895309596,63.98639233635972
Accident,No exact counter link,7144827,-22.209697760987748,64.74074565230109
Accident,No exact counter link,7146193,-20.28368899699693,64.18198749794317
Accident,Allocated-rate sample,7145435,-20.69838159870674,63.95299726343594
Accident,Allocated-rate sample,7146815,-19.038556940658047,63.45267913871047
Accident,Allocated-rate sample,7147677,-16.39795806170076,65.72880103280102
Accident,No exact counter link,7147244,-21.942195654576576,64.01065272124411
Accident,No exact counter link,7147727,-21.032281948182295,63.95353690452055
Accident,Allocated-rate sample,7147793,-14.549955155337384,65.12267789602723
Accident,No exact counter link,7152316,-19.993629499397596,63.96702302812901
Accident,No exact counter link,7152841,-21.84611887947369,64.14981073262733
Accident,No exact counter link,7153867,-19.705607287496186,64.15200904787517
Accident,Allocated-rate sample,7153833,-14.038081316790668,64.75985763212873
Accident,No exact counter link,7167930,-22.28941742734994,63.87511753118001
Accident,Allocated-rate sample,7157371,-22.318394656583624,63.86630251514268
Accident,Allocated-rate sample,7156304,-20.52162741853822,65.46604445401717
Accident,Allocated-rate sample,7156417,-22.191248355580317,65.5610049688443
Accident,Allocated-rate sample,7156318,-22.000439595830073,64.59333654823139
Accident,Allocated-rate sample,7156683,-19.912421860540785,65.54056290034252
Accident,Allocated-rate sample,7158178,-22.09649821800793,65.53786006938995
Accident,No exact counter link,7157390,-23.035333486961896,66.00241339608199
Accident,Allocated-rate sample,7159008,-18.236329815071844,65.81866232824645
Accident,No exact counter link,7159371,-20.501764290859263,63.8791100575644
Accident,No exact counter link,7161181,-22.440143425295087,64.8399678959631
Accident,Allocated-rate sample,7162022,-21.21757877735263,63.87797226056406
Accident,No exact counter link,7162901,-21.0566487766748,64.95203926463981
Accident,Allocated-rate sample,7162908,-21.668784860537624,64.17855262393131
Accident,Allocated-rate sample,7165551,-19.629118574340016,65.52003769583051
Accident,No exact counter link,7167330,-21.02156789788281,63.95216235194376
Accident,No exact counter link,7172032,-22.13147594091671,65.32842718452929
Accident,No exact counter link,7168465,-18.25403213768157,65.8449374851752
Accident,No exact counter link,7169049,-19.368999314367663,63.47733315345376
Accident,No exact counter link,7169066,-21.941980481424885,64.01036079215426
Accident,Allocated-rate sample,7170118,-15.480185511891168,65.43327590188755
Accident,No exact counter link,7170215,-14.97011135900294,65.63629094538497
Accident,"Exact link, not retained",7170444,-20.69840089602906,63.95297908941262
Accident,No exact counter link,7170502,-20.582540495482093,63.87116192812313
Accident,No exact counter link,7174783,-16.24454969471925,65.61497894776106
Accident,No exact counter link,7175716,-19.011722392267213,66.01392438088459
Accident,No exact counter link,7175780,-22.93461726249694,65.5952709426389
Accident,No exact counter link,7175829,-20.329175690307995,64.43748091722017
Accident,Allocated-rate sample,7175990,-21.964480021555588,63.94671822190607
Accident,No exact counter link,7178086,-14.493706159651692,64.50675170404499
Accident,No exact counter link,7178165,-20.31596210653803,65.59699186490703
Accident,No exact counter link,7178214,-20.345258409607005,65.54885923715547
Accident,No exact counter link,7180813,-20.9261510079069,64.01311379186647
Accident,Allocated-rate sample,7181352,-16.421402303178578,63.968893724866696
Accident,"Exact link, not retained",7183254,-20.94881647697312,64.01459477880192
Accident,No exact counter link,7184662,-21.67751962225909,64.17607509156502
Accident,Allocated-rate sample,7184701,-18.53673891637864,66.07277804954919
Accident,Allocated-rate sample,7186538,-18.049178169968492,65.66971710540071
Accident,No exact counter link,7189650,-22.026000896379088,64.15141397502325
Accident,No exact counter link,7190630,-21.33597427935751,64.83836903592287
Accident,Allocated-rate sample,7191540,-15.316593098530769,65.59446850630992
Accident,No exact counter link,7191672,-21.3853687035304,64.38882511828146
Accident,No exact counter link,7192365,-21.537049495411516,64.11202800102303
Accident,No exact counter link,7192998,-20.34242323787927,65.5446499359916
Accident,No exact counter link,7194090,-18.063238023327575,65.56527982344281
Accident,Allocated-rate sample,7194623,-20.78239176351486,64.2067290221605
Accident,No exact counter link,7195589,-21.165860481778264,63.98731575047944
Accident,No exact counter link,7198804,-21.303209464392875,65.86644454132576
Accident,No exact counter link,7198679,-21.92373082407479,65.74702695674532
Accident,Allocated-rate sample,7199096,-21.0712294601143,65.22111329336144
Accident,No exact counter link,7199436,-20.234553852862696,64.40698894397177
Accident,No exact counter link,7199879,-14.0934536311027,64.8048123599149
Accident,No exact counter link,7200882,-20.27616781187098,65.68368810800393
Accident,No exact counter link,7202083,-16.59654646853285,63.90220044449989
Accident,Allocated-rate sample,7203750,-23.50231587107858,64.83026265818428
Accident,No exact counter link,7203217,-21.774353931801286,64.2129060722878
Accident,No exact counter link,7204204,-21.147369689980337,63.97814219679949
Accident,No exact counter link,7204348,-21.090344089956936,63.95801721276354
Accident,No exact counter link,7205234,-22.039498102678415,64.04169658081442
Accident,Allocated-rate sample,7205680,-14.819921604100204,65.8703655786938
Accident,No exact counter link,7209850,-21.397336121299308,63.860752410147555
Accident,No exact counter link,7210895,-20.440252911596392,63.80061790490714
Accident,Allocated-rate sample,7214441,-22.57931661664708,63.99098794934488
Accident,Allocated-rate sample,7214791,-22.60169338284458,64.00242350042507
Accident,No exact counter link,7216150,-17.40032610550761,65.96771440955484
Accident,No exact counter link,7216287,-19.50890956747242,63.52000416196527
Accident,No exact counter link,7218848,-21.921912387552513,64.04771102180435
Accident,Allocated-rate sample,7219364,-20.68856308807623,63.95060947644713
Accident,No exact counter link,7220739,-20.502449112076327,63.8789772722318
Accident,Allocated-rate sample,7220888,-21.368902273572743,64.01819862664973
Accident,No exact counter link,7221497,-14.610847167059813,64.54868645178026
Accident,No exact counter link,7221586,-14.122825996391606,65.23094862503685
Accident,"Exact link, not retained",7221781,-19.05634388058173,66.08502458881969
Accident,Allocated-rate sample,7222682,-21.22729054979353,64.01523397927915
Accident,Allocated-rate sample,7223066,-20.233805015074473,63.740028414717145
Accident,Allocated-rate sample,7223074,-20.31688241902154,64.12657485376901
Accident,Allocated-rate sample,7223751,-18.370551454457033,65.70402986651659
Accident,No exact counter link,7224194,-18.3423790510576,65.72893495662488
Accident,No exact counter link,7223922,-21.634511476387253,64.00417656673487
Accident,Allocated-rate sample,7224059,-21.83364583695327,64.26562556854326
Accident,No exact counter link,7224624,-18.001221146351366,65.60914419074197
Accident,No exact counter link,7224951,-19.577387201321365,63.52274615983842
Accident,Allocated-rate sample,7225105,-14.361519183003963,65.30733523910904
Accident,No exact counter link,7227696,-21.55806716731952,65.1527557391782
Accident,No exact counter link,7227727,-20.06293387141717,65.5525858155236
Accident,Allocated-rate sample,7227953,-20.7208958200686,64.17550834537982
Accident,No exact counter link,7230135,-18.263320479745975,65.87089224428323
Accident,No exact counter link,7230104,-22.62199494696666,63.9972149181868
Accident,No exact counter link,7230245,-22.06574050209371,63.91897180502393
Accident,No exact counter link,7231100,-21.763020821965757,64.64284662432875
Accident,Allocated-rate sample,7234814,-22.03801474833657,64.3291822702569
Accident,Allocated-rate sample,7234709,-21.0547701002346,64.98633973153888
Accident,"Exact link, not retained",7235162,-17.729923981688184,65.7154037668457
Accident,Allocated-rate sample,7235714,-14.470267416807165,65.22044287519152
Accident,Allocated-rate sample,7236111,-19.345606293722312,65.55239000635832
Accident,No exact counter link,7236463,-22.013441500275004,64.048152633946
Accident,No exact counter link,7237860,-22.062132705517048,64.03793061760862
Accident,Allocated-rate sample,7238290,-18.538503549458376,65.95989043280385
Accident,No exact counter link,7242772,-15.266042218824712,66.24049009932335
Accident,Allocated-rate sample,7239961,-18.250376471204667,65.8388749148726
Accident,Allocated-rate sample,7240905,-18.244971628998492,65.83057048318774
Accident,No exact counter link,7240783,-18.096142928246845,65.92457904698598
Accident,No exact counter link,7242446,-21.14784518613308,64.25336747612428
Accident,Allocated-rate sample,7242250,-18.816752737149265,66.104690389606
Accident,Allocated-rate sample,7242509,-16.815638234350693,65.64599366738858
Accident,Allocated-rate sample,7245245,-22.7560774644589,65.03875515788899
Accident,No exact counter link,7245292,-21.60810707995212,64.34219121331554
Accident,No exact counter link,7246897,-21.700293476296466,64.71455290593374
Accident,Allocated-rate sample,7246894,-21.99611417192277,64.59297572374773
Accident,Allocated-rate sample,7247589,-20.29019748298464,63.783479963548025
Accident,Allocated-rate sample,7247546,-22.62645250616925,64.00062458349892
Accident,No exact counter link,7247607,-20.4875696316355,64.17629686226789
Accident,No exact counter link,7248863,-17.337674836826146,65.67624618519123
Accident,No exact counter link,7250195,-14.266154885640589,65.02996462701634
Accident,Allocated-rate sample,7251380,-21.848869644802324,64.38909843282032
Accident,No exact counter link,7251802,-14.2222595338432,65.01778051015809
Accident,Allocated-rate sample,7252544,-21.60847473362935,64.71638212386782
Accident,Allocated-rate sample,7255013,-14.328071388041083,65.09600932296041
Accident,Allocated-rate sample,7255330,-21.446014487861227,64.6404240449052
Accident,Allocated-rate sample,7255616,-21.344218767935235,63.89014770874123
Accident,No exact counter link,7255816,-21.9068228749944,64.30835992991905
Accident,Allocated-rate sample,7256976,-21.072115687680977,65.01841817861924
Accident,Allocated-rate sample,7257076,-20.537353928400258,65.46114017678973
Accident,Allocated-rate sample,7257736,-21.074285999755677,65.22929183416802
Accident,Allocated-rate sample,7258223,-18.92039519022003,66.13300564470453
Accident,Allocated-rate sample,7259480,-18.02730620054487,65.63636515693288
Accident,Allocated-rate sample,7259770,-18.10302675034082,65.56399396519069
Accident,Allocated-rate sample,7260019,-21.455755878240005,64.04020903957993
Accident,"Exact link, not retained",7261216,-17.62215320529868,65.7037365296992
Accident,Allocated-rate sample,7261293,-14.260203828612289,65.26713661441417
Accident,Allocated-rate sample,7261742,-21.233613364512088,64.01422954963596
Accident,Allocated-rate sample,7263157,-15.14761757382969,65.31108944618354
Accident,No exact counter link,7263787,-22.622709440848947,63.997044188265775
Accident,Allocated-rate sample,7268500,-17.613225299180836,65.70985478785758
Accident,No exact counter link,7269229,-21.78193053949135,64.2150595145978
Accident,No exact counter link,7269365,-21.946344040384133,64.03677941780933
Accident,No exact counter link,7269330,-21.916789012126024,64.04323524328198
Accident,No exact counter link,7269564,-22.33476383991272,64.00661104957696
Accident,Allocated-rate sample,7270505,-21.90151993967592,64.40076753659508
Accident,Allocated-rate sample,7270602,-21.461004194051455,64.00178016531086
Accident,No exact counter link,7272188,-21.19309785669499,64.23550331667933
Accident,No exact counter link,7272486,-22.600005927197845,64.04175467917032
Accident,No exact counter link,7272585,-20.83682702179522,64.06033341623385
Accident,No exact counter link,7273059,-20.556039766732543,64.14543831103839
Accident,No exact counter link,7272872,-23.42484899331742,66.03046458105764
Accident,Allocated-rate sample,7274054,-17.24449564203667,65.62253214461566
Accident,No exact counter link,7275256,-18.90419539151108,66.17321254847931
Accident,Allocated-rate sample,7275570,-14.492658405990277,64.78555856951866
Accident,Allocated-rate sample,7277441,-21.405038254778205,64.01911682921964
Accident,Allocated-rate sample,7277415,-20.948727169630125,64.01448829744801
Accident,No exact counter link,7283417,-19.245975191144744,65.75375942329718
Accident,Allocated-rate sample,7278521,-20.87300153974626,64.19858761031792
Accident,Allocated-rate sample,7278527,-21.994161737839867,64.35190348115522
Accident,No exact counter link,7279814,-21.064960816522067,63.957100707059126
Accident,Allocated-rate sample,7279189,-21.80632727287329,64.3548234402951
Accident,Allocated-rate sample,7279183,-21.64541279433605,64.18019332369437
Accident,No exact counter link,7279830,-16.72992646642306,63.90932749640165
Accident,Allocated-rate sample,7280696,-21.65094541911521,64.0765770293953
Accident,"Exact link, not retained",7281946,-14.428833351970791,65.25152839871294
Accident,No exact counter link,7281983,-22.134811355192262,64.02099251620236
Accident,No exact counter link,7282418,-22.51038025534103,63.94958343211049
Accident,No exact counter link,7282811,-22.56166323870363,63.95868828435866
Accident,Allocated-rate sample,7282852,-21.458658168643893,64.00876817016355
Accident,Allocated-rate sample,7283593,-18.027359646993116,65.63667943674393
Accident,"Exact link, not retained",7284176,-18.040605575951847,65.67988899569633
Accident,Allocated-rate sample,7284906,-22.41961868481206,63.95708199924428
Accident,No exact counter link,7285653,-22.088511823405454,64.03179070253118
Accident,Allocated-rate sample,7285970,-18.065832021806795,65.70805641178367
Accident,No exact counter link,7286027,-19.84685427198649,65.80226310940219
Accident,Allocated-rate sample,7286683,-13.897972311827113,64.79850817586929
Accident,No exact counter link,7288704,-22.25216691214781,64.01804864497959
Accident,No exact counter link,7289122,-17.86013704123402,65.6706521715123
Accident,Allocated-rate sample,7289513,-21.957910741787657,64.43849277931226
Accident,No exact counter link,7289904,-16.94625598009871,64.00419829255127
Accident,No exact counter link,7290243,-18.9754373437786,65.4537883452936
Accident,"Exact link, not retained",7290278,-17.3574609020835,66.02025465106504
Accident,No exact counter link,7290933,-14.752832052647925,65.37899469044841
Accident,No exact counter link,7292123,-21.984982431936732,64.08185373583811
Accident,Allocated-rate sample,7292613,-21.84671195463765,64.38670713654345
Accident,No exact counter link,7292693,-19.94314912249135,65.50990497914168
Accident,No exact counter link,7296414,-17.40470878842311,65.85320496583753
Accident,No exact counter link,7295502,-18.903800651043845,66.17205560251062
Accident,Allocated-rate sample,7297782,-21.78426277401366,64.3947806275822
Accident,No exact counter link,7297958,-21.879344423571112,64.08134170275514
Accident,No exact counter link,7299906,-19.515752299419933,63.52069693355358
Accident,No exact counter link,7299874,-14.501187949718412,65.2528802408159
Accident,No exact counter link,7300388,-21.794225452488497,64.3625263879569
Accident,Allocated-rate sample,7300430,-22.593235721950556,63.9992388836
Accident,No exact counter link,7300656,-16.894253830492666,63.9901824127936
Accident,No exact counter link,7300471,-20.66528793525996,63.929974247211085
Accident,Allocated-rate sample,7301617,-20.68400354142413,63.9551763655355
Accident,Allocated-rate sample,7301869,-19.29630108635399,63.47839212290023
Accident,No exact counter link,7302455,-22.20720315851541,64.00690529983413
Accident,No exact counter link,7302542,-15.370108684091525,64.35434335317426
Accident,No exact counter link,7302511,-22.02566503172628,64.04467271586662
Accident,Allocated-rate sample,7302910,-21.909079140292327,64.40333799277595
Accident,No exact counter link,7303708,-22.695385687550093,63.904284074647634
Accident,No exact counter link,7306484,-21.707043458226646,65.15741631123102
Accident,No exact counter link,7306592,-21.121882398713772,64.26855802343592
Accident,No exact counter link,7307107,-14.334554798794922,65.08495065064483
Accident,No exact counter link,7308586,-23.44924151401166,66.04035678776616
Accident,Allocated-rate sample,7308748,-21.736362036733297,64.15421724282653
Accident,No exact counter link,7311000,-20.530966416045267,63.88830285730823
Accident,Allocated-rate sample,7311587,-20.391300765334297,64.20207030453147
Accident,Allocated-rate sample,7312281,-21.577052627967188,64.06515834145489
Accident,Allocated-rate sample,7312917,-21.751791892731053,65.27397453383223
Accident,Allocated-rate sample,7313021,-21.13888605485447,63.97224639811239
Accident,Allocated-rate sample,7313746,-19.76683983097484,65.51398917511442
Accident,Allocated-rate sample,7314496,-21.88296589986366,64.57512314956635
Accident,No exact counter link,7316093,-21.09308847893025,65.11653463678772
Accident,Allocated-rate sample,7317110,-15.391682685754922,65.34203119420265
Accident,Allocated-rate sample,7317112,-18.231874791866392,65.75865658973204
Accident,Allocated-rate sample,7318960,-22.285172264447063,63.99230254154193
Accident,No exact counter link,7319296,-20.9581127326214,64.02660180030436
Accident,Allocated-rate sample,7319438,-18.18597109610975,65.72993469922307
Accident,"Exact link, not retained",7322193,-16.031790976864063,66.29292956885837
Accident,No exact counter link,7324852,-21.86267914083413,64.0848517945256
Accident,No exact counter link,7325352,-19.250644598092908,66.07279920323825
Accident,Allocated-rate sample,7326556,-20.358328131945523,63.821991545734456
Accident,Allocated-rate sample,7327744,-21.908348970153195,64.07855125812306
Accident,No exact counter link,7329589,-21.43414494114877,64.05553949142605
Accident,No exact counter link,7330162,-21.86807376234689,64.05575993634548
Accident,No exact counter link,7332254,-21.105408612091743,63.86397606453584
Accident,Allocated-rate sample,7333290,-22.576771586913015,63.989182550575805
Accident,Allocated-rate sample,7333410,-19.38051932946397,65.54920363120762
Accident,No exact counter link,7333833,-23.39198272821597,66.08756054911973
Accident,Allocated-rate sample,7334963,-20.12975261410714,64.3390511661076
Accident,Allocated-rate sample,7336016,-23.380194416302803,66.02031549700361
Accident,No exact counter link,7336731,-22.134633667342897,63.85293003303582
Accident,Allocated-rate sample,7339483,-21.829677911772137,64.24976494878653
Accident,Allocated-rate sample,7340274,-21.448795147349117,64.01684461874375
Accident,Allocated-rate sample,7340436,-21.44962170100941,64.03569043883735
Accident,No exact counter link,7340432,-22.90401298067911,64.94173102645487
Accident,Allocated-rate sample,7341566,-21.059097210911908,63.95676301427165
Accident,No exact counter link,48842,-21.378618627048105,64.20939611603804
Accident,No exact counter link,7342323,-16.147968038570728,65.60658151547484
Accident,No exact counter link,7342703,-22.42630241548807,63.96189931427406
Accident,Allocated-rate sample,7343832,-20.510281632111436,65.46877730944509
Accident,Allocated-rate sample,7344338,-21.956509871746302,64.48005383701516
Accident,No exact counter link,7345687,-13.917122626740303,65.124933823279
Accident,Allocated-rate sample,7347005,-22.21435131913964,65.77868371823213
Accident,No exact counter link,7346634,-18.920328974450214,66.13294284286559
Accident,Allocated-rate sample,7348251,-22.633946380048652,65.64606956651966
Accident,Allocated-rate sample,7348227,-15.12112025174635,65.66097147705922
Accident,No exact counter link,7349388,-16.205681418373242,64.04168370676078
Accident,Allocated-rate sample,7350863,-23.58408117781128,64.90126189602088
Accident,Allocated-rate sample,7352697,-21.398451072395808,64.01867012308958
Accident,Allocated-rate sample,7352778,-21.075178419198235,65.23003339832447
Accident,Allocated-rate sample,7352877,-22.15266682221859,65.75485418346658
Accident,Allocated-rate sample,7356284,-22.220596149659393,65.79147505321819
Accident,Allocated-rate sample,7356974,-20.210697764798937,65.66036728803516
Accident,Allocated-rate sample,7357135,-17.759514219248704,65.71667728615327
Accident,Allocated-rate sample,7357413,-21.930034973486276,64.36567961142586
Accident,No exact counter link,7359217,-19.382729085827965,65.88116969798048
Accident,No exact counter link,7359368,-18.07404299746181,65.8880533240884
Accident,Allocated-rate sample,7359530,-16.375800303308164,63.99918484096968
Accident,No exact counter link,7361006,-20.842068260274665,63.85584834063464
Accident,Allocated-rate sample,49340,-21.755960890045785,64.14265808816823
Accident,No exact counter link,7362197,-20.430154003749685,63.85588719725997
Accident,No exact counter link,7363441,-21.729765777833705,64.06596786039584
Accident,No exact counter link,7365641,-22.66012778301501,63.93429918246217
Accident,Allocated-rate sample,7366052,-18.045343256647534,65.58202331681159
Accident,No exact counter link,7366894,-21.9521910467914,63.97672064633824
Accident,No exact counter link,7366708,-21.094119019975576,64.27920116012969
Accident,Allocated-rate sample,7366958,-21.41762299564829,64.02520762685934
Accident,Allocated-rate sample,7367591,-22.761132985060527,64.99903636534862
Accident,Allocated-rate sample,7368138,-19.961721097363544,65.56135724494166
Accident,No exact counter link,7368869,-21.539949530724616,64.05691989622666
Accident,No exact counter link,7369643,-16.50119193075481,66.39340681435924
Accident,Allocated-rate sample,7377413,-21.41768822264535,64.02525141458395
Accident,Allocated-rate sample,7377495,-22.26489126104928,63.99727313189823
Accident,Allocated-rate sample,7379588,-22.25603982819033,63.998560504406264
Accident,No exact counter link,7380368,-13.718668676720604,65.03252740082529
Accident,No exact counter link,7380909,-20.34398274266214,65.54635862104722
Accident,Allocated-rate sample,7381955,-20.19884148673073,63.6924216507749
Accident,No exact counter link,7382864,-19.870467300075997,65.8611108542682
Accident,No exact counter link,7383145,-21.798347238726496,64.35621593359069
Accident,Allocated-rate sample,7384255,-21.105241913876952,63.95821264642131
Accident,Allocated-rate sample,7384641,-21.124007936167366,63.96493697841017
Accident,Allocated-rate sample,7388682,-21.692192779646263,64.08754790887028
Accident,Allocated-rate sample,7391981,-21.944200914108453,63.965372696249666
Accident,Allocated-rate sample,7392648,-20.116845734578607,63.813637868001045
Accident,Allocated-rate sample,7392754,-20.050941129268622,63.64139953083284
Accident,No exact counter link,7393425,-22.01919054257454,64.0465596019191
Accident,No exact counter link,7393907,-21.91215323571752,64.3081007106123
Accident,Allocated-rate sample,7394503,-23.14287045007516,64.96350154733878
Accident,Allocated-rate sample,7395830,-21.059102431036617,65.19521786265207
Accident,Allocated-rate sample,7397187,-17.132855756896372,66.19845330779405
Accident,Allocated-rate sample,7398480,-18.159648357865876,63.7472027720898
Accident,No exact counter link,7399835,-20.115369215026917,65.30652478949095
Accident,No exact counter link,7400447,-19.471365808727,63.67887286842261
Accident,Allocated-rate sample,7402636,-20.69866655773815,63.95298492329469
Accident,Allocated-rate sample,7403340,-19.02229155164271,66.05620388788716
Accident,No exact counter link,7403714,-15.950393244089655,64.15281326861563
Accident,No exact counter link,7405607,-19.32843675271643,63.49237535504437
Accident,No exact counter link,7406930,-21.497713989008155,65.7784527527986
Accident,No exact counter link,7406223,-22.619665092519497,63.99677042686288
Accident,No exact counter link,7406376,-21.838468777029863,64.27432206334383
Accident,No exact counter link,7406540,-22.901846867463743,64.93661120804974
Accident,Allocated-rate sample,7406880,-22.310205203099702,63.854626924982746
Accident,No exact counter link,7407590,-18.23309011675597,63.72330751968242
Accident,Allocated-rate sample,7407383,-21.737393137455157,64.15382962852007
Accident,No exact counter link,7407364,-21.850967802669636,64.0478922734137
Accident,No exact counter link,7407738,-20.281968383449087,65.42696040661168
Accident,Allocated-rate sample,7408130,-21.49917298607774,64.78961308459301
Accident,Allocated-rate sample,7408194,-19.062445209762707,63.45294862703866
Accident,No exact counter link,7408415,-22.32406048609337,64.00491848206245
Accident,Allocated-rate sample,7411178,-18.23083217795626,65.79535204036121
Accident,No exact counter link,7411652,-21.888879883752036,64.07697579055916
Accident,Allocated-rate sample,7413466,-18.563881423786473,65.5424356001591
Accident,No exact counter link,7413581,-21.144483190755363,64.91300703009671
Accident,No exact counter link,7413560,-21.680369945091904,64.67053607074352
Accident,No exact counter link,7414816,-18.169169597502687,65.68002070613548
Accident,No exact counter link,7415062,-17.902745004827576,65.72068291356467
Accident,Allocated-rate sample,7416037,-18.717213696583492,65.46802152985883
Accident,No exact counter link,7417301,-21.88814031210809,64.08501810518885
Accident,No exact counter link,7420502,-21.997850163097414,64.33203513068668
Accident,Allocated-rate sample,7420434,-21.837152629780046,64.28957646032727
Accident,No exact counter link,7422065,-22.005402310228924,64.33538182078063
Accident,"Exact link, not retained",7426863,-22.413812648142837,63.96304098959954
Accident,Allocated-rate sample,7428301,-21.6770679287144,64.17629891472829
Accident,"Exact link, not retained",7428412,-17.7080113275115,63.92846082691887
Accident,No exact counter link,7428400,-21.84586585459322,64.08078447874595
Accident,"Exact link, not retained",7428946,-20.326653173786937,64.07435854798118
Accident,Allocated-rate sample,7429789,-21.83803366625287,64.52515696710256
Accident,No exact counter link,7430996,-22.06824602132459,64.72893942599917
Accident,Allocated-rate sample,7429868,-19.929808491957903,65.54940085365577
Accident,Allocated-rate sample,7431128,-21.46534992655306,64.8009341808084
Accident,No exact counter link,7431099,-19.19487815343998,63.45398496531122
Accident,Allocated-rate sample,7432303,-19.578349591760308,65.51692018134432
Accident,No exact counter link,7434260,-17.387304140360133,63.943611666135546
Accident,No exact counter link,7435484,-23.237419821278817,64.92149196919175
Accident,Allocated-rate sample,7435563,-19.860537830546956,63.67387711844817
Accident,No exact counter link,7436287,-23.69450911478475,65.7784901270943
Accident,No exact counter link,7436633,-21.718539874557404,64.6688767634074
Accident,Allocated-rate sample,50372,-21.879918866210595,64.32144812418923
Accident,No exact counter link,7437646,-21.155805783229507,63.99469164617122
Accident,No exact counter link,7437643,-20.411888649071116,64.18997408091322
Accident,No exact counter link,7437683,-21.31229067999477,64.78534071623821
Accident,No exact counter link,7438793,-18.101362384270185,65.64970710623129
Accident,No exact counter link,7439637,-18.56053965918272,63.80232480800187
Accident,No exact counter link,7438983,-21.853399200750356,64.04682953971049
Accident,Allocated-rate sample,7439903,-21.067412205694076,65.01029834122679
Accident,Allocated-rate sample,7440788,-19.06425253204692,63.454580115116784
Accident,No exact counter link,7441264,-15.8224775070907,65.15806765825656
Accident,"Exact link, not retained",7442762,-21.91509424721019,64.4087405989646
Accident,No exact counter link,7444015,-21.53646721409908,64.18887454694217
Accident,Allocated-rate sample,7445021,-15.741336198370435,65.46445319455916
Accident,Allocated-rate sample,7446188,-21.020204395004512,63.95221742102407
Accident,Allocated-rate sample,7448172,-14.36574557819556,65.2887763112362
Accident,No exact counter link,7450154,-22.050790968548387,64.03893450194302
Accident,Allocated-rate sample,7450739,-14.023033934696668,64.79566768259411
Accident,Allocated-rate sample,7452045,-17.135258121066016,65.58540247994367
Accident,Allocated-rate sample,7453163,-14.026023932414306,64.79422056990919
Accident,No exact counter link,7454260,-18.213843924531695,65.66587859166555
Accident,Allocated-rate sample,7455181,-21.06862306048756,65.01388046081051
Accident,No exact counter link,7455233,-24.348051009588605,65.54378698277262
Accident,Allocated-rate sample,7455312,-21.740206126696815,64.0964401049728
Accident,No exact counter link,7455948,-14.072722717163622,65.18245030417987
Accident,"Exact link, not retained",7456508,-21.911085981197655,64.40483353672019
Accident,No exact counter link,7456553,-21.745447554670424,65.33039084845092
Accident,Allocated-rate sample,7456781,-19.18062550990277,63.43146563094528
Accident,Allocated-rate sample,7458256,-21.87776607121326,64.31257407318165
Accident,No exact counter link,7460227,-23.90487702367633,64.78524472847982
Accident,No exact counter link,7460224,-22.03879052567621,63.865377422886795
Accident,Allocated-rate sample,7462450,-19.811587395267622,65.52383035411549
Accident,No exact counter link,7462647,-21.88039950736114,64.57968121110186
Accident,Allocated-rate sample,7462902,-21.397234485084937,63.93741031446592
Accident,No exact counter link,7466680,-21.11365063604765,64.92419116819562
Accident,No exact counter link,7466776,-17.375603272431526,63.94136231368606
Accident,Allocated-rate sample,7468485,-21.779756091643584,64.21455349725021
Accident,Allocated-rate sample,7468592,-21.81047252628089,64.22444900447805
Accident,Allocated-rate sample,7470022,-21.990280432869486,64.31010838339522
Accident,No exact counter link,7470845,-18.60502228427468,64.48396153189309
Accident,"Exact link, not retained",7473454,-21.857583318542687,64.39485449487029
Accident,"Exact link, not retained",7473714,-16.804213312966368,65.64434050495328
Accident,No exact counter link,7473732,-20.88781807624079,64.04223000308214
Accident,No exact counter link,7475321,-21.81386528985031,65.3619216084156
Accident,No exact counter link,7477443,-22.20177261711592,64.6011257442946
Accident,No exact counter link,7477558,-21.81236240692091,65.36154551863865
Accident,"Exact link, not retained",7477775,-19.507732879716393,65.53746928355042
Accident,No exact counter link,7479017,-21.06633813647281,63.904256832199
Accident,Allocated-rate sample,7482621,-20.49892902220118,63.88201979522457
Accident,No exact counter link,7479476,-18.17421613351672,63.78681948176436
Accident,Allocated-rate sample,7482260,-21.909979947431513,64.31003889458876
Accident,Allocated-rate sample,7482269,-21.710229961862776,64.2066484604879
Accident,No exact counter link,7484148,-22.44437709770833,64.8371027639327
Accident,Allocated-rate sample,7487253,-20.493497684663467,64.24888698221497
Accident,No exact counter link,7487464,-19.328048057306187,63.49692349143225
Accident,No exact counter link,7488327,-20.659395065504835,64.25499229728356
Accident,Allocated-rate sample,7489054,-16.006802421820534,65.55712796935364
Accident,Allocated-rate sample,7489921,-21.739569297716443,64.09622772567033
Accident,No exact counter link,7492820,-22.282355435505764,64.0146510652529
Accident,Allocated-rate sample,7493198,-21.8340547294822,64.26738648823746
Accident,Allocated-rate sample,7493819,-21.613687387841605,64.07080160697224
Accident,No exact counter link,7494955,-18.576187016698324,63.85297940417718
Accident,No exact counter link,7495162,-21.52382378806851,64.18010907828646
Accident,Allocated-rate sample,7499492,-17.38095184755123,65.97456405759185
Accident,Allocated-rate sample,7499722,-15.182535489816116,64.2899776110045
Accident,Allocated-rate sample,7502892,-20.77510332564494,63.94383279021228
Accident,No exact counter link,7502999,-22.73222681771717,63.98970650638967
Accident,No exact counter link,7503131,-17.05298171785161,65.57125705005365
Accident,No exact counter link,7505487,-20.380274760675366,65.97176043470273
Accident,No exact counter link,7508148,-23.64367278548037,64.76716695200034
Accident,No exact counter link,7509012,-20.453582297708977,63.978434364633365
Accident,No exact counter link,7509211,-21.457618686162085,64.06120071422224
Accident,No exact counter link,7509483,-21.853212389164103,64.04680629987058
Accident,No exact counter link,7511178,-17.437723949150367,65.80122508585606
Accident,Allocated-rate sample,7511314,-23.17529085228593,66.131917757107
Accident,Allocated-rate sample,7511745,-21.09859166042113,63.95828295960358
Accident,No exact counter link,7512370,-14.374175404923974,65.27131779520629
Accident,Allocated-rate sample,7513605,-20.698625771021167,63.95298540527313
Accident,Allocated-rate sample,7514175,-20.7761927087981,63.94363986266558
Accident,Allocated-rate sample,7514284,-15.208826026492408,64.30437876934013
Accident,Allocated-rate sample,7514403,-16.44167652760056,65.81516277631697
Accident,Allocated-rate sample,7514795,-19.945226862105844,63.65320182732765
Accident,Allocated-rate sample,7514774,-21.72249808441746,64.093372204662
Accident,Allocated-rate sample,7514915,-21.95881772983982,63.950301092925095
Accident,No exact counter link,7516409,-14.64698294039934,65.39580207005002
Accident,No exact counter link,7516857,-18.118320765458716,65.70279695786586
Accident,No exact counter link,7517526,-19.56800133858742,63.52256885947307
Accident,Allocated-rate sample,7517778,-22.045274837767504,64.60649654192527
Accident,No exact counter link,7517947,-21.255458831897663,64.12155199111572
Accident,Allocated-rate sample,7518953,-21.105237868930924,63.86440935430486
Accident,No exact counter link,7520098,-16.64322206518833,66.05684949172681
Accident,No exact counter link,7520290,-18.20172737049601,65.84576993916352
Accident,No exact counter link,7521633,-19.7734012785843,64.5795543132081
Accident,Allocated-rate sample,7523096,-21.580673956263936,64.06573998727374
Accident,Allocated-rate sample,7523184,-21.732135954070948,64.5537889843078
Accident,"Exact link, not retained",7524904,-21.959175048027745,64.44612719148184
Accident,Allocated-rate sample,7526976,-16.44366647264426,65.8018672698078
Accident,Allocated-rate sample,7529234,-21.57367484253246,64.59393555855529
Accident,Allocated-rate sample,7529915,-19.937382411838023,65.79793592292748
Accident,Allocated-rate sample,7530250,-18.324094873750553,65.7221737641058
Accident,No exact counter link,7532445,-23.34387818141913,64.93559409231189
Accident,No exact counter link,7532784,-20.743370873680146,65.35294063217263
Accident,No exact counter link,7533982,-17.009894484894343,65.6336932170892
Accident,No exact counter link,7534456,-18.168131887354892,65.6770910848891
Accident,No exact counter link,7534403,-22.039532998325807,64.04070801428992
Accident,No exact counter link,7534593,-18.61006375327293,65.89246033540707
Accident,Allocated-rate sample,7535975,-18.32160239833609,65.72333770113131
Accident,No exact counter link,7537025,-17.457458274679652,65.92298449648035
Accident,Allocated-rate sample,7537056,-19.782397787194647,65.5188702976438
Accident,No exact counter link,7537844,-14.058869450189082,64.80921343088232
Accident,No exact counter link,7539690,-16.870651946399935,63.98211671740038
Accident,"Exact link, not retained",7538306,-15.011417372001894,64.29998793067179
Accident,Allocated-rate sample,7538357,-21.94990591295428,63.969260615606224
Accident,No exact counter link,7538401,-14.126963265884456,65.23398853585421
Accident,No exact counter link,7538591,-20.71052050756031,63.90054962686656
Accident,"Exact link, not retained",7538786,-21.849303965469993,64.38968259089857
Accident,Allocated-rate sample,7538939,-14.35030755202046,65.36108745588446
Accident,No exact counter link,7539657,-21.80030520954055,64.21269466282494
Accident,No exact counter link,7540292,-20.30445315452089,65.61496008617056
Accident,No exact counter link,7549591,-20.99649207896264,64.4346422019272
Accident,No exact counter link,7549598,-14.34735106633899,65.23693550696392
Accident,Allocated-rate sample,7550465,-20.969811575469425,64.0063490858803
Accident,No exact counter link,7551287,-20.340965791153465,65.55761676094431
Accident,No exact counter link,7555750,-22.253069834817072,64.67884511538104
Accident,No exact counter link,7557453,-21.160902309326747,63.98689666206334
Accident,No exact counter link,7559817,-17.354361360860278,66.05766383659761
Accident,Allocated-rate sample,7560537,-23.50828665238993,64.85250966447491
Accident,"Exact link, not retained",7561969,-22.319788258647733,63.984115475934935
Accident,"Exact link, not retained",7562003,-22.32512857721365,63.98277051117616
Accident,Allocated-rate sample,7562838,-20.005549025023033,63.613390744428855
Accident,Allocated-rate sample,7563191,-21.874695873668465,64.30914173525656
Accident,No exact counter link,7563502,-15.967887293705871,64.14189258259613
Accident,No exact counter link,7564879,-14.698092895414277,65.3877961054578
Accident,No exact counter link,7565043,-23.428570707587365,66.09661779685297
Accident,Allocated-rate sample,7565368,-19.972745296847503,63.59566097444028
Accident,No exact counter link,7566013,-16.68978665951146,63.8826574135626
Accident,No exact counter link,7566329,-19.51213073047964,63.52703333469803
Accident,No exact counter link,7567114,-22.190059634783857,64.01034889201227
Accident,Allocated-rate sample,7567692,-22.65135102225528,64.8427366038508
Accident,Allocated-rate sample,7568532,-21.736959981471948,64.20687366585541
Accident,No exact counter link,7569330,-20.338453765047888,65.51313393183047
Accident,Allocated-rate sample,7569770,-22.766227565597205,64.99751505290033
Accident,Allocated-rate sample,7570334,-15.39672095742605,65.35206967354762
Accident,No exact counter link,7570597,-21.29091638765548,63.94314848674799
Accident,No exact counter link,7571518,-21.847199042369866,64.08018352800006
Accident,Allocated-rate sample,7571433,-19.79115726820761,63.555088984557365
Accident,"Exact link, not retained",7572591,-19.134121360203967,63.447104989888736
Accident,Allocated-rate sample,7572970,-21.927337355521697,64.30945733512492
Accident,"Exact link, not retained",7573451,-19.036108193552547,63.44964837778139
Accident,Allocated-rate sample,7573574,-22.757992578975596,65.0404232990844
Accident,No exact counter link,7573609,-21.754214277618622,64.29775202882634
Accident,Allocated-rate sample,7574458,-18.0453872068731,65.67169375441226
Accident,Allocated-rate sample,7576739,-19.97251102703996,65.56615953837913
Accident,No exact counter link,7577246,-14.94507880992032,66.03270575956627
Accident,No exact counter link,7577721,-22.625290811147018,63.99690727885234
Accident,"Exact link, not retained",7578401,-21.907315535935975,64.07886840074886
Accident,Allocated-rate sample,7578946,-16.421640374123943,63.96809004069016
Accident,Allocated-rate sample,7578977,-22.047289827932328,65.5373256491832
Accident,Allocated-rate sample,7579665,-21.92613735732776,64.50428985175597
Accident,Allocated-rate sample,7580254,-18.171149540390484,65.7757770691474
Accident,Allocated-rate sample,7580357,-21.51737933150212,64.89503882758379
Accident,Allocated-rate sample,7581548,-21.9867096025276,64.30961595624063
Accident,Allocated-rate sample,7581492,-20.253189105430856,63.85779566836138
Accident,Allocated-rate sample,7581792,-22.778501345194524,64.87573081621731
Accident,Allocated-rate sample,7581907,-22.60318440274667,64.00350023846319
Counter,Located daily counter,1-a1:7756,-17.549643371676552,63.95780164987151
Counter,Located daily counter,1-a6:11172,-18.199678720003348,63.733405610959515
Counter,Located daily counter,1-b1:209,-18.609893974757057,63.46388405564416
Counter,Located daily counter,1-b4:3824,-19.037721055711945,63.45208767422563
Counter,Located daily counter,1-b5:6847,-19.27057376749204,63.47453470150354
Counter,Located daily counter,1-b7:2914,-19.69056514754591,63.54272229307664
Counter,Located daily counter,1-b8:1240,-19.901899627732476,63.57815531601619
Counter,Located daily counter,1-b8:9304,-20.02802817379622,63.62162700702272
Counter,Located daily counter,1-c0:9968,-20.232513458940367,63.747750445760595
Counter,Located daily counter,1-c2:1456,-20.25339136002364,63.76163145512655
Counter,Located daily counter,1-c3:2909,-20.36570686991475,63.82545748206985
Counter,Located daily counter,1-d1:85,-20.66619866217321,63.93091574309381
Counter,Located daily counter,1-d2:8614,-20.87004841867092,63.94321421125016
Counter,Located daily counter,1-d4:225,-20.982169244037703,63.937778242426454
Counter,Located daily counter,1-d5:1612,-21.018627565995377,63.94960677212783
Counter,Located daily counter,1-d6:2186,-21.06350617494887,63.957129361516856
Counter,Located daily counter,1-d6:918,-21.038413521932025,63.95441837381687
Counter,Located daily counter,1-d8:10126,-21.342224692812295,64.01855895492312
Counter,Located daily counter,1-d8:9314,-21.326149175053736,64.02036114339224
Counter,Located daily counter,1-e1:1296,-21.559534172750404,64.06203646914945
Counter,Located daily counter,1-e1:1297,-21.559553256489583,64.06203971909419
Counter,Located daily counter,1-e2:374,-21.719521543592624,64.09322596852952
Counter,Located daily counter,1-e3:1005,-21.780229061926384,64.11310484026694
Counter,Located daily counter,1-e3:1006,-21.780225505431783,64.11311361015223
Counter,Located daily counter,1-e3:1021,-21.78017141365202,64.11324510031024
Counter,Located daily counter,1-e3:470,-21.779486125911728,64.10843140614318
Counter,Located daily counter,1-f2:584,-21.77598948255335,64.12745783316987
Counter,Located daily counter,1-f2:585,-21.7759739724539,64.12746374236544
Counter,Located daily counter,1-f3:1286,-21.745072944851938,64.1485897888201
Counter,Located daily counter,1-f3:1288,-21.745046995180648,64.14860366941396
Counter,Located daily counter,1-f4:450,-21.686186929306505,64.16764834818419
Counter,Located daily counter,1-f5:8345,-21.788476256215787,64.21687753844402
Counter,Located daily counter,1-f6:2670,-21.83385056526719,64.26645749092589
Counter,Located daily counter,1-f8:2779,-21.862842952882424,64.30195531236056
Counter,Located daily counter,1-g1:262,-21.909193901400343,64.31034382699349
Counter,Located daily counter,1-g2:853,-21.84734534120117,64.38469978380864
Counter,Located daily counter,1-g3:249,-21.848529020599653,64.38891949409724
Counter,Located daily counter,1-g4:1241,-21.96070315774575,64.47562748337849
Counter,Located daily counter,1-g4:1783,-21.956477141860095,64.48012771668948
Counter,Located daily counter,1-g5:1300,-21.898781103961177,64.5360548884014
Counter,Located daily counter,1-g8:8429,-21.79179213392269,64.61767326441313
Counter,Located daily counter,1-h0:2807,-21.63607469572956,64.69562416743976
Counter,Located daily counter,1-h1:8730,-21.486158930023556,64.79482233804623
Counter,Located daily counter,1-j1:2080,-21.056843163926825,64.98976608191225
Counter,Located daily counter,1-k2:2160,-21.05739178815678,65.17117449414013
Counter,Located daily counter,1-k5:3992,-20.803991521678533,65.34427629618182
Counter,Located daily counter,1-k7:11448,-20.45007243022027,65.4811691815578
Counter,Located daily counter,1-m0:400,-20.279185476247623,65.65931521133207
Counter,Located daily counter,1-m2:373,-20.25589837384837,65.66621915009179
Counter,Located daily counter,1-m3:6273,-19.944928197389444,65.55508072715863
Counter,Located daily counter,1-m4:8799,-19.695142705898046,65.50910603544277
Counter,Located daily counter,1-m5:13498,-19.45442611852828,65.54496892737038
Counter,Located daily counter,1-m7:691,-19.430657210671633,65.55424966702068
Counter,Located daily counter,1-m9:2190,-19.286756778045152,65.4900789161541
Counter,Located daily counter,1-p1:2433,-18.698699896695448,65.46797658064709
Counter,Located daily counter,1-p2:9730,-18.51298473650635,65.59919472173215
Counter,Located daily counter,1-p2:9731,-18.512977138008324,65.59920310802711
Counter,Located daily counter,1-p4:9882,-18.25938668913386,65.7463554649363
Counter,Located daily counter,1-p5:2469,-18.189196575184717,65.73420983620258
Counter,Located daily counter,1-p6:77,-18.18524727542421,65.72909936570136
Counter,Located daily counter,1-p6:78,-18.18524063197552,65.72909082090861
Counter,Located daily counter,1-p7:2260,-18.088111357712656,65.68255103676594
Counter,Located daily counter,1-p7:2785,-18.08810036361103,65.67789286366003
Counter,Located daily counter,1-p8:189,-18.08343607590552,65.67143669315043
Counter,Located daily counter,1-p9:1053,-18.06017818673987,65.66867821115439
Counter,Located daily counter,1-q0:410,-18.044765964971567,65.67270864367754
Counter,Located daily counter,1-q4:287,-17.90430519162624,65.74658763062527
Counter,Located daily counter,1-q5:13666,-17.625560413980093,65.7039161002211
Counter,Located daily counter,1-q6:82,-17.620297730083013,65.7035282090828
Counter,Located daily counter,1-q7:2281,-17.50365569506961,65.69710481842706
Counter,Located daily counter,1-q9:7296,-17.216303856919907,65.61434290661359
Counter,Located daily counter,1-r1:1200,-16.95108327156552,65.65631919794602
Counter,Located daily counter,1-r3:17550,-16.500789036896585,65.65792533833643
Counter,Located daily counter,1-r4:3,-16.50050700817524,65.65792718100428
Counter,Located daily counter,1-s1:1024,-16.01034947932423,65.55874817666435
Counter,Located daily counter,1-s4:8164,-15.58549729861632,65.45731419754148
Counter,Located daily counter,1-s5:10739,-15.423791653038142,65.37556161132784
Counter,Located daily counter,1-s5:10740,-15.423788600712324,65.37555273366263
Counter,Located daily counter,1-s6:4997,-15.223847021478594,65.30202790338133
Counter,Located daily counter,1-t1:7508,-14.466334762462102,65.30979285626819
Counter,Located daily counter,1-t3:501,-14.417179922185946,65.2780791858295
Counter,Located daily counter,1-t6:8052,-14.332754083199132,65.12101203928955
Counter,Located daily counter,1-u0:100,-14.265028238846591,65.02920612648822
Counter,Located daily counter,1-u2:5000,-14.179178301385598,64.96786636737983
Counter,Located daily counter,1-u5:3991,-13.774792097584054,64.87272399613845
Counter,Located daily counter,1-u8:1652,-13.890177291051735,64.79826724246544
Counter,Located daily counter,1-v1:2501,-14.043870272888114,64.7810725302514
Counter,Located daily counter,1-v2:2469,-14.036079043003022,64.71986666747347
Counter,Located daily counter,1-v7:6988,-14.4528246758162,64.65598875344384
Counter,Located daily counter,1-x2:5441,-14.538724345268388,64.40732331556048
Counter,Located daily counter,1-x4:2400,-14.904121533382524,64.41051724285327
Counter,Located daily counter,1-x6:6167,-15.169696871694288,64.2831289061918
Counter,Located daily counter,1-y0:14370,-15.704168878719708,64.21844728628527
Counter,Located daily counter,1-y5:5794,-16.423957023917687,63.959617015770235
Counter,Located daily counter,1-y8:2252,-16.79538898950384,63.938798805263886
Counter,Located daily counter,204-01:111,-18.034547860250917,63.79072801585772
Counter,Located daily counter,249-02:726,-19.941355728398264,63.65607071334459
Counter,Located daily counter,253-01:45,-20.144581280190685,63.67477728208124
Counter,Located daily counter,254-01:30,-20.02879694120084,63.62163539180381
Counter,Located daily counter,26-01:45,-20.50157905087707,63.87957100302213
Counter,Located daily counter,264-01:204,-20.284989967327046,63.78334539550969
Counter,Located daily counter,268-01:203,-20.253709236269803,63.85947676936731
Counter,Located daily counter,30-01:2966,-20.643943143632423,63.96249982704214
Counter,Located daily counter,30-01:2967,-20.643922732884377,63.96250011367023
Counter,Located daily counter,30-04:130,-20.409497176207605,64.04678424055004
Counter,Located daily counter,30-08:3575,-20.241439842283945,64.3051662504574
Counter,Located daily counter,305-01:204,-20.838422297842627,63.94182016828353
Counter,Located daily counter,308-01:1342,-20.867886486624677,63.83830982692114
Counter,Located daily counter,31-03:2080,-20.53119186534854,64.13197408325468
Counter,Located daily counter,32-01:24,-20.411017064125502,64.04588886761381
Counter,Located daily counter,34-02:5967,-21.084617719875727,63.88407096503971
Counter,Located daily counter,34-05:11783,-21.36057889702745,63.89119101713807
Counter,Located daily counter,35-01:152,-21.01830089406425,63.9532520015758
Counter,Located daily counter,35-08:193,-20.354351626748397,64.27428754844539
Counter,Located daily counter,35-09:941,-20.213574152059127,64.30823900538431
Counter,Located daily counter,35-11:1000,-20.12747929986863,64.32868284148097
Counter,Located daily counter,35-16:25894,-19.715236254398,65.22992726492464
Counter,Located daily counter,354-01:192,-20.760340348527727,64.07334563433113
Counter,Located daily counter,359-01:2900,-20.367202280840672,64.15759831430194
Counter,Located daily counter,36-01:259,-20.950396336873567,64.01669515210058
Counter,Located daily counter,36-02:12620,-21.028204073451786,64.19441188284998
Counter,Located daily counter,36-03:724,-21.035747821814248,64.20229848813747
Counter,Located daily counter,36-07:5070,-21.34427474566156,64.2145690498911
Counter,Located daily counter,36-12:5213,-21.63961088349332,64.1802893630434
Counter,Located daily counter,365-01:3298,-20.806202531345296,64.20185056616262
Counter,Located daily counter,37-01:1739,-20.71089038650239,64.12112423292533
Counter,Located daily counter,37-04:9552,-20.361257679570368,64.27282720187874
Counter,Located daily counter,38-02:3775,-21.36396177271019,63.89373327908436
Counter,Located daily counter,38-03:200,-21.365711297823136,63.889975097571835
Counter,Located daily counter,39-01:6212,-21.462630453748517,63.98763053619305
Counter,Located daily counter,40-00:1215,-21.89495417590731,64.13691345703373
Counter,Located daily counter,40-00:1216,-21.894961253690393,64.13690505993013
Counter,Located daily counter,40-00:1217,-21.89496837006617,64.13689666904985
Counter,Located daily counter,40-00:1523,-21.89710366423214,64.13432257052017
Counter,Located daily counter,40-00:1524,-21.89711021639339,64.13431409251481
Counter,Located daily counter,40-00:283,-21.892373629860725,64.1451268632396
Counter,Located daily counter,40-00:284,-21.89237182833251,64.14511795146633
Counter,Located daily counter,40-00:708,-21.892878455797483,64.14133246218177
Counter,Located daily counter,40-00:709,-21.892880558080535,64.14132356130465
Counter,Located daily counter,40-01:136,-21.899071066437656,64.13194193393437
Counter,Located daily counter,40-01:137,-21.89907756867882,64.13193345671912
Counter,Located daily counter,40-01:1518,-21.89849265642651,64.11967620457621
Counter,Located daily counter,40-01:339,-21.900054058167875,64.13018134270494
Counter,Located daily counter,40-01:598,-21.900109355708356,64.12787063733748
Counter,Located daily counter,40-01:599,-21.90010809043224,64.12786171397987
Counter,Located daily counter,40-01:600,-21.90010682515695,64.12785279062224
Counter,Located daily counter,40-03:1775,-21.92608318428514,64.09211955854907
Counter,Located daily counter,40-03:279,-21.9070319806286,64.10207722401559
Counter,Located daily counter,40-03:280,-21.907048126707597,64.10207171793635
Counter,Located daily counter,40-04:174,-21.93130563933792,64.08977712528949
Counter,Located daily counter,40-04:944,-21.941684022881734,64.0846547342978
Counter,Located daily counter,40-06:1101,-21.939909393806666,64.07448028803461
Counter,Located daily counter,40-06:975,-21.94026440157044,64.07559805268343
Counter,Located daily counter,41-03:203,-21.89049385066293,64.14876096765157
Counter,Located daily counter,41-03:204,-21.890481132647658,64.1487679925564
Counter,Located daily counter,41-03:585,-21.885652336839694,64.15143314278625
Counter,Located daily counter,41-03:935,-21.87871121291341,64.15133626340837
Counter,Located daily counter,41-04:1256,-21.84947652402827,64.12949556337152
Counter,Located daily counter,41-04:1518,-21.84910678276869,64.12715309508512
Counter,Located daily counter,41-04:1519,-21.84910487524014,64.12714417125756
Counter,Located daily counter,41-04:1520,-21.849102964349942,64.12713524756792
Counter,Located daily counter,41-04:616,-21.850017662149536,64.1352266453297
Counter,Located daily counter,41-04:617,-21.850017004216976,64.13521768726451
Counter,Located daily counter,41-04:874,-21.84983873339528,64.1329156249587
Counter,Located daily counter,41-11:1127,-21.843435479138087,64.11521192180393
Counter,Located daily counter,41-11:1143,-21.84340582368954,64.11506960670066
Counter,Located daily counter,41-11:1144,-21.843404109394378,64.11506070645468
Counter,Located daily counter,41-11:1145,-21.84340244873211,64.11505180442384
Counter,Located daily counter,41-11:140,-21.848129463447023,64.12376081899833
Counter,Located daily counter,41-12:100,-21.851102012883448,64.10643120687999
Counter,Located daily counter,41-12:897,-21.866909507109114,64.10477962558157
Counter,Located daily counter,41-12:898,-21.86692911340868,64.10477695262485
Counter,Located daily counter,41-13:1779,-21.92533561880519,64.07523539733545
Counter,Located daily counter,41-13:1780,-21.925356026907124,64.07523447094275
Counter,Located daily counter,41-13:1783,-21.925417251204717,64.07523169174735
Counter,Located daily counter,41-13:579,-21.90330307555556,64.07985581305435
Counter,Located daily counter,41-14:1283,-21.93855048087192,64.06256650165619
Counter,Located daily counter,41-14:152,-21.93926204075058,64.07242848407665
Counter,Located daily counter,41-16:1160,-22.229158224905177,64.00221251991661
Counter,Located daily counter,41-16:1161,-22.2291770275907,64.00220900970598
Counter,Located daily counter,41-16:1162,-22.22919584458507,64.0022055143324
Counter,Located daily counter,41-21:3246,-22.601648673819028,64.00246821845651
Counter,Located daily counter,41-22:252,-22.606880768765016,64.00274110253443
Counter,Located daily counter,413-01:2879,-21.82485226905309,64.09835099116664
Counter,Located daily counter,413-01:2880,-21.82487095562332,64.09835433264367
Counter,Located daily counter,413-01:2900,-21.825244748968395,64.09842109623946
Counter,Located daily counter,413-02:1262,-21.845076223771432,64.10647370963441
Counter,Located daily counter,413-02:1263,-21.845096790288014,64.10647526836135
Counter,Located daily counter,413-02:127,-21.82898746045616,64.09960404441286
Counter,Located daily counter,413-02:1287,-21.84559091308699,64.1065112473196
Counter,Located daily counter,413-02:205,-21.829887076702153,64.10019709243286
Counter,Located daily counter,417-01:3511,-21.6035737079706,64.03885001870857
Counter,Located daily counter,418-01:1622,-21.923015472211976,64.1348679809943
Counter,Located daily counter,418-01:223,-21.903014477048742,64.12642715783042
Counter,Located daily counter,42-02:11387,-22.054043816774257,63.8922879389163
Counter,Located daily counter,427-04:3526,-22.342942036339014,63.85913849727662
Counter,Located daily counter,427-11:12116,-21.69583379334423,63.84561279088416
Counter,Located daily counter,429-01:253,-22.60442185338528,64.0050845383435
Counter,Located daily counter,429-02:3423,-22.684377025393136,64.02984858599636
Counter,Located daily counter,43-01:10729,-22.423751855192407,63.86929251732331
Counter,Located daily counter,43-01:329,-22.420314439021485,63.960313601309835
Counter,Located daily counter,45-00:233,-22.598189365282263,64.00405306149592
Counter,Located daily counter,47-01:397,-21.835333559036005,64.27741081995819
Counter,Located daily counter,47-04:2602,-21.450178918433917,64.3536754134629
Counter,Located daily counter,47-12:12058,-21.83937524812512,64.38617662631148
Counter,Located daily counter,48-11:4847,-21.344800218673043,64.21526862107885
Counter,Located daily counter,49-01:578,-21.79804792470962,64.12433852237945
Counter,Located daily counter,49-02:1465,-21.841699107600924,64.12422438551127
Counter,Located daily counter,49-02:1466,-21.841719196258783,64.12422603708583
Counter,Located daily counter,49-03:1242,-21.87230437998676,64.12899441461634
Counter,Located daily counter,49-03:1569,-21.878566433930192,64.13004740573523
Counter,Located daily counter,49-03:1570,-21.878585523468995,64.13005069468751
Counter,Located daily counter,49-03:2408,-21.89477238472137,64.13258522700903
Counter,Located daily counter,49-03:538,-21.858837878063618,64.12671106629233
Counter,Located daily counter,49-03:539,-21.858856986553786,64.12671433159257
Counter,Located daily counter,49-03:540,-21.858876095048466,64.12671759689029
Counter,Located daily counter,49-03:541,-21.858895203547664,64.12672086218546
Counter,Located daily counter,49-04:1609,-21.929753147848515,64.13582939273016
Counter,Located daily counter,49-04:1610,-21.929773514562346,64.13583037759095
Counter,Located daily counter,49-04:169,-21.901385073325063,64.13357820480498
Counter,Located daily counter,49-04:2037,-21.937360331985317,64.13756580598576
Counter,Located daily counter,49-04:2038,-21.937375173800945,64.13757197761478
Counter,Located daily counter,49-04:2039,-21.937390015623205,64.1375781492423
Counter,Located daily counter,49-04:464,-21.90706474208462,64.13448091825538
Counter,Located daily counter,49-04:806,-21.913643535500977,64.13553229194625
Counter,Located daily counter,49-04:807,-21.91366295774127,64.13553514472324
Counter,Located daily counter,49-04:808,-21.91368237998557,64.1355379974976
Counter,Located daily counter,49-05:1009,-21.953164588540805,64.14534151631598
Counter,Located daily counter,49-05:1010,-21.95317781128715,64.14534838761115
Counter,Located daily counter,49-05:167,-21.942270807740403,64.13972999945783
Counter,Located daily counter,49-05:990,-21.95291344115,64.14521093085723
Counter,Located daily counter,50-01:149,-21.88051123526236,64.52676457553792
Counter,Located daily counter,50-03:1480,-21.580210346177715,64.58965629256588
Counter,Located daily counter,50-04:5440,-21.40004829327735,64.66656787075945
Counter,Located daily counter,503-01:194,-21.991787306005087,64.30857284623423
Counter,Located daily counter,509-01:155,-22.041134165210114,64.32892480492296
Counter,Located daily counter,51-01:2633,-21.965829092986848,64.31002608406622
Counter,Located daily counter,51-02:11001,-21.85330613484645,64.37581553766346
Counter,Located daily counter,518-01:1600,-21.3600449804083,64.66639440342509
Counter,Located daily counter,518-03:701,-21.028218730833228,64.70057380013573
Counter,Located daily counter,520-01:463,-21.602350069590717,64.41354511129596
Counter,Located daily counter,533-03:10291,-22.077517417134125,64.62562405575821
Counter,Located daily counter,54-02:563,-21.909724724819487,64.56000053806243
Counter,Located daily counter,54-06:10325,-22.693242821358997,64.84911479054583
Counter,Located daily counter,54-06:2215,-22.53343742063043,64.8307723813508
Counter,Located daily counter,54-09:364,-23.190374281611035,64.82188759501827
Counter,Located daily counter,54-10:4775,-23.481621971942435,64.84766146849421
Counter,Located daily counter,54-11:7199,-23.50361779036083,64.93660570746933
Counter,Located daily counter,54-15:4201,-23.12577819892457,64.96614500878027
Counter,Located daily counter,54-16:7367,-22.894972925202712,64.96575082409159
Counter,Located daily counter,54-17:4639,-22.808389799256595,64.98609066737944
Counter,Located daily counter,54-18:304,-22.756289232678657,64.99735442390256
Counter,Located daily counter,552-01:56,-20.98024356821392,64.7015381491003
Counter,Located daily counter,56-01:8953,-22.858093919128503,64.90567507527393
Counter,Located daily counter,574-01:109,-23.401605646815856,64.83803438377086
Counter,Located daily counter,574-07:3169,-23.768545581291573,64.90295365174019
Counter,Located daily counter,58-01:401,-22.757328622012388,65.0021710561324
Counter,Located daily counter,59-02:11781,-21.327174436775007,65.20696513405974
Counter,Located daily counter,590-01:87,-21.770183162981077,65.23320656838492
Counter,Located daily counter,60-01:372,-21.471334474872712,64.8028640840665
Counter,Located daily counter,60-01:373,-21.471354032739576,64.80286734864659
Counter,Located daily counter,60-02:208,-21.517467542095947,64.86867785273199
Counter,Located daily counter,60-05:1361,-21.75825777766156,65.10083450413472
Counter,Located daily counter,60-08:8269,-21.740474322265563,65.3057382530101
Counter,Located daily counter,60-23:7320,-22.02360201941635,65.52762209820246
Counter,Located daily counter,60-26:5545,-22.278173679274342,65.56804014087105
Counter,Located daily counter,60-30:6128,-22.608789156844487,65.65689279351517
Counter,Located daily counter,60-34:7979,-23.12825505809785,65.58115510858727
Counter,Located daily counter,60-35:298,-23.17629181962852,65.57725874073405
Counter,Located daily counter,60-44:5475,-23.43512294908595,65.94057636513418
Counter,Located daily counter,60-46:5673,-23.302920167549097,66.0448560506714
Counter,Located daily counter,60-47:197,-23.27235860336609,66.05485508192022
Counter,Located daily counter,61-02:6,-21.832247738894683,65.55240539960543
Counter,Located daily counter,61-23:5199,-22.130004631145933,65.75095283850139
Counter,Located daily counter,61-24:19333,-22.31052413817322,65.89013206352561
Counter,Located daily counter,61-30:2773,-22.6860162584064,66.0418642480974
Counter,Located daily counter,61-35:11232,-23.02385939312445,65.98201439271666
Counter,Located daily counter,61-40:576,-23.15503961529914,66.0529641379636
Counter,Located daily counter,61-43:1658,-23.11293443567234,66.09442043195241
Counter,Located daily counter,61-45:1480,-23.122658552548227,66.11824300360477
Counter,Located daily counter,61-45:1481,-23.122669123832463,66.1182508627237
Counter,Located daily counter,612-02:399,-23.980782617269075,65.55564661700889
Counter,Located daily counter,62-01:5522,-23.198497474576644,65.53074007437233
Counter,Located daily counter,62-04:5628,-23.72166917262959,65.5168804409946
Counter,Located daily counter,62-05:11708,-23.96876527724687,65.58579318303906
Counter,Located daily counter,622-00:976,-23.346960269568907,65.85289199163215
Counter,Located daily counter,63-02:6384,-23.855321735882036,65.58097238162901
Counter,Located daily counter,63-03:6659,-23.71116566603215,65.64457244254217
Counter,Located daily counter,63-04:9900,-23.564600703594348,65.61889864470176
Counter,Located daily counter,643-02:256,-21.781182168939875,65.766388737618
Counter,Located daily counter,65-01:994,-23.291396278919557,66.06090230388489
Counter,Located daily counter,68-01:3361,-21.095984263172852,65.17400385461825
Counter,Located daily counter,68-07:12550,-21.32899700783415,65.57271633545353
Counter,Located daily counter,711-01:9376,-20.98398488503506,65.48292838396004
Counter,Located daily counter,711-07:10074,-20.74582350009791,65.35408786969393
Counter,Located daily counter,716-01:113,-20.63325903421757,65.40932506323435
Counter,Located daily counter,724-01:1102,-20.32187129059272,65.55538926347174
Counter,Located daily counter,731-03:4863,-19.870184885643443,65.52164614932397
Counter,Located daily counter,748-01:1547,-19.66915356829352,65.77654210617892
Counter,Located daily counter,75-03:3350,-19.605208640163767,65.68165498119326
Counter,Located daily counter,752-01:650,-19.437346022307217,65.54163260345477
Counter,Located daily counter,76-01:254,-19.346445581454695,65.55369160428039
Counter,Located daily counter,76-09:9481,-19.07105604031701,66.12836457076905
Counter,Located daily counter,76-15:6085,-18.81288268831747,66.10225948928701
Counter,Located daily counter,76-15:9870,-18.739358382831245,66.08628773332379
Counter,Located daily counter,82-01:3939,-18.234941582496184,65.78166173510668
Counter,Located daily counter,82-03:6032,-18.459396952261244,65.95150406555486
Counter,Located daily counter,82-05:10840,-18.536574225380196,66.07252191997044
Counter,Located daily counter,82-05:10872,-18.536772667059317,66.07279615568973
Counter,Located daily counter,82-05:7351,-18.52114756368355,66.04235642628927
Counter,Located daily counter,82-06:3450,-18.60737136236252,66.08375469753247
Counter,Located daily counter,82-06:3451,-18.607390095225508,66.08374991826666
Counter,Located daily counter,82-06:3480,-18.6079343322921,66.08361195933249
Counter,Located daily counter,821-00:272,-18.080994605090396,65.6679274968209
Counter,Located daily counter,821-03:49,-18.091433696120472,65.57008443519743
Counter,Located daily counter,828-01:400,-18.04651437677642,65.68508547033461
Counter,Located daily counter,829-01:98,-18.048079727446357,65.66894515944101
Counter,Located daily counter,83-01:6268,-18.07455752459842,65.7450806066065
Counter,Located daily counter,83-03:597,-18.056202324852748,65.80392348647571
Counter,Located daily counter,835-01:107,-17.892435026507215,65.74837497952983
Counter,Located daily counter,837-03:2351,-18.18288946929981,65.66760156496272
Counter,Located daily counter,84-01:4300,-17.99115590958705,65.81365955704119
Counter,Located daily counter,845-02:6555,-17.43635975255216,65.88435500690821
Counter,Located daily counter,85-01:51,-17.62148828982058,65.70409817637447
Counter,Located daily counter,85-04:4637,-17.362274795834477,66.01060006497626
Counter,Located daily counter,85-06:1510,-17.342452308867344,66.06405029734665
Counter,Located daily counter,85-07:3785,-17.194120681422433,66.17279500233856
Counter,Located daily counter,85-07:3786,-17.194099065116976,66.17279699885248
Counter,Located daily counter,85-09:3325,-16.975037024846564,66.14887836730988
Counter,Located daily counter,85-13:105,-16.43583697916277,66.11843162144949
Counter,Located daily counter,85-15:2745,-16.353758249048763,66.27613682115992
Counter,Located daily counter,85-23:12334,-15.814630967536672,66.25305768819408
Counter,Located daily counter,85-23:5807,-15.893861255728094,66.2981477661587
Counter,Located daily counter,85-26:7338,-15.326789984020683,66.19050421942929
Counter,Located daily counter,85-31:0,-15.184925531400488,66.16619778179681
Counter,Located daily counter,85-35:5340,-14.825918100322395,65.8914501420309
Counter,Located daily counter,85-39:13170,-15.31644274829374,65.59464756068849
Counter,Located daily counter,85-39:3086,-15.165376254105205,65.65741291650934
Counter,Located daily counter,862-01:73,-16.37838101701429,65.64999270215753
Counter,Located daily counter,87-01:10668,-17.106623889560876,65.73699462663497
Counter,Located daily counter,87-05:8403,-17.38080279160239,65.96991444274464
Counter,Located daily counter,874-01:174,-16.016663862783936,66.29688639591082
Counter,Located daily counter,884-01:951,-16.91616403305134,65.59387825368412
Counter,Located daily counter,910-09:3504,-15.759672240023052,64.92478560118877
Counter,Located daily counter,917-01:1053,-14.603407737060364,65.43924186460784
Counter,Located daily counter,917-04:548,-14.41530566562394,65.70726600867894
Counter,Located daily counter,92-05:421,-14.257473641549842,65.0311736988025
Counter,Located daily counter,92-07:8711,-14.019170224317538,65.0450292795236
Counter,Located daily counter,92-09:47,-14.052643601843396,65.08320304603579
Counter,Located daily counter,92-09:48,-14.052635585734825,65.08321135419473
Counter,Located daily counter,920-01:229,-14.87199451035936,65.72456606215003
Counter,Located daily counter,925-04:10375,-14.444938223868496,65.3006456780572
Counter,Located daily counter,93-02:8165,-14.258268003962083,65.26641170955304
Counter,Located daily counter,931-09:4439,-14.541773909348413,65.17467915628558
Counter,Located daily counter,933-01:1870,-14.899960620005215,65.06496825860661
Counter,Located daily counter,939-02:918,-14.656993283007465,64.82580423294081
Counter,Located daily counter,94-01:5981,-14.35876712011239,65.32419263464271
Counter,Located daily counter,94-07:5340,-13.990879928722938,65.56199194316672
Counter,Located daily counter,95-01:2010,-14.436790224397344,65.24819782224567
Counter,Located daily counter,95-02:947,-14.516018989101765,65.16733142134831
Counter,Located daily counter,95-05:1815,-14.603323666577523,64.90714037694765
Counter,Located daily counter,9549-01:5689,-13.917907800991475,65.06314137647168
Counter,Located daily counter,98-01:300,-14.30671160962261,64.65589237999423
Counter,Located daily counter,99-01:209,-15.199927017572552,64.27645810031166
Counter,Located daily counter,998-01:155,-16.94604679075786,64.00651764566845
Counter,Located daily counter,1-a4:10034,-18.02500160513147,63.80461089327182
Counter,Located daily counter,1-f6:2671,-21.833852590738164,64.26646639383355
Counter,Located daily counter,1-v4:10620,-14.491657420401747,64.7865636261813
Counter,Located daily counter,1-v5:497,-14.483746992612332,64.78327723477544
Counter,Located daily counter,1-v6:7095,-14.310553415583398,64.663258937591
Counter,Located daily counter,1-x5:9456,-15.040474227903829,64.28268295581847
Counter,Located daily counter,1-x7:225,-15.202443247125473,64.27770051155073
Counter,Located daily counter,35-07:11217,-20.354936769953763,64.27140637785234
Counter,Located daily counter,36-04:2814,-21.023724599835766,64.24825851652119
Counter,Located daily counter,40-01:135,-21.8990645641925,64.13195041114935
Counter,Located daily counter,49-04:167,-21.9013464757907,64.13357219133565
Counter,Located daily counter,49-04:168,-21.901365774555774,64.1335751980716
Counter,Located daily counter,49-04:177,-21.901539373487385,64.13360236869522
Counter,Located daily counter,60-40:45,-23.23280622023428,65.83475782997077
Counter,Located daily counter,60-40:46,-23.232825561697016,65.83476200710582
Counter,Located daily counter,61-03:2642,-21.67549591710129,65.68280052028237
Counter,Located daily counter,61-38:2763,-22.98707212180324,66.06425100873103
Counter,Located daily counter,76-15:3533,-18.8554513201377,66.11694486785319
Counter,Located daily counter,76-15:837,-18.902977105327984,66.13120122556819
Counter,Located daily counter,923-01:903,-15.162285673949478,65.30603039969796
Counter,Located daily counter,939-02:11806,-14.497165299768945,64.78612884779707
Counter,Located daily counter,1-p4:10548,-18.244962220266917,65.74694414405941
Counter,Located daily counter,1-q3:45,-17.917799183335262,65.72885174513863
Counter,Located daily counter,1-t6:7427,-14.334246749923665,65.12656904950026
Counter,Located daily counter,34-02:5997,-21.084868313197184,63.88382565896752
Counter,Located daily counter,36-01:301,-20.95067315440048,64.01705141084395
Counter,Located daily counter,40-04:173,-21.931290103596037,64.0897829330911
Counter,Located daily counter,41-02:1315,-21.903637059347716,64.1470240370965
Counter,Located daily counter,41-02:646,-21.91679069072892,64.14575751641395
Counter,Located daily counter,41-02:647,-21.91677061960946,64.14575568546724
Counter,Located daily counter,41-02:649,-21.916730477378515,64.14575202356546
Counter,Located daily counter,41-02:903,-21.91174684065823,64.14617918617822
Counter,Located daily counter,413-03:2066,-21.886721040342973,64.11414129602515
Counter,Located daily counter,413-03:2240,-21.89047685743335,64.11445132535958
Counter,Located daily counter,413-03:2326,-21.89232400085505,64.1146287326707
Counter,Located daily counter,413-03:293,-21.85485509503999,64.10835971065333
Counter,Located daily counter,413-03:405,-21.854960705910187,64.10942528864588
Counter,Located daily counter,413-03:672,-21.85766471743551,64.11157844535285
Counter,Located daily counter,413-03:673,-21.85768033710825,64.11158521564235
Counter,Located daily counter,43-01:1201,-22.42341381067052,63.952869447356186
Counter,Located daily counter,47-01:2035,-21.812152088524204,64.28708922497871
Counter,Located daily counter,49-03:2409,-21.89479179290861,64.13258814058803
Counter,Located daily counter,63-02:6367,-23.855594469319342,65.58087011985842
Counter,Located daily counter,68-10:13163,-21.645258481437292,65.64706450676232
Counter,Located daily counter,917-01:2545,-14.597446187493013,65.45207118363614
Counter,Located daily counter,1-a1:7776,-17.55005139559233,63.95779801407704
Counter,Located daily counter,1-d5:334,-21.00497988238659,63.94048535622541
Counter,Located daily counter,1-d6:1297,-21.045823266219173,63.95538602911682
Counter,Located daily counter,1-f5:2435,-21.69846718641476,64.1946399306373
Counter,Located daily counter,1-m2:1203,-20.238307782380993,65.66663817036452
Counter,Located daily counter,1-x2:5434,-14.538703058496248,64.40738540675835
Counter,Located daily counter,1-z1:12939,-17.35006944241565,63.93642335901793
Counter,Located daily counter,215-01:351,-19.050073730064348,63.45152461043243
Counter,Located daily counter,218-01:302,-19.17929266122445,63.42896194360625
Counter,Located daily counter,30-08:3501,-20.24210700666077,64.30456955171236
Counter,Located daily counter,35-01:1245,-21.005027005427053,63.96106925068628
Counter,Located daily counter,35-09:1041,-20.211541748332753,64.30808331369674
Counter,Located daily counter,370-01:1346,-21.046050282223867,63.95511208686485
Counter,Located daily counter,418-01:1672,-21.923346134427483,64.13529251488374
Counter,Located daily counter,418-01:273,-21.903973530096817,64.12658723190339
Counter,Located daily counter,60-35:294,-23.176217341329725,65.57724060196855
Counter,Located daily counter,73-02:2525,-20.01902090163514,65.78030118494374
Counter,Located daily counter,740-01:1214,-20.248712704775745,65.67118753244561
Counter,Located daily counter,1-e3:2135,-21.784374510137344,64.12284990696607
Counter,Located daily counter,1-e3:2136,-21.78437943470125,64.12285854970857
Counter,Located daily counter,1-e3:2137,-21.78438435926824,64.12286719245093
Counter,Located daily counter,1-g1:261,-21.909209642177455,64.31033803476947
Counter,Located daily counter,1-h0:2806,-21.636086829645727,64.69561685109993
Counter,Located daily counter,1-s6:5002,-15.223740063265875,65.30203008120941
Counter,Located daily counter,1-x5:9440,-15.040146306111245,64.28270033715191
Counter,Located daily counter,370-01:956,-21.038638237750497,63.953905841550686
Counter,Located daily counter,39-01:6209,-21.46263803722323,63.98765724840393
Counter,Located daily counter,427-04:3450,-22.344278726560898,63.858802354362815
Counter,Located daily counter,60-02:213,-21.517504895225144,64.86871972264046
Counter,Located daily counter,816-01:370,-18.18063764158829,65.73220382167946
Counter,Located daily counter,1-a2:7104,-17.704926064234893,63.93333704862752
Counter,Located daily counter,1-d1:92,-20.666254340080695,63.930973607697894
Counter,Located daily counter,1-d6:1474,-21.04930536934073,63.955804652772095
Counter,Located daily counter,1-d6:1476,-21.049344836170626,63.9558091859847
Counter,Located daily counter,1-d6:1477,-21.0493645695904,63.95581145258694
Counter,Located daily counter,1-f5:7055,-21.767247522381364,64.21039219858163
Counter,Located daily counter,1-f5:7056,-21.767262677872576,64.21039827472008
Counter,Located daily counter,1-f5:7058,-21.76729298887507,64.21041042699224
Counter,Located daily counter,1-g4:1240,-21.96071105689046,64.47561919838877
Counter,Located daily counter,1-g8:552,-21.894708226474076,64.565097801538
Counter,Located daily counter,34-02:5994,-21.084843222853173,63.88385018339778
Counter,Located daily counter,365-01:3299,-20.8062229935832,64.20184958427227
Counter,Located daily counter,41-04:825,-21.849881358720133,64.13335440044433
Counter,Located daily counter,425-02:10026,-22.508799539467475,63.83107897727638
Counter,Located daily counter,427-04:3430,-22.34465357395483,63.85873378671993
Counter,Located daily counter,470-02:500,-21.96443264456143,64.05891512473832
Counter,Located daily counter,49-05:1049,-21.953692328300914,64.1456167975052
Counter,Located daily counter,49-05:1302,-21.957055299762168,64.14734829083832
Counter,Located daily counter,49-05:1303,-21.95706831252283,64.14735523848445
Counter,Located daily counter,49-05:1442,-21.95829788301605,64.14846844852308
Counter,Located daily counter,51-01:2634,-21.96584923732265,64.3100241917593
Counter,Located daily counter,520-01:464,-21.602334482879552,64.41355101091226
Counter,Located daily counter,73-00:7410,-20.226167749792612,65.71985512437773
Counter,Located daily counter,73-01:7,-20.225834421327423,65.71992161179686
Counter,Located daily counter,73-01:8,-20.225814720606543,65.71992543834612
Counter,Located daily counter,74-02:9,-20.22605500858967,65.71996770657942
Counter,Located daily counter,82-06:3483,-18.60798949206995,66.0835969788531
Counter,Located daily counter,821-03:54,-18.091506730685232,65.57005132670695
Counter,Located daily counter,862-01:21071,-16.441757974482815,65.81467306875493
Counter,Located daily counter,862-02:51,-16.442439537105816,65.81552387528042
Counter,Located daily counter,862-02:9983,-16.548516276831293,65.87815817065442
Counter,Located daily counter,886-01:51,-16.440984055303097,65.81523814173036
Counter,Located daily counter,939-02:11805,-14.497185784052093,64.78613067024672
