nid,timestamp,meidsli,tegohapps,flokkur2,urban_rural,road_section,surface_code_set,weather_station_id,weather_station_dist_km,weather_time_difference_minutes,f,fg,t
3167342,2007-01-02 11:18:00,3,12,1,Rural,000-102,3,31488.0,1.6596854581044151,2.0,2.53,3.53,1.33
3167947,2007-01-03 03:30:00,3,12,1,Rural,96-07,3,5885.0,12.937081983286593,0.0,2.499,3.397,2.666
3167977,2007-01-03 13:00:00,3,12,1,Rural,60-44,4,2631.0,14.443761870887958,0.0,4.557,9.7,3.114
3168112,2007-01-03 18:04:00,3,240,3,Rural,1-p1,2,33357.0,6.890004604204384,4.0,3.19,4.61,-1.69
3168111,2007-01-03 18:08:00,3,12,1,Rural,1-g8,2,1779.0,5.706195262460039,2.0,2.057,2.875,-0.568
3168229,2007-01-03 23:37:00,3,11,1,Rural,1-d9,2,31488.0,3.356674147033406,3.0,0.63,1.08,-1.08
3168293,2007-01-04 02:22:00,3,11,1,Rural,429-02,2+5,1350.0,4.7490218526141925,2.0,1.746,2.058,3.392
3168875,2007-01-05 06:24:00,3,910,7,Rural,35-08,2,36519.0,2.039585185106607,4.0,0.0,0.0,-0.02
3168970,2007-01-05 10:41:00,3,12,1,Rural,1-u5,3,5872.0,9.44662673108338,1.0,2.088,3.985,3.303
3169241,2007-01-05 17:23:00,3,240,3,Rural,1-d8,4,1490.0,1.8735260252596901,3.0,2.293,3.757,-0.04
3171043,2007-01-08 11:35:00,3,36,1,Rural,1-d6,2+5,31399.0,1.7356529824255311,5.0,14.41,18.42,-3.84
3171654,2007-01-09 14:27:00,3,620,3,Rural,35-03,4,36411.0,8.816182869218926,3.0,1.92,3.04,-8.27
3172130,2007-01-10 10:43:00,3,11,1,Rural,1-v0,3,35666.0,15.996921558972609,3.0,8.21,11.41,-2.58
3172179,2007-01-10 12:10:00,3,12,1,Rural,1-e1,2,31488.0,2.03229949867113,0.0,1.88,2.74,-8.05
3173445,2007-01-12 15:38:00,2,240,3,Rural,1-h0,2,1881.0,1.5857113803213625,2.0,8.8,11.96,-3.083
3173584,2007-01-12 19:28:00,3,11,1,Rural,1-k3,4,2197.0,1.5900689578513918,2.0,13.58,18.23,-2.258
3173582,2007-01-12 20:19:00,3,240,3,Rural,415-04,2,7475.0,5.747774914186619,1.0,9.27,16.04,-1.55
3174032,2007-01-13 17:28:00,3,240,3,Rural,1-f6,2,1578.0,4.581537367587947,2.0,2.594,3.071,-1.283
3175007,2007-01-15 14:44:00,2,240,3,Rural,1-d2,2,6310.0,12.097590025070643,4.0,6.011,7.51,-4.914
3175238,2007-01-15 21:55:00,3,60,9,Rural,1-g5,2,1779.0,6.934924702352767,5.0,2.897,3.789,-8.22
3175566,2007-01-16 14:55:00,3,240,3,Rural,45-01,2+5,1350.0,4.884985762229119,5.0,13.0,16.73,25.27
3175586,2007-01-16 15:03:00,3,50,1,Rural,421-01,2,31363.0,6.965230641023568,3.0,8.62,13.33,-0.92
3175708,2007-01-16 18:56:00,3,11,1,Rural,45-01,2,1350.0,4.860489562057031,4.0,9.95,12.12,19.33
3176533,2007-01-18 11:41:00,2,11,1,Rural,35-07,4,6515.0,2.290333394867259,1.0,8.76,10.26,-4.584
3176809,2007-01-18 18:10:00,3,875,5,Rural,35-02,0,31399.0,11.28010493502575,0.0,13.85,19.01,-3.53
3178867,2007-01-22 11:03:00,3,240,3,Rural,1-n0,4,3242.0,14.182287995334004,3.0,5.249,7.32,-2.979
3179158,2007-01-22 22:06:00,3,12,1,Rural,41-15,2,1370.0,2.2872152259590295,4.0,7.55,11.34,2.318
3179534,2007-01-23 13:45:00,3,240,3,Rural,54-04,4+5,1868.0,9.584953693041191,5.0,3.088,4.312,2.812
3179511,2007-01-23 16:01:00,3,12,1,Rural,41-16,2,31363.0,9.41792850569914,1.0,8.1,10.39,3.59
3180845,2007-01-25 15:45:00,3,11,1,Rural,000-701,0,5933.0,7.721753899775325,5.0,26.09,30.05,-1.766
3181191,2007-01-26 11:38:00,2,11,1,Rural,54-03,2,1868.0,5.661856534772431,2.0,3.098,3.789,0.413
3181490,2007-01-26 17:33:00,3,12,1,Rural,75-03,4+5,33419.0,28.888672788396804,3.0,5.03,7.15,-0.52
3193105,2007-01-26 20:35:00,3,11,1,Rural,61-31,0,2646.0,17.92888944675566,5.0,1.125,1.731,-0.789
3181814,2007-01-27 02:59:00,3,945,6,Rural,000-600,2+5,3470.0,4.430420099442195,1.0,3.282,6.762,
3182513,2007-01-28 11:23:00,3,26,1,Rural,61-34,2,2646.0,8.857045503435522,3.0,3.024,4.606,-0.46
3182600,2007-01-28 15:05:00,3,240,3,Rural,54-03,2,1868.0,4.517315179212571,5.0,6.417,8.23,4.562
3184110,2007-01-30 15:10:00,2,875,5,Rural,000-600,6+11,3470.0,4.327032056319884,0.0,3.136,7.35,
3185498,2007-02-01 19:05:00,2,12,1,Rural,1-f5,2,31579.0,2.48239637602052,5.0,4.21,8.62,1.8
3186296,2007-02-03 02:30:00,2,22,1,Rural,92-07,3,5981.0,2.1531507522629747,0.0,2.117,3.626,3.289
3186654,2007-02-03 17:22:00,2,240,3,Rural,35-03,2,36411.0,15.742776813931565,2.0,4.18,6.86,-1.07
3187083,2007-02-04 05:14:00,2,11,1,Rural,408-01,2,7475.0,7.3052767369979845,4.0,3.312,6.899,0.062
3187158,2007-02-04 13:46:00,3,12,1,Rural,1-g1,2,1673.0,13.3103233155961,4.0,15.53,19.76,-1.994
3187227,2007-02-04 15:25:00,3,240,3,Rural,1-g1,2+4,1578.0,10.864604712066056,5.0,16.7,22.8,-1.931
3187445,2007-02-04 19:45:00,3,12,1,Rural,54-09,2,31931.0,4.083649783468586,5.0,2.66,4.41,-8.53
3188208,2007-02-06 10:44:00,3,70,1,Rural,000-102,11,7475.0,9.937974691145866,4.0,2.573,4.136,-4.526
3188609,2007-02-06 21:07:00,3,22,1,Rural,415-04,2+6,7475.0,5.974238874724146,3.0,3.542,5.545,-3.958
3190123,2007-02-09 09:43:00,3,510,4,Rural,41-22,2+5,1350.0,2.041126278756883,3.0,4.781,6.599,9.29
3190319,2007-02-09 16:07:00,3,22,1,Rural,504-01,4+6,1673.0,8.08902946674846,3.0,2.883,5.88,-1.107
3191412,2007-02-11 12:51:00,3,12,1,Rural,612-02,3+6,2319.0,4.191034627360363,1.0,9.49,14.01,1.175
3194838,2007-02-16 08:16:00,3,11,1,Rural,712-01,0,32390.0,23.607584609020027,4.0,10.61,13.33,2.23
3194595,2007-02-16 08:50:00,3,26,1,Rural,852-01,4+5,3595.0,13.825005931388908,0.0,18.42,23.32,3.216
3199223,2007-02-19 06:19:00,3,24,1,Rural,1-k4,4,33204.0,4.459262127640863,1.0,3.0,3.92,-0.12
3198108,2007-02-21 12:53:00,2,12,1,Rural,1-b4,2+5,6045.0,7.669298976934743,3.0,21.91,29.96,1.838
3201167,2007-02-26 14:16:00,3,11,1,Rural,26-02,3+5,6420.0,12.101372760035707,4.0,6.565,8.33,-2.164
3204311,2007-03-02 16:26:00,2,60,9,Rural,931-06,0,4060.0,3.275200251870713,4.0,4.037,7.58,-4.339
3204447,2007-03-02 18:15:00,3,12,1,Rural,1-d8,2,31392.0,5.320664050119382,5.0,12.43,17.05,-2.02
3205126,2007-03-03 22:24:00,2,11,1,Rural,1-d8,2,1490.0,3.7735954980179343,4.0,1.491,2.221,-0.03
3205179,2007-03-04 00:01:00,1,11,1,Rural,1-p4,2+5,3463.0,6.128147950399283,1.0,5.371,6.762,0.924
3205837,2007-03-04 17:07:00,2,240,3,Rural,1-c2,0,6222.0,7.7207145710703715,3.0,3.58,5.749,3.725
3205755,2007-03-04 19:36:00,2,24,1,Rural,61-33,2,2646.0,15.095592906521258,4.0,1.504,1.927,-0.09
3205905,2007-03-05 00:58:00,3,11,1,Rural,48-01,3+5,1685.0,9.079351305039483,2.0,2.873,6.533,3.394
3208738,2007-03-08 15:22:00,3,12,1,Rural,1-a7,2+5,6272.0,18.946273823004216,2.0,12.08,15.91,2.604
3209251,2007-03-09 08:50:00,2,11,1,Rural,75-06,4+6,,,,,,
3209607,2007-03-09 16:10:00,3,12,1,Rural,83-03,3+4,3477.0,16.814105884904247,0.0,10.83,13.36,0.482
3209857,2007-03-10 00:24:00,3,920,6,Rural,1-f5,2,31579.0,2.9514557085172464,4.0,2.83,3.92,-0.24
3209951,2007-03-10 03:23:00,3,12,1,Rural,92-04,4+5,5975.0,5.009896588828172,3.0,10.42,15.81,1.625
3210548,2007-03-11 03:46:00,2,875,5,Rural,000-641,0,33394.0,4.141123197040802,4.0,8.54,9.98,-0.85
3213260,2007-03-15 19:20:00,3,11,1,Rural,1-d8,4,31392.0,4.430602972143717,0.0,5.04,7.35,-1.4
3213370,2007-03-15 22:35:00,3,21,1,Rural,82-01,4+5,3463.0,2.2249977455153593,5.0,5.276,6.762,-0.644
3214065,2007-03-16 18:12:00,3,11,1,Rural,1-d9,2,31488.0,3.5158464400481755,2.0,7.86,9.8,-1.19
3214537,2007-03-17 12:29:00,2,240,3,Rural,39-01,2,1490.0,4.317224661840397,1.0,5.924,10.32,-1.928
3214572,2007-03-17 13:30:00,3,240,3,Rural,429-02,2,1350.0,4.575737660000268,0.0,13.36,24.04,25.97
3215197,2007-03-18 09:52:00,3,12,1,Rural,62-01,3,32224.0,24.09613565601257,2.0,6.09,8.23,-9.86
3215140,2007-03-18 11:58:00,3,211,3,Rural,1-g3,2,1673.0,9.740054125290417,2.0,9.6,11.86,-5.29
3215202,2007-03-18 15:18:00,2,160,2,Rural,1-d8,2,31392.0,1.363401047643804,2.0,15.92,21.56,-8.15
3215927,2007-03-19 17:49:00,3,11,1,Rural,85-19,3+6,4828.0,4.715419715318999,1.0,6.221,8.26,-4.921
3216270,2007-03-20 11:07:00,3,142,2,Rural,1-e1,2,31488.0,0.11884227275911129,3.0,24.69,32.73,-2.68
3216310,2007-03-20 11:07:00,3,130,2,Rural,1-d9,0,31488.0,2.6510478290018233,3.0,24.69,32.73,-2.68
3216889,2007-03-21 12:18:00,1,240,3,Rural,1-d6,2,31399.0,4.182204678678322,2.0,7.39,9.8,1.67
3216971,2007-03-21 14:47:00,3,36,1,Rural,415-04,2,7475.0,5.925543614522933,3.0,8.37,13.17,1.859
3217195,2007-03-21 15:34:00,3,12,1,Rural,1-u6,3+5,5872.0,1.8786279734430662,4.0,4.206,9.02,7.24
3217117,2007-03-21 18:38:00,3,12,1,Rural,1-d9,4,31488.0,4.450558822139148,2.0,9.79,12.74,-3.11
3217138,2007-03-21 19:40:00,3,11,1,Rural,36-11,2,1590.0,4.276263973427822,0.0,14.31,18.73,-5.152
3217673,2007-03-22 18:08:00,3,11,1,Rural,51-02,2,1673.0,11.798601661940083,2.0,18.97,25.09,5.333
3217695,2007-03-22 18:49:00,3,21,1,Rural,92-10,4+5,34087.0,3.3636177013902984,1.0,11.91,19.21,4.48
3218297,2007-03-23 21:52:00,3,11,1,Rural,1-d8,4+5,1490.0,2.3030268901690425,2.0,5.382,7.61,-2.148
3219211,2007-03-25 07:18:00,3,11,1,Rural,50-01,2,1779.0,6.412193837456133,2.0,7.09,10.26,3.295
3221116,2007-03-28 09:59:00,3,70,1,Rural,000-102,3+6,7475.0,9.976331476747232,1.0,0.559,1.241,0.701
3221512,2007-03-28 19:08:00,3,12,1,Rural,1-t1,2,34175.0,16.403903760742676,2.0,4.68,5.49,-5.36
3224037,2007-04-01 03:50:00,3,11,1,Rural,54-03,4,1868.0,3.963958775331511,0.0,7.61,10.62,5.379
3224209,2007-04-02 03:19:00,3,70,1,Rural,425-02,3+6,1362.0,4.0370443654834975,1.0,0.3,0.8,6.0
3224941,2007-04-02 14:15:00,3,835,5,Rural,1-u4,0,5872.0,11.36513660759452,5.0,1.885,2.417,6.333
3224935,2007-04-03 10:04:00,2,11,1,Rural,47-11,3+4+5+6,1685.0,0.7581040046443601,4.0,6.38,7.25,5.76
3225257,2007-04-03 20:00:00,3,22,1,Rural,420-01,2+4+5,31363.0,6.935106390394764,0.0,8.08,10.58,6.53
3225764,2007-04-04 14:24:00,3,715,9,Rural,000-235,2,1350.0,1.9310851124202961,4.0,9.9,13.39,19.23
3227032,2007-04-06 11:19:00,3,240,3,Rural,910-10,3+5,5933.0,5.043272891753307,1.0,2.2,3.267,-6.798
3227155,2007-04-06 17:05:00,3,320,4,Rural,54-16,4,31942.0,8.383858244508176,5.0,6.64,7.74,-0.37
3227340,2007-04-07 00:32:00,2,12,1,Rural,92-07,3,5981.0,2.8316898070305196,2.0,1.054,2.679,-2.219
3227832,2007-04-07 19:40:00,3,11,1,Rural,92-07,3+4+5,5981.0,1.9758418484616462,0.0,6.413,8.3,-0.202
3228238,2007-04-08 15:27:00,3,24,1,Rural,264-02,4,6315.0,8.53527793982112,3.0,6.542,8.56,5.926
3228244,2007-04-08 15:48:00,3,11,1,Rural,000-801,3+6,6430.0,2.1030191914729124,2.0,10.14,13.39,5.236
3228524,2007-04-09 05:08:00,3,240,3,Rural,41-16,2,31363.0,8.694221891824215,2.0,6.44,9.02,0.68
3229042,2007-04-09 21:20:00,2,12,1,Rural,962-01,3+6+8,5885.0,16.866581991901032,0.0,4.016,6.664,2.813
3231127,2007-04-13 07:11:00,3,11,1,Rural,1-d8,2,31392.0,4.895914693603445,1.0,4.18,5.29,0.83
3232659,2007-04-15 05:37:00,3,12,1,Rural,1-m9,4,3242.0,5.219820679464885,3.0,0.757,1.993,3.02
3233364,2007-04-16 13:03:00,3,24,1,Rural,33-02,2,31399.0,15.885709695848526,3.0,6.61,9.11,4.55
3234578,2007-04-18 06:22:00,2,11,1,Rural,1-m2,4,33419.0,5.8747976899423655,2.0,4.71,10.39,-1.0
3235527,2007-04-19 16:01:00,2,660,4,Rural,39-01,4+5,1391.0,7.402333876832772,1.0,2.4,3.9,3.2
3237466,2007-04-22 16:27:00,3,330,4,Rural,1-m7,4+5,3242.0,10.425756080120534,3.0,5.242,7.28,8.99
3239936,2007-04-26 12:27:00,2,70,1,Rural,379-01,2,1391.0,0.885388649614818,3.0,5.7,8.3,7.3
3240350,2007-04-27 04:48:00,2,12,1,Rural,1-k5,4,33204.0,3.014863268543905,2.0,0.65,1.86,1.9
3241575,2007-04-28 22:03:00,3,45,8,Rural,410-02,2+5,7475.0,5.625195089768757,3.0,5.584,9.68,10.25
3242406,2007-04-30 11:28:00,2,70,1,Rural,1-j3,4,32097.0,13.36506348593481,2.0,6.22,7.51,11.32
3242956,2007-05-01 07:26:00,3,12,1,Rural,000-701,3+6+8,4060.0,14.38806163260883,4.0,0.187,0.882,10.36
3244764,2007-05-04 04:32:00,3,60,9,Rural,1-g3,1+4+5,1673.0,9.919887590627692,2.0,1.9,2.581,3.422
3246869,2007-05-06 17:00:00,3,70,1,Rural,1-m2,4,33419.0,0.12480515199516388,0.0,19.82,25.09,2.86
3247678,2007-05-08 01:46:00,3,240,3,Rural,1-s7,3,34238.0,29.51105482244229,4.0,6.17,7.66,-4.25
3249272,2007-05-09 19:00:00,2,12,1,Rural,000-102,2,1479.0,7.844708784855226,0.0,2.643,4.116,7.27
3248795,2007-05-10 07:48:00,3,22,1,Rural,50-01,0,1779.0,2.187132628364173,2.0,4.481,6.37,2.706
3249626,2007-05-11 06:37:00,3,12,1,Rural,74-02,4+5,33419.0,15.568508556074482,3.0,3.3,4.31,-1.38
3249957,2007-05-11 13:06:00,3,11,1,Rural,1-r1,4+5,4303.0,9.96066151423657,4.0,4.371,6.239,0.44
3251389,2007-05-13 18:01:00,3,141,2,Rural,1-b7,4,36132.0,0.587464911691454,1.0,5.16,6.86,8.92
3251434,2007-05-13 19:20:00,3,22,1,Rural,408-01,3+6,7475.0,9.280822474103223,0.0,5.29,9.5,9.03
3251693,2007-05-14 08:59:00,2,240,3,Rural,000-101,2,1479.0,0.6630317043106485,1.0,2.445,4.181,8.14
3251940,2007-05-14 15:20:00,3,70,1,Rural,931-03,3+6,4060.0,7.514289619191784,0.0,2.598,4.769,5.55
3252700,2007-05-15 16:05:00,3,11,1,Rural,35-01,2,31399.0,4.502810885146986,5.0,5.02,7.55,8.91
3252793,2007-05-15 17:39:00,3,11,1,Rural,1-d6,2,31399.0,1.112933841545127,1.0,5.53,8.82,8.67
3252922,2007-05-15 22:23:00,2,11,1,Rural,54-06,4+5,1868.0,27.116451316958987,3.0,3.894,5.227,5.334
3256198,2007-05-20 12:19:00,3,320,4,Rural,1-f5,0,1578.0,3.6605121462206345,1.0,9.92,13.43,6.39
3256518,2007-05-21 02:34:00,2,111,4,Rural,41-17,2,1350.0,7.224211734243571,4.0,7.5,14.14,14.61
3257136,2007-05-21 15:40:00,3,11,1,Rural,54-18,3+6+8,31942.0,19.051713599523485,0.0,0.91,2.16,3.35
3258677,2007-05-23 12:16:00,3,12,1,Rural,1-t9,3+6,35965.0,9.237410511524175,4.0,5.0,8.04,4.84
3260270,2007-05-25 13:49:00,3,11,1,Rural,526-01,11,1881.0,7.038079445544802,1.0,6.482,11.11,3.451
3260307,2007-05-25 14:47:00,3,12,1,Rural,61-45,2,32643.0,0.8366351516863982,3.0,5.11,8.04,1.05
3260458,2007-05-25 18:37:00,2,21,1,Rural,910-11,3+5,5933.0,7.3647082237767805,3.0,11.0,17.57,-1.661
3261618,2007-05-27 05:15:00,3,12,1,Rural,1-x5,0,35315.0,3.802861984899629,5.0,0.34,1.49,2.39
3263083,2007-05-29 11:20:00,3,12,1,Rural,3695-01,3+5,1496.0,7.306976717195155,0.0,4.259,6.827,5.899
3264807,2007-05-31 15:50:00,2,330,4,Rural,1-d2,2,31399.0,8.264899814515966,0.0,10.29,15.48,14.92
3265153,2007-06-01 03:25:00,3,24,1,Rural,000-102,3+6+8,1487.0,10.012096278543824,5.0,6.942,17.67,6.133
3266829,2007-06-03 05:14:00,2,12,1,Rural,41-16,2,31363.0,4.075624422733625,4.0,8.52,12.35,9.03
3267105,2007-06-03 16:43:00,3,24,1,Rural,1-d8,2,31392.0,5.912229536698064,3.0,12.96,17.44,6.79
3267156,2007-06-03 18:39:00,3,11,1,Rural,54-06,4,31840.0,22.061790927641926,1.0,7.52,9.21,9.65
3271244,2007-06-09 12:39:00,3,45,8,Rural,435-02,4+6,1496.0,6.643008756655891,1.0,5.464,6.664,5.78
3271475,2007-06-09 18:55:00,3,12,1,Rural,26-04,3+6,6430.0,11.976107795601134,5.0,6.374,8.46,10.95
3271535,2007-06-09 20:48:00,2,11,1,Rural,844-02,3+6+8,3380.0,13.805167154537624,2.0,5.073,6.533,14.09
3272132,2007-06-10 17:42:00,3,11,1,Rural,52-02,6,1779.0,9.499492937858008,2.0,2.715,4.279,15.32
3272190,2007-06-10 19:32:00,3,920,6,Rural,1-f8,2,1578.0,5.927235530456205,2.0,2.922,4.116,13.75
3272208,2007-06-10 20:28:00,3,920,6,Rural,1-b0,2+5,36156.0,9.486093477691309,2.0,4.58,5.68,12.0
3273207,2007-06-11 12:48:00,3,12,1,Rural,82-02,4,3463.0,8.80820450522842,2.0,7.59,10.29,7.94
3273316,2007-06-12 11:23:00,3,11,1,Rural,518-04,3+6+8,6802.0,5.009300574448619,3.0,3.806,7.06,15.45
3274456,2007-06-12 14:43:00,2,945,6,Rural,1-g1,0,1578.0,10.017671628365543,3.0,2.436,4.279,13.89
3273720,2007-06-12 19:26:00,2,45,8,Rural,000-102,11,31488.0,5.603486238288241,4.0,6.42,8.13,9.74
3273746,2007-06-12 20:38:00,3,11,1,Rural,63-05,3+6,2428.0,7.796775403753788,2.0,0.8,3.071,7.35
3276469,2007-06-15 17:46:00,3,142,2,Rural,92-05,0,5975.0,1.0550681246204263,4.0,1.639,2.581,9.2
3276571,2007-06-15 23:02:00,2,111,4,Rural,1-m8,4,3242.0,9.702362034784734,2.0,0.002,0.098,9.99
3277663,2007-06-17 06:36:00,3,11,1,Rural,574-07,3+5,1925.0,3.1316118003556976,4.0,5.9,7.6,9.9
3278214,2007-06-18 02:49:00,3,945,6,Rural,41-16,2+5,31363.0,8.932998234692581,1.0,3.4,4.9,8.94
3279171,2007-06-19 12:41:00,2,240,3,Rural,1-p4,2+5,3463.0,10.197684590277953,1.0,4.525,5.749,11.44
3279596,2007-06-19 21:22:00,2,30,1,Rural,417-01,2+5,31488.0,3.9944519443241293,2.0,4.91,6.08,9.64
3281606,2007-06-22 09:17:00,3,12,1,Rural,355-01,3+6,36411.0,9.370026023889803,3.0,1.73,3.04,11.3
3282175,2007-06-22 13:28:00,3,12,1,Rural,1-m2,4,33419.0,10.940774085765979,2.0,9.81,13.52,15.31
3281892,2007-06-22 16:25:00,3,11,1,Rural,1-p1,2,33357.0,6.685482286977223,5.0,5.21,8.13,12.25
3282894,2007-06-23 19:08:00,3,11,1,Rural,1-a1,2+5,36386.0,0.6969255074621122,2.0,12.51,20.62,12.77
3283217,2007-06-24 04:51:00,3,12,1,Rural,54-10,6+11,31931.0,5.83257419706618,1.0,2.77,3.82,8.6
3283226,2007-06-24 05:02:00,3,11,1,Rural,341-01,3,36411.0,7.528077904977258,2.0,2.44,3.33,5.64
3283587,2007-06-24 17:04:00,3,685,4,Rural,35-02,2,31399.0,9.129468465109062,4.0,6.13,8.43,15.06
3283624,2007-06-24 18:17:00,2,945,6,Rural,41-15,2,1370.0,3.511305969405285,3.0,6.512,7.74,15.02
3284752,2007-06-26 06:41:00,3,12,1,Rural,61-45,0,32643.0,0.18203893245928457,1.0,2.46,3.43,8.31
3285128,2007-06-26 19:21:00,3,11,1,Rural,1-f7,2+5,1578.0,5.027290743218083,1.0,4.004,11.37,14.56
3285753,2007-06-27 17:40:00,3,11,1,Rural,42-02,3,1368.0,11.029856634686375,0.0,7.88,11.89,11.38
3285811,2007-06-27 19:22:00,3,920,6,Rural,60-47,2,2636.0,1.7878660723502462,2.0,6.295,7.98,2.794
3287229,2007-06-29 15:28:00,3,11,1,Rural,48-02,3+6+8,1590.0,5.312965299007666,2.0,4.89,7.223,10.55
3288121,2007-06-30 16:51:00,3,685,4,Rural,1-d9,2,31488.0,2.745456759098414,1.0,4.34,7.06,12.87
3289021,2007-07-01 19:09:00,3,11,1,Rural,60-45,2,2631.0,7.726774592472952,1.0,5.268,7.12,12.05
3289326,2007-07-02 08:52:00,3,12,1,Rural,1-p1,4+5,33357.0,5.73365115670184,2.0,0.52,1.32,6.12
3291565,2007-07-04 17:13:00,3,22,1,Rural,643-06,3+6,2692.0,9.7273635892388,3.0,4.968,6.697,5.739
3291770,2007-07-04 23:30:00,3,12,1,Rural,427-11,3+6,1486.0,13.233189680771964,0.0,1.403,3.691,11.02
3292257,2007-07-05 18:02:00,3,70,1,Rural,000-102,3+8+11,31579.0,2.4305719170055458,2.0,4.57,7.15,15.41
3292790,2007-07-06 12:53:00,3,920,6,Rural,41-16,2,31363.0,6.657597498256512,3.0,8.32,11.76,11.83
3293098,2007-07-06 15:25:00,3,12,1,Rural,35-01,2,31399.0,7.995114451608191,5.0,7.43,11.96,14.5
3293954,2007-07-07 19:23:00,3,11,1,Rural,1-s5,3+5,34238.0,17.215861002075815,3.0,2.28,3.14,7.08
3294033,2007-07-07 21:40:00,2,11,1,Rural,354-02,4+5,36411.0,7.620512076102525,0.0,1.38,2.06,13.65
3294384,2007-07-08 06:29:00,1,21,1,Rural,1-n1,3+5,33357.0,9.812173908048315,1.0,3.09,3.77,5.72
3294417,2007-07-08 07:11:00,3,11,1,Rural,1-d9,5,31488.0,3.1168348690247685,1.0,4.84,6.27,11.3
3294728,2007-07-08 19:53:00,3,22,1,Rural,37-03,4+5,36411.0,11.218399152892855,3.0,7.23,9.41,17.75
3295310,2007-07-09 16:32:00,3,11,1,Rural,000-600,4+6,3470.0,3.9879956429789267,2.0,3.702,5.619,
3295955,2007-07-10 16:55:00,3,240,3,Rural,1-d9,2,31488.0,2.6948509449835383,5.0,6.66,8.92,15.22
3298159,2007-07-13 15:58:00,2,240,3,Rural,421-01,2,31363.0,7.07045245012492,2.0,6.04,7.64,18.36
3298299,2007-07-13 20:32:00,3,111,4,Rural,41-15,2,1370.0,1.4106729899693846,2.0,4.485,6.174,19.39
3298738,2007-07-14 09:24:00,2,240,3,Rural,1-f5,2+5,31579.0,2.883948603061588,4.0,2.79,3.92,13.7
3299480,2007-07-15 12:44:00,2,240,3,Rural,365-01,3,36411.0,20.772755488720705,4.0,1.3,2.84,16.92
3299609,2007-07-15 17:56:00,3,660,4,Rural,1-f4,2+5,1479.0,4.585680257731044,4.0,5.847,8.2,15.6
3300036,2007-07-16 11:32:00,3,240,3,Rural,1-g5,2+5,1779.0,7.079670571840651,2.0,1.891,2.581,16.05
3300350,2007-07-16 19:09:00,1,410,4,Rural,51-01,2,1578.0,12.491056492349927,1.0,2.44,4.573,15.05
3300825,2007-07-17 14:30:00,3,440,4,Rural,87-00,4+5,4303.0,4.9509296841356525,0.0,4.213,6.272,18.79
3301745,2007-07-19 01:48:00,3,11,1,Rural,41-16,2,31363.0,6.991115050230711,2.0,3.69,5.29,11.49
3303780,2007-07-21 13:53:00,3,945,6,Rural,000-235,2,1350.0,1.9547814720198864,3.0,4.456,6.37,8.65
3303784,2007-07-21 13:54:00,3,11,1,Rural,5040-01,3+6+8,1673.0,12.16502491463814,4.0,2.425,3.365,13.77
3303822,2007-07-21 15:30:00,2,45,8,Rural,85-32,2,,,,,,
3304938,2007-07-23 07:40:00,3,11,1,Rural,512-01,3,1689.0,13.45985663419201,0.0,4.72,5.423,9.82
3305581,2007-07-23 23:02:00,3,111,4,Rural,41-15,0,1370.0,1.6052776981033912,2.0,2.576,5.063,12.08
3306057,2007-07-24 15:51:00,2,24,1,Rural,910-10,4+5,5943.0,8.328304318836302,1.0,6.126,8.07,9.57
3306824,2007-07-25 18:47:00,3,70,1,Rural,645-01,3+6+8,32390.0,18.572638397084148,3.0,10.42,13.33,6.75
3308035,2007-07-27 13:22:00,3,21,1,Rural,427-05,3+6+8,1362.0,12.086775706956105,2.0,5.1,7.9,12.2
3308060,2007-07-27 14:11:00,3,45,8,Rural,1-p1,2,33357.0,2.5207557224493544,1.0,2.77,4.66,6.09
3308077,2007-07-27 14:42:00,3,11,1,Rural,1-s7,6+8,34238.0,26.920255187021468,2.0,3.45,5.14,6.1
3309408,2007-07-28 15:35:00,2,45,8,Rural,60-46,6+11,2636.0,1.7391477270058067,5.0,0.772,1.353,3.844
3309698,2007-07-29 17:17:00,3,12,1,Rural,85-18,3+6,4828.0,10.66283103084089,3.0,3.15,5.031,10.94
3309874,2007-07-30 04:41:00,3,11,1,Rural,1-k6,4,33204.0,5.185864565111396,1.0,4.6,6.27,9.25
3311096,2007-07-31 23:52:00,3,142,2,Rural,1-k6,4,33204.0,5.312609012499775,2.0,11.12,15.48,8.78
3311747,2007-08-01 19:14:00,2,21,1,Rural,460-01,6+11,1578.0,8.232622516809824,4.0,8.57,13.0,12.76
3311780,2007-08-01 19:57:00,2,11,1,Rural,326-01,3,6420.0,1.0919445477486518,3.0,5.655,8.17,13.68
3312640,2007-08-02 20:50:00,2,26,1,Rural,505-01,3+6+8,1673.0,7.834215417340481,0.0,5.987,15.65,12.26
3314158,2007-08-04 08:40:00,3,11,1,Rural,1-d6,2,31399.0,1.025346505916991,0.0,4.33,8.23,12.29
3314254,2007-08-04 11:28:00,2,22,1,Rural,842-04,3+6+8,3292.0,13.199811149075439,2.0,9.54,12.45,5.822
3314376,2007-08-04 16:06:00,3,50,1,Rural,9354-01,3+6,4275.0,8.854281558087173,4.0,3.589,4.659,
3314574,2007-08-04 20:56:00,3,70,1,Rural,000-551,3+6+8,3242.0,27.26245778253717,4.0,11.99,16.3,6.784
3314585,2007-08-04 21:33:00,3,11,1,Rural,1-f5,2+5,31579.0,0.10415731619793622,3.0,20.04,34.5,9.26
3314661,2007-08-04 23:25:00,3,12,1,Rural,30-06,3+6,6515.0,4.873949763310074,5.0,5.22,8.49,9.47
3314977,2007-08-05 05:10:00,3,24,1,Rural,3445-02,0,36411.0,8.406344863582106,0.0,3.06,4.9,8.82
3314967,2007-08-05 05:14:00,2,11,1,Rural,1-p4,4+5,3463.0,10.787932147695098,4.0,7.37,10.26,6.458
3315317,2007-08-05 16:01:00,2,56,9,Rural,000-511,0,32474.0,24.6045030506959,1.0,7.65,9.7,11.39
3315525,2007-08-05 20:00:00,3,70,1,Rural,60-32,6,32355.0,11.506829752159035,0.0,8.76,11.47,8.89
3315541,2007-08-05 22:29:00,3,11,1,Rural,85-36,2,4455.0,10.83967921915602,1.0,5.309,7.58,8.34
3315887,2007-08-06 07:22:00,1,21,1,Rural,37-01,4,36411.0,9.072151372827976,2.0,2.35,3.04,5.01
3316230,2007-08-06 15:06:00,3,21,1,Rural,807-02,3+6,3662.0,13.591836589639033,4.0,3.7,5.4,11.0
3316102,2007-08-06 15:44:00,3,240,3,Rural,1-K2,4,2197.0,11.664053889800217,4.0,5.596,8.07,14.85
3316990,2007-08-07 17:35:00,3,12,1,Rural,94-06,3,4472.0,24.457432406490643,5.0,4.097,5.292,8.36
3317973,2007-08-08 22:13:00,2,920,6,Rural,435-02,2+5,1496.0,6.774935684344284,3.0,10.11,12.74,8.41
3318135,2007-08-09 07:43:00,3,70,1,Rural,54-02,2,1779.0,7.283368833342609,3.0,3.168,5.749,12.41
3318156,2007-08-09 08:59:00,3,11,1,Rural,42-01,2,1370.0,8.164484741239745,1.0,5.741,8.66,13.31
3318612,2007-08-09 11:13:00,3,11,1,Rural,000-701,3+8,5943.0,13.712643520751282,3.0,8.98,11.11,10.46
3318449,2007-08-09 14:00:00,3,12,1,Rural,249-01,3+6,36127.0,7.03119005104713,0.0,8.64,12.59,15.71
3319490,2007-08-10 21:19:00,2,141,2,Rural,82-03,2+5,3662.0,1.4664850637275553,1.0,4.7,6.2,9.9
3319859,2007-08-11 12:06:00,3,130,2,Rural,1-k6,4,33204.0,5.3220093137125835,4.0,6.12,8.33,8.97
3319941,2007-08-11 15:32:00,3,240,3,Rural,54-15,4+5,31942.0,4.388193408753816,2.0,2.65,3.43,11.04
3320320,2007-08-12 03:14:00,3,22,1,Rural,61-36,2,2646.0,9.710341788020015,4.0,2.877,6.729,8.24
3321395,2007-08-13 18:09:00,1,21,1,Rural,38-01,4+5,1391.0,8.186235220132374,1.0,1.0,1.8,15.1
3323003,2007-08-16 13:35:00,3,11,1,Rural,93-02,2,34175.0,1.235063904237362,5.0,7.72,10.49,3.84
3323356,2007-08-17 01:25:00,3,21,1,Rural,574-02,0,31931.0,12.460073715688736,5.0,1.19,1.67,5.49
3323492,2007-08-17 09:26:00,3,12,1,Rural,000-701,0,5933.0,2.3635804050912617,4.0,0.502,1.666,3.583
3323679,2007-08-17 13:27:00,3,70,1,Rural,000-231,6,1350.0,3.5286635700184634,3.0,4.361,6.207,8.48
3323753,2007-08-17 14:09:00,3,70,1,Rural,000-801,6+11,31399.0,11.220406081736598,1.0,1.75,3.04,13.44
3324185,2007-08-18 04:13:00,2,22,1,Rural,821-03,3+6+8,3371.0,2.882557918423709,3.0,1.031,1.241,6.767
3324295,2007-08-18 07:19:00,3,11,1,Rural,1-g1,2,1578.0,13.611160367249076,1.0,2.48,2.809,6.076
3325148,2007-08-19 14:17:00,3,11,1,Rural,1-k9,4,33419.0,9.016941072963352,3.0,7.32,8.92,11.51
3325158,2007-08-19 14:31:00,3,11,1,Rural,722-04,3+6,3223.0,8.892585883197144,1.0,8.7,10.65,13.09
3325176,2007-08-19 15:09:00,3,11,1,Rural,4126-01,6+11,1453.0,2.342347815520018,1.0,6.777,7.84,12.06
3325267,2007-08-19 18:30:00,3,12,1,Rural,1-a7,2+5,6272.0,21.47265841108285,0.0,2.591,3.528,11.17
3325373,2007-08-19 22:15:00,3,141,2,Rural,85-02,0,3595.0,14.146988746860277,5.0,1.94,2.711,5.977
3331618,2007-08-20 23:15:00,3,11,1,Rural,612-01,6,32224.0,8.456287450255754,5.0,9.87,12.74,8.22
3326148,2007-08-21 04:47:00,3,50,1,Rural,1-t3,3,34175.0,7.373654079468032,3.0,5.4,7.06,8.82
3326699,2007-08-21 23:51:00,3,11,1,Rural,1-k8,0,3223.0,15.406271233418718,1.0,2.907,3.757,12.94
3327097,2007-08-22 12:09:00,3,11,1,Rural,7162-01,3,33204.0,7.182259087707591,1.0,6.25,9.31,11.2
3327228,2007-08-22 19:33:00,3,21,1,Rural,208-01,4+6,6272.0,25.753179498423705,3.0,6.438,8.85,13.34
3329374,2007-08-26 01:15:00,3,240,3,Rural,1-s1,3+5,34238.0,12.558471268471148,5.0,0.47,1.69,1.38
3329682,2007-08-26 12:56:00,2,21,1,Rural,910-12,3,4060.0,10.21331477287106,4.0,0.234,0.98,13.13
3329725,2007-08-26 15:30:00,3,141,2,Rural,1-f8,2+5,1578.0,6.62347451726031,0.0,2.656,4.965,12.14
3329791,2007-08-26 18:01:00,3,130,2,Rural,1-e2,2+5,1479.0,5.546631759712741,1.0,3.266,4.475,11.64
3332890,2007-08-26 20:00:00,3,12,1,Rural,85-23,3+6+8,34733.0,2.9866051176910586,0.0,1.57,1.96,6.35
3330335,2007-08-27 12:32:00,3,70,1,Rural,f88-01,3+6,4830.0,10.177665195588496,2.0,1.469,2.744,12.32
3330760,2007-08-27 21:26:00,2,11,1,Rural,1-q7,4+5,33394.0,15.946029860660666,4.0,2.07,2.88,6.54
3331269,2007-08-28 13:00:00,3,21,1,Rural,408-01,2,7475.0,9.286367722598543,0.0,1.96,2.918,11.93
3331568,2007-08-28 20:46:00,2,35,1,Rural,378-01,2,1490.0,1.492477342386609,4.0,6.196,8.2,5.763
3331630,2007-08-28 22:53:00,3,920,6,Rural,41-16,2+5,31363.0,6.664914729680884,3.0,3.48,4.51,10.73
3332349,2007-08-29 22:14:00,3,11,1,Rural,1-n0,4+5,33357.0,15.196211596823659,4.0,4.2,5.19,5.21
3334392,2007-09-01 09:10:00,3,11,1,Rural,1-f3,2,1479.0,0.7145603745897744,0.0,6.969,10.29,8.2
3335252,2007-09-02 17:02:00,3,45,8,Rural,41-16,2,1350.0,9.148034433317214,2.0,0.298,0.882,0.579
3335538,2007-09-03 05:40:00,3,920,6,Rural,41-16,0,31363.0,7.362918162792042,0.0,3.21,5.0,9.46
3335765,2007-09-03 11:14:00,3,995,9,Rural,000-230,0,1350.0,5.193059721795494,4.0,14.61,20.32,28.38
3336967,2007-09-05 08:05:00,2,11,1,Rural,30-06,3+6,6515.0,5.636536534374856,5.0,5.337,6.403,9.24
3338997,2007-09-07 17:46:00,2,22,1,Rural,1-u3,0,5872.0,3.8105983361867106,4.0,7.24,12.74,16.72
3339343,2007-09-08 11:00:00,3,11,1,Rural,1-k9,0,33419.0,7.870834425642993,0.0,6.96,9.41,9.93
3341052,2007-09-11 10:24:00,3,320,4,Rural,35-02,4+5,31399.0,10.113690148611328,4.0,8.23,10.78,8.09
3341379,2007-09-11 18:08:00,1,240,3,Rural,1-d6,0,31399.0,2.2522529628267782,2.0,3.77,5.1,8.83
3342136,2007-09-12 22:18:00,3,11,1,Rural,408-01,3,1479.0,6.365917768383,2.0,3.68,5.684,9.49
3342232,2007-09-13 04:12:00,3,991,6,Rural,1-f5,2,31579.0,2.093257681768581,2.0,6.79,9.11,8.57
3342842,2007-09-13 15:06:00,3,70,1,Rural,1-v3,0,35666.0,9.70939282951651,4.0,15.04,22.68,7.11
3343529,2007-09-14 16:06:00,3,12,1,Rural,48-02,3+6+8,1590.0,6.087411658254693,4.0,10.72,12.13,0.731
3343900,2007-09-15 04:00:00,3,920,6,Rural,41-16,2,31363.0,7.39734534895472,0.0,9.08,12.45,5.17
3344053,2007-09-15 10:13:00,3,920,6,Rural,54-14,4,1938.0,2.129581981664777,3.0,1.702,4.181,5.446
3344225,2007-09-15 18:49:00,3,241,3,Rural,1-d8,2,31392.0,5.119068436952117,1.0,9.24,12.35,-0.18
3344469,2007-09-15 22:00:00,3,12,1,Rural,910-10,1+3+5,5943.0,8.69959231493141,0.0,10.14,12.64,-3.906
3345508,2007-09-17 17:34:00,1,21,1,Rural,60-23,2+5,2266.0,12.999596577846493,4.0,5.256,7.15,6.956
3347794,2007-09-19 21:13:00,3,11,1,Rural,1-d9,2+5,31488.0,3.8698527658219346,3.0,5.86,7.55,3.71
3348686,2007-09-22 13:09:00,3,130,2,Rural,39-01,0,31392.0,8.715006779291633,1.0,10.31,14.7,4.12
3348697,2007-09-22 13:29:00,3,12,1,Rural,420-01,0,31363.0,2.0876010735558364,1.0,10.21,13.33,7.18
3348796,2007-09-22 14:30:00,2,45,8,Rural,000-231,0,1350.0,8.671104592544935,0.0,12.72,16.3,24.72
3349282,2007-09-23 15:52:00,3,70,1,Rural,000-801,8+11,31392.0,3.0677252472328016,2.0,9.91,14.5,6.98
3349410,2007-09-23 19:49:00,3,11,1,Rural,1-f5,2,31579.0,0.07405993505812215,1.0,27.21,39.89,6.11
3350708,2007-09-23 21:07:00,3,80,9,Rural,821-02,0,3470.0,9.368876091835684,3.0,6.573,12.15,
3351066,2007-09-25 21:18:00,3,130,2,Rural,429-01,2,1350.0,4.23418035539834,2.0,2.9,4.083,5.636
3352158,2007-09-27 15:14:00,2,21,1,Rural,917-04,3,4472.0,9.86962944731454,4.0,14.72,20.48,12.15
3353978,2007-09-30 05:58:00,3,11,1,Rural,1-m3,4,33419.0,17.236831232464844,2.0,2.94,4.31,7.04
3354468,2007-09-30 20:01:00,3,21,1,Rural,953-01,3+5+6,34073.0,5.33221152744559,1.0,4.13,5.19,6.65
3354699,2007-10-01 08:06:00,3,24,1,Rural,92-10,3,34087.0,4.303224617563529,4.0,9.23,15.09,0.35
3356687,2007-10-02 16:19:00,3,12,1,Rural,1-n1,4+5,33357.0,5.445871830153005,1.0,5.32,7.15,5.01
3355968,2007-10-02 16:50:00,3,12,1,Rural,633-03,3+6,32654.0,13.902530371834535,0.0,5.86,7.25,6.22
3358136,2007-10-05 17:15:00,3,22,1,Rural,869-03,3+6+8,34733.0,24.664168471206246,5.0,4.2,6.86,5.14
3358435,2007-10-06 02:30:00,3,12,1,Rural,61-43,4,32643.0,3.407728679355147,0.0,7.04,12.25,-0.13
3358451,2007-10-06 02:42:00,3,11,1,Rural,1-x3,4+5,35315.0,21.290899984748236,2.0,8.14,12.58,7.64
3358634,2007-10-06 12:41:00,2,11,1,Rural,1-b6,2,36132.0,11.314191000019063,1.0,7.08,20.97,5.44
3360234,2007-10-06 18:10:00,3,11,1,Rural,92-04,3,5975.0,5.8945073589394275,0.0,10.89,21.66,3.156
3359228,2007-10-07 08:38:00,3,12,1,Rural,1-q5,3,3474.0,8.906369943091393,2.0,4.969,7.32,-2.039
3359236,2007-10-07 09:59:00,3,11,1,Rural,1-g8,2,1779.0,5.163216269878744,1.0,1.033,2.483,2.705
3359436,2007-10-07 19:15:00,2,45,8,Rural,428-01,6+8,1362.0,11.112125434119163,5.0,3.1,4.3,6.7
3361927,2007-10-11 12:25:00,3,11,1,Rural,204-01,2+5,6272.0,0.9684570404616525,5.0,8.09,10.81,7.25
3362998,2007-10-13 00:01:00,3,240,3,Rural,41-16,2+5,31363.0,7.569869465693765,1.0,14.04,21.17,10.29
3364462,2007-10-15 07:28:00,3,11,1,Rural,1-d9,2,31488.0,3.475407777443118,2.0,0.89,2.25,0.94
3364512,2007-10-15 08:57:00,3,12,1,Rural,1-d8,2,31392.0,2.8075414292727845,3.0,8.15,12.35,0.14
3364856,2007-10-15 15:12:00,1,21,1,Rural,42-01,2+5,1370.0,7.338289715859807,2.0,13.32,17.44,2.778
3365015,2007-10-15 19:31:00,3,22,1,Rural,82-03,4,3662.0,3.481997008972601,1.0,9.7,13.9,0.3
3365203,2007-10-16 06:56:00,3,12,1,Rural,85-04,2+6,3691.0,3.825173452852386,4.0,7.8,10.9,1.6
3365380,2007-10-16 11:45:00,3,26,1,Rural,82-03,4,3662.0,3.5419662488603025,5.0,7.8,11.2,1.7
3366733,2007-10-18 05:29:00,3,11,1,Rural,1-h4,2+5,32097.0,4.686426096542141,1.0,3.14,3.57,-1.58
3369538,2007-10-20 20:00:00,2,45,8,Rural,85-06,4+5,3692.0,1.760620940447012,0.0,17.36,21.4,11.24
3372677,2007-10-25 16:59:00,3,12,1,Rural,92-07,3,5981.0,3.386942032295891,1.0,12.95,21.89,11.1
3373229,2007-10-26 11:12:00,3,12,1,Rural,61-39,2,2641.0,4.493155751403097,2.0,4.78,7.611,-0.993
3373304,2007-10-26 13:23:00,3,12,1,Rural,35-05,2,36411.0,4.7445358825967405,3.0,4.29,6.47,3.35
3373544,2007-10-26 19:28:00,1,240,3,Rural,1-j1,2,32097.0,1.815186179253999,2.0,4.48,5.82,-2.16
3373606,2007-10-26 22:02:00,3,11,1,Rural,39-01,2,31392.0,8.613405875968972,2.0,8.99,11.66,-0.26
3374086,2007-10-27 17:39:00,3,11,1,Rural,1-d8,2,31392.0,2.449631451176569,1.0,4.05,5.29,-0.35
3374122,2007-10-27 19:48:00,3,11,1,Rural,54-05,0,1868.0,21.19593620988091,2.0,3.03,4.051,0.659
3375085,2007-10-29 06:34:00,3,22,1,Rural,54-09,4,1936.0,3.5669695954168987,4.0,2.682,3.593,-2.089
3375459,2007-10-29 16:29:00,1,12,1,Rural,1-t1,0,34175.0,15.552747937382748,1.0,3.38,3.92,-3.81
3376035,2007-10-30 15:53:00,3,21,1,Rural,35-05,2,36411.0,2.711359873139843,3.0,4.68,8.04,2.66
3376670,2007-10-31 18:46:00,3,22,1,Rural,000-701,0,4060.0,15.77712053444392,4.0,3.431,8.26,-0.304
3378421,2007-11-03 16:33:00,3,240,3,Rural,35-01,2,31399.0,3.637397202252972,3.0,2.72,5.1,6.41
3378558,2007-11-03 19:13:00,3,11,1,Rural,1-r7,3+5,34326.0,2.976086430140335,3.0,7.56,13.43,3.63
3379720,2007-11-05 18:32:00,3,11,1,Rural,1-m2,2+5,33419.0,5.5546662177060275,2.0,4.09,6.66,-0.39
3379711,2007-11-05 21:29:00,3,12,1,Rural,805-01,3,3662.0,4.07915843160507,1.0,2.4,6.9,2.4
3381171,2007-11-07 16:07:00,3,12,1,Rural,1-b2,2+6+8,36156.0,9.291462502557346,3.0,4.93,6.08,-0.56
3382804,2007-11-09 19:00:00,3,330,4,Rural,47-02,2,1685.0,12.740610513008784,0.0,2.227,2.646,3.629
3382893,2007-11-09 22:34:00,3,12,1,Rural,60-27,3,32355.0,14.910128264278596,4.0,2.62,3.33,-3.24
3382962,2007-11-10 00:24:00,3,11,1,Rural,1-n1,2,33357.0,12.307001105136424,4.0,3.87,4.36,-3.86
3383192,2007-11-10 08:33:00,2,11,1,Rural,1-b7,0,36127.0,2.231728404644616,3.0,3.19,4.41,4.79
3383236,2007-11-10 11:45:00,3,11,1,Rural,36-11,2+5,1483.0,12.641005972060624,5.0,5.54,7.09,1.454
3383263,2007-11-10 13:30:00,3,21,1,Rural,35-04,4+5,36411.0,4.4102413198093,0.0,1.57,2.94,3.34
3383319,2007-11-10 15:34:00,3,11,1,Rural,1-p3,3+5,3470.0,17.956122072357875,4.0,0.969,2.842,
3383346,2007-11-10 16:31:00,3,56,9,Rural,1-p3,2+8,3470.0,17.95927236660488,1.0,0.693,1.731,
3383529,2007-11-10 23:44:00,3,36,1,Rural,85-01,3+4+5,3380.0,14.765127546834695,4.0,2.041,2.646,-2.987
3384074,2007-11-11 20:55:00,3,11,1,Rural,1-k5,4+5,33204.0,1.3552572710545852,5.0,0.6,1.27,0.57
3386454,2007-11-14 23:51:00,3,21,1,Rural,33-04,0,31399.0,12.44231456740624,1.0,4.49,7.35,8.02
3387422,2007-11-16 14:04:00,2,26,1,Rural,1-k3,4+5,2197.0,2.798859895253308,4.0,3.162,4.737,6.626
3387454,2007-11-16 14:51:00,2,12,1,Rural,33-01,4,31399.0,10.038102869731814,1.0,3.33,5.98,5.65
3387569,2007-11-16 18:00:00,1,440,4,Rural,1-e2,2+5,1479.0,6.400811997774711,0.0,3.685,5.684,3.531
3387912,2007-11-17 04:52:00,3,11,1,Rural,43-01,0,1362.0,7.938765843320617,2.0,1.4,2.5,1.9
3388030,2007-11-17 14:55:00,3,11,1,Rural,30-06,3+6,6515.0,6.886701151946101,5.0,11.27,15.06,-1.103
3388053,2007-11-17 16:02:00,3,12,1,Rural,1-b8,2+5,36127.0,1.8161791345827554,2.0,8.09,19.21,0.5
3388095,2007-11-17 17:45:00,3,330,4,Rural,1-k2,4+5,2197.0,0.6776547034443569,5.0,18.82,23.94,-2.436
3388593,2007-11-17 20:29:00,2,11,1,Rural,1-h3,4+5,32097.0,11.52633076245612,1.0,20.45,23.74,-6.16
3388592,2007-11-18 11:49:00,3,60,9,Rural,1-p9,2,3470.0,2.726149823294377,1.0,1.847,3.561,
3388626,2007-11-18 15:02:00,2,11,1,Rural,427-04,3+6,1362.0,5.870209021747504,2.0,4.2,7.6,0.7
3390178,2007-11-20 16:31:00,2,22,1,Rural,61-34,2,2646.0,8.969518974271947,1.0,6.129,10.78,1.196
3391765,2007-11-22 18:24:00,3,945,6,Rural,41-16,2+5,31363.0,7.470184910540274,4.0,5.3,6.86,-0.1
3392405,2007-11-23 16:44:00,2,12,1,Rural,61-01,4+5,2197.0,11.538993117711573,4.0,7.23,10.75,2.505
3392451,2007-11-23 19:02:00,3,11,1,Rural,37-01,2,36411.0,9.463876683345223,2.0,5.0,8.82,2.74
3393314,2007-11-25 03:16:00,3,70,1,Rural,43-01,2,1362.0,5.904498550129843,4.0,4.7,5.7,-2.2
3393467,2007-11-25 09:28:00,3,56,9,Rural,1-b2,2+5,6045.0,13.85917643699547,2.0,10.61,15.84,1.502
3393809,2007-11-26 04:20:00,3,12,1,Rural,1-g4,2+5,1673.0,0.12842587300489888,0.0,24.82,34.82,7.69
3395328,2007-11-26 20:40:00,2,11,1,Rural,54-17,4,31942.0,16.591686881004758,0.0,4.35,5.68,3.58
3394766,2007-11-27 01:43:00,3,11,1,Rural,1-g3,2,1673.0,7.727225378638463,3.0,5.224,6.762,3.698
3395333,2007-11-27 21:13:00,3,12,1,Rural,1-k1,4+5,32097.0,13.960781590007407,3.0,4.44,4.7,-3.16
3395639,2007-11-28 13:40:00,1,240,3,Rural,1-d9,2,31488.0,2.2461734580528594,0.0,7.33,9.41,0.85
3397119,2007-11-30 22:57:00,3,12,1,Rural,56-01,4+5,31840.0,21.534454582595956,3.0,27.56,44.0,-0.12
3397602,2007-12-01 19:38:00,3,36,1,Rural,767-01,4,3433.0,12.857783616640782,2.0,1.808,2.123,-2.088
3397661,2007-12-01 20:10:00,2,24,1,Rural,83-02,2,3477.0,7.970395065931104,0.0,0.315,1.045,-4.086
3397707,2007-12-02 00:12:00,3,11,1,Rural,36-11,2+5,1483.0,12.840048850098167,2.0,5.471,6.207,-6.003
3398024,2007-12-02 12:36:00,3,56,9,Rural,1-q0,2,3470.0,2.9644258508283516,4.0,6.71,10.32,
3398160,2007-12-02 19:57:00,3,26,1,Rural,427-11,3+6,1486.0,13.88698009136892,3.0,8.91,12.51,-2.852
3399446,2007-12-04 08:23:00,3,11,1,Rural,33-01,2,31399.0,11.955456476042523,3.0,11.66,18.13,2.49
3399789,2007-12-04 16:37:00,3,11,1,Rural,60-04,3+5,2175.0,19.942013285277206,3.0,10.45,12.38,1.831
3400000,2007-12-04 21:55:00,3,11,1,Rural,744-01,4,33419.0,7.300516766105548,5.0,2.72,7.45,2.45
3400018,2007-12-04 23:04:00,3,11,1,Rural,75-03,3,3433.0,4.694318063951937,4.0,0.155,0.523,-2.431
3401380,2007-12-06 16:47:00,2,240,3,Rural,41-15,2,1370.0,3.3174656632747865,3.0,4.331,4.606,-2.644
3401641,2007-12-06 23:00:00,3,11,1,Rural,429-02,2+5,1453.0,5.785548144698191,0.0,1.138,1.568,-0.066
3401914,2007-12-07 10:37:00,3,12,1,Rural,1-m5,3,3242.0,13.052659589121305,3.0,8.08,9.96,-4.919
3402118,2007-12-07 17:05:00,3,11,1,Rural,1-m5,4+5,3242.0,10.405210503416328,5.0,7.04,9.38,-7.02
3402234,2007-12-07 21:46:00,3,11,1,Rural,43-01,2+5,1362.0,9.240587851039074,4.0,6.9,8.9,-0.3
3402253,2007-12-07 22:25:00,3,11,1,Rural,45-03,2+5,1453.0,3.660218684152485,5.0,6.753,8.43,-2.468
3402850,2007-12-08 23:07:00,3,70,1,Rural,605-03,0,2481.0,13.218308087297546,3.0,2.997,4.247,-0.082
3404823,2007-12-09 01:20:00,3,875,5,Rural,41-15,0,1370.0,3.043234037367835,0.0,1.605,2.123,-6.071
3403470,2007-12-10 09:50:00,3,142,2,Rural,1-D2,2,31399.0,9.93403043603657,0.0,5.49,8.72,0.35
3404132,2007-12-10 20:17:00,3,130,2,Rural,1-D8,2,1490.0,2.5921389672983484,3.0,22.32,27.28,-0.076
3406145,2007-12-13 14:10:00,3,330,4,Rural,41-16,2,31363.0,6.6481804105696165,0.0,3.48,5.1,-0.33
3407749,2007-12-15 14:00:00,3,12,1,Rural,1-x7,4+5,35305.0,5.131910456499254,0.0,3.51,4.9,1.02
3407771,2007-12-15 15:19:00,3,11,1,Rural,1-x0,4,5552.0,24.739233741164902,1.0,4.1,6.0,3.9
3409722,2007-12-16 08:39:00,3,991,6,Rural,1-b4,0,6045.0,7.903007592507137,1.0,11.72,14.86,7.59
3409452,2007-12-18 09:09:00,3,11,1,Rural,1-d8,2,1490.0,1.930553557317367,1.0,7.94,10.36,0.814
3410069,2007-12-19 08:52:00,3,36,1,Rural,37-01,2,36411.0,8.810530375835745,2.0,10.63,14.11,6.86
3410817,2007-12-19 23:50:00,3,12,1,Rural,45-05,2,1350.0,5.778140675717029,0.0,12.22,16.43,23.74
3411787,2007-12-21 13:35:00,2,11,1,Rural,1-r3,3+4+5,4303.0,4.773528614317323,5.0,10.48,13.49,4.391
3411970,2007-12-21 21:48:00,3,12,1,Rural,1-d2,2,6310.0,7.941844979607682,2.0,7.69,9.93,2.282
3412332,2007-12-22 10:51:00,3,12,1,Rural,1-d8,2,1490.0,2.537484665509086,1.0,9.43,12.84,-0.965
3412655,2007-12-22 22:56:00,3,12,1,Rural,41-21,2,1350.0,1.410489379039563,4.0,3.442,4.345,6.689
3413382,2007-12-24 13:30:00,3,12,1,Rural,54-16,4+5,31942.0,4.854282959170424,0.0,10.93,15.88,2.0
3413556,2007-12-25 14:05:00,3,240,3,Rural,1-f3,2,1479.0,1.1499946212125294,5.0,2.571,4.181,0.012
3413567,2007-12-25 15:09:00,3,945,6,Rural,1-f6,2,1578.0,4.080804427732015,1.0,3.127,5.292,-0.349
3413792,2007-12-26 14:08:00,3,36,1,Rural,518-01,2+6,1881.0,13.009374392950908,2.0,4.804,9.44,-3.392
3414543,2007-12-27 23:34:00,2,11,1,Rural,41-15,2,1368.0,2.5021054448082185,4.0,1.211,1.764,-10.33
3414927,2007-12-28 13:20:00,3,24,1,Rural,204-02,2+5+8,6176.0,13.93424458763538,0.0,5.523,7.35,-3.778
3415072,2007-12-28 20:29:00,2,11,1,Rural,43-01,2,1362.0,1.952076052820153,1.0,0.9,1.8,-5.0
3415480,2007-12-29 16:38:00,3,11,1,Rural,1-f6,3,1578.0,4.188246403131036,2.0,15.61,20.91,1.538
3416443,2007-12-30 00:55:00,3,920,6,Rural,41-16,2,31363.0,8.73798091976688,5.0,12.78,16.37,2.46
3415846,2007-12-30 05:32:00,2,11,1,Rural,1-n1,0,33357.0,5.4334657955623635,2.0,6.91,17.35,0.2
3416797,2007-12-31 15:14:00,3,11,1,Rural,1-e1,2,31488.0,3.924991601089737,4.0,13.97,21.36,2.02
3416919,2007-12-31 23:29:00,3,12,1,Rural,505-01,3,1673.0,4.114095939027602,1.0,19.83,27.15,5.761
3417354,2008-01-01 13:45:00,3,11,1,Rural,56-02,4+5,31942.0,11.640676373999677,5.0,14.8,19.7,1.15
3417537,2008-01-01 22:42:00,3,12,1,Rural,574-07,4+5,1925.0,2.2494530152139562,2.0,9.7,19.6,1.1
3417659,2008-01-02 07:13:00,3,240,3,Rural,47-12,2+6,1673.0,11.297253079161354,3.0,6.726,8.56,3.999
3418163,2008-01-02 21:07:00,3,11,1,Rural,1-k2,4+5,2197.0,4.935533397802223,3.0,1.058,1.535,-0.274
3418652,2008-01-03 14:56:00,3,240,3,Rural,727-02,0,3223.0,13.415492473489266,4.0,10.43,13.33,7.1
3419462,2008-01-04 19:46:00,3,12,1,Rural,1-c0,4,6222.0,6.236232225554583,4.0,8.58,13.82,2.562
3420011,2008-01-05 19:28:00,3,12,1,Rural,41-15,0,1370.0,2.8063030370508826,2.0,3.747,4.671,1.284
3420505,2008-01-06 16:10:00,3,11,1,Rural,1-k9,4+6,33419.0,6.335926324086047,0.0,1.98,3.53,-0.22
3422111,2008-01-07 14:41:00,3,11,1,Rural,82-12,0,33750.0,16.93536091090931,1.0,3.34,4.51,1.18
3422819,2008-01-09 14:54:00,1,650,4,Rural,1-k3,4+5,33204.0,6.851042104514394,4.0,0.18,1.08,-6.97
3424280,2008-01-11 23:28:00,3,12,1,Rural,43-01,2,1362.0,10.85396601306648,2.0,3.2,4.2,1.0
3424448,2008-01-12 07:57:00,3,130,2,Rural,51-02,2,1673.0,11.579555111207789,3.0,0.132,1.143,-1.275
3425076,2008-01-13 18:24:00,3,240,3,Rural,41-15,2+5,1370.0,3.7103129699422923,4.0,4.669,6.305,-0.959
3425644,2008-01-14 16:46:00,3,130,2,Rural,41-16,2,31363.0,9.073140341419016,4.0,9.92,13.13,-1.29
3425791,2008-01-14 17:55:00,3,141,2,Rural,41-16,2,31363.0,6.3666037281704595,5.0,9.03,12.64,-0.87
3425729,2008-01-14 19:55:00,3,240,3,Rural,92-07,3,34075.0,3.87275693917081,5.0,1.0,1.7,-4.6
3426197,2008-01-15 14:55:00,3,12,1,Rural,262-01,2,6222.0,4.562762577865623,5.0,9.98,11.83,-0.44
3426736,2008-01-16 11:38:00,3,875,5,Rural,000-101,0,1479.0,3.2486825193193853,2.0,4.053,4.933,-0.77
3427206,2008-01-17 08:53:00,3,70,1,Rural,000-103,3,1479.0,7.233237941228014,3.0,6.021,7.84,-1.426
3427540,2008-01-17 19:52:00,2,910,7,Rural,503-01,2,1578.0,12.27405417206563,2.0,4.931,6.272,-0.274
3428046,2008-01-18 18:29:00,3,11,1,Rural,44-03,2,1362.0,14.92547077866738,1.0,2.7,5.1,-3.2
3428451,2008-01-19 13:47:00,3,945,6,Rural,41-16,2,31363.0,3.2290225338397383,3.0,12.45,19.99,-1.77
3428551,2008-01-19 17:13:00,3,11,1,Rural,51-01,2,1578.0,11.06129348804115,3.0,5.714,10.13,-0.938
3428646,2008-01-19 21:43:00,3,945,6,Rural,41-16,2,31363.0,5.286782341092359,3.0,8.29,10.88,-1.53
3429062,2008-01-20 14:51:00,3,11,1,Rural,1-d6,4+5,31399.0,1.3627820479655208,1.0,12.52,16.56,-0.29
3429090,2008-01-20 15:41:00,3,11,1,Rural,61-05,3+8,32390.0,15.033818926483072,1.0,2.58,3.53,-3.53
3429570,2008-01-21 13:04:00,3,240,3,Rural,94-03,3,34175.0,20.4969750727746,4.0,0.93,1.76,-5.48
3430128,2008-01-22 08:25:00,3,11,1,Rural,96-01,3,5975.0,1.7836023142849684,5.0,15.37,23.91,2.488
3430640,2008-01-23 07:41:00,3,11,1,Rural,43-01,2,1362.0,5.560506599526753,1.0,5.0,8.1,1.5
3431070,2008-01-23 14:00:00,3,12,1,Rural,85-27,3,34733.0,29.467164892795378,0.0,2.6,3.04,-5.66
3431091,2008-01-23 16:14:00,3,21,1,Rural,1-r1,4+5,4303.0,8.453880473740453,4.0,7.29,10.26,-3.998
3431189,2008-01-23 19:23:00,3,240,3,Rural,1-h1,0,31985.0,8.211316708318437,3.0,3.61,4.9,-7.65
3431653,2008-01-24 16:17:00,3,12,1,Rural,1-g3,2,1673.0,7.808760689131401,3.0,7.82,10.52,-1.489
3431775,2008-01-24 19:19:00,3,11,1,Rural,1-g3,2,1673.0,8.470342158070077,1.0,7.55,9.38,-0.542
3432560,2008-01-25 20:58:00,3,240,3,Rural,1-k1,4+6,32097.0,14.357612776169235,2.0,10.49,11.68,-6.18
3433155,2008-01-27 02:50:00,3,12,1,Rural,1-f8,0,1578.0,5.972266370443301,0.0,24.06,39.23,2.508
3433316,2008-01-27 10:05:00,3,11,1,Rural,1-d8,4,31392.0,1.5305941152162825,5.0,23.01,32.14,2.5
3434664,2008-01-29 18:43:00,3,21,1,Rural,85-14,4+5,4912.0,25.071130649806328,3.0,8.41,10.19,-2.867
3434861,2008-01-30 06:47:00,3,112,4,Rural,1-d9,4,31488.0,2.725452715043744,3.0,1.44,2.35,-4.88
3435316,2008-01-30 21:33:00,3,22,1,Rural,61-30,0,32654.0,3.900131887525253,3.0,21.59,28.42,-2.51
3435492,2008-01-31 08:23:00,2,211,3,Rural,92-04,4+5,5975.0,4.394979505403493,3.0,7.5,14.18,-1.841
3435952,2008-02-01 07:49:00,2,240,3,Rural,1-c3,4+5,6315.0,0.6143958687774176,1.0,3.326,4.835,-12.58
3439371,2008-02-06 17:31:00,3,11,1,Rural,1-d9,4,31488.0,3.2784371227082603,1.0,4.95,6.08,-2.07
3439947,2008-02-07 15:54:00,3,70,1,Rural,51-02,8+11,1673.0,13.754761549050704,4.0,12.01,15.06,-2.883
3440151,2008-02-07 18:23:00,3,111,4,Rural,1-j1,0,32097.0,6.731986094959259,3.0,19.49,22.25,-6.05
3440345,2008-02-08 09:44:00,3,11,1,Rural,41-16,2+5,31363.0,6.211577370983419,4.0,17.76,25.97,3.66
3441255,2008-02-09 16:34:00,3,12,1,Rural,1-g3,2+5+8,1673.0,9.744163667650104,4.0,8.81,10.22,-0.978
3441249,2008-02-09 16:51:00,3,141,2,Rural,1-g3,2,1673.0,9.56684084829812,1.0,10.59,13.65,-1.997
3441287,2008-02-09 18:03:00,3,11,1,Rural,41-15,2+5+6,1370.0,2.679255035517632,3.0,9.86,20.97,-0.375
3441313,2008-02-09 19:12:00,3,240,3,Rural,41-16,2,31363.0,6.741337852037081,2.0,17.49,23.62,-1.28
3441847,2008-02-10 18:26:00,3,12,1,Rural,000-231,2+5,1453.0,8.956064507319855,4.0,13.22,16.86,4.171
3441866,2008-02-10 20:46:00,3,11,1,Rural,415-04,2+5,7475.0,5.769641202373646,4.0,4.802,11.88,1.964
3442342,2008-02-11 15:21:00,3,211,3,Rural,1-h2,2,31985.0,8.6225266897099,1.0,14.32,20.48,-3.75
3442923,2008-02-12 15:05:00,2,510,4,Rural,85-10,2,4614.0,12.029446975758507,5.0,8.61,13.0,-0.772
3443301,2008-02-13 10:20:00,3,11,1,Rural,1-d8,2,1490.0,2.6168508648727173,0.0,15.29,18.42,-0.169
3443421,2008-02-13 13:46:00,2,240,3,Rural,92-10,3,34087.0,5.824175577861129,4.0,3.63,6.66,-3.53
3443868,2008-02-14 10:55:00,3,130,2,Rural,39-01,2,31392.0,8.402504382890243,5.0,10.3,13.43,3.05
3444375,2008-02-15 06:56:00,3,240,3,Rural,1-e1,2,31488.0,1.1649148286371296,4.0,6.84,10.09,3.07
3445420,2008-02-17 00:53:00,3,21,1,Rural,310-01,2,31399.0,5.135506756123115,3.0,1.8,2.84,4.97
3447986,2008-02-20 23:45:00,3,12,1,Rural,1-p1,2,33357.0,2.0333390414549646,5.0,10.3,12.35,-1.04
3448292,2008-02-21 13:33:00,3,11,1,Rural,74-01,4,33419.0,2.917009998950449,3.0,3.09,4.41,-6.25
3448501,2008-02-21 17:46:00,3,12,1,Rural,61-35,4,2646.0,8.799988323192519,4.0,0.557,2.156,-5.028
3448545,2008-02-21 18:43:00,3,11,1,Rural,54-17,4,31942.0,11.292174598939175,3.0,2.84,6.86,-3.53
3448562,2008-02-21 19:21:00,3,12,1,Rural,43-01,2,1362.0,11.34670458893746,1.0,6.9,10.8,1.5
3449124,2008-02-22 17:38:00,3,12,1,Rural,1-g4,2,31674.0,6.622356843969825,2.0,5.76,8.13,-0.37
3450219,2008-02-24 20:30:00,3,11,1,Rural,1-m9,3,3242.0,5.773094835373018,0.0,2.092,3.201,-4.936
3451101,2008-02-26 08:17:00,2,22,1,Rural,910-12,3,4060.0,10.366202468761962,3.0,3.077,7.45,-0.641
3451869,2008-02-27 07:10:00,3,12,1,Rural,000-641,3+4+5,3797.0,1.5545675934095764,0.0,9.4,11.47,-3.842
3452168,2008-02-27 15:32:00,2,160,2,Rural,1-q1,2,3470.0,2.949490541370692,2.0,0.923,2.025,
3452194,2008-02-27 16:15:00,2,240,3,Rural,1-q0,2+5,3470.0,2.938717669698156,5.0,0.816,1.993,
3452274,2008-02-27 18:21:00,2,240,3,Rural,41-16,2,31363.0,7.390759574883166,1.0,2.0,3.14,-1.98
3453136,2008-02-29 07:30:00,3,240,3,Rural,429-01,2,1453.0,9.284073037761896,0.0,12.38,14.6,-0.267
3453610,2008-02-29 18:00:00,3,11,1,Rural,1-e1,2+5,31488.0,0.8499750161078998,0.0,8.31,10.29,-4.06
3454602,2008-03-02 13:46:00,3,240,3,Rural,1-k1,1,2197.0,14.299225418288344,4.0,10.43,15.61,-2.935
3454707,2008-03-02 17:32:00,3,26,1,Rural,1-t1,3+4+5,34175.0,10.040858592940436,2.0,8.63,10.29,-8.6
3455836,2008-03-04 16:06:00,3,160,2,Rural,1-p1,2+5,33357.0,1.7340790447861265,4.0,16.02,19.94,0.13
3456053,2008-03-04 22:34:00,3,920,6,Rural,000-101,2,1479.0,0.6246445099050527,4.0,7.72,10.58,5.864
3458130,2008-03-07 07:29:00,3,56,9,Rural,63-02,2,32322.0,6.606636217384285,1.0,13.87,16.17,-3.17
3458410,2008-03-07 12:35:00,3,21,1,Rural,821-02,2,3470.0,10.429665211868016,5.0,1.413,3.136,
3458886,2008-03-08 06:18:00,3,56,9,Rural,75-02,3,3242.0,12.8629690810455,2.0,3.449,3.953,-4.458
3458905,2008-03-08 07:47:00,3,610,4,Rural,1-g5,4,31674.0,6.803346252097947,3.0,3.22,4.61,-2.79
3458927,2008-03-08 10:13:00,3,12,1,Rural,754-01,0,3242.0,2.872777329728576,3.0,0.149,0.817,-1.502
3458962,2008-03-08 12:52:00,3,240,3,Rural,35-08,2,36519.0,3.268885946375176,2.0,5.75,6.23,-3.94
3460368,2008-03-10 14:35:00,3,11,1,Rural,76-09,2+5,33750.0,2.4717524107204136,5.0,2.4,4.31,-0.14
3461166,2008-03-11 18:57:00,3,240,3,Rural,92-10,3,34087.0,6.034376183364302,3.0,6.7,12.64,-0.48
3462111,2008-03-13 08:32:00,3,11,1,Rural,1-d9,2,31488.0,1.9044098869907529,2.0,9.75,13.43,-0.4
3462356,2008-03-13 15:40:00,2,211,3,Rural,1-d8,2,31392.0,4.242754067369008,0.0,7.78,9.9,0.05
3464870,2008-03-15 21:10:00,3,910,7,Rural,1-c5,0,6315.0,4.185727287278547,0.0,7.202,8.43,-6.234
3466778,2008-03-20 01:53:00,3,11,1,Rural,39-01,2,1490.0,4.299396006310839,3.0,13.77,18.49,-0.837
3467180,2008-03-20 18:01:00,3,11,1,Rural,1-u9,3+5,35666.0,16.449274960295778,1.0,5.88,15.95,4.99
3467285,2008-03-20 23:25:00,3,910,7,Rural,1-c8,4+5,6310.0,6.224597695998298,5.0,7.644,10.09,-0.351
3468894,2008-03-24 01:11:00,3,12,1,Rural,41-16,2+5,31363.0,7.362730340286755,1.0,3.55,4.51,1.96
3469633,2008-03-25 10:27:00,3,26,1,Rural,60-01,0,31985.0,4.132726744171008,3.0,2.62,3.14,-6.02
3471415,2008-03-27 18:50:00,3,12,1,Rural,1-d8,2,1490.0,2.608331258106623,0.0,16.01,19.63,-3.57
3471525,2008-03-27 21:50:00,2,26,1,Rural,829-01,2+5,3470.0,7.8772676773877945,0.0,2.668,4.737,
3479954,2008-03-29 10:00:00,3,270,3,Rural,93-03,0,34175.0,3.132694520645847,0.0,12.52,15.78,-5.58
3474821,2008-04-02 14:57:00,3,12,1,Rural,85-06,4+5,3695.0,3.7304134837250493,3.0,8.71,10.65,0.855
3475187,2008-04-03 08:20:00,3,240,3,Rural,1-e1,2+5,31488.0,3.5630446612593976,0.0,9.29,12.35,2.3
3475997,2008-04-04 11:11:00,2,11,1,Rural,1-p2,2,33357.0,15.662862216209307,1.0,2.92,4.61,-7.26
3476753,2008-04-05 14:07:00,3,240,3,Rural,93-03,0,34175.0,3.1358839959649676,3.0,7.78,10.88,-8.35
3478664,2008-04-08 11:18:00,1,685,4,Rural,34-02,2,31399.0,5.1113400372381665,2.0,12.48,18.42,1.99
3478960,2008-04-08 16:22:00,2,11,1,Rural,54-06,4+5,1868.0,22.698864471485667,2.0,6.728,10.03,0.1
3479222,2008-04-09 06:09:00,2,240,3,Rural,41-16,2+5,31363.0,7.247050959719142,1.0,9.52,11.66,-0.73
3483621,2008-04-09 22:00:00,2,45,8,Rural,1-p4,3+6,3463.0,8.038499418619425,0.0,6.104,8.2,0.96
3480407,2008-04-11 07:45:00,1,240,3,Rural,1-d6,4,31399.0,4.734974859057136,5.0,11.59,14.9,1.56
3480632,2008-04-11 13:10:00,3,12,1,Rural,87-04,2,3595.0,6.3428071648947775,0.0,11.32,13.2,-3.374
3481373,2008-04-12 14:38:00,3,45,8,Rural,1-f5,2,31579.0,2.6012689043938875,2.0,5.15,7.25,3.05
3482892,2008-04-14 20:21:00,3,45,8,Rural,000-103,2,7475.0,8.255230563776296,1.0,0.692,1.072,0.788
3483086,2008-04-15 07:55:00,3,660,4,Rural,1-p4,4+5,3463.0,2.7815067589975513,5.0,7.25,10.85,0.931
3484113,2008-04-16 12:18:00,3,21,1,Rural,1-h3,2,31985.0,12.503239124429976,2.0,12.75,16.46,3.5
3485624,2008-04-18 14:00:00,3,995,9,Rural,5010-01,3+6+8,1685.0,10.653290550532175,0.0,1.233,2.613,11.03
3486458,2008-04-19 20:18:00,3,11,1,Rural,748-02,3+6+8,3433.0,15.523855512932968,2.0,1.521,1.829,5.317
3489354,2008-04-24 00:24:00,3,11,1,Rural,354-01,2,6310.0,10.479328470628461,4.0,5.741,7.971,6.683
3489607,2008-04-24 13:05:00,3,11,1,Rural,1-b0,4,36156.0,4.020171240322901,5.0,8.43,11.17,8.96
3489697,2008-04-24 16:47:00,3,240,3,Rural,76-08,4,33750.0,8.225746911177316,3.0,1.06,1.86,6.88
3489804,2008-04-24 22:56:00,3,70,1,Rural,931-03,3+6,4060.0,6.202081979964215,4.0,0.995,1.731,3.627
3490621,2008-04-26 04:06:00,3,21,1,Rural,1-g4,4+5,1673.0,0.5226949658880865,4.0,12.79,16.56,2.593
3491203,2008-04-27 05:06:00,3,22,1,Rural,574-07,0,1925.0,3.438379231732017,4.0,8.7,11.3,0.4
3492465,2008-04-29 06:45:00,3,11,1,Rural,82-03,4,3662.0,5.021946056205063,5.0,9.1,11.4,0.8
3493543,2008-04-30 16:36:00,3,11,1,Rural,1-f5,2,31579.0,0.10831279960927795,4.0,25.22,30.48,3.41
3494837,2008-05-02 16:15:00,3,22,1,Rural,60-37,3+6,2428.0,21.97986239595015,5.0,9.03,14.18,3.302
3495433,2008-05-03 17:46:00,3,12,1,Rural,41-17,2,31363.0,10.889171222369702,4.0,8.34,11.27,11.36
3498667,2008-05-08 13:02:00,3,923,6,Rural,33-01,2,31399.0,11.006299123584824,2.0,4.24,7.84,11.44
3498875,2008-05-08 18:41:00,3,240,3,Rural,60-33,3+6,32355.0,19.56515523897527,1.0,10.41,12.54,0.81
3498974,2008-05-08 22:23:00,3,45,8,Rural,47-12,4+5,1673.0,14.077634484312158,3.0,9.71,13.0,6.32
3499225,2008-05-09 09:42:00,3,240,3,Rural,1-j1,2+5,32097.0,0.13535020293063219,2.0,7.83,9.53,-1.82
3499701,2008-05-09 20:43:00,3,11,1,Rural,82-01,2,3463.0,2.532748449280411,3.0,2.24,3.855,-1.152
3499768,2008-05-09 22:57:00,3,22,1,Rural,45-01,2,1453.0,3.7320607956923912,3.0,6.773,9.6,6.686
3499816,2008-05-10 00:20:00,3,130,2,Rural,1-m5,4,3242.0,10.868786819096403,0.0,1.541,2.156,-0.345
3500477,2008-05-11 01:11:00,2,11,1,Rural,43-01,2,31363.0,11.061226029795433,1.0,2.41,2.84,5.29
3501592,2008-05-13 08:02:00,3,240,3,Rural,1-g3,2,1673.0,5.662650987196743,2.0,2.635,3.299,8.09
3501602,2008-05-13 08:46:00,3,11,1,Rural,41-16,2+5,31363.0,3.749805686779905,4.0,0.92,1.47,7.54
3502604,2008-05-14 08:42:00,3,24,1,Rural,92-10,3+4+5,34087.0,6.119351430576688,2.0,0.73,1.18,4.14
3503810,2008-05-15 17:16:00,3,130,2,Rural,60-46,2,2636.0,1.7655461864928848,4.0,2.829,3.499,2.682
3504903,2008-05-17 09:26:00,3,12,1,Rural,1-p6,2+5,3470.0,4.7474466428481445,4.0,2.839,4.149,
3505051,2008-05-17 16:27:00,2,11,1,Rural,360-03,3,1590.0,12.964396153666423,3.0,8.95,10.6,1.721
3507567,2008-05-21 08:42:00,3,11,1,Rural,1-s5,3,34238.0,9.872640314013358,2.0,5.48,7.78,0.6
3509717,2008-05-23 16:13:00,3,330,4,Rural,41-21,2,1453.0,11.531028786913094,3.0,11.78,14.99,10.58
3509789,2008-05-23 18:19:00,3,12,1,Rural,510-01,3+6+8,1779.0,5.337374535909674,1.0,7.65,12.64,10.68
3510134,2008-05-24 06:05:00,3,11,1,Rural,85-32,3+6,34559.0,22.244290143629787,5.0,5.01,6.27,5.0
3510283,2008-05-24 16:23:00,3,24,1,Rural,35-04,2+5,36411.0,7.904473174807148,3.0,4.26,6.27,12.19
3510618,2008-05-25 02:46:00,3,24,1,Rural,1-q1,0,3470.0,2.5710360243321153,4.0,3.298,5.913,
3511396,2008-05-26 10:09:00,2,240,3,Rural,35-01,2,31399.0,6.213723333029559,1.0,5.4,9.02,9.02
3513500,2008-05-28 13:00:00,3,12,1,Rural,61-22,4,32474.0,9.534200321476273,0.0,1.47,2.35,8.4
3513382,2008-05-28 14:21:00,3,12,1,Rural,1-a6,0,6272.0,2.9440064407636326,1.0,3.227,5.194,11.18
3513436,2008-05-28 15:02:00,2,45,8,Rural,47-11,2,1685.0,1.1348464468184578,2.0,5.841,7.12,12.19
3513678,2008-05-28 22:35:00,3,26,1,Rural,85-21,3+6,4828.0,5.958395759761023,5.0,1.446,3.463,5.18
3516871,2008-06-02 13:54:00,3,11,1,Rural,74-01,4,33419.0,3.2203148264955606,4.0,7.33,10.39,16.6
3517497,2008-06-03 08:23:00,3,240,3,Rural,f910-09,2+5,5933.0,11.30410141929408,3.0,4.835,5.651,4.348
3518715,2008-06-04 15:49:00,3,22,1,Rural,000-103,2,31579.0,2.667193801754712,1.0,15.57,21.76,15.84
3520428,2008-06-06 17:58:00,3,24,1,Rural,000-541,3+6,33419.0,3.513954977945693,2.0,2.13,3.23,12.21
3522008,2008-06-08 23:14:00,3,45,8,Rural,420-01,2,31363.0,5.93316666429551,4.0,2.41,3.23,10.11
3522480,2008-06-09 14:11:00,3,141,2,Rural,41-16,2+5,31363.0,8.695182788175211,1.0,3.79,5.88,11.24
3524442,2008-06-11 20:29:00,2,45,8,Rural,92-09,4,34087.0,0.8879864379208778,1.0,6.14,9.31,6.74
3525495,2008-06-13 13:07:00,3,141,2,Rural,30-02,2,6310.0,8.775197833962167,3.0,4.039,7.742,15.18
3525969,2008-06-13 21:09:00,2,111,4,Rural,1-k2,4+5,2197.0,9.047951213797356,1.0,4.113,5.194,8.68
3527237,2008-06-16 00:25:00,3,24,1,Rural,1-d8,2,31392.0,5.464231957204676,5.0,3.15,4.02,5.64
3527249,2008-06-16 01:00:00,2,910,7,Rural,1-x5,2+5,35315.0,1.1787935648363146,0.0,0.02,0.33,8.5
3528587,2008-06-17 10:11:00,2,920,6,Rural,000-351,3+8,1925.0,5.056138671798085,1.0,9.1,13.4,8.5
3528550,2008-06-17 20:06:00,2,12,1,Rural,523-01,3+6+8,1881.0,15.835164553570221,4.0,5.327,7.38,9.07
3529399,2008-06-18 20:04:00,3,12,1,Rural,54-02,0,1779.0,8.342192411876413,4.0,7.6,10.62,8.56
3530707,2008-06-20 16:30:00,3,111,4,Rural,1-x1,4,5552.0,29.958006069573674,0.0,4.2,5.5,8.4
3530827,2008-06-20 21:29:00,3,685,4,Rural,35-07,2,6515.0,2.712283975850416,1.0,3.846,5.717,10.62
3531844,2008-06-22 12:34:00,3,11,1,Rural,1-b1,4+5,36156.0,2.1057797753220324,4.0,5.75,8.23,12.44
3531911,2008-06-22 15:53:00,3,22,1,Rural,848-01,2+5,4303.0,7.959122787447073,3.0,3.634,6.141,8.99
3532206,2008-06-22 18:10:00,3,45,8,Rural,47-11,2,1685.0,1.5410571978082759,0.0,8.1,10.26,11.44
3533360,2008-06-24 13:48:00,3,320,4,Rural,43-01,2+5,1362.0,5.646696619222659,2.0,3.0,4.8,11.5
3534078,2008-06-25 09:30:00,3,26,1,Rural,645-04,3,2481.0,11.821957671917968,0.0,2.997,3.691,10.65
3534075,2008-06-25 10:53:00,3,320,4,Rural,1-a6,2+5,6272.0,6.223626945648214,3.0,2.639,4.443,14.47
3534737,2008-06-26 07:11:00,3,12,1,Rural,1-f7,2,1578.0,5.652398810040042,1.0,0.537,0.719,5.935
3536031,2008-06-27 18:50:00,3,923,6,Rural,1-f5,2,31579.0,2.0253114295361585,0.0,3.74,6.66,15.3
3536299,2008-06-28 11:58:00,3,45,8,Rural,931-01,0,34175.0,8.814037207880613,2.0,7.4,10.78,0.99
3536472,2008-06-28 17:46:00,2,70,1,Rural,3118-01,3+6,31399.0,11.971098975328635,4.0,3.33,10.19,12.04
3536601,2008-06-28 21:49:00,2,70,1,Rural,76-07,4,33750.0,12.798151527892465,1.0,9.26,12.45,5.09
3536809,2008-06-29 04:43:00,2,26,1,Rural,36-01,2,31399.0,14.951681518996596,3.0,3.22,9.21,6.07
3537439,2008-06-30 09:32:00,2,11,1,Rural,60-43,3,2636.0,19.621142018392508,2.0,6.972,8.88,0.0
3538024,2008-07-01 00:33:00,3,21,1,Rural,410-01,2,7475.0,5.251571042267467,3.0,1.978,3.034,9.83
3539185,2008-07-02 15:58:00,3,12,1,Rural,60-08,3+5,2175.0,1.6192546084067752,2.0,12.05,18.26,9.91
3540569,2008-07-04 12:46:00,3,11,1,Rural,1-g4,2+5,31674.0,5.738611527358171,4.0,1.16,2.06,14.42
3540727,2008-07-04 13:28:00,2,21,1,Rural,54-08,4+5,31840.0,4.426008108742067,2.0,2.98,4.21,15.47
3541401,2008-07-05 14:32:00,3,240,3,Rural,83-02,2,3477.0,9.755934986167054,2.0,5.672,6.893,16.17
3542732,2008-07-07 09:18:00,3,11,1,Rural,1-q8,3+4+5,33394.0,10.629260185893726,2.0,1.31,2.08,7.38
3543490,2008-07-08 12:14:00,3,11,1,Rural,1-k8,4+5,3223.0,15.147871501383513,4.0,4.91,6.86,9.22
3544144,2008-07-09 10:45:00,3,45,8,Rural,550-01,0,6802.0,3.8025279673732904,5.0,2.655,4.377,15.79
3546271,2008-07-12 05:10:00,3,12,1,Rural,92-10,0,34087.0,3.2017287510845587,0.0,0.23,1.18,4.61
3546408,2008-07-12 13:59:00,2,45,8,Rural,1-g4,2,31674.0,1.9013464084745069,1.0,13.93,24.5,12.58
3546560,2008-07-12 16:30:00,3,21,1,Rural,550-01,3+6+8,6802.0,10.696171081794345,0.0,3.653,8.95,11.32
3546617,2008-07-12 22:55:00,2,70,1,Rural,1-v2,3,35666.0,2.050471049170644,5.0,9.19,10.45,7.54
3546704,2008-07-12 23:52:00,2,24,1,Rural,47-11,2,1685.0,1.087966595873434,2.0,5.397,13.1,13.2
3546665,2008-07-13 00:27:00,3,11,1,Rural,61-38,0,2646.0,1.3571564118370487,3.0,2.06,4.181,11.87
3548077,2008-07-15 07:54:00,3,11,1,Rural,96-07,3,5982.0,1.5658110943669112,4.0,2.954,4.573,8.28
3548642,2008-07-15 15:15:00,3,45,8,Rural,f210-07,6+11,6235.0,10.758223351892903,5.0,9.62,14.54,8.02
3548605,2008-07-15 18:07:00,2,45,8,Rural,1-v2,2+5,35666.0,2.050471049170644,3.0,5.38,12.33,13.02
3548933,2008-07-15 20:57:00,2,11,1,Rural,1-u2,3+5,5885.0,12.527707507417041,3.0,9.48,14.67,10.79
3549083,2008-07-16 14:41:00,2,26,1,Rural,1-m4,4,3242.0,16.01002479157659,1.0,4.331,6.697,13.72
3549237,2008-07-16 18:52:00,3,440,4,Rural,426-01,2,1362.0,5.018159107169661,2.0,3.7,5.9,14.4
3550655,2008-07-18 18:57:00,3,11,1,Rural,41-15,2,31363.0,2.947694466287073,3.0,8.06,10.98,13.63
3550713,2008-07-18 21:43:00,3,24,1,Rural,408-01,2+5,7475.0,9.283479618614138,3.0,5.267,9.35,12.17
3550739,2008-07-18 22:31:00,3,21,1,Rural,503-01,2,1578.0,13.514855517129737,1.0,4.867,13.36,11.81
3551081,2008-07-19 11:39:00,2,45,8,Rural,000-451,8+11,32355.0,23.284944510761385,1.0,1.8,3.04,10.46
3551366,2008-07-19 21:09:00,3,11,1,Rural,26-01,0,6315.0,9.74314739885246,1.0,5.819,7.677,14.86
3551652,2008-07-20 03:45:00,2,11,1,Rural,35-08,2,6515.0,2.752239974591641,5.0,2.561,3.169,2.241
3551717,2008-07-20 05:32:00,2,11,1,Rural,951-02,6,4180.0,0.2714994426624783,2.0,5.28,7.25,11.2
3552029,2008-07-20 17:44:00,3,11,1,Rural,607-03,6,2266.0,6.235952888410127,4.0,5.969,7.77,12.28
3552309,2008-07-21 04:30:00,3,12,1,Rural,1-c2,0,6315.0,4.6123760683766815,0.0,9.25,12.25,13.38
3552492,2008-07-21 13:40:00,3,240,3,Rural,000-801,3+6,1490.0,1.4270936316265104,0.0,13.95,18.23,11.0
3553267,2008-07-22 11:43:00,3,650,4,Rural,845-01,2+5,33495.0,14.034724889372086,3.0,5.74,9.6,12.45
3553717,2008-07-23 10:37:00,3,24,1,Rural,360-02,3,1496.0,10.923882945799162,3.0,15.48,19.18,5.806
3554738,2008-07-24 15:41:00,3,11,1,Rural,44-03,2+5,1362.0,15.076262783530028,1.0,12.3,15.2,12.9
3555643,2008-07-25 19:08:00,2,24,1,Rural,1-h4,4+5,32097.0,11.165575952857814,2.0,8.98,10.37,6.76
3556235,2008-07-26 18:24:00,3,26,1,Rural,1-Q5,2+5,3474.0,12.128996834597098,4.0,3.432,5.88,15.4
3556250,2008-07-26 19:01:00,2,22,1,Rural,358-01,3+6+8,6515.0,7.734143183717651,1.0,5.918,9.57,16.18
3556269,2008-07-26 19:54:00,3,685,4,Rural,61-22,4,2481.0,10.32368159109847,4.0,3.126,4.345,14.89
3556294,2008-07-26 20:52:00,3,12,1,Rural,1-u3,3+6,5872.0,4.292825155257293,2.0,0.298,0.817,11.11
3556754,2008-07-27 12:50:00,3,142,2,Rural,1-e2,2,1479.0,6.057206084096343,0.0,5.004,8.2,19.02
3556804,2008-07-27 15:06:00,3,22,1,Rural,61-27,3+6+8,32355.0,16.747606594995602,4.0,1.12,2.74,18.59
3557316,2008-07-28 11:37:00,3,660,4,Rural,821-01,4+5,3470.0,4.505006863030857,3.0,1.907,3.332,
3558236,2008-07-29 17:43:00,3,12,1,Rural,60-47,2,2641.0,1.4394489637148227,3.0,2.158,2.973,18.99
3559791,2008-07-31 18:59:00,3,833,5,Rural,000-601,3,3470.0,4.307995668748429,1.0,5.633,7.77,
3559803,2008-07-31 19:34:00,3,22,1,Rural,361-01,2+5,1590.0,20.224754877312513,4.0,5.35,6.879,9.52
3560763,2008-08-01 20:11:00,3,11,1,Rural,1-g4,2,31674.0,3.9462829807173487,1.0,6.0,7.55,19.36
3561565,2008-08-02 18:30:00,3,836,5,Rural,000-601,0,3470.0,4.249470362632951,0.0,4.288,6.827,
3563054,2008-08-04 18:13:00,2,11,1,Rural,1-r0,0,33394.0,6.674752494730513,3.0,4.69,6.19,9.31
3565374,2008-08-07 12:55:00,3,12,1,Rural,354-02,2,36411.0,6.5446470041164515,5.0,0.87,1.76,12.42
3566021,2008-08-08 08:39:00,3,12,1,Rural,54-02,2,1868.0,11.606455849765725,1.0,2.667,3.593,9.49
3566184,2008-08-08 17:13:00,2,240,3,Rural,1-p2,3+5,33357.0,12.04238790845952,3.0,4.15,6.17,9.9
3566649,2008-08-09 13:13:00,3,45,8,Rural,1-g4,2,31674.0,3.8588418736886987,3.0,2.47,5.1,13.28
3567496,2008-08-10 18:17:00,3,24,1,Rural,252-04,11,6208.0,12.853505365175097,3.0,4.879,6.337,11.57
3567515,2008-08-10 18:58:00,2,56,9,Rural,923-04,3+6,5933.0,22.988388092296926,2.0,5.381,7.58,6.429
3567775,2008-08-11 09:19:00,2,142,2,Rural,1-d6,2,31399.0,1.9860180848742173,1.0,4.31,8.43,12.23
3568365,2008-08-11 18:19:00,3,12,1,Rural,92-04,3+5,34073.0,4.166386481028082,1.0,2.69,3.51,8.4
3568595,2008-08-12 05:42:00,3,11,1,Rural,1-b7,0,36132.0,1.4163806990533179,2.0,1.03,1.86,10.04
3569657,2008-08-13 12:31:00,3,12,1,Rural,1-b4,4,6045.0,7.57690704309425,1.0,8.05,11.73,13.27
3569964,2008-08-13 20:08:00,3,12,1,Rural,508-02,3+6,1689.0,10.091202143509287,2.0,2.236,3.397,8.96
3570103,2008-08-14 04:50:00,3,12,1,Rural,85-03,3+6,3691.0,10.052346226553228,0.0,5.6,7.3,10.2
3570477,2008-08-14 16:17:00,3,240,3,Rural,61-27,3+6,32355.0,17.591472345083194,3.0,10.61,14.7,8.13
3570586,2008-08-14 21:15:00,3,22,1,Rural,82-12,3+6,33750.0,15.102141602847844,5.0,9.8,13.03,12.32
3571015,2008-08-15 13:16:00,3,21,1,Rural,1-t8,3+6,35965.0,1.5961020080754333,4.0,4.62,7.94,12.87
3572264,2008-08-17 07:02:00,3,12,1,Rural,420-01,0,31363.0,7.307344099045378,2.0,8.11,11.37,11.33
3572557,2008-08-17 21:27:00,3,24,1,Rural,518-03,2,6802.0,2.967260210598179,3.0,1.925,6.893,12.89
3574222,2008-08-20 08:15:00,2,122,4,Rural,41-17,2,31363.0,11.179859349710675,5.0,4.04,5.49,9.86
3574766,2008-08-20 17:34:00,3,11,1,Rural,864-04,6+11,4614.0,10.044287960636098,4.0,1.947,5.129,14.04
3575663,2008-08-21 21:17:00,3,56,9,Rural,61-40,3+6,2641.0,2.858750518822137,3.0,2.356,4.737,9.41
3575760,2008-08-22 01:29:00,3,12,1,Rural,35-05,2+5,36411.0,3.5649462909950116,1.0,4.58,6.27,10.52
3576083,2008-08-22 13:12:00,3,240,3,Rural,f88-02,6+8+11,4019.0,11.665941954667668,2.0,1.123,3.659,13.1
3576280,2008-08-22 17:53:00,2,240,3,Rural,000-231,2,31363.0,8.393657773889299,3.0,9.02,12.45,11.52
3576415,2008-08-22 23:24:00,3,24,1,Rural,1-u7,3+5,5872.0,7.3204993110973415,4.0,3.263,7.68,10.84
3576828,2008-08-23 17:47:00,3,142,2,Rural,1-d2,2+5,31399.0,11.325192594735674,3.0,6.01,10.0,10.28
3577285,2008-08-24 07:35:00,3,21,1,Rural,60-31,2,32355.0,5.848774413316066,5.0,3.6,5.78,4.98
3577573,2008-08-24 17:43:00,2,22,1,Rural,60-34,3+6+8,2428.0,26.06245300202696,3.0,4.942,8.46,11.84
3577783,2008-08-25 10:43:00,3,835,5,Rural,635-04,0,32654.0,11.314639039764922,3.0,2.92,7.74,10.79
3580252,2008-08-26 17:00:00,3,875,5,Rural,41-16,0,31363.0,10.306335196376466,0.0,6.99,9.51,10.95
3580717,2008-08-28 14:05:00,3,70,1,Rural,504-01,3+8,1673.0,9.057959770281956,5.0,7.65,10.62,10.78
3581066,2008-08-29 15:13:00,1,60,9,Rural,61-28,3+11,32355.0,18.61732482116607,3.0,10.95,16.56,11.25
3581476,2008-08-30 06:09:00,3,240,3,Rural,41-17,2+5,31363.0,10.847869062048485,1.0,8.13,11.07,10.32
3581923,2008-08-31 01:38:00,3,11,1,Rural,35-04,2,36411.0,6.046414087323281,2.0,4.93,6.66,8.47
3583082,2008-09-01 15:21:00,2,60,9,Rural,54-22,3+6,2175.0,26.208536076878808,1.0,1.579,2.842,13.55
3583770,2008-09-02 14:28:00,3,11,1,Rural,59-02,3+5+8,32190.0,9.134029969507283,2.0,14.38,19.31,9.3
3583864,2008-09-02 16:30:00,3,26,1,Rural,863-01,4+5,4303.0,7.0309035423655715,0.0,3.195,7.02,7.97
3583920,2008-09-02 17:52:00,3,113,4,Rural,1-r1,0,4303.0,5.799715626696164,2.0,4.57,6.925,7.77
3584161,2008-09-03 06:35:00,2,945,6,Rural,41-15,2,1370.0,1.1693128364257621,5.0,1.216,2.254,6.063
3584437,2008-09-03 11:59:00,2,22,1,Rural,431-01,2,1483.0,5.927998125607632,1.0,2.405,4.508,12.82
3585263,2008-09-04 11:48:00,3,320,4,Rural,1-v3,0,35666.0,12.668697610624411,2.0,3.75,4.53,8.57
3585509,2008-09-04 18:25:00,3,320,4,Rural,1-g8,2,1779.0,6.160610067322747,5.0,4.588,5.847,10.41
3586872,2008-09-06 17:23:00,3,21,1,Rural,425-02,4+5,1362.0,4.204016873325661,3.0,5.6,8.5,10.8
3587337,2008-09-07 08:49:00,3,11,1,Rural,1-s4,2+5+6,34238.0,3.578822621051326,1.0,4.46,6.7,5.92
3588326,2008-09-08 17:15:00,3,923,6,Rural,61-11,4,2481.0,1.2858619825173925,5.0,3.644,5.031,13.24
3588510,2008-09-09 03:38:00,3,22,1,Rural,45-01,2,1453.0,6.904419298800959,2.0,13.83,19.7,11.41
3588560,2008-09-09 08:07:00,3,70,1,Rural,1-d8,2,1490.0,2.776821584403769,3.0,9.96,12.74,7.71
3589136,2008-09-10 00:30:00,3,12,1,Rural,1-e1,2+5,31488.0,2.563983486079751,0.0,1.66,2.16,6.76
3594961,2008-09-10 15:31:00,3,11,1,Rural,92-07,3,5981.0,1.8494227312049858,1.0,6.079,10.55,12.99
3590280,2008-09-10 17:04:00,3,26,1,Rural,1-d8,2,31392.0,5.752601100311518,4.0,4.91,6.76,11.14
3591150,2008-09-11 22:51:00,2,923,6,Rural,34-05,4,1391.0,8.118689956452377,1.0,2.7,4.2,9.3
3595430,2008-09-13 04:00:00,3,12,1,Rural,96-10,3+5,5885.0,4.982662743111916,0.0,3.832,6.174,9.46
3592896,2008-09-15 05:49:00,3,12,1,Rural,43-01,2,1361.0,8.719805613850172,1.0,5.501,7.775,10.78
3593680,2008-09-16 10:24:00,1,12,1,Rural,76-07,4,33750.0,22.14488087365234,4.0,12.35,18.23,13.59
3593764,2008-09-16 11:57:00,3,22,1,Rural,000-270,3+8,1479.0,4.008755892499251,3.0,6.34,10.71,12.18
3606419,2008-09-16 17:00:00,2,45,8,Rural,000-601,0,3474.0,0.364995105812014,0.0,13.84,17.71,9.4
3594849,2008-09-17 17:11:00,2,860,5,Rural,000-101,0,1479.0,0.6856919163309544,1.0,8.57,13.43,7.99
3595491,2008-09-18 13:49:00,3,112,4,Rural,1-f5,2,1479.0,4.656646312982206,1.0,11.07,17.08,10.53
3595558,2008-09-18 15:29:00,3,70,1,Rural,9340-02,6+8+11,4060.0,16.698913973336396,1.0,2.264,8.07,11.78
3596352,2008-09-20 00:27:00,3,11,1,Rural,429-02,2,1453.0,5.980291367219208,3.0,17.03,22.34,10.48
3596545,2008-09-20 09:39:00,3,440,4,Rural,1-e1,2+5,1479.0,6.860830321610465,1.0,6.236,8.75,7.98
3599977,2008-09-20 22:17:00,3,11,1,Rural,41-16,2,31363.0,0.4832413577877097,3.0,6.75,9.02,3.29
3597069,2008-09-21 12:42:00,2,24,1,Rural,633-04,6,32654.0,20.067541778506172,2.0,5.27,7.84,7.2
3599752,2008-09-25 14:09:00,2,12,1,Rural,518-02,2+5,6802.0,17.7065218002385,1.0,6.419,10.98,9.48
3600666,2008-09-26 18:24:00,3,11,1,Rural,35-02,3,31399.0,15.948905768092654,4.0,14.4,20.19,7.69
3600746,2008-09-26 20:25:00,3,141,2,Rural,1-j2,4+5,2197.0,11.963224764883245,5.0,1.693,3.561,6.128
3601458,2008-09-28 02:11:00,2,11,1,Rural,92-02,4,34175.0,5.338199328057946,1.0,7.07,10.29,2.13
3601666,2008-09-28 11:11:00,2,22,1,Rural,809-01,4,33563.0,6.442953764098645,1.0,3.18,5.98,9.08
3602487,2008-09-29 10:40:00,3,320,4,Rural,35-02,2,31399.0,12.737029857301028,0.0,5.82,10.39,7.58
3602652,2008-09-29 21:57:00,3,11,1,Rural,43-01,2+5,1362.0,4.672939850592243,3.0,1.7,3.1,5.2
3603406,2008-10-01 05:22:00,3,12,1,Rural,1-m3,4,33419.0,19.26259748819141,2.0,9.69,12.74,0.38
3603516,2008-10-01 10:21:00,3,11,1,Rural,1-m2,4+5,33419.0,7.415622270631538,1.0,9.28,11.86,0.81
3607127,2008-10-01 11:00:00,3,11,1,Rural,52-02,0,1779.0,12.31181245914165,0.0,3.895,6.043,1.777
3603715,2008-10-01 15:46:00,3,12,1,Rural,38-02,2,31392.0,10.336589290589414,4.0,10.24,14.21,1.41
3603849,2008-10-01 21:43:00,3,920,6,Rural,1-c2,4+5,6222.0,8.143206375694685,3.0,2.592,5.161,0.504
3604007,2008-10-02 08:30:00,3,510,4,Rural,1-p6,2,3470.0,4.08240856578049,0.0,5.198,7.81,
3604979,2008-10-03 15:20:00,3,21,1,Rural,F338-01,3+8+11,36519.0,8.937939733228095,0.0,5.33,7.21,-0.36
3605303,2008-10-04 02:25:00,3,26,1,Rural,1-d8,2,31392.0,5.246741061246459,5.0,3.05,6.86,-2.55
3605458,2008-10-04 10:45:00,2,240,3,Rural,829-02,2+6,3371.0,7.172771719647117,5.0,4.074,5.749,1.882
3607245,2008-10-07 12:40:00,3,11,1,Rural,45-01,2+5,1453.0,7.959258997039606,0.0,9.79,14.41,10.76
3607686,2008-10-08 06:42:00,3,12,1,Rural,61-33,2+5,32654.0,17.286601351449672,2.0,0.63,1.08,6.2
3607709,2008-10-08 07:32:00,3,122,4,Rural,41-16,2+5,31363.0,3.3913783709924807,2.0,2.98,3.23,3.35
3607701,2008-10-08 07:37:00,3,12,1,Rural,41-16,2+5,31363.0,2.8528176998305224,3.0,3.23,3.43,3.2
3607714,2008-10-08 07:52:00,3,11,1,Rural,41-15,2,1370.0,1.0464476305122123,2.0,4.236,4.41,2.407
3607859,2008-10-08 13:08:00,2,240,3,Rural,38-02,2+5,31392.0,13.192691247000395,2.0,1.8,2.65,5.39
3609831,2008-10-11 21:22:00,3,22,1,Rural,44-02,2,1453.0,14.7948104786173,2.0,6.486,8.04,7.91
3610136,2008-10-12 04:20:00,3,11,1,Rural,523-01,3,6802.0,15.985131868537769,0.0,1.187,2.156,-0.165
3610781,2008-10-13 12:14:00,3,11,1,Rural,92-07,3,5981.0,2.534662877790876,4.0,5.817,7.58,6.564
3611032,2008-10-13 18:43:00,3,70,1,Rural,1-g1,2,1578.0,9.98583606967334,3.0,7.15,10.22,6.702
3611302,2008-10-14 08:09:00,3,11,1,Rural,35-01,2,31399.0,7.283655480834009,1.0,3.22,4.02,2.18
3612423,2008-10-15 22:12:00,3,24,1,Rural,1-n1,0,33357.0,5.993215558993761,2.0,2.48,2.99,-3.72
3612422,2008-10-16 03:15:00,3,12,1,Rural,38-02,2,31392.0,10.285705785602099,5.0,1.02,1.86,0.62
3613023,2008-10-16 23:29:00,3,11,1,Rural,34-02,2+5,31399.0,10.798602168112868,1.0,2.91,4.51,5.6
3613417,2008-10-17 12:27:00,3,80,9,Rural,000-102,3,1590.0,6.190601232801053,3.0,0.0,0.0,-0.042
3613894,2008-10-18 03:28:00,3,12,1,Rural,41-16,0,31363.0,6.360584847740896,2.0,4.59,5.68,1.71
3613899,2008-10-18 06:09:00,3,11,1,Rural,1-d6,2+5,31399.0,3.9019492782798677,1.0,0.01,0.1,1.08
3615376,2008-10-20 19:56:00,3,22,1,Rural,92-02,3+5,4275.0,4.669458848938681,4.0,18.43,21.04,-5.475
3615506,2008-10-20 23:19:00,3,11,1,Rural,43-01,2+5,1362.0,5.996271538196861,1.0,5.7,9.7,-0.1
3616609,2008-10-22 13:58:00,3,141,2,Rural,1-d2,2,6310.0,12.218752703097461,2.0,5.785,7.481,0.544
3616666,2008-10-22 15:21:00,3,70,1,Rural,1-d2,2,31399.0,11.64898395754582,1.0,6.8,10.58,0.49
3616821,2008-10-22 22:38:00,3,945,6,Rural,41-16,2+5,31363.0,10.114127302368695,2.0,7.87,11.56,0.87
3616978,2008-10-23 10:46:00,3,11,1,Rural,1-k2,4,2197.0,6.79009436641706,4.0,7.74,9.44,1.106
3617359,2008-10-23 23:53:00,3,12,1,Rural,1-d8,2,31392.0,0.19395563389817141,3.0,20.38,20.38,-1.78
3617576,2008-10-24 11:30:00,3,11,1,Rural,1-g4,2+6,31674.0,1.0124556299896337,0.0,13.47,17.74,-0.48
3617587,2008-10-24 11:46:00,2,922,9,Rural,1-q3,2,3477.0,5.903144116332153,4.0,13.14,16.2,-1.01
3618295,2008-10-25 16:31:00,3,240,3,Rural,1-f5,2+5,31579.0,0.844880028720013,1.0,14.76,22.05,-0.64
3618766,2008-10-26 13:39:00,3,11,1,Rural,26-03,4,6420.0,9.994640904186467,1.0,2.81,4.345,-0.81
3618851,2008-10-26 17:03:00,3,141,2,Rural,1-p3,2+5,3463.0,12.917543740371427,3.0,4.874,7.91,0.828
3619557,2008-10-27 21:28:00,3,60,9,Rural,60-27,3+5,32355.0,13.599250209370888,2.0,0.32,1.08,-5.7
3620127,2008-10-28 18:20:00,3,21,1,Rural,60-30,2+5,32355.0,3.1141997835834223,0.0,6.57,8.92,-0.91
3621559,2008-10-31 12:28:00,3,12,1,Rural,50-01,4+5,1779.0,5.566592925313579,2.0,10.28,18.0,6.468
3621553,2008-10-31 13:18:00,3,11,1,Rural,45-01,2,1453.0,6.39450436108925,2.0,11.86,15.78,7.74
3622967,2008-11-03 08:56:00,3,24,1,Rural,360-03,2,1590.0,12.696335875181276,4.0,0.0,0.0,-1.396
3624078,2008-11-05 07:45:00,3,991,6,Rural,61-45,2,32643.0,2.9382315719499568,5.0,4.74,16.95,6.93
3626889,2008-11-09 10:51:00,3,12,1,Rural,54-02,2,1779.0,11.591184247455748,1.0,5.278,7.84,4.553
3626897,2008-11-09 11:03:00,3,26,1,Rural,1-g9,2,1779.0,9.399608624524259,3.0,4.766,7.42,4.666
3627363,2008-11-10 10:20:00,3,11,1,Rural,92-02,2,4275.0,4.477348824875558,0.0,2.17,2.66,-1.196
3627565,2008-11-10 14:04:00,3,12,1,Rural,60-46,2+5,2636.0,5.154650946989002,4.0,14.02,19.92,-6.046
3628045,2008-11-11 11:46:00,3,12,1,Rural,42-01,0,1370.0,7.809708012331896,4.0,5.884,8.13,1.052
3629315,2008-11-13 12:55:00,3,130,2,Rural,1-p3,2,3470.0,18.490060670924663,5.0,3.864,10.16,
3630104,2008-11-14 17:58:00,3,12,1,Rural,37-01,2,36411.0,8.980766812077801,2.0,1.47,1.96,-0.01
3630175,2008-11-14 20:37:00,3,56,9,Rural,61-36,3,2646.0,9.463930272643246,3.0,7.269,17.74,-1.658
3630206,2008-11-14 22:20:00,3,11,1,Rural,1-m3,4,33419.0,15.82070674289324,0.0,6.82,11.27,-0.4
3630237,2008-11-14 22:30:00,3,11,1,Rural,54-16,4+5,31942.0,10.99952413009749,0.0,11.79,16.07,-1.95
3630985,2008-11-16 07:46:00,3,11,1,Rural,30-02,2,6310.0,8.553122776615991,4.0,3.063,4.051,-4.473
3631007,2008-11-16 10:38:00,3,60,9,Rural,1-d1,1+2,6310.0,6.011938188425279,2.0,1.749,2.842,-0.989
3633880,2008-11-20 16:47:00,3,56,9,Rural,821-01,4,3470.0,8.730814315629544,3.0,1.885,2.809,
3635102,2008-11-22 13:15:00,3,920,6,Rural,54-09,4+5,1936.0,1.9069386393218812,5.0,9.93,14.8,3.413
3635150,2008-11-22 19:08:00,3,12,1,Rural,35-03,2,36411.0,15.990825476784444,2.0,2.57,3.53,0.46
3635470,2008-11-23 10:59:00,3,1094,5,Rural,262-01,0,6222.0,4.647305875542836,1.0,2.883,4.312,0.312
3635509,2008-11-23 13:18:00,3,12,1,Rural,54-09,4+5,1936.0,0.690789323580759,2.0,13.89,20.74,0.915
3635656,2008-11-23 16:03:00,3,11,1,Rural,85-04,4+5,3691.0,6.870469746854076,3.0,1.2,3.5,-0.5
3635631,2008-11-23 18:56:00,3,12,1,Rural,85-27,3,4652.0,15.905130451118264,4.0,7.516,10.06,-0.752
3636286,2008-11-24 20:03:00,2,26,1,Rural,1-r1,4+5,4303.0,8.916468527233553,3.0,7.23,11.14,-0.173
3636345,2008-11-24 23:39:00,3,11,1,Rural,1-f5,2,31579.0,4.496024838620886,1.0,7.3,9.11,2.7
3638537,2008-11-28 14:31:00,3,26,1,Rural,1-k8,4+5,3223.0,15.76238547951707,1.0,6.237,8.95,-4.48
3638599,2008-11-28 16:10:00,3,875,5,Rural,3642-01,2,6515.0,6.223967937477018,0.0,8.3,11.34,-4.686
3640431,2008-12-02 00:36:00,3,11,1,Rural,51-02,2,1673.0,11.200343498820855,4.0,5.532,8.2,-2.251
3641189,2008-12-03 07:03:00,3,12,1,Rural,41-16,2,31363.0,6.940968340051927,3.0,11.83,16.86,-0.33
3642561,2008-12-05 11:18:00,3,22,1,Rural,000-102,2+5,1479.0,5.56809778135163,2.0,0.0,0.0,-4.911
3642723,2008-12-05 14:17:00,3,240,3,Rural,75-06,1,3433.0,7.388621929510093,3.0,1.063,1.797,-3.335
3642833,2008-12-05 19:06:00,2,240,3,Rural,1-g8,2,1779.0,6.133934289736747,4.0,2.466,3.234,-8.88
3643207,2008-12-06 11:58:00,2,11,1,Rural,1-h2,4+6,31985.0,8.109605874119179,2.0,13.16,18.03,0.89
3644282,2008-12-08 10:38:00,1,56,9,Rural,1-u4,3,5872.0,6.941667655900587,2.0,4.11,6.566,-0.64
3644289,2008-12-08 10:44:00,3,11,1,Rural,41-16,2+5,31363.0,4.063600260546596,4.0,0.35,2.25,-1.2
3644361,2008-12-08 11:56:00,3,26,1,Rural,54-11,4,31931.0,11.149723595900314,4.0,1.8,3.33,-3.71
3646133,2008-12-11 14:26:00,3,11,1,Rural,37-01,2,36411.0,9.318886048204618,4.0,11.0,16.66,1.23
3646738,2008-12-12 11:39:00,3,11,1,Rural,1-c2,4,6315.0,5.719133938098281,1.0,3.5,4.41,-2.345
3647955,2008-12-14 15:33:00,3,24,1,Rural,261-02,4+8,6222.0,0.25630643267296466,3.0,3.345,4.149,-1.229
3647971,2008-12-14 16:23:00,3,21,1,Rural,36-06,2,1590.0,12.85916718831007,3.0,0.0,0.083,-7.938
3648755,2008-12-16 00:31:00,3,24,1,Rural,54-15,2,31942.0,4.102588650844244,1.0,14.1,22.74,2.2
3649850,2008-12-17 20:57:00,3,24,1,Rural,000-871,3+6,6045.0,11.690448453232976,3.0,3.918,5.325,1.165
3652893,2008-12-17 21:00:00,3,920,6,Rural,000-102,3,1370.0,6.95042786426096,0.0,2.118,4.018,-1.434
3649875,2008-12-17 21:51:00,3,12,1,Rural,92-04,2,5975.0,2.5252366036516256,1.0,0.893,1.339,-1.917
3650002,2008-12-18 05:41:00,3,21,1,Rural,34-03,2,31399.0,11.06507231788987,1.0,4.29,6.37,-1.93
3650390,2008-12-18 18:04:00,3,70,1,Rural,000-600,5,3470.0,2.0098131325405824,4.0,3.435,5.88,
3650801,2008-12-19 15:17:00,3,12,1,Rural,51-01,2,1578.0,11.154378008154717,3.0,3.712,4.835,1.275
3650847,2008-12-19 16:31:00,2,240,3,Rural,1-g1,2,1673.0,12.7975654349398,1.0,0.326,1.503,-1.288
3650906,2008-12-19 19:00:00,3,160,2,Rural,37-01,2,36411.0,8.956281080880803,0.0,0.21,0.88,-4.91
3651508,2008-12-20 13:00:00,3,60,9,Rural,1-x7,4,35305.0,2.1731375760865546,0.0,5.57,6.86,0.41
3651507,2008-12-20 23:19:00,3,22,1,Rural,76-04,4,3433.0,19.585178387341983,1.0,0.99,1.895,-7.929
3651592,2008-12-21 01:55:00,3,11,1,Rural,45-03,2+5,1453.0,3.3725274455209995,5.0,14.59,19.21,2.531
3651802,2008-12-21 11:09:00,3,36,1,Rural,85-01,4+5,3380.0,14.760240723496038,1.0,4.018,15.88,-2.111
3652203,2008-12-22 10:39:00,3,12,1,Rural,50-03,2,1779.0,8.621900153189488,1.0,9.2,14.57,3.674
3652270,2008-12-22 12:03:00,3,12,1,Rural,1-u9,3,5872.0,11.085184364284228,3.0,9.47,12.87,3.257
3652556,2008-12-22 22:23:00,3,11,1,Rural,1-q7,2,33495.0,13.985254034214167,3.0,8.66,11.56,3.32
3652617,2008-12-23 01:10:00,3,12,1,Rural,431-01,3+5,1483.0,4.788628855749277,0.0,16.87,21.14,2.775
3653387,2008-12-24 22:45:00,3,11,1,Rural,1-d8,3,31392.0,0.6210389450839942,5.0,9.44,12.45,0.96
3653587,2008-12-25 23:24:00,3,11,1,Rural,41-15,2,1370.0,4.037157250586263,4.0,5.153,10.22,0.763
3653834,2008-12-26 20:38:00,3,160,2,Rural,1-f5,2,31579.0,0.9250359317903616,2.0,15.17,20.68,4.34
3654519,2008-12-27 23:38:00,2,12,1,Rural,85-12,3+4+5,4614.0,8.247439839252538,2.0,5.015,6.893,3.786
3654764,2008-12-28 17:20:00,3,56,9,Rural,1-u7,3,5872.0,7.426835008133124,0.0,2.454,2.973,1.293
3654789,2008-12-28 18:12:00,3,56,9,Rural,1-k2,4+5,2197.0,8.348521209954091,2.0,11.67,14.77,5.209
3656045,2008-12-30 17:29:00,3,11,1,Rural,1-m9,0,3242.0,8.131361587013203,1.0,8.6,11.73,-3.065
3656114,2008-12-30 20:42:00,3,910,7,Rural,1-d6,0,31399.0,3.8832462918747166,2.0,16.64,20.38,1.53
3657138,2009-01-01 14:51:00,1,240,3,Rural,82-03,2,33563.0,3.5560822469439963,1.0,0.5,0.88,-3.75
3657368,2009-01-02 07:32:00,3,22,1,Rural,1-q3,2,3474.0,4.91177808838274,2.0,2.723,3.659,2.998
3657723,2009-01-02 19:15:00,3,410,4,Rural,35-03,2,36411.0,8.809279292413365,5.0,3.72,4.9,2.96
3658311,2009-01-04 02:36:00,3,55,9,Rural,000-730,0,5975.0,1.0079293347446652,4.0,3.752,6.239,0.475
3658566,2009-01-04 15:52:00,2,12,1,Rural,1-d8,3,1490.0,1.9012456648546614,2.0,3.027,3.561,0.388
3658570,2009-01-04 16:15:00,3,923,6,Rural,1-d8,0,1490.0,1.8210675906450786,5.0,1.516,2.548,0.328
3658759,2009-01-05 01:35:00,3,12,1,Rural,574-07,4+5,1924.0,3.052082970809905,5.0,1.096,2.025,2.064
3658802,2009-01-05 07:49:00,1,851,5,Rural,1-d2,2,31399.0,5.393929213618415,1.0,0.53,1.47,1.14
3658967,2009-01-05 12:12:00,3,11,1,Rural,1-a2,2+6,36386.0,9.54467833593747,2.0,6.51,8.72,5.32
3659133,2009-01-05 14:47:00,3,70,1,Rural,96-04,3,5988.0,1.2676081682548688,3.0,2.676,3.267,3.008
3659073,2009-01-05 14:52:00,3,12,1,Rural,821-01,2+5,3470.0,6.015163578976198,2.0,3.559,4.867,
3659903,2009-01-07 02:03:00,3,11,1,Rural,75-03,4,3433.0,4.518446472283884,3.0,7.078,10.39,2.411
3660160,2009-01-07 13:49:00,3,11,1,Rural,54-04,4+5,1868.0,14.630776254928026,1.0,10.74,15.42,5.92
3660500,2009-01-08 07:52:00,2,12,1,Rural,92-07,3,34075.0,2.7491365416041353,2.0,2.7,4.9,8.0
3661451,2009-01-09 21:04:00,3,11,1,Rural,30-01,2,6310.0,2.0643950018339963,4.0,6.599,9.02,1.877
3661680,2009-01-10 12:36:00,3,12,1,Rural,41-15,2+5,31363.0,2.6737069929736847,4.0,2.33,2.84,1.34
3661752,2009-01-10 15:36:00,3,11,1,Rural,1-g4,4+6,31674.0,2.410829657548282,4.0,14.95,22.93,1.17
3663062,2009-01-13 01:52:00,3,12,1,Rural,1-f5,2+5,31579.0,1.4869081058143587,2.0,4.28,5.19,-3.69
3663499,2009-01-13 21:53:00,3,923,6,Rural,1-b4,4,6045.0,7.148261255898672,3.0,6.525,8.4,1.795
3663972,2009-01-14 19:24:00,3,12,1,Rural,41-15,2,31363.0,2.831405768241313,4.0,5.27,7.84,2.12
3664850,2009-01-16 15:24:00,3,21,1,Rural,1-c7,4+5,6315.0,6.70244436423856,4.0,6.861,8.43,0.017
3664854,2009-01-16 15:25:00,3,12,1,Rural,82-01,2,3463.0,2.4830047192783367,5.0,1.386,2.483,0.517
3665178,2009-01-17 05:23:00,3,11,1,Rural,92-04,3,5975.0,5.387943061653126,3.0,1.407,3.267,2.513
3665195,2009-01-17 06:37:00,3,11,1,Rural,54-15,4+5,31942.0,3.978642326476062,3.0,13.99,19.21,2.63
3665822,2009-01-18 05:56:00,2,12,1,Rural,1-p4,2,3463.0,2.6736351486512984,4.0,3.567,4.671,-8.16
3666157,2009-01-19 08:19:00,3,11,1,Rural,574-07,4+5,1924.0,3.122595642679164,1.0,10.85,13.03,2.022
3666758,2009-01-20 07:00:00,3,12,1,Rural,1-n1,3+5,33357.0,12.063506129871152,0.0,10.91,12.79,-1.39
3668513,2009-01-23 18:26:00,2,240,3,Rural,82-01,2,3463.0,0.7392619997733775,4.0,4.925,7.12,3.616
3669263,2009-01-25 06:47:00,3,11,1,Rural,1-g1,4,1673.0,11.474018733040845,3.0,11.71,19.04,4.435
3669326,2009-01-25 11:48:00,2,12,1,Rural,54-04,2,1868.0,15.008429224177078,2.0,10.81,14.31,1.065
3670420,2009-01-27 09:29:00,3,11,1,Rural,574-07,4+5,1924.0,3.368248991737122,1.0,2.127,4.443,1.892
3670666,2009-01-27 13:08:00,3,12,1,Rural,35-04,2,36411.0,2.197625176712839,2.0,2.12,4.31,-1.53
3671092,2009-01-27 19:48:00,3,11,1,Rural,1-c8,4,6310.0,7.418842758105687,2.0,6.836,9.05,-0.715
3671116,2009-01-27 21:05:00,2,920,6,Rural,1-g3,2,1673.0,9.884728775515747,5.0,10.12,12.38,1.314
3672003,2009-01-29 14:45:00,3,11,1,Rural,821-02,2,3371.0,10.242858608252607,5.0,6.835,8.79,0.084
3672495,2009-01-30 12:49:00,3,12,1,Rural,1-x6,4,35315.0,10.410305122768053,1.0,4.23,5.43,-2.6
3673671,2009-02-01 13:02:00,3,22,1,Rural,431-01,0,1483.0,4.618746788356539,2.0,7.61,8.43,-2.53
3673694,2009-02-01 15:53:00,3,26,1,Rural,61-38,2,2646.0,5.527707495702464,3.0,1.166,1.764,-3.11
3674270,2009-02-02 17:46:00,3,12,1,Rural,1-a4,2+6,6272.0,8.607168645661854,4.0,4.541,5.161,-5.104
3675300,2009-02-04 14:55:00,3,60,9,Rural,92-05,2+5,5975.0,1.3785399450885831,5.0,7.25,10.03,-4.835
3676009,2009-02-05 23:09:00,3,11,1,Rural,61-38,2+5,2646.0,4.983528011511287,1.0,1.938,2.94,-6.208
3679483,2009-02-12 15:19:00,3,945,6,Rural,41-22,2,1350.0,2.345188818415699,1.0,15.35,23.06,
3679590,2009-02-12 19:48:00,3,142,2,Rural,1-k5,4+5,33204.0,0.20867213021665887,2.0,0.09,0.88,-5.7
3680075,2009-02-13 13:30:00,3,12,1,Rural,35-04,2+5,36411.0,4.405513514575977,0.0,1.3,3.04,3.98
3680771,2009-02-14 21:18:00,3,12,1,Rural,41-15,2,1370.0,1.0482646712483874,2.0,3.372,3.985,1.86
3682647,2009-02-18 07:26:00,3,141,2,Rural,1-d8,2+5,31392.0,4.324392824179781,4.0,6.56,10.68,1.81
3682756,2009-02-18 07:26:00,3,11,1,Rural,1-d8,0,31392.0,4.307771331832568,4.0,6.56,10.68,1.81
3682726,2009-02-18 09:08:00,3,320,4,Rural,1-g8,4+5,1779.0,5.808067323810633,2.0,4.453,6.925,3.176
3683090,2009-02-18 23:54:00,3,910,7,Rural,1-d6,2,31399.0,4.7081790654518,4.0,8.28,11.86,1.29
3683297,2009-02-19 11:56:00,3,12,1,Rural,35-01,2,31399.0,3.587862276369451,4.0,4.99,7.64,1.82
3684403,2009-02-21 10:50:00,3,11,1,Rural,1-g8,2,1779.0,5.751610761348864,0.0,3.482,5.423,4.931
3684499,2009-02-21 15:55:00,3,11,1,Rural,1-t0,2,34175.0,19.75130109144197,5.0,8.13,10.29,0.59
3685024,2009-02-21 23:41:00,3,11,1,Rural,1-t8,0,35965.0,1.1251632037177735,1.0,22.04,30.58,-0.87
3685624,2009-02-23 21:01:00,2,11,1,Rural,1-m9,4,3242.0,6.933594189044786,1.0,5.917,6.925,-3.429
3686071,2009-02-24 14:42:00,3,11,1,Rural,60-04,3+5,2175.0,19.261778359834828,2.0,11.8,14.5,0.99
3686155,2009-02-24 16:27:00,3,240,3,Rural,1-m5,2,3242.0,11.395016884980805,3.0,0.037,0.229,-1.39
3686182,2009-02-24 17:15:00,3,11,1,Rural,1-j1,4,32097.0,2.1002573843451424,5.0,8.28,9.76,-2.71
3686222,2009-02-24 18:38:00,2,11,1,Rural,954-02,6+11,34087.0,2.5962463239924247,2.0,5.08,8.23,0.14
3687661,2009-02-27 07:43:00,3,923,6,Rural,1-d9,2,1490.0,4.445186867293714,3.0,13.97,16.53,-2.961
3688004,2009-02-27 23:00:00,3,11,1,Rural,1-d2,2,31399.0,8.175797771771256,0.0,0.31,1.37,1.21
3688418,2009-02-28 19:35:00,3,440,4,Rural,41-13,2,7475.0,5.485465784981685,5.0,0.344,0.557,1.391
3688711,2009-03-01 09:21:00,2,24,1,Rural,1-x3,4+5,35315.0,20.013609637563125,1.0,2.25,3.31,0.1
3688915,2009-03-01 19:45:00,3,211,3,Rural,1-g4,4+5,31674.0,0.1763363392264005,5.0,13.31,29.01,2.22
3688949,2009-03-01 19:51:00,1,12,1,Rural,51-01,2+5,31572.0,0.25064779506734225,1.0,8.54,12.41,2.68
3688966,2009-03-02 01:06:00,3,12,1,Rural,61-05,0,2197.0,17.354942690718598,4.0,4.991,8.17,1.185
3689912,2009-03-03 14:19:00,3,160,2,Rural,41-13,2,7475.0,5.2803474300524655,1.0,1.389,2.324,-2.503
3689974,2009-03-03 16:33:00,3,12,1,Rural,41-16,2,31363.0,5.003693296663851,3.0,11.54,15.09,-2.5
3689982,2009-03-03 17:00:00,3,12,1,Rural,41-15,2,31363.0,2.542823078652034,0.0,11.86,16.37,-1.98
3689995,2009-03-03 17:27:00,3,12,1,Rural,574-02,4,31931.0,13.030299451030391,3.0,20.15,34.5,-3.48
3690499,2009-03-04 14:57:00,3,111,4,Rural,85-04,2+5,3692.0,6.472253732995181,3.0,0.0,0.0,-4.009
3690505,2009-03-04 15:24:00,3,130,2,Rural,92-07,2+5,34075.0,2.660340763335613,4.0,7.4,10.5,-2.6
3690522,2009-03-04 16:06:00,3,160,2,Rural,92-07,3,34075.0,4.009060233915695,4.0,6.9,10.7,-3.1
3691323,2009-03-06 03:45:00,3,11,1,Rural,344-01,3+6,6420.0,10.92535246846717,5.0,4.989,6.697,-5.949
3692055,2009-03-07 06:52:00,3,12,1,Rural,1-m3,0,33419.0,14.30708205386011,2.0,4.66,5.49,-4.82
3693557,2009-03-08 14:15:00,3,24,1,Rural,36-04,0,1590.0,20.796855590095827,5.0,19.56,24.33,-7.302
3693013,2009-03-09 07:44:00,3,11,1,Rural,1-k2,4,2197.0,5.950672441664219,4.0,9.99,12.05,-2.762
3693839,2009-03-10 10:27:00,3,12,1,Rural,61-06,3,32390.0,15.464193439329458,3.0,6.65,7.74,-4.35
3695686,2009-03-13 16:12:00,3,11,1,Rural,35-02,2,31399.0,14.749553579730112,2.0,11.76,17.93,0.74
3695980,2009-03-14 00:15:00,3,11,1,Rural,420-01,2+5,31363.0,2.401835604786947,5.0,15.82,20.68,-0.33
3695986,2009-03-14 05:15:00,3,12,1,Rural,40-02,2,7475.0,2.587578723945977,5.0,3.015,5.962,2.935
3696673,2009-03-15 21:48:00,3,11,1,Rural,429-02,2,1350.0,5.1076582357919404,2.0,9.15,12.97,
3696714,2009-03-15 23:44:00,3,12,1,Rural,54-12,4,1938.0,4.945502464496815,4.0,8.96,18.13,1.685
3696886,2009-03-16 11:11:00,3,240,3,Rural,1-d9,2+5,31488.0,1.821952016560725,1.0,9.09,15.88,0.03
3697486,2009-03-17 11:31:00,3,11,1,Rural,61-36,2,2646.0,4.194401501012119,1.0,0.389,1.568,0.85
3699696,2009-03-21 16:52:00,3,240,3,Rural,1-d8,2,31392.0,5.111255665285284,2.0,12.79,17.15,-0.09
3699723,2009-03-21 18:40:00,2,240,3,Rural,1-d9,2,1490.0,4.372413802441707,0.0,9.72,15.84,-0.948
3700303,2009-03-22 19:18:00,2,45,8,Rural,428-01,0,1370.0,8.758387937719643,2.0,4.256,5.945,1.02
3702444,2009-03-26 09:33:00,3,240,3,Rural,744-02,4,33419.0,14.189912681892917,3.0,17.06,21.95,-3.23
3702808,2009-03-26 17:42:00,3,945,6,Rural,421-01,2,31363.0,7.102765940567608,2.0,10.57,14.11,-0.13
3703015,2009-03-27 07:47:00,2,21,1,Rural,41-15,2+5,1370.0,2.076426720330999,3.0,3.399,4.475,-3.353
3703445,2009-03-27 17:38:00,3,11,1,Rural,82-01,2,3463.0,5.875179743228927,2.0,7.38,8.92,-6.53
3703825,2009-03-28 13:27:00,2,11,1,Rural,43-01,2,1361.0,4.345549157389361,3.0,9.59,11.76,-1.219
3703826,2009-03-28 13:29:00,3,715,9,Rural,000-301,3+5,1689.0,5.383179916430558,1.0,15.13,17.54,-4.558
3703879,2009-03-28 16:59:00,3,141,2,Rural,35-02,2,31399.0,15.442663616607138,1.0,0.28,1.37,1.58
3704091,2009-03-29 04:22:00,3,11,1,Rural,61-31,0,2646.0,17.95836782447469,2.0,1.127,1.862,-3.283
3704262,2009-03-29 16:39:00,3,410,4,Rural,35-02,2,31399.0,12.739080214382057,1.0,4.18,7.94,-1.84
3704286,2009-03-29 17:40:00,3,240,3,Rural,54-16,4+5,31942.0,5.822246371000015,0.0,15.07,18.23,-3.46
3704753,2009-03-30 12:27:00,3,11,1,Rural,1-k2,4,2197.0,6.249368972667916,3.0,10.64,13.65,-4.459
3705429,2009-03-31 08:00:00,3,11,1,Rural,1-b4,2+6+8,6045.0,8.174606999316834,0.0,13.88,19.63,-0.214
3705579,2009-03-31 21:15:00,3,12,1,Rural,41-16,2,31363.0,7.445187601462367,5.0,11.83,16.27,-0.28
3707247,2009-04-03 16:34:00,3,142,2,Rural,1-k6,4,33204.0,5.262251909010871,4.0,6.7,9.31,5.65
3707776,2009-04-04 17:22:00,2,11,1,Rural,96-08,3+5,5885.0,3.962148871013622,2.0,5.673,7.71,5.068
3709936,2009-04-08 07:29:00,3,70,1,Rural,1-e1,2,31488.0,1.9581466259091833,1.0,7.99,10.78,-2.06
3710528,2009-04-08 19:00:00,3,141,2,Rural,1-g5,2,31674.0,6.856357685313545,0.0,2.49,3.33,3.71
3711276,2009-04-10 10:14:00,2,11,1,Rural,1-h4,3+5,32097.0,6.55262140923518,4.0,13.67,15.29,-3.03
3711457,2009-04-10 18:33:00,3,45,8,Rural,000-231,11,31363.0,1.2798143285207069,3.0,10.75,14.31,2.68
3712889,2009-04-13 14:35:00,3,130,2,Rural,61-40,2,2641.0,3.5477154885838256,5.0,3.805,5.815,-0.405
3714400,2009-04-15 21:38:00,3,11,1,Rural,37-01,2+5,36411.0,9.492492848794312,2.0,1.24,1.86,5.41
3716477,2009-04-18 13:23:00,3,923,6,Rural,829-02,2+5,3371.0,9.322166143979612,3.0,5.67,8.17,10.27
3719896,2009-04-24 10:17:00,3,11,1,Rural,1-d6,2+5,31399.0,0.03092748076937372,3.0,12.45,31.16,2.22
3720987,2009-04-26 01:32:00,3,22,1,Rural,61-35,0,2646.0,1.9519771068527405,2.0,2.352,2.875,0.052
3721034,2009-04-26 03:41:00,2,12,1,Rural,1-e1,0,31488.0,5.271279892142319,1.0,7.17,9.31,1.46
3721330,2009-04-26 16:47:00,2,45,8,Rural,3894-01,3+6+8,31399.0,0.8748102986843777,3.0,3.04,7.35,7.04
3723259,2009-04-29 15:02:00,3,11,1,Rural,522-03,3+6,1881.0,5.6204166055957385,2.0,7.29,11.3,10.65
3724497,2009-05-02 02:50:00,3,12,1,Rural,1-p9,2,3470.0,2.607435586462279,0.0,0.833,1.699,
3724525,2009-05-02 04:46:00,2,11,1,Rural,93-02,2,34175.0,1.3875739281083144,4.0,4.39,6.08,1.46
3725141,2009-05-03 13:12:00,3,320,4,Rural,1-p5,2,3463.0,4.575459313514101,2.0,9.65,13.16,9.37
3726400,2009-05-05 16:53:00,3,11,1,Rural,1-a4,4,6272.0,1.9714314696394988,3.0,13.63,17.87,7.7
3727041,2009-05-06 16:29:00,3,141,2,Rural,33-01,2,31399.0,9.299146404244027,1.0,7.77,10.39,8.54
3727875,2009-05-07 21:12:00,3,12,1,Rural,1-v9,4,5544.0,11.868400993855511,2.0,15.39,19.77,4.598
3728177,2009-05-08 11:30:00,2,833,5,Rural,60-07,2,2175.0,10.334959632470358,0.0,10.23,15.35,2.538
3730633,2009-05-12 13:56:00,2,11,1,Rural,1-g3,2,1673.0,0.6695277603504114,4.0,19.81,26.72,11.17
3732652,2009-05-15 14:44:00,3,11,1,Rural,1-d6,0,31399.0,4.606941064809272,4.0,4.24,6.37,12.24
3733220,2009-05-15 21:30:00,2,45,8,Rural,502-01,0,1673.0,11.510192762607131,0.0,6.015,9.6,9.55
3732941,2009-05-16 00:01:00,3,12,1,Rural,1-t1,2,34175.0,16.960411799583103,1.0,6.27,7.25,0.25
3733094,2009-05-16 05:47:00,1,22,1,Rural,96-07,3+5,5982.0,1.3260875897697908,3.0,0.401,0.915,0.807
3733342,2009-05-16 15:18:00,3,22,1,Rural,851-01,3+6,3595.0,17.03527333887358,2.0,3.127,4.345,8.73
3733611,2009-05-17 00:58:00,3,141,2,Rural,1-g9,2+6+8,1779.0,9.228583364745713,2.0,4.078,6.043,4.313
3734352,2009-05-18 11:34:00,3,920,6,Rural,1-e1,2,31488.0,7.327100506725405,4.0,3.15,5.29,10.03
3735307,2009-05-19 20:49:00,3,11,1,Rural,54-17,4,31942.0,11.89905394418387,1.0,6.13,7.94,7.61
3735838,2009-05-20 20:27:00,3,11,1,Rural,1-m8,4,3242.0,8.763654598924639,3.0,4.193,5.031,8.15
3737491,2009-05-23 20:55:00,3,21,1,Rural,3550-01,3+6+8,36411.0,4.082560066672437,5.0,2.21,3.33,8.65
3737941,2009-05-24 19:30:00,3,45,8,Rural,408-01,2+5,7475.0,6.283054430452513,0.0,1.19,1.911,9.13
3739248,2009-05-26 14:49:00,3,12,1,Rural,85-12,4,4614.0,2.4270764520897607,1.0,4.313,6.141,8.21
3739583,2009-05-27 06:36:00,1,240,3,Rural,43-01,2+5,1361.0,8.767444595898278,4.0,0.51,0.947,6.458
3741433,2009-05-29 14:46:00,3,141,2,Rural,92-05,3+5,5975.0,0.6741170808821398,4.0,5.055,10.03,14.36
3741548,2009-05-29 18:37:00,3,22,1,Rural,1-g8,3,1779.0,6.364680344230845,3.0,9.56,16.27,9.17
3742014,2009-05-30 15:16:00,3,11,1,Rural,815-01,2,3463.0,1.8607924479167592,4.0,7.58,9.67,13.68
3742824,2009-06-01 02:00:00,3,11,1,Rural,1-d8,2,31392.0,1.2117977733337475,0.0,0.39,0.69,3.72
3742969,2009-06-01 11:54:00,3,11,1,Rural,60-07,4+5,2175.0,10.354009849291463,4.0,5.022,8.72,10.03
3742990,2009-06-01 13:02:00,2,21,1,Rural,344-01,3+6,6420.0,10.501017809861457,2.0,3.682,5.259,10.12
3743015,2009-06-01 14:34:00,3,320,4,Rural,1-g1,2,31572.0,7.547157470060549,4.0,4.647,7.023,9.51
3744964,2009-06-03 18:20:00,3,141,2,Rural,76-09,2+5,33750.0,7.980237236031885,0.0,5.96,6.86,6.94
3747193,2009-06-06 19:25:00,3,12,1,Rural,45-01,2,1453.0,6.285137277756665,5.0,5.335,7.55,11.18
3747208,2009-06-06 19:57:00,2,60,9,Rural,1-q5,2+5,3474.0,14.142447167499997,3.0,5.699,6.599,2.866
3747506,2009-06-07 05:27:00,2,12,1,Rural,65-01,3,2636.0,3.6808403255841853,3.0,2.596,3.122,2.546
3747597,2009-06-07 07:55:00,3,12,1,Rural,92-07,3+5,34075.0,5.119361259976713,5.0,1.5,3.0,8.9
3747765,2009-06-07 16:22:00,3,21,1,Rural,805-01,2,33563.0,8.061671686231767,2.0,3.71,4.9,8.73
3747815,2009-06-07 18:08:00,2,111,4,Rural,60-23,0,32282.0,10.608484024031123,2.0,4.02,5.49,8.88
3747923,2009-06-07 23:22:00,3,920,6,Rural,000-551,6+11,3433.0,21.467143822305452,2.0,4.219,5.259,7.274
3748801,2009-06-08 22:58:00,3,11,1,Rural,1-h4,3+5,32097.0,5.628426260435213,2.0,1.47,2.16,5.49
3750000,2009-06-10 15:43:00,3,660,4,Rural,51-01,2+5,31572.0,4.033960140157452,3.0,5.15,8.4,11.77
3751335,2009-06-12 13:21:00,2,11,1,Rural,1-m2,4+5,33419.0,10.141820702452739,1.0,5.04,8.43,10.55
3751456,2009-06-12 16:07:00,3,12,1,Rural,643-05,3+6,2692.0,13.361094642139038,3.0,4.467,5.913,6.887
3751661,2009-06-12 21:22:00,3,21,1,Rural,60-28,3+6,2266.0,14.605481451081868,2.0,7.58,9.57,8.38
3751688,2009-06-13 01:23:00,3,12,1,Rural,1-j2,2+5,32097.0,13.0471271381006,3.0,6.81,9.11,2.52
3752669,2009-06-14 22:33:00,3,22,1,Rural,820-01,3+5,3474.0,11.016268009309291,3.0,2.676,3.169,2.844
3753451,2009-06-15 20:49:00,3,22,1,Rural,61-33,2+5,32654.0,8.487041691130369,1.0,1.62,2.35,9.94
3755377,2009-06-18 11:47:00,3,12,1,Rural,51-02,2,31572.0,6.272465715650516,3.0,7.89,15.22,11.68
3756328,2009-06-19 18:53:00,3,22,1,Rural,82-01,2,3463.0,2.3009901905408636,3.0,9.1,12.58,7.08
3756969,2009-06-20 22:03:00,3,12,1,Rural,1-k9,0,33419.0,6.3245110677985155,3.0,1.32,1.67,8.03
3757371,2009-06-21 13:20:00,3,26,1,Rural,518-04,3+6+8,6802.0,4.386084732085673,0.0,4.369,7.61,10.15
3757620,2009-06-21 19:00:00,2,45,8,Rural,F578-02,3+8,6802.0,16.76185612971928,0.0,4.712,7.71,10.05
3758443,2009-06-22 19:49:00,3,860,5,Rural,000-551,6+8,3433.0,11.203052054425864,1.0,8.52,13.26,12.03
3759241,2009-06-23 19:24:00,3,11,1,Rural,39-01,2+5,1490.0,4.362269251647184,4.0,5.919,8.0,5.609
3759639,2009-06-24 11:18:00,3,160,2,Rural,1-f8,2,31572.0,4.821095019216849,2.0,4.659,6.925,8.95
3760007,2009-06-24 19:26:00,3,22,1,Rural,1-c8,4,6310.0,6.955973533494885,4.0,2.887,4.965,13.64
3761067,2009-06-26 12:12:00,3,923,6,Rural,1-f3,2,1479.0,0.6440262013293035,2.0,1.261,2.581,13.99
3761530,2009-06-27 03:28:00,3,21,1,Rural,92-04,3+5,5975.0,6.101840091727835,2.0,0.952,1.437,7.32
3761759,2009-06-27 13:37:00,3,11,1,Rural,59-01,2,2175.0,14.773034967561815,3.0,1.454,2.711,17.97
3761798,2009-06-27 14:52:00,3,26,1,Rural,47-03,2+5,1685.0,6.424912133415855,2.0,4.343,5.619,13.1
3761859,2009-06-27 16:59:00,3,320,4,Rural,35-03,2+5,36411.0,11.199389232206526,1.0,2.62,3.53,18.59
3762471,2009-06-28 18:27:00,2,26,1,Rural,36-11,4,1590.0,3.8931587975133515,3.0,8.84,10.24,
3763171,2009-06-29 16:06:00,3,12,1,Rural,1-s4,2,34238.0,0.8063408294503276,4.0,3.88,6.76,19.51
3763098,2009-06-29 16:37:00,3,12,1,Rural,1-h2,2+5,31985.0,8.118572372803177,3.0,4.33,5.68,13.77
3763219,2009-06-29 22:09:00,3,12,1,Rural,427-11,3,1486.0,12.593742934539097,1.0,1.283,1.829,11.22
3763884,2009-06-30 17:19:00,3,22,1,Rural,85-33,3+6,4652.0,8.676155631337226,1.0,6.736,7.775,9.35
3764035,2009-06-30 21:46:00,3,24,1,Rural,608-01,0,32474.0,13.282623282515457,4.0,4.65,6.27,11.26
3766430,2009-07-03 17:30:00,3,12,1,Rural,1-m8,0,3242.0,7.014002367365188,0.0,5.612,7.68,16.56
3766345,2009-07-03 19:07:00,3,11,1,Rural,54-22,3+6,31985.0,23.997178770793298,3.0,7.6,10.78,14.94
3767526,2009-07-05 13:35:00,3,11,1,Rural,1-t1,3+5,34175.0,12.643939832037972,5.0,9.53,12.05,6.57
3768190,2009-07-06 15:02:00,3,240,3,Rural,1-f8,2,31572.0,3.0840814468518953,2.0,5.862,7.448,13.35
3769071,2009-07-06 15:45:00,3,240,3,Rural,1-m7,0,3242.0,10.048733064669577,5.0,5.1,6.599,17.6
3769319,2009-07-07 20:26:00,3,24,1,Rural,1-q7,0,33495.0,14.8639461329677,4.0,5.37,6.86,14.23
3769771,2009-07-08 15:48:00,2,11,1,Rural,74-01,4+5,33419.0,1.530804490830984,2.0,3.56,5.1,17.13
3770364,2009-07-09 14:51:00,3,45,8,Rural,76-09,4+6,33750.0,8.956313791039095,1.0,3.43,4.21,13.54
3770556,2009-07-10 00:25:00,3,45,8,Rural,96-04,0,5988.0,3.7159217740677555,5.0,1.462,2.417,6.827
3770811,2009-07-10 10:59:00,3,24,1,Rural,837-03,4+5,3470.0,4.535861761633559,1.0,3.628,5.553,
3771684,2009-07-11 19:43:00,3,12,1,Rural,1-k2,4+5,2197.0,3.5018938495659366,3.0,11.34,15.48,10.95
3772283,2009-07-12 17:06:00,2,11,1,Rural,1-r4,0,34413.0,1.5064617225741859,4.0,6.69,9.21,9.69
3772298,2009-07-12 17:45:00,3,22,1,Rural,1-r5,4+5,34413.0,10.334194694402242,5.0,7.1,10.0,9.21
3773581,2009-07-14 13:45:00,3,21,1,Rural,60-36,3+6+8,2428.0,16.287715492501967,5.0,6.747,11.83,11.96
3773598,2009-07-14 13:58:00,3,11,1,Rural,54-05,4+6,1868.0,21.4984496571319,2.0,8.64,11.76,10.21
3774061,2009-07-15 09:10:00,3,12,1,Rural,50-01,2,1779.0,6.520202288412053,0.0,5.95,8.82,11.17
3774588,2009-07-16 08:04:00,3,685,4,Rural,853-01,4+5,3595.0,7.880143252234484,4.0,4.926,6.174,5.898
3775025,2009-07-16 20:42:00,3,22,1,Rural,605-03,3+6,2481.0,6.425717073492376,2.0,6.552,8.33,8.77
3775575,2009-07-17 16:24:00,2,921,9,Rural,000-701,6+8+11,34087.0,7.613585411535586,4.0,3.44,6.86,10.66
3777904,2009-07-17 20:00:00,2,45,8,Rural,769-01,0,3433.0,14.46111742793884,0.0,4.461,6.435,12.51
3775894,2009-07-18 04:51:00,3,12,1,Rural,1-g3,2,1673.0,8.467395498294001,1.0,0.167,0.653,7.01
3776566,2009-07-19 10:52:00,3,11,1,Rural,1-u4,3,35963.0,11.024229801156718,2.0,13.13,15.58,5.33
3776607,2009-07-19 13:40:00,3,22,1,Rural,325-01,3+6+8,6420.0,3.523393834732332,0.0,9.82,12.12,16.54
3778286,2009-07-21 13:45:00,2,45,8,Rural,1-x8,2+5,35305.0,2.9535734795889543,5.0,2.02,4.51,13.27
3778175,2009-07-21 15:32:00,2,22,1,Rural,85-10,3+4+5+6,3797.0,16.87705844888603,2.0,4.932,6.272,11.96
3778234,2009-07-21 17:28:00,1,12,1,Rural,61-35,2+5,2646.0,4.454415588427144,2.0,2.826,4.998,11.56
3778269,2009-07-21 19:07:00,3,11,1,Rural,35-17,0,3225.0,14.070316770606496,3.0,8.94,12.32,12.48
3779901,2009-07-22 15:10:00,3,1094,5,Rural,30-07,0,6515.0,5.351346762595379,0.0,8.19,13.65,17.38
3778735,2009-07-22 16:08:00,3,11,1,Rural,41-15,2,1370.0,4.933938531183483,2.0,5.404,6.631,16.48
3779552,2009-07-23 19:41:00,3,12,1,Rural,76-07,0,33750.0,11.76685797150302,1.0,3.99,10.19,3.63
3779879,2009-07-24 11:53:00,3,11,1,Rural,714-02,3+6+8,33204.0,8.75340887873066,3.0,4.05,6.47,5.93
3779978,2009-07-24 14:56:00,3,12,1,Rural,1-a4,4+5,6272.0,5.176584898493151,4.0,6.998,9.38,12.52
3779983,2009-07-24 15:19:00,3,11,1,Rural,1-d8,2,31392.0,0.3690508381806785,1.0,4.89,7.25,8.48
3780027,2009-07-24 16:43:00,3,22,1,Rural,26-01,0,6310.0,8.970648933131349,3.0,3.043,4.541,11.33
3780498,2009-07-25 13:53:00,3,11,1,Rural,32-03,4,6424.0,8.81435667512034,3.0,3.849,7.22,11.15
3780529,2009-07-25 15:53:00,2,11,1,Rural,219-01,4+6,6045.0,6.290737453972203,3.0,2.667,4.573,12.04
3783134,2009-07-29 14:49:00,3,410,4,Rural,1-k6,2+5,33204.0,8.444841803305511,1.0,7.13,10.0,10.63
3783794,2009-07-30 16:14:00,3,45,8,Rural,864-01,3+6+8,34413.0,14.509869669273876,4.0,7.64,10.19,9.51
3785226,2009-08-01 17:43:00,3,11,1,Rural,1-c0,2,6222.0,6.766708936081447,3.0,4.825,7.06,13.25
3786354,2009-08-02 00:40:00,3,841,5,Rural,3642-01,0,6515.0,6.290579463902312,0.0,0.385,0.947,8.8
3785683,2009-08-02 07:17:00,2,11,1,Rural,1-g4,2+5,31674.0,5.754640312369124,3.0,0.46,1.08,7.89
3786058,2009-08-02 14:07:00,2,45,8,Rural,1-x6,3,35305.0,10.048601202803448,3.0,3.09,5.0,15.53
3785896,2009-08-02 15:14:00,2,45,8,Rural,36-11,2,1590.0,4.308601978042488,4.0,6.056,8.44,
3786072,2009-08-02 21:23:00,3,240,3,Rural,000-601,2,3470.0,2.5344527770349985,3.0,3.539,5.161,
3789349,2009-08-03 17:00:00,3,45,8,Rural,000-701,0,4455.0,11.448345948131383,0.0,2.827,3.495,11.36
3787217,2009-08-04 13:42:00,3,45,8,Rural,92-10,3+5,34087.0,3.407153612785418,2.0,7.56,11.96,8.08
3788282,2009-08-05 18:32:00,3,111,4,Rural,1-p1,2,33357.0,7.3409746195804795,2.0,9.31,15.39,14.1
3790107,2009-08-08 20:52:00,3,22,1,Rural,76-09,2+5,33750.0,2.5462914251570696,2.0,1.27,3.33,13.59
3790402,2009-08-09 10:15:00,2,22,1,Rural,26-11,3+6,6657.0,17.80368477428257,5.0,2.976,5.063,9.18
3791496,2009-08-11 09:35:00,2,11,1,Rural,570-01,6+11,1924.0,7.300618595176505,5.0,0.011,0.261,11.36
3791893,2009-08-11 16:22:00,2,240,3,Rural,1-f8,2,31572.0,4.66332276650583,2.0,5.138,8.46,15.16
3792312,2009-08-12 11:03:00,2,12,1,Rural,208-01,3,6272.0,24.853186191375332,3.0,2.117,3.299,13.74
3792315,2009-08-12 11:12:00,2,142,2,Rural,75-02,4,3242.0,14.84517999511342,2.0,4.692,6.174,10.51
3793068,2009-08-13 12:40:00,3,923,6,Rural,1-n1,4+5,33357.0,12.656235664790188,0.0,5.01,6.76,9.76
3793535,2009-08-14 07:30:00,3,45,8,Rural,1-u1,2,35880.0,7.597631864538913,0.0,5.05,6.72,8.99
3793969,2009-08-14 16:55:00,2,45,8,Rural,268-02,3+6+8,6424.0,9.10542926707772,5.0,5.671,7.25,11.7
3793952,2009-08-14 18:57:00,3,141,2,Rural,1-f6,2,1578.0,4.158795390977989,3.0,2.557,4.083,12.78
3793953,2009-08-14 19:04:00,1,11,1,Rural,1-m3,4,33419.0,14.89467111128251,4.0,6.32,8.23,12.34
3794224,2009-08-15 06:12:00,3,24,1,Rural,574-10,4+5,1924.0,3.298617949792199,2.0,0.569,2.254,9.31
3794263,2009-08-15 09:31:00,3,26,1,Rural,1-g5,3+5,1779.0,6.772171464956339,1.0,3.277,5.488,10.29
3794826,2009-08-15 13:54:00,2,12,1,Rural,574-04,2+5,1924.0,11.184290035838435,4.0,3.708,5.782,12.11
3794521,2009-08-15 23:39:00,2,920,6,Rural,000-351,3+6,31942.0,24.33822713525665,1.0,6.15,8.23,10.05
3794843,2009-08-16 14:47:00,2,11,1,Rural,F347-01,6+11,6935.0,17.73425155194538,3.0,1.978,3.659,10.59
3794953,2009-08-16 19:46:00,3,12,1,Rural,1-h1,2+5,31985.0,8.974585860042797,4.0,1.46,2.35,8.92
3795659,2009-08-17 15:43:00,3,240,3,Rural,41-15,2,31363.0,10.575871955655732,3.0,4.84,7.06,12.02
3795819,2009-08-17 22:23:00,1,22,1,Rural,36-06,3,1590.0,15.699822545663743,3.0,3.761,4.941,
3798039,2009-08-21 14:05:00,3,21,1,Rural,523-01,3+6,6802.0,16.408277196052328,5.0,3.544,6.305,7.68
3798785,2009-08-23 07:24:00,3,11,1,Rural,1-g1,2,31572.0,9.120754571628908,4.0,13.56,18.33,11.29
3800364,2009-08-25 21:12:00,3,11,1,Rural,43-01,2+5,1361.0,3.618477588151295,2.0,10.0,12.61,11.87
3800375,2009-08-25 22:00:00,3,22,1,Rural,93-03,4,4275.0,6.620302581116973,0.0,2.712,5.045,2.64
3800666,2009-08-26 13:37:00,3,11,1,Rural,60-38,3+6,2428.0,11.209449551649387,3.0,2.393,5.423,14.43
3800764,2009-08-26 15:57:00,3,11,1,Rural,864-04,6+8+11,4614.0,5.120369689059047,3.0,3.506,5.553,10.87
3802076,2009-08-28 15:06:00,3,11,1,Rural,61-35,2+5,2646.0,1.9125879921128193,4.0,7.831,10.68,6.11
3802097,2009-08-28 15:48:00,3,142,2,Rural,35-02,2,31399.0,15.984292640466158,2.0,4.65,16.95,11.15
3802470,2009-08-29 10:42:00,3,12,1,Rural,1-s5,4+5,34238.0,6.0343651152651,2.0,14.32,18.33,3.4
3802684,2009-08-29 20:30:00,3,111,4,Rural,25-02,4+5,6315.0,6.463929627625141,0.0,6.986,9.05,9.37
3802980,2009-08-30 10:49:00,3,121,4,Rural,1-e1,2,31488.0,4.4778592933195185,1.0,7.06,9.7,11.02
3802995,2009-08-30 12:38:00,3,320,4,Rural,1-f6,2+5,1578.0,4.1401178238625755,2.0,7.71,10.94,12.29
3803740,2009-08-31 16:45:00,3,130,2,Rural,1-d8,2,31392.0,1.260837426531005,5.0,4.133,7.84,9.93
3803947,2009-08-31 23:25:00,3,22,1,Rural,410-01,2+5,7475.0,6.005973272263677,5.0,1.514,2.342,8.32
3804161,2009-09-01 11:52:00,2,45,8,Rural,000-102,3+6+8,31488.0,3.994481354068887,2.0,6.198,9.31,12.31
3825909,2009-09-02 11:57:00,3,12,1,Rural,268-03,3+6+8+11,6424.0,6.266129180568991,3.0,3.156,4.508,9.77
3804850,2009-09-02 13:49:00,3,22,1,Rural,60-38,3+6,2428.0,11.992134033467728,1.0,1.649,3.626,9.38
3805060,2009-09-02 22:22:00,3,660,4,Rural,1-p9,2,3470.0,2.926715189365443,2.0,1.926,3.201,
3805749,2009-09-03 16:36:00,3,45,8,Rural,76-06,2,3433.0,22.104186595178568,4.0,5.455,6.631,9.05
3806653,2009-09-05 00:28:00,3,26,1,Rural,1-u0,0,35880.0,10.02145464505793,2.0,1.899,2.509,8.37
3806630,2009-09-05 04:00:00,3,12,1,Rural,1-d8,2,31392.0,5.95311667215104,0.0,4.715,6.272,5.0
3806749,2009-09-05 11:18:00,3,11,1,Rural,26-04,0,6430.0,7.208824986445373,2.0,6.048,8.4,9.04
3806816,2009-09-05 14:38:00,3,21,1,Rural,570-01,3+6+8,1924.0,12.93098232164023,2.0,0.588,1.633,10.3
3807002,2009-09-06 00:18:00,2,141,2,Rural,41-17,2+5,1350.0,6.568481711395497,2.0,5.566,8.23,
3807347,2009-09-06 16:56:00,3,24,1,Rural,60-38,3+6,2428.0,22.604687190044313,4.0,0.987,1.666,11.23
3808033,2009-09-07 17:15:00,3,45,8,Rural,1-g1,2+5,31572.0,4.53300359265923,5.0,1.816,3.659,10.62
3810283,2009-09-11 15:37:00,2,21,1,Rural,F26-12,0,6776.0,16.56835279783354,3.0,10.42,13.46,7.91
3810581,2009-09-12 06:02:00,3,923,6,Rural,41-16,2+5,1350.0,9.425508207420286,2.0,5.177,6.272,
3811119,2009-09-12 10:17:00,3,22,1,Rural,816-01,0,3463.0,3.770486663008072,3.0,13.26,16.89,14.81
3810664,2009-09-12 12:11:00,3,45,8,Rural,000-861,8,6546.0,8.548878376452786,1.0,6.762,8.07,8.0
3812307,2009-09-15 11:47:00,3,45,8,Rural,431-02,3+6,1479.0,3.797002842482463,3.0,8.21,12.9,10.95
3812338,2009-09-15 12:41:00,2,860,5,Rural,000-301,6,1868.0,9.717483591602678,1.0,13.59,18.26,8.81
3814190,2009-09-18 17:09:00,3,22,1,Rural,92-09,4+6,5981.0,2.2355478187495135,1.0,0.553,0.751,9.6
3814617,2009-09-19 16:04:00,2,330,4,Rural,1-e1,2,31488.0,6.419506663482601,4.0,4.778,6.566,7.67
3818463,2009-09-25 10:55:00,1,70,1,Rural,917-02,3+6,4455.0,20.71471904147667,5.0,6.799,12.64,6.721
3819179,2009-09-27 21:06:00,3,12,1,Rural,1-s6,4,34238.0,21.04987522361456,4.0,5.232,6.174,-1.62
3822030,2009-10-02 15:59:00,3,240,3,Rural,1-j1,2,32097.0,0.08123427645460887,1.0,17.9,24.6,0.24
3822587,2009-10-03 18:40:00,3,240,3,Rural,92-02,3+5,4275.0,4.144901634364026,0.0,13.01,18.48,-5.435
3822634,2009-10-03 21:32:00,3,710,9,Rural,1-e1,2,31488.0,6.890298056494097,2.0,3.556,4.704,-2.83
3822827,2009-10-04 03:53:00,3,995,9,Rural,9435-01,0,34175.0,12.620331097550679,3.0,2.929,3.43,-5.61
3823134,2009-10-04 18:41:00,3,11,1,Rural,1-b0,4,36156.0,0.15934018414181755,1.0,7.16,9.31,-0.63
3823184,2009-10-05 00:18:00,3,12,1,Rural,82-03,3+5,33563.0,0.9097285213279083,2.0,2.547,3.136,-2.67
3823879,2009-10-05 19:05:00,3,11,1,Rural,41-15,2,31363.0,10.791640521117404,5.0,6.883,9.41,0.6
3824570,2009-10-06 19:23:00,2,12,1,Rural,420-01,0,31363.0,1.644750374379402,3.0,5.778,7.74,1.51
3827128,2009-10-10 08:44:00,3,921,9,Rural,000-701,3,35880.0,9.999688156888613,4.0,15.29,21.36,4.88
3827615,2009-10-11 09:23:00,3,660,4,Rural,1-q8,3+4+5,33495.0,12.175750627637386,3.0,4.142,5.978,-1.8
3829532,2009-10-14 07:53:00,2,11,1,Rural,1-d9,2+5,31488.0,4.706682748034447,3.0,17.29,26.85,8.94
3830197,2009-10-15 07:34:00,2,11,1,Rural,82-05,3+4,33563.0,9.870026981468529,4.0,9.84,16.07,6.11
3831173,2009-10-16 14:46:00,1,21,1,Rural,F333-02,6+8+11,36519.0,4.22117990501597,4.0,1.754,3.724,8.28
3831278,2009-10-16 18:04:00,2,11,1,Rural,41-15,2+5,31363.0,8.93462804709938,4.0,11.32,15.68,9.66
3831831,2009-10-18 01:55:00,3,923,6,Rural,1-h1,3+5,31985.0,8.22659766860295,5.0,3.521,4.802,0.21
3831921,2009-10-18 04:32:00,3,22,1,Rural,30-08,3,36519.0,1.8259003203924178,2.0,4.106,5.194,1.82
3832085,2009-10-18 17:10:00,3,240,3,Rural,1-d9,2+5,1490.0,3.5191742521571414,0.0,5.119,6.958,1.782
3832159,2009-10-18 22:18:00,3,24,1,Rural,1-c8,4,6310.0,6.234197378224157,2.0,1.066,3.397,1.534
3833802,2009-10-20 17:41:00,2,45,8,Rural,000-102,0,1590.0,7.23143470254839,1.0,3.952,6.399,
3834420,2009-10-21 17:28:00,1,70,1,Rural,1-g4,4+5,31674.0,5.783533465222647,2.0,4.114,5.292,5.46
3835645,2009-10-23 18:39:00,2,130,2,Rural,1-f6,2+5,1578.0,2.1358564123982604,1.0,0.321,0.882,6.654
3835945,2009-10-24 12:52:00,2,240,3,Rural,589-01,4+5,2175.0,2.8349859338086834,2.0,6.362,10.0,3.043
3836354,2009-10-25 12:05:00,2,26,1,Rural,76-09,2+5,33750.0,6.575592462901959,5.0,4.687,6.958,1.51
3836487,2009-10-25 18:05:00,3,21,1,Rural,1-q9,3+5,33394.0,0.5116721272400082,5.0,1.514,1.764,-1.37
3837520,2009-10-27 08:30:00,2,240,3,Rural,35-01,2,31399.0,7.486482837226956,0.0,9.36,13.03,5.17
3837590,2009-10-27 09:54:00,3,21,1,Rural,54-02,4+6,1779.0,10.731183430849432,4.0,5.843,8.59,-0.111
3837766,2009-10-27 12:04:00,2,24,1,Rural,1-g9,3+5,1881.0,8.522486081510033,4.0,4.731,6.925,2.608
3838044,2009-10-27 12:42:00,1,11,1,Rural,000-701,0,4455.0,19.405006254279606,2.0,1.18,1.699,1.302
3838173,2009-10-27 21:30:00,3,60,9,Rural,1-p9,1+2+5,3474.0,9.231597798786627,0.0,10.52,17.05,-0.366
3839090,2009-10-29 11:27:00,2,12,1,Rural,87-02,3,33495.0,4.422857681592113,3.0,2.521,3.822,5.67
3839635,2009-10-30 09:49:00,3,11,1,Rural,1-s8,3,,,,,,
3840686,2009-11-01 10:36:00,3,12,1,Rural,60-47,2,2641.0,1.401335460620091,4.0,2.051,3.071,1.546
3840685,2009-11-01 11:31:00,3,12,1,Rural,1-j1,4,32097.0,5.315111559074618,1.0,3.055,3.43,1.02
3840768,2009-11-01 16:03:00,3,12,1,Rural,43-01,4,1350.0,9.26052188840443,3.0,1.495,1.993,
3841215,2009-11-02 13:00:00,3,12,1,Rural,33-02,2+5,31399.0,16.014181894473218,0.0,7.91,11.47,4.42
3842774,2009-11-04 20:14:00,2,11,1,Rural,1-g9,3+5,1881.0,8.670782519457884,4.0,3.246,5.553,2.059
3842783,2009-11-04 20:47:00,3,11,1,Rural,1-g8,4+6,1779.0,5.06090702504058,3.0,4.753,9.28,2.968
3843388,2009-11-05 18:45:00,2,11,1,Rural,1-m3,8,33419.0,17.535360549509356,5.0,0.776,1.47,1.32
3843425,2009-11-05 20:44:00,3,12,1,Rural,1-m3,4,33419.0,12.785587110309873,4.0,1.421,2.744,1.84
3844473,2009-11-07 16:58:00,2,26,1,Rural,1-r3,3+5,4303.0,1.9578266622013178,2.0,1.716,5.259,2.154
3844705,2009-11-08 02:45:00,3,12,1,Rural,574-07,4+5,1924.0,4.376312970100584,5.0,0.899,2.221,3.477
3846323,2009-11-10 20:36:00,3,26,1,Rural,60-46,2,2636.0,2.6161972725417635,4.0,5.239,6.245,-2.677
3846602,2009-11-11 11:26:00,3,21,1,Rural,1-m9,4+5,3242.0,6.590880071636719,4.0,5.325,6.827,2.803
3847688,2009-11-12 21:36:00,3,11,1,Rural,1-m8,2+3,3242.0,8.340690592190509,4.0,12.75,17.51,4.614
3847664,2009-11-12 23:12:00,3,12,1,Rural,1-k3,4,2197.0,1.636231882147005,2.0,7.95,10.94,5.291
3849940,2009-11-17 10:33:00,3,11,1,Rural,56-01,4+5,31942.0,14.013475578259191,3.0,8.06,12.35,1.74
3850444,2009-11-17 19:11:00,3,12,1,Rural,1-d8,2,31392.0,1.4300567626638938,1.0,5.667,7.55,-0.44
3851223,2009-11-18 17:22:00,3,24,1,Rural,1-m5,4,3242.0,10.609386696206247,2.0,5.192,6.795,-4.364
3851752,2009-11-19 13:34:00,3,11,1,Rural,429-01,2,1350.0,2.703807264358899,4.0,9.13,14.9,
3852295,2009-11-20 11:10:00,3,26,1,Rural,34-02,2+5,31399.0,10.923076973996187,0.0,3.708,5.684,5.65
3853052,2009-11-21 15:02:00,3,920,6,Rural,61-45,2+5,32643.0,3.2724015510005344,2.0,2.32,4.606,1.76
3853089,2009-11-21 17:03:00,3,12,1,Rural,1-m4,2+5,33419.0,23.452584933546433,3.0,8.11,10.0,1.07
3853146,2009-11-21 17:12:00,3,240,3,Rural,85-03,4+5,3595.0,11.088287383603198,2.0,4.097,5.259,-0.54
3853099,2009-11-21 17:26:00,3,26,1,Rural,36-07,2+5,1590.0,9.357997589178222,4.0,7.701,9.42,
3853217,2009-11-21 23:50:00,3,240,3,Rural,41-21,2+5,1350.0,2.1931298536653,0.0,7.092,10.75,
3854137,2009-11-23 13:13:00,3,11,1,Rural,1-k5,4,33204.0,1.2529350097116136,3.0,8.16,11.47,0.78
3855865,2009-11-25 13:33:00,3,11,1,Rural,76-04,3,3433.0,16.209022743247193,3.0,9.83,12.48,2.8
3855993,2009-11-25 15:23:00,3,12,1,Rural,54-06,2,31958.0,0.21547725010956467,3.0,14.68,34.59,3.57
3856234,2009-11-26 07:40:00,3,910,7,Rural,1-c8,4+5,6310.0,7.163847344930534,0.0,8.32,10.49,-1.663
3856280,2009-11-26 08:44:00,3,12,1,Rural,61-38,2,2646.0,4.883696974088738,4.0,7.086,9.64,-1.818
3856592,2009-11-26 14:52:00,3,12,1,Rural,36-11,0,1590.0,5.642228764412548,2.0,3.487,5.85,
3856834,2009-11-27 03:47:00,3,11,1,Rural,92-04,3+4+5,34073.0,3.7444108087503882,3.0,7.89,9.9,-6.0
3857201,2009-11-27 15:25:00,3,11,1,Rural,1-d9,2+5,31488.0,3.1711611166986935,5.0,9.86,12.25,-1.53
3857255,2009-11-27 17:14:00,3,240,3,Rural,1-g3,2,1673.0,3.862277336328436,4.0,1.203,3.593,-1.847
3857297,2009-11-27 20:02:00,3,11,1,Rural,1-s7,2,34238.0,26.68911011855115,2.0,1.519,2.254,-8.86
3859559,2009-12-02 02:41:00,3,945,6,Rural,41-17,2+5,1350.0,6.287459688764014,1.0,13.95,18.75,
3860037,2009-12-02 07:35:00,3,11,1,Rural,1-x8,4,35305.0,2.00972558576352,5.0,2.611,5.096,4.38
3861094,2009-12-04 13:59:00,3,12,1,Rural,917-02,3,4455.0,22.74284545936437,1.0,5.606,7.285,0.31
3861689,2009-12-05 17:44:00,3,36,1,Rural,854-01,3,3595.0,10.727130942585331,4.0,8.12,8.82,2.318
3862045,2009-12-06 12:29:00,3,11,1,Rural,1-g8,2,1779.0,5.080251229395611,1.0,5.636,8.07,2.875
3862689,2009-12-07 13:55:00,2,11,1,Rural,1-m8,4,3242.0,8.620879632364561,5.0,2.907,4.149,2.455
3867189,2009-12-08 20:00:00,2,860,5,Rural,000-101,0,1479.0,0.6683780804709961,0.0,11.85,16.5,7.17
3863612,2009-12-09 07:54:00,3,991,6,Rural,61-45,2+5,2738.0,3.2217692768643476,4.0,6.536,11.07,4.864
3863937,2009-12-09 16:51:00,3,141,2,Rural,1-p6,2+5,3463.0,7.177162747920336,1.0,1.89,4.541,6.87
3864314,2009-12-10 12:32:00,3,12,1,Rural,1-h4,2,32097.0,9.306839048310959,2.0,6.703,8.82,0.5
3865419,2009-12-12 15:16:00,3,12,1,Rural,76-06,4,33750.0,23.512021981952184,4.0,0.347,1.274,6.68
3865453,2009-12-12 17:30:00,3,130,2,Rural,75-03,4,3433.0,2.4632307716176958,0.0,2.96,5.39,8.11
3865493,2009-12-12 19:49:00,3,130,2,Rural,1-d8,2,1490.0,2.377658186633205,1.0,14.07,17.8,6.386
3865941,2009-12-13 17:14:00,2,660,4,Rural,833-02,4,3474.0,7.133554550364848,4.0,6.08,6.501,5.587
3866559,2009-12-14 14:11:00,2,12,1,Rural,1-m8,3,3242.0,8.930113632160104,1.0,2.169,3.691,4.875
3867302,2009-12-15 15:22:00,3,240,3,Rural,1-v8,1,5544.0,12.228939384851286,2.0,0.8,1.033,1.697
3867470,2009-12-15 19:35:00,2,11,1,Rural,43-01,2,1350.0,9.363645390655716,5.0,0.723,1.339,
3867499,2009-12-15 19:35:00,3,11,1,Rural,43-01,2+5,1350.0,9.356195279605329,5.0,0.723,1.339,
3867530,2009-12-15 22:42:00,3,12,1,Rural,1-c5,4,6315.0,5.5014524214594145,2.0,2.175,2.94,-1.766
3867980,2009-12-16 17:39:00,3,12,1,Rural,1-m5,4,3242.0,11.71092997258095,1.0,0.399,2.025,0.924
3868534,2009-12-17 17:24:00,3,24,1,Rural,1-g9,2,1779.0,9.319487391696422,4.0,2.464,3.136,-2.004
3869569,2009-12-19 19:05:00,3,240,3,Rural,1-p5,2,3463.0,4.248811268767746,5.0,9.75,19.27,-2.547
3869607,2009-12-19 21:58:00,3,21,1,Rural,75-03,3,3433.0,7.749208339290938,2.0,14.76,19.63,-1.039
3869847,2009-12-20 11:58:00,3,70,1,Rural,1-d9,2,31488.0,1.7895092600810092,2.0,11.9,17.84,-4.49
3869912,2009-12-20 15:34:00,2,26,1,Rural,1-q7,2,33495.0,14.419073752116445,4.0,12.19,15.09,-5.72
3871787,2009-12-23 16:29:00,3,12,1,Rural,1-k4,4,33204.0,4.372603161481207,1.0,5.3,8.33,-8.23
3872025,2009-12-24 08:39:00,3,12,1,Rural,96-01,3,5981.0,7.350698853400045,1.0,6.958,9.31,-2.759
3872839,2009-12-27 14:20:00,3,11,1,Rural,51-01,2,31572.0,1.0277818536105177,0.0,1.352,2.45,-1.33
3872900,2009-12-27 18:49:00,2,660,4,Rural,35-03,2,36411.0,15.89289722621598,1.0,5.841,6.958,-7.06
3872906,2009-12-27 19:07:00,3,21,1,Rural,1-h4,4+6,32097.0,5.53025368866016,3.0,3.199,4.41,-7.28
3873449,2009-12-28 15:43:00,3,920,6,Rural,952-02,2,4180.0,1.404985986972183,3.0,5.88,6.86,-6.525
3873470,2009-12-28 16:47:00,3,12,1,Rural,1-k8,4,3223.0,15.495359631287716,3.0,5.899,8.17,-7.7
3875217,2009-12-30 17:46:00,3,11,1,Rural,43-01,2+5,1361.0,9.658840875971723,4.0,3.069,4.312,-5.783
3875458,2009-12-31 10:04:00,3,945,6,Rural,1-f3,0,1479.0,0.5835064204098936,4.0,0.399,0.817,-8.89
3876238,2010-01-01 16:06:00,2,920,6,Rural,000-801,0,31399.0,2.5573241567157248,4.0,6.393,9.6,-0.15
3876445,2010-01-02 12:28:00,3,24,1,Rural,35-07,2,6515.0,1.1687821193648755,2.0,5.637,6.305,-6.118
3876642,2010-01-02 23:13:00,3,26,1,Rural,35-01,2,31399.0,7.385678015051995,3.0,1.02,2.254,-4.35
3876838,2010-01-03 12:47:00,3,923,6,Rural,40-02,2+5,7475.0,2.5902099363391784,3.0,0.334,1.084,-4.567
3877469,2010-01-05 07:30:00,3,12,1,Rural,60-41,2+5,32533.0,10.486437520084134,0.0,2.275,3.855,-0.98
3877666,2010-01-05 13:31:00,3,70,1,Rural,000-103,3,1479.0,4.796708104732717,1.0,1.91,3.822,-9.38
3877774,2010-01-05 16:46:00,3,12,1,Rural,82-02,3+4+8,3463.0,9.895459643145049,4.0,0.994,1.503,-7.71
3878270,2010-01-06 12:19:00,3,940,6,Rural,1-f7,2+5,1578.0,5.73017386420519,1.0,2.396,3.136,-0.227
3878320,2010-01-06 13:13:00,2,12,1,Rural,43-01,2,1350.0,9.906764002336923,3.0,4.547,6.664,
3879079,2010-01-07 15:13:00,3,12,1,Rural,51-02,2,31572.0,5.467854170698389,3.0,1.722,2.842,1.81
3879085,2010-01-07 15:45:00,3,11,1,Rural,51-02,2,31572.0,5.826953540200503,5.0,0.818,2.091,1.82
3879401,2010-01-08 12:44:00,3,11,1,Rural,1-b7,4,36132.0,2.345979261004978,4.0,2.354,4.606,4.36
3879595,2010-01-08 20:21:00,3,11,1,Rural,32-01,2+5,6420.0,0.774120802888412,1.0,3.727,5.325,2.446
3880848,2010-01-11 13:52:00,3,26,1,Rural,518-01,3,1881.0,14.608606351212503,2.0,3.854,4.508,1.292
3880951,2010-01-11 15:35:00,3,22,1,Rural,38-01,2,31392.0,9.859960754115761,5.0,4.567,6.468,1.21
3880983,2010-01-11 17:05:00,3,22,1,Rural,1-c7,4,6315.0,6.614792134531712,5.0,4.055,4.671,0.174
3881787,2010-01-13 07:24:00,3,12,1,Rural,36-08,2,1590.0,5.343904607775919,4.0,20.28,23.49,
3881970,2010-01-13 10:17:00,2,160,2,Rural,931-08,2,4060.0,5.273300843415472,3.0,1.095,2.221,2.221
3882135,2010-01-13 14:37:00,3,24,1,Rural,60-04,3,2175.0,15.644538898236993,3.0,1.306,3.495,3.055
3882303,2010-01-14 01:36:00,3,11,1,Rural,1-e1,4+5,31488.0,4.510790380254619,4.0,15.97,22.83,4.45
3882549,2010-01-14 11:14:00,3,11,1,Rural,1-c8,4,6310.0,7.111069060593464,4.0,6.158,7.285,3.126
3883086,2010-01-15 07:55:00,3,11,1,Rural,47-12,2,1673.0,10.93721614811314,5.0,3.848,7.61,5.768
3883131,2010-01-15 09:18:00,3,12,1,Rural,1-h0,3,1881.0,5.940619964344806,2.0,3.619,4.737,2.059
3883547,2010-01-15 19:33:00,3,660,4,Rural,1-q2,0,3474.0,4.602322305985095,3.0,11.71,14.01,-0.542
3883925,2010-01-16 18:40:00,3,920,6,Rural,1-f8,2+5,31572.0,3.0502532221456353,0.0,2.862,3.789,4.99
3884330,2010-01-17 16:40:00,3,11,1,Rural,54-12,4,1938.0,3.6781227907913543,0.0,6.122,9.77,4.455
3884334,2010-01-17 17:04:00,3,36,1,Rural,1-m1,4,33419.0,0.36932675503884527,4.0,3.738,4.9,1.41
3886471,2010-01-21 09:13:00,3,211,3,Rural,1-e1,2+5,31488.0,3.4023905007047794,3.0,10.77,14.21,4.62
3886894,2010-01-21 19:18:00,3,240,3,Rural,43-01,2+5,1350.0,9.328864497245531,2.0,21.02,32.5,
3887113,2010-01-22 09:10:00,3,12,1,Rural,429-01,2+5,1350.0,2.292474759490851,0.0,5.638,7.383,
3887450,2010-01-22 17:30:00,3,70,1,Rural,574-06,4+5,1924.0,6.331815446506196,0.0,8.35,12.05,3.271
3887429,2010-01-22 18:38:00,3,12,1,Rural,429-02,2+5,1350.0,4.5930873403543115,2.0,5.451,8.4,
3887461,2010-01-22 21:00:00,3,22,1,Rural,1-d9,2,31488.0,2.499343817235027,0.0,6.05,8.13,1.46
3891269,2010-01-29 21:02:00,3,12,1,Rural,76-04,4+5,3433.0,14.629948022955418,2.0,3.423,4.149,-6.721
3891534,2010-01-30 13:53:00,3,945,6,Rural,000-101,2+5,31579.0,6.36917737499503,3.0,1.669,2.548,-1.33
3894574,2010-02-04 13:30:00,3,11,1,Rural,38-02,2+5,31392.0,13.5783412531579,0.0,7.79,11.27,-3.35
3894585,2010-02-04 13:48:00,2,11,1,Rural,000-103,2,1479.0,5.516570093296856,2.0,8.43,12.32,0.06
3895028,2010-02-05 10:15:00,3,12,1,Rural,43-01,2,1361.0,4.805344576996048,5.0,9.33,12.15,1.765
3895380,2010-02-05 20:33:00,2,12,1,Rural,1-g1,2+5,31572.0,4.5490540945656095,3.0,5.366,7.154,2.64
3896854,2010-02-08 13:56:00,3,12,1,Rural,502-01,3,1679.0,7.452078634636274,4.0,3.328,4.9,3.162
3897803,2010-02-09 23:29:00,2,11,1,Rural,74-01,4,33419.0,3.609213772167917,1.0,3.238,4.606,1.35
3897968,2010-02-10 09:32:00,3,21,1,Rural,1-h2,4+6,31985.0,8.021974397920388,2.0,0.156,0.98,0.61
3899277,2010-02-12 11:02:00,3,660,4,Rural,1-p4,4+5,3463.0,2.7800947935371507,2.0,5.193,6.991,3.998
3900228,2010-02-14 11:31:00,3,12,1,Rural,36-12,2,1590.0,7.383542691902077,1.0,7.292,14.72,
3900256,2010-02-14 13:24:00,2,24,1,Rural,60-46,2+5,2636.0,3.7156211770908008,4.0,12.32,16.52,-9.6
3900305,2010-02-14 15:32:00,2,12,1,Rural,60-04,3,2175.0,20.098007967809508,2.0,7.74,11.96,-2.102
3900326,2010-02-14 17:16:00,3,130,2,Rural,1-m2,4,33419.0,6.873604557447943,4.0,12.94,17.05,-3.7
3900952,2010-02-15 14:53:00,3,11,1,Rural,1-q5,2+6,3474.0,9.612612219547556,3.0,0.317,0.849,-2.321
3901045,2010-02-15 17:05:00,2,22,1,Rural,76-08,2,33750.0,8.927661068267232,5.0,17.06,23.62,0.81
3902169,2010-02-17 15:46:00,3,36,1,Rural,1-m7,2+5,3433.0,22.020325247487822,4.0,6.315,7.971,-3.856
3902218,2010-02-17 17:33:00,3,920,6,Rural,000-103,8+11,31579.0,1.7782496201936187,3.0,10.38,16.07,-3.58
3902650,2010-02-18 16:10:00,3,11,1,Rural,1-u9,3+5,5872.0,10.43546260263521,0.0,5.97,11.14,-0.158
3902963,2010-02-19 11:01:00,3,240,3,Rural,92-09,3+5,34087.0,1.1032394626595217,1.0,14.73,25.87,-2.03
3903156,2010-02-19 14:32:00,3,11,1,Rural,1-q2,3+5,3474.0,4.859446778047026,2.0,0.0,0.0,-4.329
3903302,2010-02-19 18:28:00,2,241,3,Rural,54-02,2+5,1779.0,10.642412880299405,2.0,3.379,6.566,-0.444
3903626,2010-02-20 13:44:00,3,240,3,Rural,93-02,2,34175.0,2.0071056985628246,4.0,8.68,11.86,-6.25
3903999,2010-02-21 13:50:00,3,22,1,Rural,1-h2,2,31985.0,9.52715331355274,0.0,7.17,9.9,-4.67
3904327,2010-02-22 09:11:00,3,240,3,Rural,92-02,3+5,34175.0,5.650341164004149,1.0,7.96,10.29,-8.97
3906412,2010-02-25 16:18:00,3,870,5,Rural,1-g5,3,1779.0,6.8106935838239115,2.0,11.75,16.3,-8.14
3906510,2010-02-25 19:51:00,3,11,1,Rural,41-15,2,31363.0,6.750402906543341,1.0,11.61,14.7,-4.96
3909036,2010-03-03 08:55:00,3,11,1,Rural,1-g1,2+5,31572.0,5.831745070867502,5.0,5.27,8.4,1.34
3909180,2010-03-03 15:36:00,3,240,3,Rural,54-12,4,1938.0,8.424348917764695,4.0,7.37,13.26,-0.623
3910726,2010-03-06 18:05:00,3,923,6,Rural,1-d9,2,31488.0,3.6171748529162207,5.0,8.2,10.78,-0.35
3911954,2010-03-09 05:08:00,3,12,1,Rural,54-11,2,1924.0,7.138755184677463,2.0,5.037,12.38,6.503
3912414,2010-03-09 20:56:00,3,26,1,Rural,33-01,0,31399.0,6.303391459221582,4.0,3.438,5.488,6.49
3914346,2010-03-13 07:28:00,1,26,1,Rural,1-t4,4,4275.0,10.453606094228201,2.0,8.74,10.04,-1.759
3914424,2010-03-13 13:50:00,3,60,9,Rural,574-07,2+5,1924.0,3.949053086449612,0.0,4.787,7.77,8.0
3917501,2010-03-18 16:53:00,3,26,1,Rural,931-09,4+5,5960.0,11.2572196381773,3.0,6.732,8.46,-0.172
3917991,2010-03-19 14:07:00,3,12,1,Rural,45-01,2,1453.0,3.9645462954010857,3.0,3.643,5.586,5.665
3918238,2010-03-20 00:04:00,3,11,1,Rural,305-01,3+6,6310.0,12.890620008349735,4.0,3.146,5.194,1.796
3918386,2010-03-20 06:33:00,3,12,1,Rural,1-e1,2+5,31488.0,0.37170703487135914,3.0,3.236,3.822,0.81
3918397,2010-03-20 07:04:00,3,12,1,Rural,41-16,2+5,31363.0,3.8756201545977054,4.0,3.397,4.018,1.27
3918402,2010-03-20 07:16:00,3,12,1,Rural,41-16,2,31363.0,3.9497993087479517,4.0,3.803,4.312,1.02
3921301,2010-03-25 07:54:00,3,11,1,Rural,43-01,2+5,1361.0,2.772185966141078,4.0,6.483,8.23,0.724
3922123,2010-03-26 15:21:00,3,920,6,Rural,1-g5,2,1779.0,6.774536702830675,1.0,11.83,17.48,3.807
3922196,2010-03-26 17:54:00,3,24,1,Rural,76-10,2,3752.0,4.589232620325644,4.0,11.16,14.8,-0.513
3924799,2010-03-31 12:13:00,2,660,4,Rural,82-03,4,33563.0,3.7549510982756,3.0,4.423,7.74,-6.54
3924928,2010-03-31 15:43:00,2,130,2,Rural,1-r1,3+5,4303.0,7.552982072955035,3.0,3.693,4.704,-6.74
3925438,2010-04-01 16:17:00,3,12,1,Rural,55-02,3+6,31958.0,17.106986084100473,3.0,6.048,11.96,-3.2
3925819,2010-04-02 15:15:00,3,11,1,Rural,41-15,2,31363.0,3.7290619241857104,5.0,9.53,15.09,-1.92
3926649,2010-04-04 07:10:00,3,12,1,Rural,34-05,2,31399.0,10.78477603896474,0.0,2.085,3.724,-3.46
3927247,2010-04-05 16:15:00,2,240,3,Rural,1-m2,4+5,33419.0,0.9127932689117009,5.0,14.67,18.72,-0.22
3927369,2010-04-05 18:02:00,3,160,2,Rural,1-s4,2,34238.0,1.4045604666617186,2.0,15.58,19.99,-3.25
3927560,2010-04-06 10:16:00,3,11,1,Rural,1-b8,4+8,36127.0,0.11238512840676389,4.0,18.23,25.87,0.67
3927994,2010-04-06 20:59:00,3,923,6,Rural,43-01,3,1350.0,9.264618072569757,1.0,6.515,8.95,
3928850,2010-04-08 02:10:00,3,22,1,Rural,54-03,2,1868.0,7.968540705953453,0.0,4.664,5.129,-2.411
3929539,2010-04-08 18:55:00,3,12,1,Rural,61-24,2,32474.0,15.733184088179632,5.0,6.643,8.33,1.57
3930274,2010-04-10 00:01:00,3,22,1,Rural,1-v4,3,35666.0,16.46416738373141,1.0,9.64,16.66,7.13
3934905,2010-04-16 14:48:00,3,11,1,Rural,61-45,2,32643.0,1.2024770748228284,2.0,5.214,10.58,-1.39
3935025,2010-04-16 19:04:00,3,11,1,Rural,624-01,3+6+8,32533.0,6.056440117278121,4.0,9.55,15.09,-4.07
3937735,2010-04-21 05:59:00,3,12,1,Rural,1-j1,4+6,32097.0,1.9851755619454068,1.0,4.828,5.88,-6.61
3938064,2010-04-21 15:21:00,3,11,1,Rural,1-s5,0,34238.0,20.143035528802248,1.0,5.909,7.35,-6.73
3938125,2010-04-21 17:47:00,3,22,1,Rural,746-01,3,3433.0,11.278096627920842,3.0,6.026,8.07,0.127
3938271,2010-04-22 03:09:00,3,12,1,Rural,1-p6,2+5,3463.0,7.2891780094116845,1.0,2.451,3.528,-6.422
3938292,2010-04-22 04:14:00,3,320,4,Rural,92-11,2+3+5,5990.0,6.6581651591645725,4.0,0.746,1.96,-4.734
3938321,2010-04-22 06:22:00,3,12,1,Rural,41-16,2+5,1350.0,9.480115682419886,2.0,5.629,7.252,
3942859,2010-04-29 11:38:00,3,12,1,Rural,54-21,3+6,2175.0,26.56971442258255,2.0,9.34,14.67,4.856
3943004,2010-04-29 15:22:00,3,923,6,Rural,1-k6,4,33204.0,3.7074285574123893,2.0,6.546,8.53,6.14
3944152,2010-05-01 18:32:00,3,45,8,Rural,000-871,0,36386.0,6.5608813436962015,2.0,4.934,6.272,7.68
3944626,2010-05-02 22:23:00,2,11,1,Rural,35-08,4,6515.0,3.174071435275133,3.0,2.975,3.659,4.093
3947031,2010-05-05 15:52:00,3,160,2,Rural,1-d9,2,1490.0,3.5834578425014723,2.0,6.269,8.07,6.906
3947428,2010-05-06 08:57:00,3,24,1,Rural,54-02,4+5,1779.0,10.030130445425637,3.0,1.417,1.96,8.56
3947725,2010-05-06 17:11:00,3,12,1,Rural,829-02,4+5,3371.0,7.1410033738861864,1.0,10.44,13.65,14.61
3948542,2010-05-07 20:39:00,3,22,1,Rural,61-08,3+8,32390.0,3.1546916454321683,1.0,0.873,1.764,6.01
3948831,2010-05-08 07:20:00,3,12,1,Rural,41-17,2,1350.0,8.787965021160252,0.0,6.423,8.49,
3948964,2010-05-08 15:55:00,3,11,1,Rural,915-03,0,4455.0,10.154430916046302,5.0,7.184,8.72,7.147
3948958,2010-05-08 16:05:00,2,410,4,Rural,43-01,2,1361.0,5.27847053832269,5.0,6.902,8.72,9.02
3950493,2010-05-10 20:43:00,2,70,1,Rural,000-541,0,3103.0,14.288984031743023,3.0,3.823,5.063,2.026
3951117,2010-05-11 15:55:00,3,320,4,Rural,829-01,4,3371.0,10.827064677489869,5.0,6.551,10.78,14.56
3952181,2010-05-13 10:41:00,3,11,1,Rural,62-04,2,32224.0,3.1620813740206333,1.0,9.84,13.33,1.68
3953537,2010-05-15 14:31:00,2,111,4,Rural,1-g9,2+5,1779.0,9.778688914553074,1.0,8.17,12.58,9.21
3954784,2010-05-17 12:05:00,2,11,1,Rural,59-02,3+6,32190.0,4.0607480205059145,5.0,11.08,13.92,3.35
3955941,2010-05-18 16:03:00,3,320,4,Rural,54-02,2,1868.0,11.609066741770922,3.0,2.979,4.475,10.27
3956613,2010-05-19 16:37:00,3,11,1,Rural,1-d6,2+5,31399.0,1.2725856908884847,3.0,4.018,6.468,9.58
3956747,2010-05-19 23:31:00,3,12,1,Rural,821-01,2+5,3371.0,12.375420693622573,1.0,9.46,12.18,11.97
3957056,2010-05-20 12:07:00,2,11,1,Rural,54-20,3+6,31958.0,25.705565291283918,3.0,1.936,3.332,8.69
3958970,2010-05-23 16:55:00,3,45,8,Rural,000-801,0,36411.0,14.228493627591334,5.0,3.541,6.664,18.39
3958971,2010-05-23 17:05:00,3,11,1,Rural,1-q5,3+5,3380.0,14.311420577856877,5.0,4.828,6.893,10.51
3959129,2010-05-24 01:22:00,3,12,1,Rural,410-01,2+5,7475.0,5.216739941608632,2.0,1.11,2.143,7.871
3959519,2010-05-24 20:37:00,3,12,1,Rural,744-02,2+5,33419.0,14.519270911680033,3.0,10.01,12.94,7.23
3959728,2010-05-25 08:49:00,2,22,1,Rural,518-03,2,6802.0,4.368461664767246,1.0,4.374,6.893,7.52
3961419,2010-05-26 18:33:00,2,240,3,Rural,1-g1,2+5,31572.0,4.101647785008577,3.0,7.321,13.52,11.61
3962692,2010-05-28 19:40:00,2,160,2,Rural,92-04,2,34073.0,5.356700191410404,0.0,4.073,5.194,2.1
3963096,2010-05-29 16:00:00,3,923,6,Rural,61-39,2,2641.0,5.75409150085941,0.0,1.174,2.254,9.67
3963124,2010-05-29 17:27:00,2,45,8,Rural,420-01,4,31363.0,4.338627932627763,3.0,4.712,5.782,9.68
3963740,2010-05-30 16:20:00,2,70,1,Rural,000-871,4,6272.0,6.442581176064721,0.0,5.749,8.66,13.41
3965002,2010-05-31 13:53:00,3,11,1,Rural,365-01,3+6+11,36411.0,22.01501965233186,3.0,5.162,7.64,11.86
3966090,2010-06-02 09:48:00,2,241,3,Rural,410-02,2,7475.0,6.078792983543692,2.0,1.603,2.403,10.96
3966618,2010-06-03 01:54:00,3,11,1,Rural,427-06,4,1361.0,19.120025298447462,4.0,4.659,6.468,10.01
3967673,2010-06-04 16:50:00,3,11,1,Rural,1-m5,5,3242.0,10.35974231174317,0.0,3.749,5.488,13.15
3969537,2010-06-05 05:00:00,3,12,1,Rural,1-x7,2+3+5,35305.0,4.559276313062501,0.0,0.951,1.666,8.69
3968621,2010-06-06 04:26:00,2,995,9,Rural,96-05,3,5982.0,6.255900309540857,4.0,1.424,2.613,8.41
3968736,2010-06-06 09:33:00,3,21,1,Rural,365-01,6+8,36411.0,16.861947326609666,3.0,2.017,3.234,11.06
3968870,2010-06-06 17:39:00,3,11,1,Rural,34-05,2,31399.0,10.808660985157674,1.0,4.236,6.762,13.03
3969675,2010-06-07 16:42:00,3,240,3,Rural,1-g5,0,1779.0,6.8556351454573425,2.0,7.45,8.98,13.51
3970624,2010-06-09 02:28:00,3,24,1,Rural,931-06,2,4060.0,0.3392207141419268,2.0,0.425,1.437,3.344
3972295,2010-06-12 00:49:00,2,21,1,Rural,410-02,2,7475.0,5.595358261542878,1.0,1.184,1.774,11.55
3972713,2010-06-12 23:40:00,3,11,1,Rural,45-01,2,1350.0,4.6112965254619915,0.0,4.133,6.599,
3973592,2010-06-14 12:20:00,3,24,1,Rural,1-k9,4+5,33419.0,6.127515415688766,0.0,4.481,6.468,13.95
3973754,2010-06-14 14:49:00,3,60,9,Rural,60-45,2+5,2636.0,5.71179493650546,1.0,1.944,3.414,7.864
3975222,2010-06-16 16:48:00,3,685,4,Rural,1-q0,2+5,3474.0,9.00430404509064,2.0,5.43,9.47,11.22
3975353,2010-06-16 23:50:00,3,70,1,Rural,F337-02,6+11,6515.0,16.092185869011416,0.0,6.9,8.26,7.466
3975615,2010-06-17 11:52:00,2,141,2,Rural,1-h0,4+5,1881.0,1.722605217228602,2.0,4.365,7.35,14.23
3976052,2010-06-18 10:02:00,3,11,1,Rural,1-t1,2+5,34175.0,16.95855312071058,2.0,0.954,2.646,10.33
3978085,2010-06-18 16:14:00,3,11,1,Rural,32-02,0,6424.0,5.773115391169044,4.0,3.709,6.141,17.58
3976643,2010-06-18 20:21:00,3,910,7,Rural,61-29,2,32654.0,9.065895224291006,1.0,2.176,2.842,12.19
3976742,2010-06-19 04:02:00,3,21,1,Rural,1-q5,2,3380.0,14.299504987157848,2.0,0.18,1.339,12.3
3976995,2010-06-19 17:30:00,1,510,4,Rural,60-10,2,32179.0,12.238203290320751,0.0,2.239,5.488,11.15
3977042,2010-06-19 20:04:00,3,21,1,Rural,1-d1,2,6310.0,5.776806062359489,4.0,7.123,9.31,12.27
3977492,2010-06-20 11:15:00,3,11,1,Rural,1-m3,5,33419.0,16.0040046592143,5.0,7.85,9.6,11.47
3977604,2010-06-20 17:22:00,2,11,1,Rural,62-02,4+5,32224.0,22.792994766127,2.0,3.049,4.802,5.98
3979003,2010-06-22 11:29:00,2,22,1,Rural,635-04,3+6,32654.0,7.873381811456037,1.0,2.426,2.94,10.64
3979740,2010-06-23 14:07:00,3,12,1,Rural,1-q8,3+5,33495.0,13.740748610605511,3.0,7.44,9.41,12.84
3980415,2010-06-24 18:01:00,2,920,6,Rural,000-102,11,1479.0,4.216401573883545,1.0,0.499,1.274,18.52
3980529,2010-06-24 21:37:00,3,141,2,Rural,36-12,2,1479.0,6.084791288522988,3.0,3.253,5.619,14.93
3981019,2010-06-25 19:17:00,3,945,6,Rural,41-16,0,31363.0,1.7931774213655254,3.0,3.691,5.39,10.99
3981294,2010-06-26 11:32:00,3,875,5,Rural,000-861,6+8+11,36132.0,9.4104757300193,2.0,4.274,8.13,11.83
3981352,2010-06-26 15:10:00,2,12,1,Rural,60-32,6+8,32355.0,16.625712956486772,0.0,1.027,2.352,11.32
3981945,2010-06-27 15:46:00,2,11,1,Rural,1-t0,2,34175.0,23.275694790421316,4.0,6.729,8.53,5.35
3982567,2010-06-28 12:34:00,3,24,1,Rural,264-01,3+6+8,6222.0,8.553939669905393,4.0,1.051,1.731,11.32
3982779,2010-06-28 14:46:00,2,22,1,Rural,1-a2,4,36386.0,7.476671829866936,4.0,2.919,4.214,12.07
3984205,2010-06-30 17:22:00,3,660,4,Rural,1-g4,2+5,31674.0,6.796259582325606,2.0,2.651,3.528,13.6
3984710,2010-07-01 13:22:00,2,11,1,Rural,1-x7,0,35305.0,8.721832554319876,2.0,15.32,40.08,14.6
3984760,2010-07-01 15:17:00,2,60,9,Rural,85-24,0,34733.0,11.655539593066452,3.0,8.59,12.45,5.96
3985889,2010-07-03 16:56:00,3,11,1,Rural,1-d8,2,31392.0,3.4236178382077243,4.0,4.614,6.566,14.76
3986635,2010-07-04 21:10:00,3,26,1,Rural,1-k8,2+5,3223.0,14.632690563271836,0.0,4.975,6.239,6.917
3987687,2010-07-06 11:07:00,3,12,1,Rural,85-41,3+6,4455.0,14.959539346854061,3.0,2.632,3.789,8.19
3988444,2010-07-07 13:59:00,3,21,1,Rural,460-01,3+6,1578.0,7.864113638139153,1.0,13.3,20.16,12.21
3988557,2010-07-07 17:48:00,3,12,1,Rural,574-01,0,31931.0,10.024564521813335,2.0,10.5,22.25,6.32
3988659,2010-07-07 22:35:00,3,70,1,Rural,75-06,2+5,3433.0,4.105822636401308,5.0,10.31,13.26,9.42
3988713,2010-07-08 01:04:00,3,12,1,Rural,1-d8,2+5,31392.0,1.335464137456152,4.0,3.969,9.9,8.25
3990745,2010-07-11 07:33:00,3,12,1,Rural,1-s9,0,34175.0,25.69364392971074,3.0,3.853,5.292,6.03
3990904,2010-07-11 15:51:00,3,22,1,Rural,85-33,3+6,4652.0,3.392321782898671,1.0,3.382,5.455,10.31
3991033,2010-07-11 22:30:00,3,24,1,Rural,76-06,3+5,3433.0,23.443566364576352,0.0,1.451,2.189,7.785
3992472,2010-07-13 13:30:00,2,45,8,Rural,204-02,3+6+8,6176.0,15.3530182187364,0.0,3.048,4.704,13.83
3992518,2010-07-13 19:20:00,3,22,1,Rural,61-11,2+3+6,2481.0,1.1674347678035895,0.0,4.716,6.403,10.44
3992949,2010-07-14 11:42:00,3,240,3,Rural,85-10,4,3797.0,16.41088429165985,2.0,4.473,5.325,8.55
3993057,2010-07-14 14:55:00,3,11,1,Rural,1-p2,3,33357.0,15.002453059779022,5.0,4.243,6.566,12.14
3993782,2010-07-15 15:46:00,3,21,1,Rural,61-21,2,2481.0,6.9690149643275126,4.0,3.954,5.521,9.72
3993866,2010-07-15 18:14:00,3,12,1,Rural,1-m5,2+5,3242.0,15.81502962999481,4.0,4.867,6.795,11.86
3993972,2010-07-15 22:42:00,3,11,1,Rural,000-801,4+6,1496.0,7.340195721209417,2.0,6.38,7.35,7.76
3994525,2010-07-16 20:33:00,3,70,1,Rural,1-v3,4+5,35666.0,10.427245918924493,3.0,7.99,21.76,11.74
3994651,2010-07-17 01:05:00,3,11,1,Rural,3991-01,3,1486.0,14.805514765964222,5.0,3.214,4.279,7.19
3994943,2010-07-17 16:15:00,3,240,3,Rural,30-04,3+6,6420.0,7.737321753258971,5.0,9.13,11.92,20.33
3995013,2010-07-17 18:24:00,3,26,1,Rural,350-01,3+6,31399.0,12.146423636835957,4.0,3.14,4.606,19.12
3995034,2010-07-17 19:21:00,3,45,8,Rural,000-801,3+6,31399.0,15.118424276590593,1.0,2.388,4.9,17.52
3996020,2010-07-19 10:42:00,2,11,1,Rural,1-m9,5,3242.0,8.87002215549867,2.0,3.718,5.194,12.85
3997083,2010-07-20 15:14:00,3,26,1,Rural,1-m2,4+5,33419.0,2.8644869743900907,4.0,7.94,9.8,11.42
3997868,2010-07-21 18:27:00,2,36,1,Rural,1-q7,2+5,33495.0,13.803755903529476,3.0,0.951,2.646,16.1
3998048,2010-07-22 02:25:00,3,11,1,Rural,36-03,11,1590.0,21.57469887155719,5.0,0.0,0.0,2.659
3998937,2010-07-23 12:08:00,2,70,1,Rural,61-35,2,2646.0,1.9849338669040695,2.0,3.174,4.247,14.41
3998986,2010-07-23 13:31:00,2,11,1,Rural,1-B1,2+6+8,36156.0,5.07579133482512,1.0,5.782,8.13,11.54
3999583,2010-07-24 16:13:00,3,70,1,Rural,000-801,6+11,6430.0,6.078002333013684,3.0,6.485,8.36,16.55
4000192,2010-07-25 16:51:00,3,11,1,Rural,1-k2,2+5,2197.0,4.621437888595051,1.0,2.485,3.332,18.05
4001480,2010-07-27 14:14:00,3,160,2,Rural,574-01,3+5,31931.0,7.673290025531391,4.0,7.32,8.82,11.78
4003681,2010-07-30 13:18:00,3,22,1,Rural,60-02,3+5,31985.0,0.46186369270294336,2.0,1.937,3.724,15.25
4004437,2010-07-30 22:00:00,3,70,1,Rural,000-301,0,1689.0,10.126569991030635,0.0,1.096,1.731,12.08
4003950,2010-07-30 22:58:00,2,22,1,Rural,61-26,2,32474.0,16.64526510390695,2.0,1.29,2.058,9.85
4004455,2010-07-31 15:30:00,3,24,1,Rural,35-12,3+6,36519.0,28.93641746879127,0.0,2.81,4.116,18.37
4004538,2010-07-31 18:42:00,3,995,9,Rural,1-x9,0,6499.0,4.437847024020251,2.0,0.0,0.0,16.61
4008398,2010-08-06 13:03:00,3,45,8,Rural,1-v2,4,35666.0,4.515375970097437,3.0,4.857,6.272,9.34
4008511,2010-08-06 17:10:00,3,22,1,Rural,36-06,2+5,1590.0,16.493318448022702,0.0,14.28,15.78,6.775
4009433,2010-08-08 13:16:00,2,11,1,Rural,410-02,4,7475.0,5.677496320234883,4.0,2.801,4.813,16.7
4009438,2010-08-08 13:26:00,3,141,2,Rural,1-m9,2+5,3242.0,6.713180487915181,4.0,4.302,7.19,13.14
4009547,2010-08-08 17:33:00,3,11,1,Rural,508-03,3+6,1689.0,5.482664284390439,3.0,4.787,6.925,13.52
4009605,2010-08-08 19:58:00,2,22,1,Rural,425-02,2,1361.0,5.06710628617519,2.0,3.476,4.541,16.69
4011126,2010-08-10 19:24:00,3,21,1,Rural,1-g9,2,1779.0,9.533127618418387,4.0,3.77,5.39,14.38
4011616,2010-08-11 11:36:00,3,141,2,Rural,1-c0,2+5,6222.0,6.163013569069878,4.0,3.645,6.435,13.99
4011681,2010-08-11 12:44:00,3,70,1,Rural,574-01,3+5,31931.0,6.315429867983459,4.0,4.597,7.55,10.12
4011747,2010-08-11 14:44:00,3,22,1,Rural,47-11,4+5,1685.0,3.6992729714670713,4.0,6.681,7.64,14.77
4012678,2010-08-13 01:00:00,3,12,1,Rural,1-m3,4+5,33419.0,14.375814903176732,0.0,2.519,3.43,13.96
4013115,2010-08-13 17:35:00,3,11,1,Rural,1-t9,3+5+6,35965.0,9.878794331974639,5.0,5.855,7.15,10.28
4013476,2010-08-14 10:37:00,3,141,2,Rural,47-02,2+5,1578.0,10.205081858088255,3.0,6.384,8.49,16.98
4013517,2010-08-14 13:27:00,3,11,1,Rural,427-05,2,31363.0,16.928568080005718,3.0,12.41,17.44,14.67
4015069,2010-08-14 16:00:00,3,910,7,Rural,264-01,4,6222.0,8.288566139802601,0.0,5.721,9.31,14.01
4014020,2010-08-15 14:10:00,2,45,8,Rural,000-641,3+6,,,,,,
4016154,2010-08-15 15:10:00,3,12,1,Rural,30-01,2+5,6310.0,5.393688239423938,0.0,10.65,13.75,15.77
4014507,2010-08-16 12:02:00,2,22,1,Rural,208-01,3+6+8,6272.0,26.420938728756997,2.0,4.63,6.337,14.28
4015119,2010-08-17 13:04:00,3,45,8,Rural,1-s2,3+6,4830.0,7.808314856694784,4.0,3.912,5.455,11.88
4016273,2010-08-19 01:54:00,2,11,1,Rural,1-q9,3+5,33394.0,3.6167047333529085,4.0,3.551,5.292,5.06
4017034,2010-08-20 10:10:00,3,12,1,Rural,54-21,3,31958.0,27.90298082686155,0.0,8.74,26.95,9.13
4018610,2010-08-23 14:29:00,1,650,4,Rural,99-01,4,5544.0,2.765215550397611,1.0,5.149,7.1,13.35
4020140,2010-08-25 22:08:00,3,11,1,Rural,829-01,4,3474.0,12.361248321764764,2.0,2.62,3.234,2.967
4022362,2010-08-29 14:43:00,3,12,1,Rural,35-11,6,36519.0,4.748183566513442,3.0,2.546,3.724,9.1
4022380,2010-08-29 15:48:00,3,21,1,Rural,1-t4,4,4275.0,9.697187460221487,2.0,9.31,10.65,4.495
4022402,2010-08-29 16:31:00,3,12,1,Rural,61-002,4+5,2481.0,7.978455602228624,1.0,11.28,15.58,14.25
4023810,2010-09-01 00:32:00,2,11,1,Rural,50-03,2+5,1779.0,10.889568339673064,2.0,1.687,3.267,12.48
4024399,2010-09-01 18:40:00,3,11,1,Rural,843-01,3+6,33394.0,17.48475374442878,0.0,3.232,4.116,13.54
4024432,2010-09-01 20:20:00,2,310,9,Rural,1-f3,2+5,1479.0,0.7728241789821102,0.0,5.113,7.74,14.02
4025779,2010-09-04 06:13:00,3,11,1,Rural,75-02,5,3242.0,11.828249284808667,3.0,3.238,5.815,15.12
4025813,2010-09-04 08:56:00,3,26,1,Rural,94-04,3+6+8,34175.0,20.61888292470369,4.0,10.16,13.33,13.41
4025874,2010-09-04 13:57:00,2,240,3,Rural,41-15,2,31363.0,10.07012310233902,3.0,12.58,17.15,13.69
4026335,2010-09-05 12:42:00,3,22,1,Rural,59-11,3+6,32190.0,4.4787713328984164,2.0,4.956,7.06,16.41
4026497,2010-09-05 18:12:00,3,21,1,Rural,929-01,0,34175.0,10.629174275572126,2.0,4.951,6.958,11.46
4026453,2010-09-05 18:19:00,2,21,1,Rural,52-02,3+6,1779.0,9.759249324650433,1.0,4.043,6.795,16.93
4026572,2010-09-06 04:19:00,3,11,1,Rural,34-02,2,31399.0,9.497349148494632,1.0,9.65,14.21,15.43
4027131,2010-09-06 16:57:00,3,12,1,Rural,341-01,3+6+8,36411.0,8.058854145094301,3.0,6.224,8.92,11.05
4027266,2010-09-06 23:28:00,3,22,1,Rural,99-01,0,5544.0,0.7236704319254716,2.0,6.533,8.77,11.62
4027613,2010-09-07 13:40:00,3,11,1,Rural,1-c2,4,6315.0,7.782659724830098,0.0,5.989,11.3,16.88
4030102,2010-09-11 14:35:00,3,410,4,Rural,41-22,2,1350.0,2.099263128639025,5.0,2.449,4.508,
4030439,2010-09-12 04:29:00,2,36,1,Rural,37-04,2+5,6515.0,2.75134308589136,1.0,3.856,4.998,8.48
4030696,2010-09-12 14:59:00,3,45,8,Rural,340-01,0,36411.0,7.642922742746296,1.0,6.823,11.17,12.78
4031195,2010-09-13 12:47:00,2,12,1,Rural,1-c0,4+5,6222.0,6.530812197507763,3.0,3.874,8.3,8.09
4035906,2010-09-20 07:43:00,3,12,1,Rural,85-14,4,4912.0,24.419817210816912,3.0,7.57,11.5,4.737
4036625,2010-09-21 10:25:00,2,26,1,Rural,35-03,3,36411.0,9.699516823814154,5.0,3.172,4.214,6.02
4039261,2010-09-25 14:52:00,3,12,1,Rural,85-24,3+4+5,34733.0,4.034181678793897,2.0,1.336,2.352,10.16
4039727,2010-09-26 12:57:00,3,24,1,Rural,99-01,3,5544.0,1.8502805072349655,3.0,5.499,8.63,10.44
4040536,2010-09-27 16:29:00,2,510,4,Rural,1-b4,4,6045.0,0.8731204800609863,1.0,12.41,18.95,11.59
4042962,2010-10-01 17:05:00,3,45,8,Rural,1-f8,8,1578.0,6.052367445113964,5.0,4.232,8.89,13.92
4043871,2010-10-02 15:42:00,2,45,8,Rural,76-09,4,33750.0,7.579425401408764,2.0,6.317,14.31,13.6
4043419,2010-10-02 15:45:00,3,12,1,Rural,1-a2,4+6,36386.0,8.913484728973001,5.0,11.44,17.25,10.83
4043853,2010-10-03 12:08:00,3,12,1,Rural,45-01,2+5,1350.0,5.514616434352772,2.0,7.563,9.9,
4044483,2010-10-04 12:23:00,3,24,1,Rural,000-871,3+6,6272.0,24.92814599658557,3.0,0.784,1.666,10.89
4045110,2010-10-05 04:54:00,3,11,1,Rural,39-01,2+5,31392.0,8.762480784447549,4.0,10.11,14.21,6.59
4045514,2010-10-05 15:34:00,3,141,2,Rural,1-g2,0,31572.0,9.87309668783226,4.0,4.223,12.67,9.33
4046256,2010-10-06 16:08:00,2,45,8,Rural,000-861,8+11,6315.0,0.5266345942142406,2.0,1.773,2.548,11.05
4046300,2010-10-06 17:34:00,2,11,1,Rural,38-01,2+5,31392.0,7.92201452209099,4.0,2.84,3.626,7.57
4046989,2010-10-07 22:06:00,3,21,1,Rural,410-02,2,7475.0,7.076722451141286,4.0,2.075,3.361,8.69
4047012,2010-10-07 22:54:00,3,26,1,Rural,420-01,2+5,31363.0,1.823932080292841,4.0,4.493,5.292,5.73
4047872,2010-10-09 09:38:00,3,21,1,Rural,1-S2,3+5,4830.0,7.965683987702495,2.0,0.496,0.817,-1.101
4047875,2010-10-09 10:10:00,3,12,1,Rural,1-p3,4,3463.0,12.958662701296582,0.0,4.188,5.553,4.98
4047891,2010-10-09 11:46:00,3,21,1,Rural,1-h3,3+5,31985.0,12.498480948233151,4.0,1.979,2.352,4.66
4048434,2010-10-10 08:59:00,3,60,9,Rural,92-07,4,5981.0,0.2128139338693103,1.0,0.555,0.817,3.69
4053191,2010-10-18 07:06:00,2,21,1,Rural,1-d8,2+5,31392.0,4.730873876101858,4.0,4.871,8.23,0.76
4054117,2010-10-19 11:20:00,3,21,1,Rural,925-01,4+5,34175.0,24.101707541979387,0.0,4.352,7.64,-4.72
4055970,2010-10-22 02:10:00,3,36,1,Rural,74-02,4,33419.0,6.353950982047742,0.0,3.529,5.194,-6.96
4056373,2010-10-22 16:54:00,3,12,1,Rural,1-p1,2,33357.0,4.351030858317431,4.0,5.327,7.64,-3.27
4056488,2010-10-22 17:55:00,2,22,1,Rural,61-31,2+5,32654.0,10.17155386098148,5.0,7.45,10.49,2.75
4056813,2010-10-23 15:43:00,2,70,1,Rural,000-102,0,1483.0,1.100108633766663,3.0,3.964,4.965,2.206
4056835,2010-10-23 16:55:00,3,12,1,Rural,82-03,4,33563.0,2.9443270001567816,5.0,0.83,1.568,-0.57
4056928,2010-10-23 22:10:00,3,12,1,Rural,1-c2,4,6315.0,6.942095461734364,0.0,5.06,6.631,-0.107
4058089,2010-10-25 19:50:00,3,12,1,Rural,1-k9,4+5,33419.0,3.380657854218356,0.0,1.478,1.862,0.21
4058842,2010-10-26 22:46:00,2,22,1,Rural,61-29,4,32654.0,5.4080136399754855,4.0,10.28,14.31,2.3
4058864,2010-10-26 23:51:00,3,24,1,Rural,35-01,2,31399.0,6.111753499911368,1.0,10.65,15.48,5.5
4062201,2010-11-01 14:38:00,3,141,2,Rural,1-j1,4+5,32097.0,7.796617195504795,2.0,9.9,12.15,-1.48
4062330,2010-11-01 17:28:00,3,11,1,Rural,41-17,2,1350.0,7.645628116127655,2.0,6.544,8.59,
4062392,2010-11-01 22:17:00,3,12,1,Rural,60-09,3+5,32179.0,10.592332806107146,3.0,14.71,24.01,-2.0
4064795,2010-11-05 18:59:00,3,11,1,Rural,1-c8,4,6310.0,9.020430793838907,1.0,3.153,4.377,-0.06
4070847,2010-11-08 10:00:00,2,45,8,Rural,000-801,3,1483.0,5.594631626274271,0.0,9.25,11.56,-0.222
4066333,2010-11-08 15:12:00,3,990,9,Rural,50-05,2,1881.0,6.034423676812721,2.0,8.01,11.37,1.189
4066628,2010-11-08 16:08:00,3,24,1,Rural,417-02,2,1486.0,11.565055242162769,2.0,6.819,8.46,-2.448
4069694,2010-11-14 17:56:00,2,12,1,Rural,1-v6,4,35553.0,4.1436025886889,4.0,4.7,5.9,-2.6
4071087,2010-11-16 23:36:00,3,11,1,Rural,1-q0,2+6,3474.0,7.36278886464789,4.0,7.44,9.73,-0.922
4080182,2010-11-18 14:00:00,3,45,8,Rural,000-701,0,5960.0,4.512568821195693,0.0,6.23,8.85,2.092
4072487,2010-11-19 12:19:00,3,21,1,Rural,574-01,3+5,1924.0,4.670428400131887,1.0,1.397,3.724,5.76
4072666,2010-11-19 17:30:00,3,130,2,Rural,75-02,4+5,3242.0,15.269645775732961,0.0,7.71,10.49,5.152
4073571,2010-11-21 15:49:00,3,22,1,Rural,47-02,2,1685.0,12.102312868629777,1.0,0.652,0.947,1.959
4073634,2010-11-21 18:51:00,2,160,2,Rural,1-k7,4,33204.0,16.085337933363363,1.0,1.33,2.646,-0.77
4074387,2010-11-22 12:20:00,3,11,1,Rural,92-11,2+3+5,5990.0,4.1876319958477906,0.0,2.199,3.136,-1.044
4075596,2010-11-24 22:28:00,3,12,1,Rural,54-02,3,1779.0,8.676446000590872,2.0,2.125,3.005,-1.598
4076709,2010-11-26 23:29:00,3,11,1,Rural,931-09,2,5960.0,9.998411436665963,1.0,7.62,11.27,-5.2
4077386,2010-11-28 02:34:00,3,945,6,Rural,92-05,3+5,5975.0,0.7206303412471196,4.0,0.315,0.555,-1.616
4077835,2010-11-29 11:38:00,2,240,3,Rural,1-f5,2,31579.0,1.9683398579180766,2.0,2.381,3.136,-0.25
4078437,2010-11-29 18:54:00,3,11,1,Rural,1-b2,4+5,36156.0,10.21069504182567,4.0,3.234,4.116,-2.32
4078937,2010-11-30 18:46:00,3,21,1,Rural,805-01,3+4,33563.0,3.858008600015314,4.0,2.614,3.626,3.02
4083784,2010-12-08 22:43:00,2,240,3,Rural,1-k6,4+5,33204.0,9.79770405497316,3.0,5.853,7.84,2.24
4085050,2010-12-11 12:12:00,3,22,1,Rural,60-04,3+5,2175.0,18.50332235123937,2.0,1.866,2.646,1.73
4085611,2010-12-12 17:14:00,3,21,1,Rural,1-m4,4+5,3242.0,17.948507174430407,4.0,1.087,2.319,5.449
4085612,2010-12-12 17:21:00,3,24,1,Rural,1-m4,4+5,3242.0,15.959396781268804,1.0,1.352,2.94,6.018
4085677,2010-12-12 21:21:00,3,21,1,Rural,54-02,2,1779.0,7.679254323951962,1.0,2.774,3.528,2.012
4085833,2010-12-13 08:54:00,3,923,6,Rural,61-43,2,32643.0,3.5599337161823557,4.0,2.434,3.822,3.63
4086340,2010-12-13 16:22:00,3,12,1,Rural,1-b9,4,36122.0,2.835651047605716,2.0,5.402,7.742,5.56
4086380,2010-12-13 17:32:00,3,11,1,Rural,1-k3,4+5,2197.0,2.1323949602193357,2.0,4.766,5.586,0.705
4086409,2010-12-13 18:41:00,3,11,1,Rural,54-05,4+5,31958.0,10.14170768123665,1.0,2.638,4.998,5.93
4089048,2010-12-17 12:30:00,3,920,6,Rural,60-47,2,2641.0,2.2931106509442936,0.0,8.32,18.1,-3.565
4089418,2010-12-17 18:58:00,3,21,1,Rural,96-07,3,5982.0,1.910922080493923,2.0,6.509,15.29,0.668
4090245,2010-12-19 15:45:00,3,11,1,Rural,61-43,2,32643.0,4.2439892891439746,5.0,5.207,7.84,-3.48
4090293,2010-12-19 18:01:00,3,26,1,Rural,35-08,2+5,36519.0,5.510881903315614,1.0,9.01,12.35,-3.48
4090999,2010-12-20 21:01:00,3,12,1,Rural,96-07,8,5982.0,5.316280152539479,1.0,10.61,15.68,-3.454
4091425,2010-12-21 20:26:00,3,920,6,Rural,1-g1,2,31572.0,5.151219165648951,4.0,7.106,12.38,-9.49
4091526,2010-12-22 02:43:00,2,920,6,Rural,590-02,3+5,2175.0,16.74899008879014,3.0,2.702,5.521,-8.65
4092136,2010-12-23 11:50:00,3,11,1,Rural,1-d9,2+5,1483.0,6.283889692437121,0.0,17.76,22.87,-2.996
4092172,2010-12-23 13:31:00,2,620,3,Rural,1-h1,2,31985.0,8.209019248590765,1.0,7.69,10.29,-3.81
4092178,2010-12-23 14:07:00,3,240,3,Rural,1-d9,2+5,1483.0,5.36893853128967,3.0,13.14,16.1,-2.124
4092672,2010-12-24 16:52:00,2,923,6,Rural,1-d9,2+5,1483.0,5.719054458304196,2.0,12.28,14.9,-1.03
4093515,2010-12-27 19:09:00,1,240,3,Rural,1-m4,2+5,3242.0,23.35076223628466,1.0,4.676,6.468,1.178
4094947,2010-12-29 20:21:00,2,240,3,Rural,1-h3,2,31985.0,14.486474201086919,1.0,2.953,4.018,-0.34
4095648,2010-12-31 09:58:00,3,22,1,Rural,36-11,3,1483.0,13.131012923524146,2.0,9.03,11.86,0.382
4096285,2011-01-01 14:39:00,3,12,1,Rural,54-03,3+5,1868.0,2.7827146020151416,1.0,5.409,6.697,2.541
4096643,2011-01-02 13:59:00,3,70,1,Rural,1-h2,3+5,31985.0,8.765749153604743,1.0,4.226,5.39,2.17
4097274,2011-01-03 18:11:00,3,12,1,Rural,1-c0,4,6222.0,6.4725302437517165,1.0,6.826,14.73,1.594
4098182,2011-01-05 08:58:00,3,11,1,Rural,1-q8,3+5,33394.0,10.110221668893336,2.0,1.869,3.332,-6.92
4098503,2011-01-05 12:37:00,3,12,1,Rural,807-01,3,33563.0,4.688160859385326,3.0,1.525,3.038,-4.44
4099116,2011-01-06 15:01:00,3,11,1,Rural,43-01,2,1361.0,5.139968634947154,1.0,11.18,14.93,-9.89
4099863,2011-01-07 22:25:00,2,241,3,Rural,96-08,3,5988.0,8.664201098745083,5.0,7.1,11.5,1.157
4101740,2011-01-11 11:47:00,3,240,3,Rural,93-02,2,34175.0,0.05860192353279252,3.0,7.68,9.41,-5.46
4102063,2011-01-12 02:46:00,3,24,1,Rural,408-01,3,7475.0,9.278060798468006,4.0,3.523,9.9,-0.267
4103228,2011-01-14 06:47:00,2,12,1,Rural,1-e1,2,1483.0,4.80490120406218,3.0,18.77,22.08,-0.945
4103331,2011-01-14 10:19:00,2,12,1,Rural,1-e1,2,1483.0,4.851865324201063,1.0,16.19,19.31,1.021
4103943,2011-01-15 15:50:00,2,160,2,Rural,41-15,2,31363.0,3.498377732237778,0.0,3.693,4.41,1.48
4103949,2011-01-15 16:02:00,3,11,1,Rural,41-16,2,31363.0,0.8657067606261394,2.0,3.425,4.116,1.31
4104181,2011-01-16 01:35:00,2,24,1,Rural,1-g2,2,31572.0,9.361120614947989,5.0,1.947,2.809,3.18
4104384,2011-01-16 12:41:00,3,12,1,Rural,1-f3,3+5,1479.0,0.38051297010402724,1.0,0.291,0.849,2.137
4113375,2011-01-16 18:24:00,3,240,3,Rural,1-e1,0,1483.0,4.693382004496093,4.0,5.216,7.28,-0.015
4104505,2011-01-16 19:46:00,3,22,1,Rural,76-10,3+4,33751.0,0.46322320837442293,4.0,9.17,11.27,0.12
4105560,2011-01-18 14:28:00,3,11,1,Rural,35-04,2,36411.0,1.9104996284462357,2.0,7.05,9.31,-5.37
4105666,2011-01-18 18:52:00,3,320,4,Rural,75-03,4+5,3433.0,2.4891454938640285,2.0,0.936,1.535,-8.89
4105869,2011-01-19 07:00:00,3,11,1,Rural,96-07,0,5988.0,9.13956140394574,0.0,2.976,6.893,5.436
4106377,2011-01-20 09:50:00,3,12,1,Rural,35-07,0,6515.0,1.4719220799618382,0.0,6.581,8.85,0.518
4106523,2011-01-20 17:10:00,1,852,5,Rural,821-01,2,3474.0,12.690726364213774,0.0,16.27,19.14,-4.476
4106801,2011-01-20 17:26:00,3,11,1,Rural,574-10,3+6,1924.0,3.9461031445986308,4.0,3.316,12.54,1.397
4106814,2011-01-21 12:53:00,3,21,1,Rural,54-12,4,1938.0,4.144691940198126,3.0,14.42,24.73,7.07
4109951,2011-01-27 14:02:00,3,11,1,Rural,30-02,2+5,6310.0,8.412983627869727,2.0,3.857,4.867,4.216
4110144,2011-01-27 22:56:00,3,12,1,Rural,56-02,2,31942.0,10.968860975390188,4.0,13.92,21.46,3.8
4110209,2011-01-28 02:26:00,3,11,1,Rural,1-d8,2+5,31392.0,0.4094903857125326,4.0,5.714,8.04,0.47
4110496,2011-01-28 14:50:00,3,12,1,Rural,1-g9,2,1881.0,9.7508604224539,0.0,6.408,9.93,-0.15
4110593,2011-01-28 17:53:00,3,22,1,Rural,431-01,2,1483.0,5.766588537906941,3.0,12.15,15.65,0.272
4110941,2011-01-29 15:44:00,3,111,4,Rural,000-103,11,1479.0,2.046470489402392,4.0,8.85,14.11,5.783
4112498,2011-02-01 18:45:00,3,22,1,Rural,82-02,4,33563.0,8.700774228707667,5.0,12.13,16.27,-3.41
4112760,2011-02-02 11:33:00,3,12,1,Rural,1-d8,2+5,31392.0,0.21840007200359116,3.0,4.174,5.88,-1.19
4112985,2011-02-02 18:33:00,3,240,3,Rural,1-f6,2+6,1578.0,4.042298886592957,3.0,1.65,2.352,-0.497
4113342,2011-02-03 13:57:00,3,22,1,Rural,1-b5,4,6045.0,0.9948864680242457,3.0,3.232,4.116,-3.323
4113457,2011-02-03 19:33:00,2,11,1,Rural,43-01,0,1361.0,5.069151476594125,3.0,0.831,1.764,-3.446
4114227,2011-02-04 12:18:00,3,21,1,Rural,590-01,3+5,2175.0,3.028171806649784,2.0,3.279,5.717,-3.411
4114025,2011-02-05 00:53:00,2,26,1,Rural,92-07,2,5981.0,0.43934530091104335,3.0,3.442,4.737,-6.987
4119464,2011-02-07 11:00:00,3,60,9,Rural,1-d6,0,31399.0,4.315853970769433,0.0,4.812,7.64,-1.35
4115791,2011-02-08 15:33:00,3,24,1,Rural,51-02,2,31572.0,8.559332787327904,3.0,14.19,19.4,2.75
4115839,2011-02-08 16:45:00,3,11,1,Rural,43-01,2+5,1361.0,2.246582030931456,5.0,17.41,23.03,2.332
4116328,2011-02-09 15:00:00,3,21,1,Rural,407-01,2,1487.0,0.8357071938894302,0.0,8.29,9.6,-1.164
4117845,2011-02-11 22:10:00,3,11,1,Rural,35-05,2+5,36411.0,4.951380111150739,0.0,4.082,5.194,2.33
4118072,2011-02-12 10:30:00,2,12,1,Rural,47-02,2+5,1578.0,8.170801732437356,0.0,10.87,19.89,4.412
4118079,2011-02-12 11:18:00,2,24,1,Rural,30-02,4,6310.0,3.9339366652764194,2.0,8.06,9.96,2.84
4118563,2011-02-13 14:22:00,3,12,1,Rural,407-01,2,1487.0,0.44360545004051044,2.0,6.132,9.02,-2.801
4118596,2011-02-13 15:52:00,2,26,1,Rural,1-d8,2,31392.0,2.315061505769014,2.0,5.751,6.86,-3.16
4118732,2011-02-13 21:08:00,3,12,1,Rural,1-g1,2,31572.0,9.236944681338873,2.0,10.09,14.77,1.74
4118889,2011-02-14 10:15:00,3,11,1,Rural,43-01,2,1361.0,6.903924713332339,5.0,6.401,10.0,3.105
4119585,2011-02-14 18:31:00,3,22,1,Rural,45-01,2+5,1350.0,4.032090899840156,1.0,3.37,4.606,
4120163,2011-02-16 16:22:00,3,11,1,Rural,1-b2,4,36049.0,10.481420597543346,2.0,6.441,11.37,3.45
4120360,2011-02-17 07:51:00,3,11,1,Rural,43-01,2,1361.0,7.268168110438506,1.0,6.026,8.59,4.398
4120433,2011-02-17 09:57:00,3,12,1,Rural,56-02,4+5,31942.0,12.21227924449039,3.0,4.451,6.076,2.17
4120434,2011-02-17 10:03:00,2,11,1,Rural,47-02,2+5,1578.0,12.52436660539062,3.0,3.415,5.586,4.802
4120783,2011-02-17 22:35:00,3,12,1,Rural,1-m9,2+5,3242.0,6.505085957107259,5.0,1.18,1.764,-6.281
4122326,2011-02-21 10:33:00,3,860,5,Rural,000-701,2,4060.0,0.22799278510600465,3.0,0.375,1.241,2.412
4124116,2011-02-24 08:07:00,3,910,7,Rural,26-01,4,6310.0,8.73287105233037,3.0,6.884,9.21,5.707
4125378,2011-02-26 07:50:00,3,22,1,Rural,1-x3,3,35315.0,20.11848862694564,0.0,9.78,17.74,1.79
4125599,2011-02-26 22:07:00,3,12,1,Rural,1-d8,2+5,31392.0,0.5329260426857615,3.0,9.94,13.52,-2.65
4125634,2011-02-26 22:20:00,2,11,1,Rural,85-39,3,4455.0,4.075461826186847,0.0,7.154,9.18,1.829
4127503,2011-03-01 11:14:00,3,12,1,Rural,425-01,0,1361.0,12.784620898900998,4.0,7.123,9.31,1.563
4127671,2011-03-01 19:45:00,3,11,1,Rural,62-05,3,31122.0,3.3474189880091836,5.0,1.221,2.156,-2.25
4127843,2011-03-02 03:55:00,3,12,1,Rural,85-10,0,4614.0,16.21775032174772,5.0,11.02,14.08,0.173
4128137,2011-03-02 16:32:00,3,241,3,Rural,42-02,3+6,31363.0,14.176380175508983,2.0,5.831,7.35,2.17
4129542,2011-03-05 02:55:00,3,160,2,Rural,848-02,4+5,4303.0,3.969259029109205,5.0,2.42,4.018,-7.84
4130164,2011-03-06 16:29:00,3,24,1,Rural,1-h4,3,32097.0,5.460609828369866,1.0,19.76,23.81,-2.54
4130198,2011-03-06 18:47:00,3,12,1,Rural,1-k3,4+5,2197.0,5.467069862692935,3.0,12.63,15.61,-0.6
4130749,2011-03-07 13:59:00,3,12,1,Rural,1-a8,4,36156.0,21.192567310692045,1.0,11.5,18.72,1.81
4131316,2011-03-08 15:43:00,2,240,3,Rural,61-45,2,2738.0,2.2870218946169687,3.0,10.07,14.01,-4.513
4132037,2011-03-10 10:00:00,3,240,3,Rural,1-q3,2,3477.0,5.7497485940358235,0.0,8.81,13.16,-8.59
4133009,2011-03-11 17:57:00,3,12,1,Rural,1-q0,2,3474.0,7.995294464994148,3.0,6.992,10.42,-10.71
4133829,2011-03-13 14:23:00,3,12,1,Rural,1-g4,4+6,31674.0,3.1374408607041837,3.0,10.53,13.33,0.82
4133876,2011-03-13 18:35:00,3,60,9,Rural,1-h2,2,31985.0,11.106784703347952,5.0,16.94,22.44,-1.82
4134127,2011-03-14 09:40:00,3,12,1,Rural,82-03,4+5,33563.0,2.1223045157223073,0.0,22.21,36.36,7.11
4134735,2011-03-15 12:43:00,3,142,2,Rural,1-j1,4+6,32097.0,0.6802201523183947,3.0,22.31,27.05,-6.45
4135653,2011-03-16 20:28:00,3,11,1,Rural,1-q1,2,3474.0,4.746823039610113,2.0,16.74,19.01,-9.42
4135771,2011-03-17 07:53:00,3,240,3,Rural,51-01,2,31572.0,0.393312625195123,3.0,9.92,15.39,-4.14
4136770,2011-03-18 17:19:00,3,240,3,Rural,1-q5,0,3380.0,14.400289250130145,1.0,5.733,11.37,-4.607
4137359,2011-03-20 04:38:00,3,11,1,Rural,308-01,3,7094.0,12.011952746711422,2.0,4.468,5.488,-9.17
4137445,2011-03-20 13:13:00,3,685,4,Rural,1-c0,4,6222.0,6.404173996508999,3.0,8.75,11.01,1.372
4137863,2011-03-21 12:53:00,2,12,1,Rural,1-b0,2+5,36156.0,0.20945615153516414,3.0,6.146,9.31,1.44
4137987,2011-03-21 16:21:00,3,11,1,Rural,61-31,3+5,2646.0,17.16838412287823,1.0,5.648,10.78,-0.981
4138620,2011-03-22 16:35:00,3,60,9,Rural,1-c8,2+5,6310.0,6.059692123382372,5.0,0.85,0.98,1.431
4138775,2011-03-23 08:07:00,3,11,1,Rural,1-f6,0,1578.0,4.607148811699664,3.0,2.387,3.822,-0.053
4139035,2011-03-23 16:32:00,3,11,1,Rural,54-10,2,31931.0,2.957312073919075,2.0,2.649,4.312,-3.91
4139754,2011-03-25 07:42:00,3,11,1,Rural,574-06,2,1924.0,7.281960988910348,2.0,0.638,1.241,2.078
4140981,2011-03-27 14:01:00,2,240,3,Rural,35-01,2+5,31399.0,7.94073298003844,1.0,1.422,2.254,4.94
4141803,2011-03-28 17:24:00,2,11,1,Rural,1-m2,4+5,33419.0,12.091504773175599,4.0,1.288,1.666,0.55
4147087,2011-04-06 18:23:00,3,11,1,Rural,43-01,2+5,1350.0,9.256281529518247,3.0,7.033,9.77,-32.7
4147487,2011-04-07 16:30:00,2,26,1,Rural,1-a6,3+5,6272.0,4.2090115047581,0.0,13.63,18.29,8.47
4147856,2011-04-08 11:15:00,3,923,6,Rural,61-38,3+5,2646.0,5.651321632810401,5.0,1.143,2.156,5.542
4148863,2011-04-10 06:44:00,1,26,1,Rural,1-s4,4+5,34238.0,0.22660894716120342,4.0,4.777,6.762,1.13
4149280,2011-04-11 08:08:00,3,12,1,Rural,54-06,2+5,31958.0,0.22536752188589118,2.0,6.293,11.17,0.97
4149805,2011-04-11 22:37:00,3,24,1,Rural,99-01,3,5544.0,2.0374402938349077,3.0,5.641,8.13,4.13
4150319,2011-04-12 22:20:00,3,12,1,Rural,41-17,2,1350.0,8.623278345948917,0.0,6.397,8.89,-36.81
4150991,2011-04-14 09:21:00,2,12,1,Rural,43-01,2,1361.0,1.8661885390908628,1.0,11.01,16.37,3.984
4151752,2011-04-15 16:34:00,1,24,1,Rural,255-01,4,6222.0,10.260279305567927,4.0,3.257,4.541,2.314
4152525,2011-04-17 13:37:00,3,11,1,Rural,1-a8,4,36156.0,23.82600767154696,3.0,2.076,4.41,5.15
4153409,2011-04-18 21:31:00,2,24,1,Rural,1-d8,2+5,31392.0,5.0438523619525,1.0,6.307,9.31,-1.32
4153887,2011-04-19 19:39:00,1,660,4,Rural,1-k7,4+5,33204.0,16.626069019786748,1.0,4.146,7.06,0.64
4154316,2011-04-20 14:39:00,3,650,4,Rural,85-04,3+5,3695.0,5.49901272806738,1.0,3.385,3.985,2.677
4154717,2011-04-21 12:36:00,3,141,2,Rural,47-01,2,1578.0,5.918767455770522,4.0,11.81,14.8,6.478
4154836,2011-04-21 18:58:00,3,22,1,Rural,420-01,0,31363.0,6.071708233176452,2.0,18.73,25.48,7.51
4154876,2011-04-21 21:27:00,3,11,1,Rural,92-04,4,5975.0,6.134466465316147,3.0,3.623,9.96,8.83
4155571,2011-04-23 19:09:00,3,141,2,Rural,39-01,2+5,1490.0,4.44020450495635,1.0,16.79,21.2,-0.321
4155998,2011-04-25 00:30:00,3,21,1,Rural,1-g8,2,1779.0,6.300337953579513,0.0,5.309,8.07,-0.539
4156354,2011-04-25 18:52:00,3,320,4,Rural,85-03,4+5,3595.0,11.096658885488893,2.0,3.603,4.443,1.539
4158478,2011-04-28 01:49:00,3,11,1,Rural,1-v9,0,5544.0,12.227440187351574,1.0,5.507,6.767,5.639
4159413,2011-04-30 22:59:00,3,11,1,Rural,51-02,2,31572.0,4.1011330554943015,1.0,0.0,0.0,0.19
4159427,2011-05-01 00:02:00,3,11,1,Rural,43-01,2,1361.0,2.1375313892874654,2.0,4.18,5.357,1.383
4164226,2011-05-05 22:40:00,3,22,1,Rural,35-06,2,36415.0,4.2135354751650995,0.0,6.864,9.7,5.73
4162771,2011-05-06 11:29:00,3,11,1,Rural,731-02,3+6,3223.0,21.33951205633734,1.0,5.891,7.35,7.48
4163198,2011-05-07 16:20:00,2,11,1,Rural,36-11,4,1590.0,3.7361304681905714,0.0,8.29,11.04,5.235
4165565,2011-05-10 21:06:00,1,21,1,Rural,96-11,2+3+5,5885.0,1.0684172408101322,4.0,4.838,7.15,3.967
4165842,2011-05-11 16:38:00,3,1094,5,Rural,000-101,0,7475.0,0.8456162124646514,2.0,2.8,5.877,12.49
4166341,2011-05-12 15:31:00,2,660,4,Rural,60-09,2,32179.0,10.557335743814386,1.0,1.28,4.018,3.44
4166686,2011-05-13 11:12:00,3,11,1,Rural,60-45,2+5,2631.0,6.042407965763224,2.0,3.183,4.639,3.82
4167452,2011-05-14 16:38:00,3,11,1,Rural,60-07,4+5,2175.0,0.4153272299428357,2.0,4.247,5.815,6.172
4167806,2011-05-15 07:26:00,3,11,1,Rural,61-38,2+5,32643.0,5.146282671971083,4.0,2.219,4.312,6.21
4170285,2011-05-18 21:38:00,3,923,6,Rural,65-01,2+5,2636.0,1.7801693781322885,2.0,12.23,15.29,-2.341
4171288,2011-05-20 15:24:00,3,21,1,Rural,93-02,2+5,34175.0,1.6132654192974545,4.0,16.12,20.19,-2.57
4172270,2011-05-22 19:43:00,3,22,1,Rural,000-102,3+6+8,7475.0,9.112246730112258,3.0,5.793,9.47,7.625
4172917,2011-05-23 17:00:00,3,12,1,Rural,54-20,3+6,31958.0,23.718618425519164,0.0,5.995,11.47,-0.91
4173075,2011-05-24 07:38:00,3,11,1,Rural,1-j1,4+6,32097.0,0.1775586368111746,2.0,13.6,16.07,-2.46
4173942,2011-05-25 16:06:00,3,240,3,Rural,415-04,2,7475.0,5.913587520291172,4.0,6.401,11.34,7.19
4173986,2011-05-25 16:50:00,3,11,1,Rural,93-03,4+5,4275.0,5.874015579474202,0.0,0.002,0.022,-1.952
4175750,2011-05-28 06:48:00,3,22,1,Rural,75-03,4,3433.0,7.848685035352752,2.0,0.292,0.784,6.267
4175657,2011-05-28 12:43:00,2,141,2,Rural,744-03,4+6,3433.0,12.234539397734547,3.0,7.713,9.64,10.17
4176913,2011-05-30 01:16:00,3,11,1,Rural,54-06,4+5,31958.0,8.803524818639048,4.0,13.73,23.72,1.3
4176420,2011-05-30 06:23:00,3,22,1,Rural,65-01,2,2636.0,3.6222881453143607,3.0,11.02,16.3,-4.286
4177850,2011-05-31 21:28:00,2,45,8,Rural,000-701,4+5,4060.0,15.896942149587998,2.0,1.428,4.181,6.776
4178683,2011-06-02 11:38:00,3,12,1,Rural,574-07,3+5,1924.0,2.830026297134692,2.0,4.65,9.24,6.223
4178843,2011-06-02 18:33:00,3,45,8,Rural,62-03,4+6,32224.0,13.993159109322852,3.0,9.22,11.96,-0.6
4178952,2011-06-02 23:43:00,3,22,1,Rural,1-h3,4+5,31985.0,13.607806704886316,3.0,3.026,4.9,-0.05
4179829,2011-06-04 00:28:00,3,22,1,Rural,76-06,3,33750.0,23.689650627877803,2.0,9.71,13.72,5.6
4180313,2011-06-04 22:00:00,3,11,1,Rural,1-j2,2,32097.0,8.986848622837202,0.0,10.59,15.09,3.24
4180891,2011-06-05 23:26:00,3,22,1,Rural,000-601,3+6,3474.0,11.85490833865127,4.0,8.53,10.42,-3.142
4182908,2011-06-08 18:03:00,2,1094,5,Rural,41-16,0,31363.0,6.898413672040098,3.0,10.18,13.82,6.64
4183897,2011-06-10 17:00:00,3,320,4,Rural,1-x0,4,5544.0,23.06122176346736,0.0,7.038,9.27,11.32
4183956,2011-06-10 20:39:00,3,21,1,Rural,427-05,3+6,1361.0,11.453566568843097,1.0,8.07,13.72,8.4
4184149,2011-06-11 04:15:00,3,22,1,Rural,000-801,0,6420.0,2.469698787250778,5.0,3.683,6.893,8.52
4184465,2011-06-11 20:57:00,3,22,1,Rural,50-04,3,1881.0,13.004014810950036,3.0,5.829,7.58,7.91
4184786,2011-06-12 10:16:00,3,11,1,Rural,82-02,4+5,3463.0,11.526282490342057,4.0,0.402,1.111,5.907
4184863,2011-06-12 15:13:00,3,11,1,Rural,523-01,3+6,6802.0,17.588830742261408,3.0,5.363,9.73,10.28
4186148,2011-06-14 14:47:00,2,45,8,Rural,1-x8,0,35305.0,3.0226546440171367,3.0,2.499,3.822,8.67
4186151,2011-06-14 14:56:00,3,11,1,Rural,823-01,2,3371.0,8.453307171511307,4.0,6.478,8.98,8.62
4186923,2011-06-15 17:29:00,3,22,1,Rural,55-02,3+6+8,31958.0,16.389301999919844,1.0,18.08,25.19,7.34
4186977,2011-06-15 20:15:00,3,12,1,Rural,1-p3,4+5,3463.0,12.723935816117473,5.0,4.213,5.619,5.956
4187896,2011-06-17 10:41:00,2,141,2,Rural,1-x7,4,35305.0,3.5164001656007238,1.0,4.079,7.35,15.65
4188067,2011-06-17 19:06:00,3,22,1,Rural,75-06,4+5,3433.0,2.13111788328095,4.0,9.87,12.09,7.69
4188115,2011-06-17 22:27:00,2,130,2,Rural,41-16,2+5,31363.0,8.99943555389942,3.0,2.242,5.684,8.9
4188415,2011-06-18 11:07:00,3,45,8,Rural,1-r3,2,4303.0,1.4450932442906264,3.0,4.77,7.38,7.11
4190149,2011-06-18 17:05:00,3,835,5,Rural,000-801,0,36519.0,4.590287756357809,5.0,4.37,6.076,13.71
4191109,2011-06-19 13:00:00,3,920,6,Rural,000-641,0,34732.0,23.740914588919953,0.0,3.117,4.606,1.49
4193247,2011-06-19 16:00:00,2,45,8,Rural,000-641,0,3797.0,16.144896945472627,0.0,4.597,6.795,4.124
4189149,2011-06-19 16:42:00,2,45,8,Rural,47-11,2,1685.0,4.57306871979226,2.0,7.3,14.73,15.77
4190385,2011-06-20 18:32:00,2,12,1,Rural,82-02,4,33563.0,8.449068223795036,2.0,5.294,8.04,6.63
4190925,2011-06-21 11:17:00,2,11,1,Rural,365-01,3,36504.0,7.64330931844718,3.0,2.272,5.88,12.14
4193315,2011-06-24 22:08:00,2,45,8,Rural,000-801,6+8+11,1496.0,9.717705267271345,2.0,2.26,3.038,5.761
4193681,2011-06-25 18:27:00,2,45,8,Rural,000-641,11,3380.0,7.175091521145009,3.0,0.665,1.96,10.97
4195486,2011-06-28 12:51:00,3,45,8,Rural,60-36,0,2428.0,19.209765129864355,1.0,3.532,6.991,8.85
4195832,2011-06-28 21:08:00,2,923,6,Rural,000-220,2,31363.0,10.186126279989379,2.0,10.23,14.01,7.8
4196548,2011-06-30 02:55:00,3,11,1,Rural,1-x4,4,35315.0,12.7889913801285,5.0,1.578,2.45,9.29
4196763,2011-06-30 13:57:00,3,510,4,Rural,1-d6,2+5,31399.0,0.22015126056079015,3.0,3.725,5.782,15.54
4196888,2011-06-30 17:35:00,3,45,8,Rural,1-f3,2+5,1479.0,0.7866067527033963,5.0,1.472,3.528,14.76
4197022,2011-06-30 23:26:00,3,22,1,Rural,51-02,2+5,31572.0,6.606618832017154,4.0,2.413,6.011,10.57
4197545,2011-07-01 17:06:00,3,685,4,Rural,1-g8,2,1779.0,6.134753588814169,4.0,4.841,8.56,10.63
4197947,2011-07-02 08:15:00,3,12,1,Rural,000-511,0,2481.0,0.7969156695114739,5.0,7.32,8.36,9.91
4198145,2011-07-02 18:39:00,2,45,8,Rural,61-26,3+5,32474.0,16.789285436915712,1.0,8.81,11.66,7.37
4198890,2011-07-04 08:26:00,3,11,1,Rural,56-01,4+5,31958.0,11.802925204322628,4.0,4.954,7.448,12.88
4198902,2011-07-04 08:33:00,3,22,1,Rural,54-16,4,31942.0,5.238565011739334,3.0,4.231,6.958,13.02
4199150,2011-07-04 12:21:00,1,240,3,Rural,1-k7,2,3223.0,14.905035553695162,1.0,4.213,7.68,16.13
4200081,2011-07-05 15:59:00,3,240,3,Rural,1-q8,2+5,33495.0,12.183158582628371,1.0,5.896,10.78,13.84
4200401,2011-07-06 08:23:00,3,26,1,Rural,43-01,2,1350.0,9.256096380813906,3.0,5.33,6.435,10.31
4200653,2011-07-06 14:25:00,3,11,1,Rural,59-11,6,32190.0,4.320766432452621,5.0,5.027,6.664,7.96
4203198,2011-07-08 14:12:00,2,410,4,Rural,1-e2,0,1479.0,6.005303461389519,2.0,2.73,4.965,15.13
4201900,2011-07-08 15:33:00,2,12,1,Rural,1-b6,4,6134.0,10.033576456008028,3.0,3.287,4.247,10.74
4202314,2011-07-09 07:37:00,3,12,1,Rural,1-j2,2+4,2197.0,13.742616489902886,3.0,6.752,8.23,6.543
4202349,2011-07-09 10:47:00,3,1094,5,Rural,1-d2,0,6310.0,12.217613193220458,3.0,4.282,6.468,13.08
4202655,2011-07-09 22:01:00,3,26,1,Rural,45-01,2,1453.0,3.7034746770685607,1.0,3.541,4.802,12.41
4203006,2011-07-10 11:31:00,3,12,1,Rural,26-03,3,6424.0,4.9087180849113645,1.0,2.491,4.965,12.15
4203015,2011-07-10 11:57:00,3,26,1,Rural,41-15,2+5,31363.0,3.3709967221169506,3.0,2.67,4.606,13.36
4203080,2011-07-10 16:13:00,3,923,6,Rural,41-16,2+5,31363.0,8.674097129002238,3.0,4.836,6.958,12.28
4203663,2011-07-11 13:10:00,3,45,8,Rural,1-t0,4,34175.0,21.547463976410388,0.0,3.994,5.39,11.49
4204534,2011-07-12 18:42:00,1,22,1,Rural,000-541,0,3720.0,5.523806041124993,2.0,4.001,5.684,14.98
4207305,2011-07-17 18:00:00,3,1094,5,Rural,54-04,3,1868.0,6.27682050713287,0.0,6.824,9.02,16.3
4207422,2011-07-17 22:50:00,3,11,1,Rural,261-04,11,6235.0,10.33438628938674,0.0,0.853,1.209,6.097
4207739,2011-07-18 12:29:00,3,240,3,Rural,1-x5,4,35315.0,2.471197593389778,1.0,4.853,6.86,10.39
4208517,2011-07-19 13:04:00,3,11,1,Rural,586-01,0,2175.0,20.005379044924148,4.0,1.28,2.679,14.38
4208720,2011-07-19 17:51:00,3,12,1,Rural,41-21,6+8+11,1350.0,1.477556274576811,1.0,5.868,8.04,12.91
4209223,2011-07-20 09:26:00,3,12,1,Rural,1-h0,4+5,1881.0,1.615582227196431,4.0,0.0,0.0,11.93
4211730,2011-07-24 15:51:00,3,11,1,Rural,1-b6,4,6134.0,1.6005126933641551,1.0,7.678,12.51,13.56
4212314,2011-07-25 14:01:00,2,11,1,Rural,864-03,3,4614.0,15.821457871164421,1.0,2.127,3.299,12.31
4212965,2011-07-26 12:37:00,3,70,1,Rural,54-06,4+6,31958.0,7.831101322920928,3.0,6.828,10.0,14.36
4213228,2011-07-26 20:46:00,3,12,1,Rural,60-22,2,32372.0,8.358537139162474,4.0,3.945,6.37,12.69
4213511,2011-07-27 11:49:00,3,24,1,Rural,92-10,4,34087.0,3.4021910565432774,1.0,8.44,11.76,7.42
4213577,2011-07-27 13:29:00,2,240,3,Rural,745-05,3+6,3720.0,8.023716484970661,1.0,2.981,3.724,12.48
4214869,2011-07-29 18:22:00,3,142,2,Rural,1-g3,2+5,1673.0,9.2679067342216,2.0,8.46,10.81,11.66
4215949,2011-07-31 09:19:00,3,11,1,Rural,37-01,0,36504.0,3.375356397350388,1.0,0.539,0.98,11.52
4215997,2011-07-31 12:13:00,3,45,8,Rural,35-15,0,6935.0,15.698891446447211,3.0,13.47,15.55,8.72
4216012,2011-07-31 13:19:00,3,26,1,Rural,752-02,2+5,3242.0,1.8067823629481068,1.0,3.09,3.92,13.92
4216361,2011-08-01 02:43:00,3,11,1,Rural,60-30,2,32355.0,2.9349422413697304,3.0,16.78,21.76,6.92
4216616,2011-08-01 15:31:00,3,70,1,Rural,87-01,4,33495.0,5.1830430071895695,1.0,6.288,9.02,11.72
4216666,2011-08-01 17:44:00,2,12,1,Rural,37-01,2,36504.0,8.126324679408349,4.0,6.892,8.92,14.81
4216745,2011-08-01 19:14:00,3,141,2,Rural,1-h4,0,32097.0,7.297878717520088,4.0,8.87,11.96,13.13
4217417,2011-08-02 17:32:00,2,11,1,Rural,35-02,2,31399.0,12.443480419161677,2.0,6.764,9.31,13.74
4217545,2011-08-02 23:37:00,2,45,8,Rural,1-k9,0,33419.0,2.800092168540721,3.0,3.247,4.606,13.13
4218100,2011-08-03 17:41:00,1,841,5,Rural,000-861,0,6315.0,11.712930354016583,1.0,5.416,6.925,15.62
4218105,2011-08-03 17:53:00,3,11,1,Rural,435-01,2+5,1479.0,7.235181761264753,3.0,3.269,5.553,15.36
4218938,2011-08-04 16:02:00,3,12,1,Rural,76-10,0,33751.0,2.11198358851691,2.0,8.88,13.03,12.47
4219087,2011-08-05 16:01:00,2,11,1,Rural,907-01,6+8,5933.0,24.262762751816897,1.0,10.67,13.33,8.81
4219651,2011-08-06 16:44:00,3,70,1,Rural,92-10,3,34087.0,6.886627202263647,4.0,4.969,9.21,6.79
4219661,2011-08-06 20:06:00,3,12,1,Rural,6343-01,3+6,2738.0,1.858420774267897,4.0,4.72,6.599,10.89
4219852,2011-08-07 04:35:00,2,11,1,Rural,2147-01,0,6176.0,11.488561639490811,5.0,0.262,1.274,9.41
4220085,2011-08-07 15:07:00,2,45,8,Rural,37-03,3+6+8,36504.0,8.53060847022613,3.0,1.031,3.038,19.91
4220217,2011-08-07 21:09:00,2,45,8,Rural,360-03,2,1590.0,13.465510706776936,1.0,3.041,4.312,11.59
4220353,2011-08-08 08:03:00,3,923,6,Rural,30-01,2,6310.0,6.499107321845244,3.0,2.556,3.234,7.855
4220411,2011-08-08 09:32:00,3,12,1,Rural,848-01,2+5,33394.0,6.609794950704938,2.0,3.167,4.116,4.17
4222589,2011-08-11 19:05:00,3,141,2,Rural,54-02,2,1779.0,11.476661132974034,5.0,5.502,6.599,13.13
4222960,2011-08-12 13:41:00,3,410,4,Rural,35-08,2+5,36519.0,0.9306173483629046,1.0,3.501,4.9,14.74
4223153,2011-08-12 15:18:00,2,45,8,Rural,000-871,11,36156.0,15.103022117277195,2.0,4.928,7.84,12.88
4224041,2011-08-14 12:32:00,3,70,1,Rural,9483-01,6,34175.0,20.594267183651198,2.0,2.783,3.43,5.48
4225543,2011-08-16 16:25:00,3,12,1,Rural,523-01,3+6,1881.0,15.495673245126092,5.0,5.094,7.74,8.83
4225688,2011-08-16 23:32:00,3,24,1,Rural,50-04,4+5,1881.0,11.046346280846876,2.0,4.735,8.1,5.337
4226293,2011-08-18 02:43:00,3,11,1,Rural,1-h1,4+5,1881.0,4.401387823991926,3.0,0.827,1.437,1.971
4226334,2011-08-18 06:51:00,3,21,1,Rural,41-15,2+5,31363.0,3.366226253637224,1.0,2.391,2.842,6.97
4227102,2011-08-19 16:00:00,2,113,4,Rural,1-q5,3+5,3474.0,6.051025227151932,0.0,1.612,2.777,6.797
4227635,2011-08-20 22:08:00,3,11,1,Rural,38-02,2+5,7093.0,9.93317105030927,2.0,0.35,1.045,9.65
4229145,2011-08-22 17:19:00,3,21,1,Rural,523-01,0,1881.0,16.389430782698827,1.0,1.425,2.744,10.88
4229515,2011-08-23 15:29:00,3,21,1,Rural,94-06,4,4472.0,24.37987538258706,1.0,1.363,2.058,11.13
4230012,2011-08-24 12:49:00,3,12,1,Rural,41-16,2,31363.0,6.569587618291855,1.0,3.309,4.508,12.3
4230047,2011-08-24 13:59:00,3,11,1,Rural,54-22,3+6,31985.0,22.83900884026461,1.0,7.87,11.07,9.37
4232399,2011-08-28 20:40:00,2,21,1,Rural,1-b2,3+4+6,36049.0,9.553418348236699,0.0,8.3,11.56,10.76
4232493,2011-08-29 08:19:00,3,11,1,Rural,1-d9,2,1490.0,5.4422882420913625,1.0,6.791,8.36,7.38
4232881,2011-08-29 15:40:00,2,26,1,Rural,96-05,3,35978.0,2.0222291347699826,0.0,1.9,2.7,8.6
4233046,2011-08-30 05:57:00,3,11,1,Rural,1-h2,2+5,31985.0,9.271980152397068,3.0,5.082,7.25,8.9
4235928,2011-09-03 17:21:00,3,12,1,Rural,39-01,2+5,1490.0,4.280110540539951,1.0,4.629,6.893,12.71
4238164,2011-09-07 12:11:00,3,70,1,Rural,1-v9,3+6,5544.0,12.11437238629394,1.0,12.78,18.3,8.68
4238298,2011-09-07 15:33:00,3,12,1,Rural,1-e1,2+5,1479.0,9.5683384683795,3.0,8.07,12.58,8.96
4238880,2011-09-08 19:47:00,3,11,1,Rural,36-08,3+6,1590.0,5.249501502516348,3.0,17.84,26.33,-2.519
4239400,2011-09-09 18:07:00,3,11,1,Rural,36-08,4+6,1590.0,5.715965197179813,3.0,9.89,13.72,1.075
4240160,2011-09-11 09:05:00,3,11,1,Rural,54-20,3+6,31950.0,25.592171100167814,5.0,3.587,4.704,5.97
4240234,2011-09-11 15:48:00,3,12,1,Rural,1-r3,2,4303.0,2.2252107444934413,2.0,6.916,9.83,4.985
4242597,2011-09-15 14:41:00,3,921,9,Rural,000-801,2+5,1490.0,1.1311767593836215,1.0,5.443,7.15,9.0
4243146,2011-09-16 17:13:00,3,40,1,Rural,000-641,6+11,4303.0,5.448225112435173,3.0,2.575,5.521,12.16
4243912,2011-09-18 13:02:00,3,12,1,Rural,30-08,3,36519.0,2.193933495400111,2.0,6.727,10.29,9.34
4243915,2011-09-18 13:14:00,3,70,1,Rural,619-03,3,2428.0,8.009313335525373,4.0,5.512,12.48,9.95
4243997,2011-09-18 15:31:00,2,45,8,Rural,000-801,0,7091.0,3.166793837583087,1.0,7.851,10.65,8.79
4243969,2011-09-18 16:26:00,2,45,8,Rural,000-701,0,35880.0,8.053677002003955,4.0,3.934,6.468,8.36
4244271,2011-09-19 10:11:00,3,12,1,Rural,1-c2,4,6315.0,7.327925773851097,1.0,7.446,9.93,10.8
4245808,2011-09-21 16:44:00,2,240,3,Rural,1-d8,2,31392.0,5.306640643274495,4.0,6.701,10.0,7.76
4245921,2011-09-21 23:22:00,2,720,9,Rural,36-11,2+5,1590.0,5.765536032981613,2.0,6.56,8.72,0.742
4246060,2011-09-22 08:56:00,3,11,1,Rural,41-15,2+5,31363.0,5.804266714031363,4.0,1.192,1.568,6.46
4247014,2011-09-23 18:25:00,3,24,1,Rural,410-02,2,7475.0,5.613081122004192,5.0,0.093,0.105,10.52
4247602,2011-09-25 06:54:00,3,710,9,Rural,000-861,6+8+11,6315.0,2.033327788451455,4.0,2.541,4.769,9.28
4248857,2011-09-27 20:28:00,3,45,8,Rural,1-x8,0,35305.0,2.9335573895424782,2.0,1.173,2.744,10.69
4251259,2011-10-03 12:05:00,3,11,1,Rural,48-11,0,1590.0,6.294587212180516,5.0,10.85,12.87,2.963
4251393,2011-10-03 16:23:00,3,45,8,Rural,643-02,0,2481.0,10.080651596359527,3.0,9.75,12.81,3.901
4252125,2011-10-05 12:06:00,3,160,2,Rural,1-e1,0,1479.0,9.640642966436722,4.0,0.513,1.209,3.721
4253234,2011-10-08 04:00:00,3,26,1,Rural,000-301,3+6,1881.0,11.253113531245795,0.0,5.169,8.43,3.296
4253720,2011-10-09 08:49:00,2,24,1,Rural,874-02,2,4828.0,1.8046634246212927,1.0,0.74,1.601,4.377
4253730,2011-10-09 10:31:00,3,12,1,Rural,61-43,2,2641.0,5.08948461740822,1.0,3.692,9.21,-1.067
4253905,2011-10-09 20:09:00,3,26,1,Rural,61-35,2,2646.0,3.9164011210115763,1.0,1.7,2.744,0.742
4253987,2011-10-10 06:28:00,2,11,1,Rural,1-h0,4,1881.0,1.4349106208853206,2.0,3.527,4.312,-3.186
4254348,2011-10-10 17:39:00,3,24,1,Rural,000-103,2,31579.0,2.4083330024496514,1.0,7.98,13.33,3.69
4254360,2011-10-10 18:10:00,3,11,1,Rural,523-01,3+6,1881.0,16.97576088001084,0.0,3.747,6.109,-0.185
4255450,2011-10-10 18:35:00,3,60,9,Rural,1-m5,0,3242.0,10.577494181104145,5.0,5.235,6.599,-1.312
4254924,2011-10-12 08:37:00,1,240,3,Rural,92-04,3,5975.0,6.121702137826409,3.0,0.651,1.601,-1.388
4255872,2011-10-14 14:40:00,3,12,1,Rural,54-15,2,31942.0,3.7867390973742956,0.0,10.99,20.68,6.35
4258037,2011-10-15 06:40:00,3,26,1,Rural,82-12,0,33654.0,14.009409271784188,0.0,2.068,5.194,5.42
4256160,2011-10-15 06:48:00,3,11,1,Rural,1-d9,2+5,1490.0,6.824363535934378,2.0,12.04,15.71,2.054
4256329,2011-10-15 22:39:00,3,870,5,Rural,1-x0,0,5544.0,22.45526462139667,1.0,1.782,2.8,4.837
4256380,2011-10-16 01:22:00,3,12,1,Rural,1-e1,2,1479.0,9.17234644178099,2.0,4.402,5.782,3.144
4256389,2011-10-16 01:52:00,3,12,1,Rural,41-16,2,31363.0,5.068109698647698,2.0,2.453,2.842,0.93
4256783,2011-10-17 07:37:00,3,70,1,Rural,1-c3,4,6315.0,0.25657501753654643,3.0,7.389,9.21,1.132
4256959,2011-10-17 10:52:00,3,11,1,Rural,1-d6,2,31399.0,0.18768312283873612,2.0,12.47,34.59,4.0
4257117,2011-10-17 16:00:00,3,60,9,Rural,1-c2,4,6315.0,4.522433209967849,0.0,12.38,16.04,5.828
4257406,2011-10-18 17:08:00,3,11,1,Rural,1-m3,4,33419.0,18.881247000065002,2.0,5.147,6.566,-2.14
4257659,2011-10-19 12:20:00,2,835,5,Rural,000-701,0,35769.0,12.998836739783396,0.0,10.47,14.8,4.0
4257773,2011-10-19 15:55:00,3,24,1,Rural,1-r6,2,34326.0,10.79473040791996,5.0,1.6,2.352,-6.23
4259207,2011-10-22 23:00:00,3,22,1,Rural,1-d8,2,1490.0,2.3485230180019467,0.0,5.088,7.09,2.013
4259860,2011-10-24 10:33:00,3,660,4,Rural,1-p9,2,3474.0,9.013789416767192,3.0,3.295,4.051,-5.748
4261012,2011-10-26 14:43:00,2,241,3,Rural,31-03,2,36411.0,1.7884587229745752,3.0,5.496,8.43,7.46
4262574,2011-10-29 22:12:00,3,160,2,Rural,61-01,0,32377.0,2.0598561471585253,2.0,18.63,25.19,0.45
4264254,2011-11-02 13:18:00,3,11,1,Rural,83-02,4,3477.0,8.146930009520835,2.0,8.27,11.27,0.809
4264335,2011-11-02 16:13:00,3,11,1,Rural,1-m2,4+5,33419.0,3.8725932429369245,3.0,24.03,30.38,1.04
4264670,2011-11-02 22:43:00,3,12,1,Rural,92-04,0,34073.0,4.694800064257919,3.0,4.163,6.86,-0.01
4265214,2011-11-04 20:22:00,3,12,1,Rural,1-m4,4+5,3242.0,16.653863968974324,2.0,2.883,5.749,4.091
4265261,2011-11-05 00:06:00,3,24,1,Rural,1-m5,4,3242.0,11.275443643978583,4.0,2.235,5.847,3.839
4266007,2011-11-05 17:37:00,3,11,1,Rural,39-01,2,1490.0,4.264957998316274,3.0,4.938,7.58,0.48
4265870,2011-11-06 04:19:00,3,70,1,Rural,94-01,2+5,34175.0,5.630193804902661,1.0,7.56,10.29,3.07
4266028,2011-11-06 10:40:00,3,11,1,Rural,1-b9,4,36122.0,4.530343519774825,0.0,3.681,5.684,3.54
4266225,2011-11-06 23:03:00,3,12,1,Rural,41-16,2+5,31363.0,2.0168797308647703,3.0,7.26,12.05,2.94
4266531,2011-11-07 11:56:00,3,70,1,Rural,000-601,6+8,3463.0,10.657321238475316,4.0,1.398,1.829,4.527
4267416,2011-11-09 01:56:00,3,11,1,Rural,33-01,2,31399.0,7.528071300427587,4.0,4.46,4.998,7.28
4268087,2011-11-10 12:14:00,3,330,4,Rural,1-e1,2,1490.0,8.636519102615123,4.0,14.88,19.04,5.695
4268748,2011-11-11 19:48:00,3,11,1,Rural,427-06,4,31363.0,19.274343478488824,2.0,4.82,6.958,5.94
4269075,2011-11-12 14:03:00,3,12,1,Rural,76-01,3,3433.0,16.567764868629613,3.0,2.876,3.659,5.604
4269485,2011-11-13 07:11:00,3,24,1,Rural,1-c8,2,6310.0,6.251445648426335,1.0,5.774,7.285,7.009
4269717,2011-11-13 23:04:00,3,22,1,Rural,1-h4,4+6,32097.0,4.847891475031654,4.0,6.871,8.82,4.18
4271932,2011-11-17 23:26:00,3,12,1,Rural,1-q6,2+4+5,33487.0,3.5593602743289336,4.0,0.922,2.058,3.28
4272784,2011-11-19 12:36:00,2,240,3,Rural,000-701,0,5933.0,2.448462978080149,4.0,4.738,5.749,-0.258
4272876,2011-11-19 16:11:00,3,322,4,Rural,1-u7,3+5,5872.0,2.381683881224207,1.0,1.968,3.071,6.412
4273233,2011-11-20 18:13:00,3,26,1,Rural,1-m4,4+5,3242.0,16.646420122482464,3.0,9.37,13.85,4.377
4273529,2011-11-21 12:07:00,3,12,1,Rural,39-01,4+5,1490.0,4.2646453958489605,3.0,7.59,10.58,0.406
4273745,2011-11-21 18:17:00,3,11,1,Rural,30-04,2+5,6420.0,6.647025292131454,3.0,3.826,6.043,1.13
4273844,2011-11-22 02:41:00,3,923,6,Rural,1-f3,2,1479.0,1.170541485233709,1.0,4.202,6.109,2.934
4274199,2011-11-22 15:09:00,3,12,1,Rural,36-11,2+5,1590.0,5.90818809045271,1.0,0.0,0.0,-2.295
4274967,2011-11-23 15:57:00,3,12,1,Rural,82-02,0,33563.0,9.628933144505913,3.0,2.276,4.214,0.46
4274840,2011-11-23 17:55:00,3,12,1,Rural,1-m9,2,3242.0,5.293548770300885,5.0,15.12,18.29,0.436
4274860,2011-11-23 19:15:00,3,910,7,Rural,1-g1,2,31572.0,6.880522621943114,5.0,2.808,4.149,1.63
4274907,2011-11-23 22:30:00,3,12,1,Rural,43-01,2,1361.0,7.5117293550034345,0.0,10.33,13.98,3.737
4275342,2011-11-24 16:40:00,3,920,6,Rural,1-v5,2,35553.0,1.2650084071939725,0.0,4.7,8.1,0.9
4275394,2011-11-24 19:10:00,3,945,6,Rural,41-16,2,31363.0,7.506712694117555,0.0,2.155,2.842,-1.05
4275757,2011-11-25 15:43:00,3,11,1,Rural,43-01,2+5,1361.0,5.216744276726954,3.0,5.61,9.87,1.643
4276119,2011-11-26 14:07:00,2,240,3,Rural,26-01,4,6310.0,8.964205235389109,3.0,2.618,2.94,-7.305
4276295,2011-11-26 23:44:00,3,12,1,Rural,1-f5,6,31579.0,1.536808919763137,4.0,5.789,7.45,-1.96
4276507,2011-11-27 14:27:00,3,860,5,Rural,000-861,3,6222.0,12.383530451413769,3.0,3.305,4.965,-0.802
4276549,2011-11-27 16:51:00,3,21,1,Rural,1-v3,0,35666.0,15.080928458682031,1.0,3.276,8.43,2.27
4277138,2011-11-29 01:16:00,3,70,1,Rural,1-p1,4+8,33357.0,1.013595343723242,4.0,11.21,16.46,-4.59
4277668,2011-11-30 12:33:00,3,11,1,Rural,51-02,2,31572.0,4.210196573569137,3.0,6.231,10.06,-3.07
4278107,2011-12-01 12:54:00,3,12,1,Rural,1-b5,4,36049.0,10.177137919034344,4.0,8.51,16.95,3.42
4278641,2011-12-02 17:19:00,3,11,1,Rural,275-01,2,7094.0,7.96582602680043,1.0,3.775,4.345,-4.305
4279357,2011-12-04 14:17:00,3,12,1,Rural,61-03,2,2481.0,0.9631303390657556,3.0,13.35,16.76,-1.979
4279393,2011-12-04 15:49:00,3,11,1,Rural,38-02,2,7093.0,11.11762916541503,1.0,9.29,10.75,-5.318
4280534,2011-12-06 20:25:00,3,240,3,Rural,1-d8,2,31392.0,5.626042431144455,5.0,6.1,7.55,-6.2
4282170,2011-12-10 08:00:00,3,240,3,Rural,41-21,2+5,1350.0,1.8539679728977854,0.0,10.36,12.18,-5.163
4282322,2011-12-10 20:03:00,3,240,3,Rural,1-f6,2,1578.0,4.281497164840116,3.0,16.85,27.8,2.236
4282573,2011-12-11 10:31:00,3,11,1,Rural,1-e1,2,1487.0,9.979391540203837,1.0,8.05,9.87,-2.288
4283067,2011-12-12 09:30:00,3,920,6,Rural,000-231,2+5,1361.0,4.334906739760168,0.0,9.15,11.4,1.1
4283577,2011-12-12 17:00:00,3,60,9,Rural,1-y1,0,36386.0,9.373379107276264,0.0,1.262,2.45,-0.93
4283670,2011-12-13 15:21:00,3,11,1,Rural,1-c8,4,6310.0,5.996064641373384,1.0,9.58,12.45,0.957
4283703,2011-12-13 16:15:00,3,12,1,Rural,41-16,2+5,31363.0,6.047433961346045,5.0,10.25,12.64,1.39
4285082,2011-12-16 15:39:00,2,240,3,Rural,92-07,2+3,34075.0,2.7965770125398905,1.0,5.1,9.0,-2.5
4285928,2011-12-18 13:36:00,3,211,3,Rural,1-g3,3,1673.0,1.0181352750828951,4.0,17.22,22.51,2.148
4285950,2011-12-18 14:56:00,3,22,1,Rural,51-02,3,31572.0,9.279504203520977,4.0,12.06,16.66,3.15
4287134,2011-12-21 14:38:00,3,11,1,Rural,261-02,0,6222.0,3.083113270497722,2.0,13.9,19.63,5.762
4287944,2011-12-23 10:46:00,2,11,1,Rural,1-x4,3,35315.0,8.690641724552536,4.0,5.232,7.84,-0.2
4288336,2011-12-24 11:39:00,3,26,1,Rural,51-02,3+5,31572.0,6.702833099686539,1.0,2.174,3.691,2.3
4288352,2011-12-24 12:44:00,3,923,6,Rural,1-f5,2,31579.0,2.2494804656610845,4.0,13.83,22.15,0.84
4288544,2011-12-25 15:10:00,3,22,1,Rural,000-641,0,3695.0,5.126594507744611,0.0,9.62,11.63,-1.337
4288764,2011-12-26 17:08:00,3,11,1,Rural,41-16,2,31363.0,1.6397628644846578,2.0,9.04,12.64,-4.38
4288777,2011-12-26 17:56:00,2,240,3,Rural,1-f5,2,31579.0,3.50553929412702,4.0,8.37,12.94,-3.15
4289250,2011-12-27 14:34:00,3,11,1,Rural,1-m2,4,33419.0,3.6782647733701506,4.0,2.746,4.704,-1.75
4289735,2011-12-27 17:14:00,3,22,1,Rural,427-04,2,1361.0,1.8983695672454606,4.0,5.243,6.239,0.552
4291250,2012-01-01 22:25:00,3,11,1,Rural,1-k5,4,33204.0,1.7037773221535772,5.0,9.86,11.86,-2.54
4291517,2012-01-02 13:19:00,3,12,1,Rural,35-01,2,31399.0,4.920963117486092,1.0,0.722,1.47,-5.13
4291898,2012-01-03 11:01:00,3,12,1,Rural,1-f5,2,31579.0,4.1026668848698735,1.0,3.456,3.92,-7.01
4292763,2012-01-05 07:21:00,3,910,7,Rural,1-c7,4+8,6315.0,8.352918284728359,1.0,1.245,2.548,-9.2
4293392,2012-01-06 12:53:00,3,11,1,Rural,34-02,2,31399.0,9.50263387585509,3.0,3.545,8.04,3.69
4293932,2012-01-07 20:53:00,3,12,1,Rural,92-07,2,5981.0,5.222948789095156,3.0,0.421,1.045,1.235
4294334,2012-01-08 20:35:00,3,24,1,Rural,1-c8,2,6310.0,6.214782853325556,5.0,9.5,13.1,1.133
4294363,2012-01-08 20:55:00,2,240,3,Rural,51-01,2+5,31572.0,0.7411798614102685,5.0,3.514,7.709,1.42
4294663,2012-01-09 13:24:00,3,12,1,Rural,1-d6,2,31399.0,1.8181732508853858,4.0,3.863,8.92,1.33
4294822,2012-01-09 20:13:00,3,945,6,Rural,41-21,2,1350.0,1.4346544919114097,3.0,18.76,23.06,-0.126
4296141,2012-01-12 23:10:00,3,11,1,Rural,1-e1,0,1487.0,9.769955531515958,0.0,16.74,24.99,-1.497
4297494,2012-01-16 08:49:00,3,21,1,Rural,829-02,3+5,3371.0,5.244629583547708,1.0,7.6,9.87,6.566
4297876,2012-01-16 21:13:00,3,12,1,Rural,61-33,3+5,2646.0,13.229007178282146,3.0,1.463,4.998,6.364
4299304,2012-01-19 16:05:00,3,24,1,Rural,93-02,2+5,34175.0,4.12116348650361,5.0,10.66,15.39,-5.2
4300665,2012-01-23 01:15:00,3,22,1,Rural,726-01,3,3223.0,19.152690856626187,5.0,0.456,1.339,-4.0
4301210,2012-01-23 20:33:00,3,12,1,Rural,1-f5,2,31579.0,1.4400721738456803,3.0,16.96,22.25,1.57
4302108,2012-01-25 13:22:00,3,11,1,Rural,1-k7,4,33204.0,16.45407104636286,2.0,3.133,3.92,-4.69
4302911,2012-01-27 10:25:00,3,11,1,Rural,61-02,2,32377.0,2.9066621463628306,5.0,3.146,3.822,-7.17
4302953,2012-01-27 11:32:00,3,240,3,Rural,1-d8,2,31392.0,0.5928746317210355,2.0,16.13,20.38,-1.33
4303032,2012-01-27 14:34:00,3,240,3,Rural,1-p1,2,33357.0,0.4879803563206051,4.0,12.69,15.68,-0.62
4304187,2012-01-30 10:11:00,3,12,1,Rural,64-01,2,2631.0,1.8294381256101393,1.0,4.68,7.02,1.291
4304827,2012-01-31 11:11:00,2,21,1,Rural,61-25,2+5,32474.0,20.233832243519284,1.0,5.774,7.35,-0.29
4305647,2012-02-01 22:46:00,3,12,1,Rural,1-g4,3,31674.0,0.21175209196356087,4.0,5.244,7.25,2.35
4305976,2012-02-02 12:08:00,3,11,1,Rural,1-k3,4+5,2197.0,5.639835980847342,2.0,3.335,6.827,-1.373
4306428,2012-02-03 09:44:00,3,142,2,Rural,1-g1,2,31572.0,8.85548360617173,4.0,1.965,4.247,3.01
4309476,2012-02-09 06:14:00,3,12,1,Rural,41-15,2,31363.0,7.384367331064245,4.0,0.376,1.078,-0.26
4309506,2012-02-09 09:22:00,3,11,1,Rural,1-c0,4,6222.0,6.27126438383978,2.0,3.546,4.443,2.384
4310046,2012-02-10 09:51:00,3,12,1,Rural,1-d2,2,31399.0,10.93782763309299,1.0,3.218,5.684,0.36
4310372,2012-02-10 20:43:00,2,11,1,Rural,1-g1,4+6,31572.0,9.17163569166797,3.0,10.22,14.77,1.71
4310667,2012-02-11 14:14:00,3,12,1,Rural,574-06,4+5,1924.0,6.8166622995797646,4.0,5.304,9.15,4.524
4313649,2012-02-16 18:26:00,3,12,1,Rural,1-q3,0,1673.0,2.9175936776017872,4.0,4.85,6.207,-0.103
4319697,2012-02-17 15:21:00,3,12,1,Rural,92-09,0,5981.0,2.6075273143199054,1.0,9.64,13.82,-2.138
4314218,2012-02-17 19:55:00,2,11,1,Rural,54-12,4,31932.0,5.395043007453382,5.0,10.98,16.95,-2.34
4314950,2012-02-17 21:29:00,3,160,2,Rural,30-01,0,6310.0,6.307666879885873,1.0,7.328,8.95,-4.672
4315290,2012-02-20 11:58:00,2,21,1,Rural,1-d2,2+5,6310.0,9.75397212640952,2.0,2.441,3.92,1.079
4315393,2012-02-20 13:35:00,3,12,1,Rural,429-02,5,1350.0,5.9414314622030036,5.0,6.219,9.6,1.816
4315400,2012-02-20 13:37:00,3,12,1,Rural,1-t4,2+5,34073.0,10.272847111559411,3.0,7.69,9.51,-4.29
4317573,2012-02-23 19:06:00,3,24,1,Rural,93-03,3,4180.0,6.531227008319828,4.0,5.919,8.04,-0.233
4317587,2012-02-23 19:38:00,3,21,1,Rural,92-09,8,34087.0,2.4966837811621003,2.0,17.52,23.32,-1.55
4317767,2012-02-24 07:38:00,3,22,1,Rural,41-15,2,31363.0,8.119292687441355,2.0,12.86,19.11,0.37
4318201,2012-02-24 10:53:00,3,12,1,Rural,1-v1,0,35666.0,6.57484927097372,3.0,2.357,2.646,0.36
4318893,2012-02-26 15:20:00,3,610,4,Rural,42-01,2+5,7475.0,13.16157166535038,0.0,0.082,0.095,5.39
4318957,2012-02-26 18:51:00,2,111,4,Rural,54-06,4+5,31958.0,9.476766833099612,1.0,3.867,5.586,1.31
4320373,2012-02-28 23:24:00,3,24,1,Rural,54-11,4+5,1924.0,5.513338603182351,4.0,5.461,9.44,1.403
4321339,2012-03-01 15:16:00,3,11,1,Rural,000-231,8,31364.0,6.31676860781388,4.0,5.971,7.35,0.93
4321332,2012-03-01 16:55:00,3,11,1,Rural,1-k2,4+5,2197.0,4.985551641445279,5.0,7.93,10.03,-0.76
4322620,2012-03-04 12:01:00,2,11,1,Rural,35-03,0,36411.0,11.19245603342467,1.0,1.647,3.038,-1.44
4322979,2012-03-05 10:33:00,3,21,1,Rural,85-03,3+5,3595.0,11.977478198928031,3.0,10.32,12.12,-3.069
4324156,2012-03-06 19:29:00,3,11,1,Rural,41-16,2,31363.0,4.904242537552408,1.0,14.67,19.21,-1.04
4324656,2012-03-07 16:24:00,3,160,2,Rural,1-e1,2,1487.0,9.793306370259605,4.0,11.51,14.21,-4.94
4324705,2012-03-07 18:54:00,3,26,1,Rural,36-11,2+8,1590.0,4.429077965201419,4.0,17.36,21.34,-7.08
4324755,2012-03-07 21:59:00,3,11,1,Rural,1-k3,4,2197.0,5.716850323296076,1.0,11.52,13.59,-0.661
4324888,2012-03-08 08:03:00,3,11,1,Rural,47-12,2,1673.0,10.780805671417898,3.0,6.699,8.46,0.365
4325031,2012-03-08 13:48:00,3,11,1,Rural,45-06,2+5,1350.0,3.1655323650797773,2.0,13.58,17.8,0.09
4325135,2012-03-08 18:09:00,3,60,9,Rural,1-c8,2,6310.0,6.044368111459866,1.0,8.31,11.63,-1.377
4325139,2012-03-08 18:44:00,3,142,2,Rural,1-g9,3,1779.0,9.82892918092663,4.0,8.45,13.1,-0.448
4325244,2012-03-08 21:38:00,3,24,1,Rural,41-15,2,31363.0,7.697224226021656,2.0,11.38,18.62,-1.26
4325328,2012-03-09 08:27:00,2,240,3,Rural,415-04,2,7475.0,5.748774608212504,3.0,0.082,0.095,-0.947
4325496,2012-03-09 09:17:00,3,24,1,Rural,1-d8,2+5,31392.0,6.034461042223031,3.0,14.65,20.87,-3.53
4325640,2012-03-09 16:11:00,3,11,1,Rural,60-03,3,2175.0,17.4584553425601,1.0,8.16,12.12,-0.965
4325707,2012-03-09 21:36:00,3,70,1,Rural,744-02,2,33419.0,16.19500850107783,4.0,10.03,13.13,-1.68
4326385,2012-03-11 14:15:00,3,24,1,Rural,92-04,3,5975.0,5.349378665650641,5.0,11.33,15.78,5.36
4327744,2012-03-13 19:08:00,3,60,9,Rural,1-k9,4+5,33419.0,5.940640632752863,2.0,6.972,9.9,3.55
4328253,2012-03-14 16:04:00,3,36,1,Rural,1-m1,2,33419.0,0.37141309831859237,4.0,5.129,7.84,1.77
4328708,2012-03-15 15:03:00,3,11,1,Rural,26-01,2+6,6310.0,8.786217934092825,3.0,3.592,4.41,0.913
4329422,2012-03-16 21:39:00,3,923,6,Rural,1-d8,2,1490.0,2.0503037267374427,1.0,3.592,4.639,-3.848
4330135,2012-03-18 19:12:00,3,130,2,Rural,41-16,2,31363.0,7.21105357742927,2.0,17.27,23.03,-0.81
4330161,2012-03-18 21:51:00,3,11,1,Rural,429-02,2,1350.0,4.82336903960778,1.0,17.74,23.59,1.901
4332836,2012-03-23 16:28:00,1,22,1,Rural,1-k3,4+5,2197.0,4.216599974821677,2.0,3.017,5.945,8.77
4333400,2012-03-25 00:07:00,3,11,1,Rural,574-07,0,1924.0,3.857035310676363,3.0,10.58,18.39,7.94
4334473,2012-03-26 17:22:00,1,240,3,Rural,82-03,4,33563.0,2.7057821739527244,2.0,16.98,30.97,11.53
4336687,2012-03-31 01:53:00,3,11,1,Rural,76-03,2,3433.0,10.554283764677319,3.0,5.121,6.501,1.798
4336914,2012-03-31 16:43:00,3,923,6,Rural,50-03,2,1881.0,13.825963153021062,3.0,3.929,5.129,4.408
4337426,2012-04-01 20:41:00,3,22,1,Rural,1-h4,2+5,32097.0,4.664424390139338,1.0,1.34,1.47,-3.52
4340398,2012-04-06 23:58:00,3,11,1,Rural,309-01,0,7094.0,13.473547199354853,2.0,7.518,9.02,6.224
4341138,2012-04-08 23:05:00,2,11,1,Rural,35-02,2+5,31399.0,12.9354279802969,5.0,0.948,2.156,0.01
4341621,2012-04-10 07:34:00,3,11,1,Rural,92-07,3+5,5981.0,3.531366963062529,4.0,4.454,6.174,1.075
4343642,2012-04-12 16:30:00,3,923,6,Rural,821-01,0,3371.0,12.292297368922176,0.0,4.504,6.043,1.183
4345050,2012-04-15 16:54:00,3,12,1,Rural,1-a4,0,6272.0,4.119175050887911,4.0,3.89,5.423,7.29
4345083,2012-04-15 19:19:00,3,410,4,Rural,1-f5,2,31579.0,0.27931634188930393,1.0,6.677,10.49,5.41
4347075,2012-04-18 18:55:00,3,36,1,Rural,360-03,2,1496.0,8.992460289175904,5.0,7.39,9.34,-1.565
4347301,2012-04-19 09:50:00,2,11,1,Rural,923-00,2+5,34148.0,2.3100274586656337,0.0,3.605,5.782,-4.58
4347332,2012-04-19 12:06:00,3,45,8,Rural,000-231,0,1350.0,3.4110481324849236,4.0,2.686,4.214,5.469
4348425,2012-04-21 19:18:00,3,22,1,Rural,722-01,3+6,3223.0,10.426825829055087,2.0,6.788,8.59,4.382
4349093,2012-04-23 10:57:00,1,11,1,Rural,1-a8,2+5,36156.0,22.91089173580606,3.0,10.54,14.8,6.8
4349483,2012-04-23 22:09:00,3,45,8,Rural,000-102,2+5,7475.0,5.982870561348584,1.0,0.052,0.063,5.06
4349803,2012-04-24 12:09:00,3,11,1,Rural,1-a2,2+6+8,36386.0,5.407599816370846,1.0,3.922,5.488,6.11
4349944,2012-04-24 15:31:00,2,12,1,Rural,87-01,4+5,33495.0,6.239095173093072,1.0,8.55,10.29,-0.83
4352182,2012-04-28 19:26:00,3,11,1,Rural,68-09,3+6,32390.0,5.432317536102249,4.0,12.89,16.86,3.44
4352198,2012-04-28 20:15:00,3,22,1,Rural,30-04,2+5,6420.0,7.729255199786998,5.0,7.0,9.24,6.4
4352428,2012-04-29 10:29:00,3,12,1,Rural,34-02,2,31399.0,4.543544893019843,1.0,4.037,8.53,7.04
4356248,2012-05-06 12:01:00,3,1094,5,Rural,000-801,0,31392.0,6.319463849722839,1.0,3.89,6.958,1.51
4356593,2012-05-07 09:30:00,3,11,1,Rural,92-03,4+5,34073.0,5.967958969733362,0.0,2.964,4.116,-3.12
4358289,2012-05-09 23:04:00,3,45,8,Rural,000-231,11,1486.0,12.203211644539751,4.0,0.041,0.588,-1.844
4358816,2012-05-10 23:09:00,3,24,1,Rural,821-01,2+5,3474.0,11.819283009997987,1.0,5.682,8.13,0.664
4358885,2012-05-11 08:01:00,2,1094,5,Rural,000-220,0,31363.0,10.352949248009882,1.0,4.558,6.86,6.45
4358929,2012-05-11 09:17:00,3,11,1,Rural,000-601,3+6,3463.0,5.628278152702293,3.0,10.26,13.13,7.53
4360421,2012-05-14 11:11:00,3,11,1,Rural,72-01,3,33204.0,4.409525340672975,1.0,9.92,13.92,-2.32
4360993,2012-05-14 22:55:00,3,12,1,Rural,60-09,0,32179.0,9.274907601407259,5.0,6.409,9.41,-3.11
4361985,2012-05-17 11:49:00,3,12,1,Rural,60-07,3+5,2175.0,0.644836393915212,1.0,5.621,7.58,4.877
4362085,2012-05-17 14:38:00,3,26,1,Rural,1-v8,4,5544.0,7.753022165738529,2.0,5.159,6.067,6.962
4363946,2012-05-19 14:51:00,1,26,1,Rural,507-01,0,1779.0,4.865051982225287,1.0,3.374,5.815,10.54
4363610,2012-05-20 20:57:00,2,21,1,Rural,1-m8,2+5,3242.0,8.601541416391061,3.0,0.987,2.352,8.38
4364173,2012-05-21 18:58:00,3,320,4,Rural,62-04,2,32224.0,3.2195095460447143,2.0,5.921,7.94,6.97
4364229,2012-05-21 23:04:00,3,923,6,Rural,61-45,2,2738.0,2.8353982400059037,4.0,3.455,5.684,6.123
4364761,2012-05-22 12:37:00,2,11,1,Rural,5971-01,3+6,32179.0,10.467922919022795,3.0,5.683,7.74,10.61
4365994,2012-05-24 16:18:00,3,12,1,Rural,60-07,3+5,2175.0,4.033845944554434,2.0,9.67,15.12,9.15
4366357,2012-05-25 11:00:00,3,945,6,Rural,1-g1,2,31572.0,2.6630401734003097,0.0,5.321,8.62,10.28
4366976,2012-05-26 15:47:00,3,22,1,Rural,60-04,3+5,2175.0,15.596373129331994,3.0,6.303,10.06,8.2
4367398,2012-05-27 17:04:00,2,11,1,Rural,60-38,6+8,32533.0,20.72468914579023,4.0,4.247,6.729,8.56
4368690,2012-05-29 16:57:00,3,60,9,Rural,54-11,2,31932.0,6.663503514670281,3.0,2.422,5.292,16.78
4368713,2012-05-29 18:12:00,3,22,1,Rural,208-01,3+6,6272.0,24.967010780188016,2.0,3.829,4.965,9.8
4368723,2012-05-29 18:53:00,3,21,1,Rural,931-09,4,5960.0,11.450617121156593,3.0,7.68,10.22,6.384
4369687,2012-05-30 23:23:00,1,24,1,Rural,82-01,3+4,3463.0,2.027222951301231,3.0,4.227,5.488,6.768
4370149,2012-05-31 15:04:00,3,11,1,Rural,54-05,2+5,31958.0,2.4112342084423557,4.0,1.793,3.92,16.09
4370888,2012-05-31 23:52:00,3,21,1,Rural,000-781,0,5544.0,4.075189304034254,2.0,3.978,4.6,5.606
4374586,2012-06-07 14:32:00,3,21,1,Rural,60-47,4+5,2641.0,1.0728377536491043,2.0,4.953,10.55,7.45
4374725,2012-06-07 19:30:00,3,12,1,Rural,45-03,2+5,1453.0,2.8349901587703745,0.0,5.707,7.55,10.25
4376077,2012-06-10 18:30:00,2,11,1,Rural,574-04,4,31931.0,21.45245153193188,0.0,5.795,7.74,8.77
4376128,2012-06-10 22:28:00,3,45,8,Rural,000-541,3,3223.0,1.2208230077693303,2.0,6.991,9.28,5.264
4377534,2012-06-13 01:10:00,3,26,1,Rural,835-02,3+6+8,3477.0,1.9342967181875421,0.0,4.13,5.945,1.886
4378700,2012-06-15 01:46:00,3,21,1,Rural,204-05,3+6,36156.0,19.262672362448008,4.0,2.085,2.842,7.69
4379034,2012-06-15 11:16:00,3,21,1,Rural,60-02,0,31985.0,7.184153283339984,4.0,5.557,10.29,9.82
4379579,2012-06-16 17:00:00,2,45,8,Rural,31-01,2+5,6420.0,8.960725403526135,0.0,8.57,11.4,11.72
4380010,2012-06-17 15:14:00,3,875,5,Rural,000-781,3,5544.0,15.42515296727486,4.0,3.791,6.2,9.45
4380090,2012-06-17 20:08:00,3,141,2,Rural,1-f5,2,31579.0,2.616003265053014,2.0,2.194,4.116,11.03
4380990,2012-06-19 00:05:00,3,11,1,Rural,000-102,6+8+11,7475.0,11.400796276295091,5.0,0.086,0.105,10.01
4382480,2012-06-21 12:59:00,3,26,1,Rural,864-01,3+6+8,34413.0,14.128528824843409,1.0,3.013,6.468,14.65
4383523,2012-06-23 16:53:00,3,160,2,Rural,41-13,2,7475.0,5.226456691579831,3.0,0.056,0.063,14.31
4383940,2012-06-24 11:33:00,3,12,1,Rural,000-861,3+6,6546.0,8.624566976528188,3.0,2.959,4.279,12.42
4384835,2012-06-25 20:27:00,3,26,1,Rural,1-q1,3+6,3474.0,5.8918119660277,3.0,1.955,2.581,8.67
4384944,2012-06-26 01:48:00,3,11,1,Rural,518-03,3+5,6802.0,0.5732276485202793,2.0,1.552,2.483,9.78
4385455,2012-06-26 17:22:00,3,11,1,Rural,68-10,2,2481.0,6.9564094797362355,2.0,6.484,7.71,11.21
4385485,2012-06-26 18:35:00,3,22,1,Rural,62-05,3+6,31122.0,4.724384830108375,5.0,1.778,3.038,10.67
4385588,2012-06-26 23:37:00,3,21,1,Rural,1-h1,3+5,1881.0,9.007111044161563,3.0,2.54,3.92,10.0
4386479,2012-06-28 13:24:00,3,22,1,Rural,41-15,2+5,31363.0,4.9984989388443815,4.0,4.633,5.978,14.31
4386530,2012-06-28 13:24:00,3,22,1,Rural,41-15,0,31363.0,5.01366254223297,4.0,4.633,5.978,14.31
4386527,2012-06-28 14:51:00,2,440,4,Rural,305-01,3,31399.0,11.01949823861785,1.0,4.281,5.978,15.68
4386898,2012-06-29 08:01:00,2,12,1,Rural,47-12,2,31572.0,10.676857842430957,1.0,6.66,9.21,9.89
4387697,2012-06-30 16:05:00,2,11,1,Rural,54-12,4+5,1938.0,5.895444762589769,5.0,3.205,4.083,13.12
4387739,2012-06-30 17:43:00,2,21,1,Rural,85-31,3+6,4652.0,9.109872061925326,3.0,3.321,4.377,5.759
4388338,2012-07-01 21:22:00,3,12,1,Rural,36-11,2+5,1590.0,4.3325754028011865,2.0,2.279,2.933,5.227
4388931,2012-07-02 16:11:00,3,141,2,Rural,1-d8,2,31392.0,0.6230026574371827,1.0,4.08,6.076,10.03
4389650,2012-07-03 19:28:00,3,70,1,Rural,54-04,2,1868.0,6.251536315935301,2.0,5.511,7.58,13.65
4389661,2012-07-03 20:11:00,3,11,1,Rural,35-02,2,31399.0,12.381967958047955,1.0,5.35,8.33,13.78
4390286,2012-07-04 19:05:00,3,12,1,Rural,37-03,3+6+8,36411.0,10.663312191603785,5.0,5.685,7.64,15.78
4392363,2012-07-05 13:23:00,3,12,1,Rural,39-01,2+5,31392.0,7.170580295490025,3.0,3.858,4.998,11.07
4390695,2012-07-05 14:03:00,3,141,2,Rural,1-a6,4,6272.0,11.385543531964723,3.0,3.859,5.717,13.91
4390835,2012-07-05 19:09:00,3,22,1,Rural,612-02,3+6,2315.0,8.505299662948206,1.0,0.189,0.882,10.89
4391179,2012-07-06 11:26:00,3,11,1,Rural,842-04,3+6,3292.0,7.784936499138918,4.0,4.366,6.697,13.29
4391812,2012-07-07 14:16:00,2,70,1,Rural,337-01,2+5,36504.0,8.355141826061752,4.0,3.67,5.096,13.3
4391904,2012-07-07 18:03:00,3,11,1,Rural,000-351,3+6+8,31958.0,7.132679342068537,3.0,3.994,5.194,13.29
4392024,2012-07-07 23:50:00,3,45,8,Rural,1-d1,4,6310.0,6.506890271159881,0.0,1.073,1.535,12.08
4392807,2012-07-08 18:00:00,3,45,8,Rural,61-35,3,2646.0,4.355356820535216,0.0,1.725,2.123,11.6
4393079,2012-07-09 16:17:00,2,240,3,Rural,61-21,2,2481.0,3.1588774164870497,3.0,11.35,14.14,10.09
4393146,2012-07-09 18:54:00,2,70,1,Rural,26-04,3+6+8,7092.0,8.433089938363329,4.0,9.89,12.51,15.1
4393213,2012-07-09 22:36:00,3,11,1,Rural,96-08,3+6,5988.0,8.501413624490782,4.0,4.266,6.697,6.821
4394610,2012-07-11 17:25:00,3,141,2,Rural,1-p1,4,33357.0,6.600012722187038,5.0,3.744,6.37,15.29
4395115,2012-07-13 07:46:00,3,11,1,Rural,1-d8,2,31392.0,0.5999156109885965,4.0,4.963,7.55,12.16
4395493,2012-07-13 18:17:00,3,22,1,Rural,848-02,3+5,4303.0,10.510995229173185,3.0,5.694,7.84,13.69
4395788,2012-07-14 11:26:00,1,11,1,Rural,1-m5,4+5,3242.0,14.605105569571482,4.0,5.818,6.991,9.16
4396387,2012-07-15 18:26:00,3,45,8,Rural,617-01,2+5,2323.0,3.55423777398848,4.0,4.13,6.272,17.75
4397632,2012-07-17 14:23:00,3,45,8,Rural,F88-01,6,34326.0,12.024919735838127,3.0,7.6,11.47,15.08
4398310,2012-07-18 14:44:00,3,12,1,Rural,32-01,3+5,6420.0,5.477120125708176,4.0,3.892,5.227,13.59
4398432,2012-07-18 18:57:00,2,860,5,Rural,000-102,0,1685.0,4.624570280886987,3.0,3.398,4.214,13.25
4398815,2012-07-19 14:15:00,3,22,1,Rural,60-31,3+6,32355.0,9.788522746514985,5.0,1.017,1.862,9.83
4399177,2012-07-20 07:55:00,3,11,1,Rural,848-02,2,4303.0,4.41895707521211,5.0,1.311,3.789,9.52
4399504,2012-07-20 14:12:00,3,24,1,Rural,54-18,3+6+8,31950.0,9.06526810152415,2.0,5.658,9.31,13.78
4399593,2012-07-20 19:56:00,2,24,1,Rural,435-02,2+5,1496.0,7.254973473138835,4.0,4.117,5.488,8.9
4399958,2012-07-21 18:29:00,2,70,1,Rural,643-05,6,2692.0,12.055899839063269,1.0,13.16,16.79,10.13
4400975,2012-07-23 14:56:00,2,12,1,Rural,415-04,2,7475.0,5.802840277907538,4.0,0.071,0.094,13.91
4402946,2012-07-26 16:03:00,2,11,1,Rural,1-h4,3,32097.0,10.02467026244713,3.0,8.11,10.49,8.73
4403017,2012-07-26 17:39:00,3,320,4,Rural,1-d2,2+4+5,31399.0,6.908080667516038,1.0,4.276,12.45,16.44
4404135,2012-07-28 10:20:00,3,22,1,Rural,752-03,0,33142.0,13.451402877377836,0.0,3.878,7.154,13.94
4404191,2012-07-28 18:11:00,3,45,8,Rural,54-12,4,31932.0,4.691249848822279,1.0,2.785,4.802,12.97
4404753,2012-07-29 20:22:00,1,22,1,Rural,61-22,2,32474.0,5.205866355786138,2.0,8.3,10.29,8.92
4405175,2012-07-30 11:57:00,3,22,1,Rural,000-601,3,33563.0,16.29697289125243,3.0,3.764,5.488,14.22
4407422,2012-07-31 17:30:00,2,45,8,Rural,000-801,11,1496.0,9.850146860371751,0.0,6.759,9.44,11.58
4406131,2012-07-31 20:30:00,2,22,1,Rural,000-103,0,1479.0,3.146368698205494,0.0,2.629,4.149,13.22
4406680,2012-08-01 21:20:00,3,26,1,Rural,426-02,2+5,31364.0,1.9420948657648063,0.0,7.095,9.02,12.25
4407101,2012-08-02 16:31:00,2,45,8,Rural,435-01,2,1496.0,10.30033431121172,1.0,5.471,7.38,11.23
4407183,2012-08-02 19:34:00,3,11,1,Rural,60-28,3+6+8,2266.0,13.565992780333438,4.0,3.272,4.279,12.96
4408259,2012-08-04 13:03:00,3,45,8,Rural,000-861,11,6430.0,18.570691428952934,3.0,1.243,2.613,15.95
4409126,2012-08-05 01:20:00,3,860,5,Rural,000-801,3+6,36415.0,2.29514075192602,0.0,0.972,1.47,10.1
4408663,2012-08-05 03:22:00,3,36,1,Rural,30-04,2+5,6420.0,5.4414049687771975,2.0,0.567,0.751,9.38
4409843,2012-08-07 06:42:00,3,11,1,Rural,1-k3,4+5,2197.0,5.410145917451603,2.0,6.017,7.64,11.55
4410164,2012-08-07 14:12:00,3,240,3,Rural,427-12,2,7093.0,4.327739237008727,2.0,8.52,10.65,-53.46
4410393,2012-08-07 18:27:00,3,22,1,Rural,862-02,3+6+8+11,34413.0,20.43442199387087,3.0,5.421,6.664,17.22
4411440,2012-08-08 20:09:00,3,320,4,Rural,1-d2,2+5,31399.0,6.905609008293191,1.0,2.615,5.488,12.52
4411767,2012-08-09 12:29:00,3,21,1,Rural,1-q8,2+6,33487.0,6.596288247445555,1.0,10.47,15.97,21.14
4412394,2012-08-10 13:46:00,2,240,3,Rural,1-p3,2,3463.0,18.34151304424267,4.0,9.93,13.79,19.7
4413407,2012-08-12 11:05:00,3,11,1,Rural,1-t8,3,35965.0,4.938780961814648,5.0,8.85,11.37,8.99
4413608,2012-08-13 07:51:00,3,11,1,Rural,35-01,2+5,31399.0,8.135188857136647,1.0,7.66,11.17,14.91
4413974,2012-08-13 15:03:00,2,11,1,Rural,1-m9,5,3242.0,8.416191570489197,3.0,5.983,7.97,10.77
4414156,2012-08-13 22:22:00,2,21,1,Rural,000-102,0,7475.0,5.997041878682589,2.0,0.052,0.063,12.7
4414190,2012-08-14 02:02:00,2,70,1,Rural,1-b9,4,36122.0,4.798549866243027,2.0,1.484,2.646,12.0
4414845,2012-08-14 21:42:00,2,45,8,Rural,76-10,2,33751.0,2.8965773391828655,2.0,0.124,1.078,16.68
4415915,2012-08-16 18:25:00,3,11,1,Rural,59-11,3+6,2197.0,3.742150389913149,5.0,12.69,15.58,8.64
4416580,2012-08-17 20:39:00,2,12,1,Rural,1-d8,2,31392.0,1.057264109689432,1.0,5.321,7.84,11.12
4416966,2012-08-18 18:30:00,3,11,1,Rural,1-h4,3+5,32097.0,4.026401805527834,0.0,6.551,10.09,10.94
4417585,2012-08-20 10:06:00,3,11,1,Rural,1-g3,3+5,1673.0,3.287680529003902,4.0,0.597,1.437,16.06
4418130,2012-08-21 02:29:00,3,12,1,Rural,45-01,2+5,1350.0,4.617183008195347,1.0,1.477,1.829,12.42
4420781,2012-08-24 14:49:00,3,240,3,Rural,76-03,2+5,3433.0,14.7251772039802,1.0,10.93,14.05,10.82
4420888,2012-08-24 18:08:00,3,26,1,Rural,1-b5,2+5,6045.0,9.743244614904237,2.0,6.973,8.79,9.33
4421146,2012-08-25 11:01:00,2,45,8,Rural,f224-01,0,6546.0,20.982379988291164,1.0,4.313,6.141,6.245
4421862,2012-08-25 11:01:00,2,990,9,Rural,249-02,0,6235.0,10.009142257499569,1.0,2.474,3.528,4.75
4421198,2012-08-25 15:53:00,3,45,8,Rural,1-b2,2+5,36049.0,9.578614217938858,3.0,5.005,9.21,8.44
4422219,2012-08-27 14:08:00,3,70,1,Rural,54-06,4+5,31958.0,2.2704045859666353,2.0,8.53,14.41,11.64
4424109,2012-08-29 17:56:00,3,11,1,Rural,54-20,0,31950.0,23.41918547702749,4.0,3.855,5.586,8.88
4424382,2012-08-31 10:13:00,3,22,1,Rural,99-01,3,5544.0,0.8211896974269178,3.0,10.46,13.97,10.71
4425009,2012-09-01 17:38:00,3,24,1,Rural,206-01,3+6,6272.0,7.496753696952462,2.0,8.22,11.37,12.68
4425193,2012-09-02 02:19:00,3,945,6,Rural,41-16,2+5,31363.0,7.785358188901,1.0,10.37,15.78,8.55
4425420,2012-09-02 15:22:00,3,11,1,Rural,64-01,3+5,2636.0,5.214525992966815,2.0,1.928,3.654,7.157
4425644,2012-09-03 08:43:00,3,11,1,Rural,63-02,5,2319.0,2.682300527487306,3.0,10.92,15.09,10.34
4426339,2012-09-03 22:06:00,2,11,1,Rural,56-02,2+5,31950.0,5.9141916261563425,4.0,11.56,17.25,8.37
4427967,2012-09-07 09:55:00,3,24,1,Rural,744-02,3,3433.0,17.59528401051887,5.0,6.164,8.3,3.964
4428395,2012-09-08 03:37:00,3,21,1,Rural,61-38,2+5,2646.0,6.273229916100491,3.0,6.647,8.92,2.633
4428639,2012-09-08 21:02:00,3,410,4,Rural,1-f7,2,31577.0,0.9185435183935798,2.0,2.438,2.94,7.21
4429772,2012-09-10 17:59:00,3,11,1,Rural,752-02,5,3242.0,10.10961361330371,1.0,18.72,24.11,-0.018
4430540,2012-09-12 10:19:00,3,11,1,Rural,26-06,3+6,7091.0,6.700169401603601,1.0,0.0,0.0,2.928
4431840,2012-09-15 01:29:00,3,70,1,Rural,1-d9,0,31488.0,2.816945425606461,1.0,4.521,5.586,6.21
4432158,2012-09-16 00:24:00,3,923,6,Rural,1-f5,2,31579.0,2.9644979630554893,4.0,1.79,5.978,5.57
4433146,2012-09-17 21:00:00,3,160,2,Rural,1-t8,3+8,35965.0,0.6024519845403542,0.0,6.461,10.09,0.44
4434748,2012-09-20 15:53:00,2,41,1,Rural,000-401,3+6+11,32654.0,17.439218152817656,3.0,4.357,6.86,9.77
4436010,2012-09-23 04:43:00,2,22,1,Rural,420-01,2+5,31363.0,1.8342699333446013,3.0,3.993,5.586,7.46
4438641,2012-09-27 18:31:00,3,240,3,Rural,1-f8,0,31577.0,4.633705190037079,1.0,11.39,16.37,4.47
4438999,2012-09-28 13:02:00,3,22,1,Rural,50-02,2,1779.0,6.330396626897197,2.0,4.335,7.68,5.433
4439128,2012-09-28 18:05:00,3,11,1,Rural,54-05,2+5,31958.0,3.4321600328866784,5.0,5.127,10.29,5.51
4442567,2012-10-05 07:45:00,3,11,1,Rural,43-01,2,31364.0,0.388402524568158,5.0,2.697,4.018,2.17
4443461,2012-10-07 01:52:00,3,11,1,Rural,1-d8,2,31392.0,0.8867386613356816,2.0,3.12,4.508,1.41
4443684,2012-10-07 17:17:00,3,11,1,Rural,1-j1,2,32097.0,0.10423437839562225,3.0,13.29,17.93,1.06
4444389,2012-10-07 18:46:00,3,11,1,Rural,1-m5,0,3242.0,13.903178327006911,4.0,2.522,4.704,2.725
4443734,2012-10-07 21:28:00,3,24,1,Rural,1-m4,4+8,3242.0,18.508105617006755,2.0,2.811,3.561,1.431
4446150,2012-10-12 05:53:00,3,12,1,Rural,41-16,2+5,31363.0,7.275321655194805,3.0,3.13,4.018,2.89
4446206,2012-10-12 09:50:00,3,11,1,Rural,36-11,2,1590.0,4.052993333380109,0.0,0.0,0.0,-0.041
4447321,2012-10-15 08:43:00,3,11,1,Rural,92-02,2+5,4275.0,4.572202338319541,3.0,8.2,11.23,-1.491
4447618,2012-10-15 13:50:00,3,24,1,Rural,62-05,2+5,32224.0,3.4315498026026763,0.0,4.296,5.39,2.66
4447936,2012-10-16 08:26:00,3,11,1,Rural,429-02,2,1350.0,5.818141531944216,4.0,2.626,3.528,2.106
4448072,2012-10-16 09:45:00,3,11,1,Rural,1-q2,2+5,3474.0,3.771426751127941,5.0,0.0,0.0,-1.668
4448720,2012-10-17 12:44:00,3,21,1,Rural,93-02,2,34175.0,2.7502038021603274,4.0,5.531,7.64,-3.44
4449294,2012-10-18 08:00:00,3,24,1,Rural,203-01,3+6,6272.0,2.9474993070709763,0.0,3.016,3.495,-4.207
4451251,2012-10-22 09:47:00,3,11,1,Rural,50-01,3,1779.0,5.072190585746232,3.0,2.335,3.659,-1.686
4452812,2012-10-24 19:08:00,3,11,1,Rural,82-05,3+4,33661.0,4.382222618170016,2.0,5.788,8.33,0.74
4452971,2012-10-25 09:12:00,2,240,3,Rural,1-r5,2,4323.0,3.6852146963873205,2.0,1.462,1.764,-12.24
4453024,2012-10-25 09:26:00,3,11,1,Rural,47-12,3,1679.0,10.754896085265338,4.0,7.42,9.41,-2.126
4453633,2012-10-26 13:55:00,2,60,9,Rural,000-601,3+6,3463.0,9.447596757515976,5.0,0.0,0.0,-2.987
4454052,2012-10-27 17:06:00,2,11,1,Rural,92-10,3,34087.0,4.449225965806092,4.0,1.415,2.646,-1.21
4454089,2012-10-27 17:10:00,3,22,1,Rural,75-06,5,3433.0,2.6239434261511185,0.0,5.73,7.285,2.212
4454060,2012-10-27 17:40:00,3,11,1,Rural,92-03,2,4275.0,5.625040230521768,0.0,5.336,6.767,-1.29
4454871,2012-10-29 13:48:00,3,22,1,Rural,1-x7,4,35305.0,8.499801459667626,2.0,1.744,2.842,5.12
4455143,2012-10-29 20:23:00,3,24,1,Rural,2259-01,3+6,6045.0,1.2109899536957427,3.0,2.274,3.757,5.118
4456139,2012-10-31 13:59:00,2,11,1,Rural,1-m3,4,33419.0,18.800795035874803,1.0,22.76,28.32,1.49
4456237,2012-10-31 16:00:00,3,160,2,Rural,271-01,2,6315.0,2.925425462538014,0.0,10.07,13.23,1.331
4456296,2012-10-31 18:30:00,3,12,1,Rural,92-11,2,5990.0,5.279686470410545,0.0,11.7,16.92,3.147
4456963,2012-11-02 10:21:00,3,12,1,Rural,1-f5,2,31579.0,0.5167632778797989,1.0,31.61,53.12,-1.06
4457793,2012-11-04 03:08:00,2,60,9,Rural,252-03,4,6208.0,14.155956802560612,2.0,5.555,8.66,-0.779
4459148,2012-11-06 17:15:00,3,11,1,Rural,54-12,4,1938.0,5.599596323304644,5.0,1.662,2.744,-0.663
4459162,2012-11-06 18:13:00,3,22,1,Rural,36-11,2,31591.0,3.5099037440942484,3.0,7.052,10.19,0.62
4459669,2012-11-08 00:25:00,3,11,1,Rural,54-06,2+5,31958.0,0.7814617575556536,5.0,0.625,1.666,0.97
4460598,2012-11-09 18:01:00,2,330,4,Rural,43-01,2+5,31364.0,6.465284130127644,1.0,14.34,22.05,1.89
4462279,2012-11-13 15:36:00,3,11,1,Rural,1-k3,4,2197.0,8.361750310546064,4.0,0.866,1.731,1.994
4462336,2012-11-13 17:27:00,3,12,1,Rural,1-k7,4,3223.0,15.886903965401093,3.0,0.074,0.588,-1.804
4462394,2012-11-13 22:11:00,3,923,6,Rural,1-d9,2,31488.0,2.637157661409995,1.0,5.046,5.88,1.97
4462422,2012-11-14 01:00:00,3,21,1,Rural,39-01,2,31392.0,9.311178861544597,0.0,3.315,4.018,0.45
4462442,2012-11-14 05:03:00,3,11,1,Rural,1-c7,4,6315.0,8.880004673538348,3.0,4.911,5.749,-1.092
4463370,2012-11-15 18:32:00,3,685,4,Rural,38-02,2+5,31392.0,10.24601277464284,2.0,5.95,7.94,-1.6
4463382,2012-11-15 19:59:00,2,24,1,Rural,43-01,0,31364.0,8.79013253528481,1.0,1.282,2.156,-0.25
4463944,2012-11-16 17:46:00,3,12,1,Rural,1-k8,4,3223.0,15.273257746909442,4.0,7.93,12.58,-2.665
4464013,2012-11-16 21:37:00,3,11,1,Rural,1-q1,2+5+6+8,3474.0,5.299003153653682,3.0,0.001,0.033,-3.797
4464208,2012-11-17 11:34:00,3,945,6,Rural,1-c0,2,6222.0,6.161684509078154,4.0,3.115,5.945,-3.15
4465194,2012-11-19 14:43:00,3,920,6,Rural,000-801,8,6420.0,7.500244035955356,3.0,11.0,16.14,-3.647
4466020,2012-11-21 12:12:00,2,12,1,Rural,1-u6,3,5872.0,1.1135637988906764,2.0,8.47,17.05,2.757
4466449,2012-11-22 11:40:00,3,11,1,Rural,1-c7,4,6315.0,7.1948099399537435,0.0,3.355,4.41,2.414
4466480,2012-11-22 12:46:00,3,60,9,Rural,1-c8,4,6310.0,6.062482326607513,4.0,3.923,5.455,2.332
4466659,2012-11-22 20:58:00,3,22,1,Rural,1-d8,2+5,1490.0,3.186118594551617,2.0,6.322,7.68,0.959
4467273,2012-11-24 00:46:00,2,12,1,Rural,1-a9,2+6,36156.0,11.78626650429939,4.0,2.72,3.92,2.09
4467412,2012-11-24 12:05:00,3,24,1,Rural,1-d1,2,6310.0,6.127910952852561,5.0,6.647,8.36,2.22
4467730,2012-11-25 11:47:00,3,11,1,Rural,35-01,2,31399.0,4.994443832725372,3.0,6.224,13.92,1.35
4470202,2012-11-30 16:03:00,3,11,1,Rural,36-06,2+5,31599.0,5.407793074121567,3.0,2.212,3.234,-2.55
4470447,2012-11-30 16:37:00,3,26,1,Rural,836-01,3,3474.0,10.085487941025836,3.0,0.0,0.0,-7.03
4474681,2012-12-03 15:04:00,3,923,6,Rural,92-02,3,4275.0,5.188015778611799,4.0,7.821,11.53,-3.998
4471858,2012-12-04 13:26:00,3,12,1,Rural,255-01,4,6222.0,12.335562272125925,4.0,2.837,3.855,2.283
4471991,2012-12-04 17:45:00,3,12,1,Rural,92-03,3,34073.0,0.13741763600278362,5.0,0.395,0.588,-9.41
4472856,2012-12-06 14:28:00,3,21,1,Rural,425-01,2,1361.0,13.055894554743066,2.0,3.192,3.92,1.089
4473357,2012-12-07 17:53:00,3,240,3,Rural,1-s6,3,34148.0,2.2668996734389912,3.0,4.275,7.056,-0.95
4475003,2012-12-07 18:00:00,3,240,3,Rural,1-s5,0,34148.0,5.029647641897955,0.0,4.634,9.02,-0.95
4473362,2012-12-07 18:10:00,3,12,1,Rural,809-01,2,33563.0,6.0301813801256605,0.0,9.87,14.6,1.14
4473503,2012-12-08 01:41:00,3,12,1,Rural,41-16,2,31363.0,1.0096880138972804,1.0,7.49,12.05,1.59
4473614,2012-12-08 11:29:00,3,945,6,Rural,36-12,2,1479.0,4.878045827295996,1.0,4.943,8.04,2.259
4473792,2012-12-08 23:59:00,3,70,1,Rural,41-16,0,31363.0,1.0851307375066688,1.0,3.755,4.998,-1.58
4475063,2012-12-11 22:47:00,3,923,6,Rural,61-26,2,32355.0,14.504635033653983,3.0,5.183,6.37,0.08
4475836,2012-12-13 07:56:00,3,11,1,Rural,1-g1,2,31572.0,8.724794949149294,4.0,1.953,2.646,0.18
4476768,2012-12-15 00:30:00,3,11,1,Rural,35-04,2,36411.0,7.804712287830177,0.0,7.33,10.49,-4.0
4477059,2012-12-15 17:27:00,3,11,1,Rural,1-s1,4+5,34326.0,0.880673055833648,3.0,7.71,9.51,-3.58
4477776,2012-12-17 11:41:00,3,160,2,Rural,36-11,2,1590.0,3.7394905734811457,1.0,7.853,10.33,-8.12
4478086,2012-12-17 20:35:00,3,22,1,Rural,36-04,2,31599.0,1.3969764955930908,5.0,6.06,10.39,-1.53
4478521,2012-12-18 23:22:00,3,11,1,Rural,54-02,2,1779.0,8.688658042346859,2.0,2.91,4.541,-6.594
4478823,2012-12-19 11:26:00,3,11,1,Rural,92-04,3,5975.0,2.7287402172454804,4.0,0.773,1.829,1.691
4480715,2012-12-23 13:43:00,3,240,3,Rural,93-01,3,34175.0,5.402784405711625,3.0,14.21,17.64,-3.29
4481747,2012-12-27 12:44:00,3,11,1,Rural,1-d9,2+5,31488.0,2.7574989100960003,4.0,14.55,19.11,0.02
4481794,2012-12-27 14:16:00,3,24,1,Rural,34-05,2+5,31399.0,11.686084372123297,4.0,8.38,11.66,1.38
4482546,2012-12-28 13:49:00,2,22,1,Rural,1-y0,4,6499.0,1.6863041684244482,1.0,1.543,4.377,2.842
4482380,2012-12-28 15:44:00,3,26,1,Rural,415-04,2,7475.0,5.966887504387496,4.0,0.083,0.095,0.458
4483178,2012-12-30 14:30:00,3,24,1,Rural,1-v8,3,5544.0,5.620170326887124,0.0,17.68,22.1,0.223
4485857,2013-01-05 18:21:00,3,685,4,Rural,1-d2,2+5,31399.0,11.095950924205313,1.0,4.187,7.45,3.81
4485904,2013-01-05 21:05:00,3,26,1,Rural,1-g9,2,31882.0,7.692829447736064,5.0,1.077,2.156,2.02
4486772,2013-01-07 18:24:00,3,11,1,Rural,63-02,2,2319.0,2.4148234195575307,4.0,8.61,12.74,4.715
4486980,2013-01-08 11:20:00,3,11,1,Rural,75-03,2,3433.0,3.9756053407968155,0.0,0.361,0.849,1.278
4487129,2013-01-08 19:40:00,3,910,7,Rural,1-d8,2,31392.0,5.676806692551122,0.0,3.357,4.508,0.12
4488079,2013-01-10 23:16:00,3,12,1,Rural,1-m8,4+5,3242.0,7.134898539933515,4.0,2.175,3.103,-0.933
4488734,2013-01-12 10:21:00,3,111,4,Rural,1-c8,4,6310.0,6.089339702660648,1.0,0.597,0.882,0.346
4488740,2013-01-12 11:06:00,3,11,1,Rural,41-15,2,31363.0,6.6349976327079,4.0,1.852,2.156,0.2
4488765,2013-01-12 13:08:00,3,12,1,Rural,1-c0,2,6222.0,6.430954132848505,2.0,0.873,1.829,2.234
4488800,2013-01-12 15:24:00,2,11,1,Rural,39-01,2+5,31392.0,8.144471940716295,4.0,3.815,4.802,-1.16
4488837,2013-01-12 17:11:00,3,11,1,Rural,47-02,2,31577.0,10.219671786092526,1.0,2.561,3.234,1.74
4489123,2013-01-13 13:22:00,3,11,1,Rural,45-01,2,1453.0,5.920641055467358,2.0,8.15,10.29,3.107
4489132,2013-01-13 14:18:00,3,26,1,Rural,50-01,2,1679.0,6.263324795804743,2.0,1.871,2.417,-3.237
4489314,2013-01-14 07:43:00,3,22,1,Rural,54-15,2,31942.0,2.9746365823632823,3.0,6.096,8.72,-1.49
4490827,2013-01-16 07:57:00,3,11,1,Rural,1-d2,0,31399.0,7.71723590403025,3.0,1.19,2.352,3.84
4491713,2013-01-19 18:23:00,2,26,1,Rural,1-c7,4,6315.0,5.911680536007292,3.0,6.995,9.83,2.759
4491895,2013-01-20 05:21:00,3,12,1,Rural,54-03,3+5,1868.0,2.0310772998091355,1.0,8.44,10.81,3.192
4492296,2013-01-21 12:07:00,3,11,1,Rural,61-27,2,32474.0,19.02642210550265,3.0,8.05,8.92,-1.24
4492425,2013-01-21 14:18:00,3,11,1,Rural,1-x5,4,35315.0,1.097629007283401,2.0,5.123,8.62,2.48
4492546,2013-01-21 17:45:00,2,22,1,Rural,92-02,3+5,4275.0,4.64503170559258,5.0,7.444,8.77,-3.57
4494143,2013-01-24 18:45:00,3,240,3,Rural,1-d8,2+5,31392.0,4.9188096766259255,5.0,5.039,7.15,-0.1
4494221,2013-01-25 00:01:00,2,11,1,Rural,56-01,0,31950.0,10.428271167425358,1.0,5.383,8.23,2.19
4495915,2013-01-29 09:56:00,3,11,1,Rural,1-c3,0,6315.0,0.3550383420048797,4.0,8.19,9.96,1.253
4498447,2013-02-04 09:07:00,3,24,1,Rural,61-23,2,32474.0,0.482859880180748,3.0,12.12,15.68,-1.24
4499235,2013-02-05 17:18:00,3,685,4,Rural,1-q0,0,3474.0,7.093992125726716,2.0,0.0,0.0,-4.736
4499355,2013-02-06 07:49:00,3,11,1,Rural,60-04,3+5,2175.0,16.02773986132798,1.0,2.574,4.541,-2.243
4501949,2013-02-11 20:08:00,3,12,1,Rural,41-16,2,31363.0,0.4100836893527186,2.0,3.217,4.214,0.65
4504706,2013-02-17 11:58:00,2,923,6,Rural,60-01,0,31985.0,4.359250920401356,2.0,8.07,13.72,-2.94
4505373,2013-02-18 16:10:00,2,11,1,Rural,75-02,2+5,3433.0,8.097404126258061,0.0,1.65,1.862,1.132
4506792,2013-02-21 16:19:00,2,240,3,Rural,1-j2,4+5,32097.0,9.452167159992618,1.0,4.105,5.194,4.09
4508521,2013-02-25 14:47:00,3,21,1,Rural,1-x9,3+8,6499.0,1.7196564979517563,3.0,2.03,2.679,7.751
4509151,2013-02-26 19:57:00,2,240,3,Rural,1-f5,0,1578.0,0.9950429500591382,3.0,9.73,12.35,6.012
4509257,2013-02-27 07:18:00,3,130,2,Rural,41-16,2+5,31363.0,5.2453471894679655,2.0,9.7,13.13,4.51
4510975,2013-03-01 14:25:00,1,11,1,Rural,1-n0,5,3242.0,13.315038874002429,5.0,13.16,18.42,7.35
4510668,2013-03-01 18:41:00,3,12,1,Rural,1-j1,3+5,32097.0,2.3489445885054345,1.0,10.68,14.7,-0.62
4510929,2013-03-02 04:37:00,2,45,8,Rural,1-f8,0,31577.0,2.952328434956855,3.0,1.46,2.254,0.72
4511101,2013-03-02 19:26:00,2,26,1,Rural,268-02,3+6,6424.0,8.250037220216168,4.0,6.519,8.82,3.448
4511107,2013-03-02 20:10:00,3,22,1,Rural,42-01,2+5,7475.0,13.182919122182117,0.0,0.081,0.095,6.136
4511559,2013-03-03 07:40:00,3,11,1,Rural,85-26,0,4652.0,16.024884466801492,0.0,1.961,2.221,0.76
4512691,2013-03-06 04:31:00,3,26,1,Rural,1-d8,2,31392.0,6.033441408814805,1.0,15.22,23.72,-8.52
4512860,2013-03-06 13:18:00,3,240,3,Rural,92-07,2,5981.0,3.2432498043009597,2.0,9.01,14.9,-2.093
4513293,2013-03-07 08:30:00,3,24,1,Rural,574-03,0,1924.0,15.810244625073159,0.0,7.97,11.56,1.013
4513302,2013-03-07 13:16:00,3,11,1,Rural,1-s5,2,34148.0,6.464269605170983,4.0,11.36,14.41,-5.08
4513866,2013-03-08 17:32:00,3,141,2,Rural,51-01,2,31572.0,1.1850448967280456,2.0,12.22,15.97,6.05
4513894,2013-03-08 18:49:00,3,11,1,Rural,1-p2,2,33357.0,13.257737323548978,1.0,11.31,16.37,-3.21
4515173,2013-03-11 16:29:00,2,880,5,Rural,85-25,4,4652.0,18.85258172281213,1.0,9.31,13.43,1.955
4515261,2013-03-11 21:08:00,3,12,1,Rural,1-p2,4+5,33357.0,9.243623200934323,2.0,1.399,3.43,-2.35
4516725,2013-03-14 11:22:00,2,11,1,Rural,1-c0,4,6222.0,6.179806318187206,2.0,2.227,3.299,0.726
4516949,2013-03-14 16:20:00,3,11,1,Rural,30-02,2,6310.0,5.241556680835662,0.0,5.391,8.53,2.374
4517560,2013-03-15 19:02:00,3,22,1,Rural,42-02,2+5,1486.0,13.762963397633884,2.0,4.747,6.207,-4.905
4517933,2013-03-16 16:31:00,3,24,1,Rural,417-02,3+6,1486.0,4.855530883350489,1.0,4.562,5.684,-7.97
4518609,2013-03-18 09:10:00,3,142,2,Rural,93-03,3+5,34175.0,2.5540398915267155,0.0,9.81,11.96,-7.7
4518662,2013-03-18 09:27:00,3,160,2,Rural,93-03,3+5,34175.0,4.205920701633748,3.0,9.78,12.45,-7.52
4520254,2013-03-21 08:20:00,3,12,1,Rural,34-02,2+5,31399.0,4.644213095378773,0.0,10.71,15.78,0.28
4521270,2013-03-23 05:20:00,3,12,1,Rural,744-01,4,33419.0,10.290545522936798,0.0,3.421,4.998,-0.26
4523103,2013-03-26 22:35:00,3,11,1,Rural,1-g4,2,31674.0,3.351731244210954,5.0,1.212,2.352,1.36
4523236,2013-03-27 09:12:00,3,22,1,Rural,96-07,3,5982.0,1.7286054773037909,2.0,0.592,1.013,-2.684
4523886,2013-03-28 10:02:00,3,12,1,Rural,1-b0,4,36156.0,0.10980025073037478,2.0,4.565,5.586,0.63
4524098,2013-03-28 18:55:00,2,160,2,Rural,1-g1,2,31572.0,6.096869347630183,5.0,3.356,5.194,5.39
4524339,2013-03-29 18:25:00,3,21,1,Rural,341-01,3+6,36415.0,3.6798784569374843,5.0,3.637,4.606,5.61
4524861,2013-03-31 05:36:00,3,11,1,Rural,574-07,0,1924.0,1.4784497558100766,4.0,4.259,8.66,3.223
4524989,2013-03-31 15:55:00,1,70,1,Rural,9634-01,3+6+8,35880.0,9.903085483767397,5.0,3.089,4.606,4.84
4525161,2013-04-01 04:25:00,3,11,1,Rural,30-04,2+5,6420.0,7.4685003846637095,5.0,2.834,4.443,1.939
4525909,2013-04-02 12:15:00,2,11,1,Rural,1-k5,4+5,33204.0,2.0519534358642093,5.0,1.957,3.626,6.74
4526287,2013-04-03 01:02:00,3,11,1,Rural,1-u7,3+5,5872.0,2.325008667994802,2.0,1.218,1.993,-0.216
4527140,2013-04-04 12:27:00,3,320,4,Rural,39-01,2,1490.0,4.268640199896731,3.0,0.375,1.241,4.776
4528162,2013-04-06 02:27:00,1,240,3,Rural,51-01,2+5,31572.0,0.7491242111926903,3.0,4.062,6.174,2.14
4529842,2013-04-09 22:28:00,3,12,1,Rural,1-q5,2,3474.0,11.36519575651494,2.0,6.692,9.4,-9.51
4530321,2013-04-10 18:01:00,3,240,3,Rural,1-p1,2,33357.0,2.973913270907584,1.0,10.22,11.96,-8.17
4531694,2013-04-13 12:33:00,2,24,1,Rural,000-231,6+11,31365.0,5.57697828151992,3.0,7.395,10.39,-0.81
4531782,2013-04-13 14:43:00,3,11,1,Rural,61-35,2+5,2646.0,3.333699844873215,3.0,5.182,10.49,-2.076
4532030,2013-04-14 06:00:00,3,12,1,Rural,1-b7,4,36132.0,0.30837762562679294,0.0,3.339,6.468,3.65
4532118,2013-04-14 10:07:00,3,660,4,Rural,821-01,4+5,3474.0,11.809763260579237,3.0,19.42,22.93,-5.003
4532828,2013-04-15 16:27:00,3,11,1,Rural,249-02,3+6,36122.0,5.28484235775816,3.0,6.294,9.31,8.89
4534622,2013-04-18 22:45:00,3,24,1,Rural,1-x0,4,5544.0,22.240311237486647,5.0,3.086,3.7,0.206
4535392,2013-04-20 15:48:00,3,24,1,Rural,30-01,2,6310.0,3.457575425767586,2.0,8.85,12.05,3.745
4536606,2013-04-23 10:48:00,3,835,5,Rural,000-861,4,6546.0,2.386591778986125,2.0,1.248,1.993,1.084
4538207,2013-04-26 16:13:00,2,320,4,Rural,1-t5,3+5,34073.0,9.557577071375484,3.0,1.16,2.058,-3.22
4538608,2013-04-27 19:30:00,3,70,1,Rural,41-15,2,31363.0,2.234851121349734,0.0,11.22,15.19,2.59
4539527,2013-04-29 17:18:00,3,22,1,Rural,68-07,3+6,32390.0,4.212287094627022,2.0,3.744,5.684,-4.44
4542063,2013-05-04 17:06:00,2,240,3,Rural,1-p9,1,3474.0,9.213753812289555,4.0,5.501,7.167,-0.362
4544646,2013-05-09 14:15:00,2,910,7,Rural,823-01,2,3371.0,8.496914885656716,5.0,2.839,4.606,9.01
4544615,2013-05-09 16:56:00,3,130,2,Rural,1-e1,2+5,31488.0,1.297577922383061,4.0,3.001,4.018,8.66
4544884,2013-05-10 10:23:00,2,11,1,Rural,93-03,3+5,4180.0,3.48293911188341,3.0,0.796,1.437,3.23
4545665,2013-05-11 20:49:00,3,11,1,Rural,360-02,3,1496.0,11.881371858918854,1.0,0.0,0.0,0.202
4548718,2013-05-17 13:37:00,3,24,1,Rural,42-02,3+6+8,1486.0,13.767091907550318,3.0,3.861,5.194,3.295
4548844,2013-05-17 16:19:00,3,12,1,Rural,47-02,2,31577.0,9.596263884309481,1.0,2.572,4.018,9.19
4549202,2013-05-18 13:12:00,2,240,3,Rural,54-12,2,1938.0,5.959415893777369,2.0,13.42,19.89,7.63
4549388,2013-05-18 17:51:00,2,45,8,Rural,1-h4,0,32097.0,5.258197272953869,1.0,13.06,17.64,7.16
4550828,2013-05-22 09:49:00,3,11,1,Rural,50-01,3+5,1779.0,2.567136302214099,1.0,6.193,10.0,4.527
4552457,2013-05-25 00:42:00,3,11,1,Rural,1-s8,3,34148.0,15.580015447299665,2.0,8.4,13.03,3.89
4554791,2013-05-29 12:21:00,3,11,1,Rural,1-a6,4,6272.0,7.363934713830517,1.0,4.933,6.37,10.68
4555295,2013-05-30 11:49:00,3,11,1,Rural,1-a8,2+5,36156.0,22.202650900932653,1.0,8.41,11.27,7.53
4555588,2013-05-31 00:12:00,3,24,1,Rural,574-10,4+5,1924.0,3.259186641745975,2.0,4.389,9.05,6.599
4556451,2013-06-01 17:54:00,3,12,1,Rural,83-02,2,3477.0,8.571917748871652,4.0,6.696,10.68,6.326
4556670,2013-06-02 02:49:00,3,24,1,Rural,429-02,3,1453.0,5.8593992475416785,1.0,7.4,8.53,7.35
4557033,2013-06-02 18:58:00,3,921,9,Rural,35-15,0,3225.0,13.188107545646837,2.0,4.791,5.782,8.13
4557155,2013-06-03 01:53:00,3,12,1,Rural,1-a9,2+5,36156.0,12.367610369843673,3.0,4.072,5.39,7.68
4559078,2013-06-06 07:03:00,3,330,4,Rural,45-03,2,1453.0,2.4031941363675267,3.0,8.17,10.19,9.41
4560276,2013-06-07 17:48:00,3,11,1,Rural,435-02,2,1496.0,7.632556263722621,2.0,0.0,0.0,4.778
4560289,2013-06-07 19:11:00,3,11,1,Rural,42-02,3+6,1486.0,14.10420727346571,1.0,10.51,13.52,5.324
4561162,2013-06-09 16:05:00,3,660,4,Rural,99-01,2,5544.0,0.587815530310501,5.0,3.45,4.633,10.36
4562102,2013-06-11 07:32:00,3,12,1,Rural,1-p3,2+5,33357.0,17.90879484240974,2.0,3.48,5.782,8.36
4562112,2013-06-11 08:29:00,3,11,1,Rural,1-h0,3+5,1881.0,1.4858949667436716,1.0,4.994,8.04,9.98
4562744,2013-06-11 23:30:00,3,22,1,Rural,54-04,4+5+6+11,31958.0,12.95468533679462,0.0,3.293,5.292,11.77
4563537,2013-06-13 11:50:00,1,12,1,Rural,61-32,2+5,32654.0,8.496964056468782,0.0,0.032,0.098,8.53
4564239,2013-06-14 15:41:00,3,11,1,Rural,38-02,3+6,31392.0,11.504023331853501,1.0,5.115,7.64,9.31
4564283,2013-06-14 17:20:00,2,650,4,Rural,1-f6,2,31577.0,0.9049914667556247,0.0,1.522,3.136,9.83
4564551,2013-06-15 02:59:00,3,11,1,Rural,1-v8,4,5544.0,11.176110633850666,1.0,2.582,3.1,8.26
4565795,2013-06-17 20:36:00,3,12,1,Rural,924-01,0,34148.0,20.013088635980452,4.0,5.544,9.7,9.09
4567851,2013-06-20 13:05:00,3,142,2,Rural,821-01,2+5,3371.0,12.490328389411834,5.0,7.36,9.02,10.48
4568093,2013-06-20 18:00:00,3,11,1,Rural,358-02,3+6+8,6515.0,3.2302668989580337,0.0,5.151,7.709,16.14
4568226,2013-06-20 23:13:00,3,11,1,Rural,1-a9,2+5,36156.0,11.798763289978032,3.0,3.802,5.39,12.28
4568983,2013-06-22 11:42:00,3,45,8,Rural,427-04,2+5,31365.0,1.2724856591679765,2.0,3.693,4.998,9.91
4569519,2013-06-23 16:10:00,2,11,1,Rural,60-33,2,32355.0,22.50085872634389,0.0,4.425,6.174,9.48
4570097,2013-06-24 14:46:00,3,660,4,Rural,308-01,3,6208.0,14.108733665182342,4.0,6.177,7.97,12.2
4570996,2013-06-26 10:54:00,3,240,3,Rural,41-21,2,1350.0,1.4093885070838739,4.0,11.46,15.09,7.782
4571221,2013-06-26 19:02:00,2,45,8,Rural,953-02,3+6,4275.0,8.899494982560205,2.0,11.64,13.33,5.009
4572090,2013-06-28 13:04:00,3,141,2,Rural,1-c2,2,6315.0,4.020118739703869,4.0,9.46,12.97,9.52
4572509,2013-06-28 14:25:00,3,26,1,Rural,550-04,0,,,,,,
4572228,2013-06-28 17:15:00,3,141,2,Rural,1-g1,2,31572.0,4.996796142242713,5.0,8.63,11.27,9.6
4572288,2013-06-28 20:41:00,3,130,2,Rural,1-g3,3+5,1673.0,9.27573784700262,1.0,5.096,6.795,8.0
4572311,2013-06-28 21:57:00,3,22,1,Rural,1-d8,2+5,31392.0,5.776631610591394,3.0,3.203,3.822,3.98
4572542,2013-06-29 08:53:00,3,12,1,Rural,41-15,2,31363.0,9.329664174835148,3.0,2.421,3.332,7.29
4572591,2013-06-29 13:54:00,3,410,4,Rural,58-01,4+5,31950.0,3.4262277022096304,4.0,3.228,5.586,10.12
4573271,2013-06-30 18:23:00,2,45,8,Rural,435-00,2,1479.0,6.30880536715558,3.0,6.507,9.44,14.99
4574331,2013-07-02 14:59:00,2,160,2,Rural,1-g4,2,31674.0,2.5625428058332496,1.0,7.14,10.29,8.85
4574984,2013-07-03 23:39:00,3,240,3,Rural,000-102,2,7475.0,9.567931407621066,1.0,0.083,0.095,9.5
4574996,2013-07-04 00:30:00,3,70,1,Rural,60-39,3+6+8,32533.0,13.385171207069355,0.0,0.039,0.719,4.97
4575826,2013-07-05 11:24:00,3,240,3,Rural,1-p9,2+5,3474.0,9.238249391580599,4.0,3.509,5.167,5.286
4575828,2013-07-05 13:16:00,3,142,2,Rural,415-04,2,7475.0,5.963157563492196,4.0,0.084,0.105,9.04
4575982,2013-07-05 19:38:00,3,240,3,Rural,1-g4,2,31674.0,1.238354072353434,2.0,17.24,31.95,8.77
4576001,2013-07-05 20:47:00,3,141,2,Rural,30-02,2+5,6420.0,8.962658556835237,3.0,8.35,11.89,9.57
4576200,2013-07-06 05:44:00,3,11,1,Rural,1-j2,4+5,2197.0,13.111241078214382,4.0,2.331,3.789,7.11
4576319,2013-07-06 13:51:00,2,24,1,Rural,76-07,2,33643.0,2.03378771637307,1.0,6.672,8.72,10.26
4576350,2013-07-06 15:27:00,3,56,9,Rural,000-701,6+8+11,4193.0,9.410109910495978,3.0,9.0,14.11,12.13
4576632,2013-07-07 02:52:00,3,11,1,Rural,26-03,2,6424.0,3.9568569294735174,2.0,2.69,3.691,1.726
4577576,2013-07-08 17:23:00,3,320,4,Rural,1-q2,2+3+5,3474.0,3.4589374887840942,3.0,6.291,8.1,5.886
4579400,2013-07-12 07:34:00,2,11,1,Rural,429-02,2,1350.0,5.382599934890397,4.0,7.068,9.47,8.18
4579541,2013-07-12 11:14:00,2,141,2,Rural,35-08,2,36519.0,3.6294091756821025,4.0,2.246,3.724,6.22
4579754,2013-07-12 18:42:00,3,11,1,Rural,842-02,3+6+8,33394.0,16.274041220654652,2.0,4.678,5.88,7.81
4580093,2013-07-13 16:18:00,2,160,2,Rural,42-01,2+5,7475.0,11.168483148052095,2.0,0.092,0.105,9.24
4580139,2013-07-13 17:08:00,3,11,1,Rural,1-d8,2,31392.0,0.11384772223950813,2.0,5.167,7.06,7.75
4580495,2013-07-14 11:37:00,3,24,1,Rural,96-05,3,35978.0,1.704262601183261,3.0,2.5,3.7,9.5
4580605,2013-07-14 16:45:00,3,45,8,Rural,1-x2,0,,,,,,
4581268,2013-07-15 16:31:00,3,22,1,Rural,1-b7,2,36132.0,1.1607878165636483,1.0,3.772,5.978,11.01
4582135,2013-07-17 09:40:00,3,11,1,Rural,925-01,3,4455.0,27.268887028431905,0.0,3.687,5.521,10.52
4582218,2013-07-17 11:10:00,2,11,1,Rural,1-u6,3+5,5872.0,0.810324255388705,0.0,2.085,4.639,16.62
4582359,2013-07-17 15:01:00,3,12,1,Rural,870-03,11,4912.0,7.728420080487871,1.0,6.892,7.68,6.967
4582553,2013-07-17 15:23:00,2,45,8,Rural,42-02,2+6,1486.0,13.513211468667766,3.0,4.268,5.684,7.41
4582413,2013-07-17 16:31:00,2,211,3,Rural,1-x2,4,35315.0,28.31347877754461,1.0,7.18,10.68,13.54
4582693,2013-07-18 10:48:00,3,921,9,Rural,42-02,3+6,31365.0,14.229211179505475,2.0,7.735,9.6,9.4
4583024,2013-07-19 05:02:00,3,60,9,Rural,1-v4,4,35666.0,16.638338281164,2.0,10.41,12.74,10.2
4583594,2013-07-20 11:44:00,3,45,8,Rural,570-01,8+11,1924.0,7.037275003677065,4.0,4.003,5.651,11.22
4583916,2013-07-21 01:45:00,3,241,3,Rural,1-d8,2,31392.0,5.527885547642746,5.0,11.9,15.39,9.82
4584110,2013-07-21 15:07:00,3,211,3,Rural,1-h4,2,32097.0,10.16664314306549,3.0,15.63,19.4,12.95
4584138,2013-07-21 16:20:00,2,45,8,Rural,1-h2,0,31985.0,8.032950437413003,0.0,8.77,11.56,11.53
4584779,2013-07-22 17:22:00,2,410,4,Rural,1-h0,3+5,31882.0,2.5593812760343813,2.0,1.276,2.744,16.25
4585198,2013-07-23 12:40:00,2,240,3,Rural,1-t3,2,34175.0,6.807127979473622,0.0,4.198,5.586,18.13
4585565,2013-07-24 01:30:00,2,45,8,Rural,1-p2,2+5,33357.0,12.59057491243013,0.0,3.669,4.508,7.86
4587000,2013-07-26 17:21:00,2,142,2,Rural,85-02,3+5,3591.0,7.848279039277018,1.0,6.102,8.2,15.71
4587347,2013-07-27 10:23:00,3,12,1,Rural,864-00,3+5,4323.0,1.5686845771517068,3.0,0.689,1.797,18.97
4587371,2013-07-27 12:15:00,3,22,1,Rural,85-04,2,3595.0,11.456688317001605,5.0,5.246,6.501,15.92
4587932,2013-07-28 15:07:00,3,12,1,Rural,1-q3,2,3477.0,3.45382880609034,3.0,6.174,8.66,15.46
4588306,2013-07-29 09:52:00,3,22,1,Rural,45-01,0,1453.0,3.777066482292865,2.0,2.197,2.94,12.34
4588934,2013-07-30 10:39:00,3,70,1,Rural,42-02,3,31363.0,13.93097812519419,1.0,5.243,7.45,12.8
4589672,2013-07-31 17:15:00,2,11,1,Rural,417-02,3+6,1486.0,9.517697715560365,5.0,8.04,11.4,9.94
4589733,2013-07-31 20:08:00,3,11,1,Rural,931-02,6,4060.0,12.249009935596526,2.0,4.286,7.219,8.41
4589888,2013-08-01 07:53:00,3,410,4,Rural,92-07,4,34075.0,3.950482973344726,3.0,5.2,7.6,8.8
4590749,2013-08-02 12:56:00,3,11,1,Rural,254-01,2,36122.0,0.19990795717207616,4.0,3.547,5.39,14.08
4590955,2013-08-02 18:07:00,2,650,4,Rural,1-a4,4,6272.0,6.122901573712254,3.0,3.305,4.312,13.22
4591463,2013-08-03 15:56:00,3,11,1,Rural,574-03,2,1924.0,15.440093759253637,4.0,1.416,3.789,13.66
4591469,2013-08-03 16:25:00,3,410,4,Rural,1-c7,2+5,6315.0,8.955740093937932,5.0,12.91,16.66,15.32
4591735,2013-08-04 02:23:00,3,22,1,Rural,410-02,2+5,7475.0,7.05091153428364,3.0,0.093,0.105,8.61
4591981,2013-08-04 14:53:00,1,12,1,Rural,1-a8,4+5,36156.0,21.212616610180444,3.0,5.95,8.23,16.03
4592462,2013-08-05 14:40:00,3,24,1,Rural,643-03,3+6,2481.0,8.982406174091443,0.0,7.51,9.83,11.16
4592508,2013-08-05 17:19:00,2,22,1,Rural,61-30,2+5,32654.0,2.2479125938038003,1.0,3.956,5.782,10.86
4592799,2013-08-06 10:38:00,3,11,1,Rural,748-02,3+6+8,3433.0,14.89096417245989,2.0,5.398,7.121,7.804
4593189,2013-08-06 16:24:00,3,142,2,Rural,1-x7,4,35305.0,5.352155259694108,4.0,2.094,3.528,9.69
4593970,2013-08-07 16:42:00,2,22,1,Rural,1-a9,4+5,36156.0,13.038194472961083,2.0,6.474,8.92,11.78
4593987,2013-08-07 17:13:00,1,240,3,Rural,1-d2,2,6310.0,11.361928098736504,3.0,9.06,12.28,12.19
4594472,2013-08-08 20:40:00,3,835,5,Rural,26-04,0,6424.0,5.944639327672178,0.0,11.27,15.19,11.42
4595029,2013-08-09 23:44:00,3,11,1,Rural,85-39,3,4455.0,4.217848295704948,4.0,2.097,2.679,8.59
4595381,2013-08-10 19:56:00,2,12,1,Rural,1-y1,4+5,6393.0,3.7721562323228595,4.0,0.0,0.0,
4595995,2013-08-12 09:07:00,3,11,1,Rural,85-03,3+6,3595.0,11.566774005479807,3.0,4.034,5.227,8.05
4596480,2013-08-12 17:35:00,2,12,1,Rural,1-a8,2+5,36156.0,21.12028040405067,5.0,5.175,7.252,14.11
4596600,2013-08-12 21:26:00,3,24,1,Rural,60-36,0,2428.0,16.742849784728183,4.0,3.428,5.749,9.56
4596637,2013-08-13 02:18:00,3,11,1,Rural,1-n1,2,33357.0,2.879294527073397,2.0,4.071,5.488,4.57
4596682,2013-08-13 07:57:00,3,22,1,Rural,60-47,2+5,2641.0,1.3122968451782777,3.0,1.541,3.365,10.39
4597176,2013-08-13 15:48:00,3,111,4,Rural,1-q2,2+5,3474.0,4.596674674751172,2.0,11.46,13.93,11.18
4597707,2013-08-14 16:54:00,2,45,8,Rural,000-861,0,6222.0,8.647123418507416,4.0,4.876,9.28,11.23
4597978,2013-08-15 10:25:00,3,26,1,Rural,87-01,3,33495.0,0.7707777488816935,5.0,6.732,9.02,12.17
4598609,2013-08-16 11:18:00,3,12,1,Rural,1-g9,4+5+6,1779.0,8.644871180389057,2.0,4.978,6.37,11.98
4598653,2013-08-16 14:38:00,3,142,2,Rural,41-21,2+5,1350.0,1.3607209041342312,2.0,4.97,6.501,10.62
4598847,2013-08-16 23:32:00,3,835,5,Rural,61-38,6+8,2646.0,1.6964947760059614,2.0,2.507,3.724,7.478
4599188,2013-08-17 16:42:00,3,24,1,Rural,61-36,3+6,2646.0,6.351640643508747,2.0,0.862,2.319,8.72
4600961,2013-08-20 14:25:00,2,26,1,Rural,1-a2,2+5,36386.0,3.026608995327332,5.0,5.891,9.11,13.22
4601044,2013-08-20 16:36:00,3,70,1,Rural,1-x1,3+5,5544.0,26.010843845846775,4.0,8.29,10.5,12.89
4601094,2013-08-20 19:00:00,3,141,2,Rural,1-g9,4+5,31882.0,4.283753676957792,0.0,0.571,1.078,12.26
4601602,2013-08-21 15:06:00,2,45,8,Rural,000-701,3,35884.0,5.301950576768261,4.0,9.08,12.84,9.86
4601581,2013-08-21 19:05:00,3,11,1,Rural,43-01,2+5,31364.0,1.3280264527740893,5.0,9.34,12.15,11.12
4601838,2013-08-22 11:38:00,3,151,4,Rural,54-12,2,1938.0,1.361774093662665,2.0,13.67,19.8,11.12
4602275,2013-08-23 07:57:00,3,920,6,Rural,1-v3,3+5,35666.0,7.862872680359493,3.0,6.465,10.88,10.91
4602366,2013-08-23 10:25:00,3,70,1,Rural,1-v8,3+5,5544.0,11.908068042287471,5.0,11.1,16.27,12.26
4602598,2013-08-23 14:15:00,1,410,4,Rural,1-h1,3+5,1881.0,4.547695632398467,5.0,4.803,9.6,13.59
4603837,2013-08-26 12:08:00,3,11,1,Rural,60-02,3+5,31985.0,7.849255966785618,2.0,8.09,11.86,7.02
4604683,2013-08-27 15:53:00,3,240,3,Rural,1-f8,2+5,31572.0,4.276293078220444,3.0,7.632,10.39,11.1
4606492,2013-08-31 04:34:00,2,12,1,Rural,30-01,2,6310.0,5.212518048813722,4.0,7.27,9.96,6.255
4607527,2013-09-02 15:27:00,3,11,1,Rural,612-01,0,31122.0,7.032142421956438,3.0,5.643,7.84,
4608658,2013-09-04 18:28:00,2,11,1,Rural,1-q9,4+5,33394.0,6.65195311719187,2.0,3.901,5.684,
4610114,2013-09-07 10:55:00,2,1094,5,Rural,901-03,0,34238.0,15.622016868040232,5.0,5.695,7.35,
4610140,2013-09-07 13:31:00,3,22,1,Rural,1-s1,0,34326.0,0.19297353126019787,1.0,3.512,5.782,
4610642,2013-09-08 15:43:00,3,21,1,Rural,1-u8,4,35769.0,3.9397757993346914,3.0,3.138,4.998,
4610676,2013-09-08 18:10:00,3,22,1,Rural,60-09,3+5,32179.0,7.809605786001281,0.0,6.316,10.19,
4611942,2013-09-10 15:24:00,3,45,8,Rural,1-y0,3+5,6499.0,4.74681797515109,4.0,1.121,1.797,7.283
4612415,2013-09-11 15:25:00,3,26,1,Rural,864-03,3+6+8,34413.0,19.581625938431937,5.0,10.61,15.39,
4613491,2013-09-13 14:45:00,3,12,1,Rural,1-b6,3+6,6134.0,9.112200156225292,5.0,7.769,10.13,8.97
4613557,2013-09-13 18:07:00,3,22,1,Rural,1-b4,4+6,36049.0,3.1266906833237362,3.0,7.871,11.17,
4613897,2013-09-14 17:12:00,3,24,1,Rural,752-02,3,3242.0,0.6390751028158268,2.0,5.72,8.2,7.24
4614285,2013-09-15 16:32:00,3,11,1,Rural,1-m5,4,33431.0,3.4637247356860943,2.0,17.79,23.13,
4615090,2013-09-16 22:50:00,3,26,1,Rural,000-301,0,31572.0,2.8422467753555183,0.0,5.303,16.56,
4616233,2013-09-19 07:57:00,2,11,1,Rural,1-k4,4,33204.0,4.370619718413597,3.0,0.208,0.98,
4616686,2013-09-20 07:42:00,3,410,4,Rural,92-07,4,5981.0,4.833888110419066,2.0,4.646,7.68,8.5
4616942,2013-09-20 14:15:00,3,11,1,Rural,1-a2,4,36386.0,7.85698102314447,5.0,6.118,9.11,
4617418,2013-09-21 17:18:00,3,440,4,Rural,1-g8,2+5,1779.0,5.35947775369101,2.0,4.366,5.357,8.0
4617420,2013-09-21 17:18:00,3,70,1,Rural,F338-01,11,36519.0,7.939809796280778,2.0,3.745,5.586,
4620781,2013-09-28 07:10:00,1,11,1,Rural,85-10,2+5,34700.0,12.6384912278648,0.0,3.128,4.018,
4621220,2013-09-28 16:23:00,3,11,1,Rural,82-01,4+5,3463.0,0.6385463611159219,3.0,4.038,5.455,4.469
4621313,2013-09-29 16:28:00,3,240,3,Rural,85-04,4+5,3595.0,15.005363651582066,2.0,6.658,7.22,4.033
4623941,2013-10-03 21:29:00,3,11,1,Rural,1-a3,4,6272.0,13.359807455511682,1.0,2.16,2.679,7.673
4624656,2013-10-05 05:35:00,3,11,1,Rural,574-06,2,1924.0,6.671491705308046,5.0,6.244,11.83,2.509
4625218,2013-10-06 16:17:00,3,26,1,Rural,939-01,3+6,35965.0,4.730621151517642,3.0,5.08,8.13,
4629970,2013-10-08 20:43:00,3,923,6,Rural,1-d9,2,31488.0,3.116173957317199,3.0,8.68,11.96,
4628277,2013-10-12 04:01:00,3,22,1,Rural,62-04,2,32224.0,1.4664325331126495,1.0,16.31,20.58,
4628699,2013-10-13 08:44:00,3,11,1,Rural,1-v7,4,5544.0,4.281381982844645,4.0,2.897,3.333,5.431
4628875,2013-10-13 19:52:00,3,11,1,Rural,61-27,2,32654.0,20.35970396136331,2.0,1.349,1.96,
4630435,2013-10-16 07:36:00,3,11,1,Rural,61-23,2,32474.0,0.05466075566721699,4.0,8.18,11.07,
4631333,2013-10-17 13:21:00,3,685,4,Rural,85-03,4+5,3591.0,8.39545061106825,1.0,1.958,3.397,5.998
4632118,2013-10-18 19:49:00,3,111,4,Rural,92-04,0,5975.0,2.4326635891620056,1.0,0.0,0.0,2.401
4632382,2013-10-19 12:05:00,2,45,8,Rural,000-801,3+6,31392.0,0.6154959531480447,5.0,3.754,5.194,
4632399,2013-10-19 14:12:00,3,22,1,Rural,1-d8,2,31392.0,5.806325338699931,2.0,3.88,5.292,
4634528,2013-10-23 11:36:00,2,240,3,Rural,1-x3,0,35315.0,15.216359179548258,4.0,0.774,1.568,
4635293,2013-10-25 00:11:00,3,11,1,Rural,1-s5,0,34238.0,5.888592355512923,1.0,4.091,6.86,
4636003,2013-10-26 11:56:00,3,26,1,Rural,32-01,2,6420.0,4.73060588828226,4.0,8.24,12.22,1.765
4636273,2013-10-26 23:41:00,3,240,3,Rural,85-04,4+5,3595.0,13.78013750372867,1.0,0.972,1.405,-0.332
4636634,2013-10-27 13:45:00,3,26,1,Rural,425-02,0,1361.0,12.705281971941309,5.0,10.27,13.95,3.903
4637010,2013-10-28 13:53:00,3,22,1,Rural,1-k8,4,3223.0,15.160303825829043,3.0,6.623,9.51,3.512
4637225,2013-10-28 17:19:00,3,11,1,Rural,92-02,4+5,4275.0,4.96268254930679,1.0,0.0,0.0,-4.016
4637730,2013-10-29 17:32:00,3,11,1,Rural,931-01,4+5,34175.0,10.289383067034619,2.0,2.091,2.352,
4638690,2013-10-31 20:17:00,3,12,1,Rural,1-g8,4+6,1779.0,5.780850185962913,3.0,2.073,2.483,-3.14
4639557,2013-11-02 15:50:00,3,45,8,Rural,000-231,11,31364.0,1.0822092333131728,0.0,6.292,7.938,
4640043,2013-11-03 04:23:00,3,910,7,Rural,54-12,4+5,1938.0,5.194874412105613,3.0,5.455,9.28,0.555
4641206,2013-11-06 07:38:00,2,12,1,Rural,1-m9,2+5,3242.0,5.2837151319545415,2.0,10.19,13.39,1.354
4641229,2013-11-06 08:54:00,3,11,1,Rural,92-07,4,5981.0,3.7129720177938736,4.0,8.44,12.32,2.498
4642675,2013-11-08 18:40:00,3,12,1,Rural,82-08,8,33661.0,6.583293419167806,0.0,6.176,9.31,
4642671,2013-11-08 21:23:00,3,12,1,Rural,1-p3,4,3463.0,15.834134028930245,3.0,4.525,6.239,-5.598
4642855,2013-11-09 07:03:00,2,26,1,Rural,54-03,4+5,1868.0,3.3344747419298955,3.0,0.707,2.025,-3.094
4642862,2013-11-09 08:22:00,3,11,1,Rural,1-b9,4,36122.0,5.636483756582463,2.0,1.222,2.156,
4642919,2013-11-09 12:45:00,3,11,1,Rural,1-s9,2,34175.0,24.482612316887188,5.0,0.0,0.0,
4642893,2013-11-09 13:13:00,3,11,1,Rural,41-16,2+5,31363.0,7.592628435787539,3.0,4.912,6.958,
4643057,2013-11-09 23:07:00,3,11,1,Rural,1-g4,3,31674.0,6.195792972140744,3.0,7.92,12.54,
4644248,2013-11-12 09:45:00,2,11,1,Rural,85-05,3,3595.0,16.725385858649588,5.0,20.55,25.38,-2.588
4644777,2013-11-13 06:34:00,3,11,1,Rural,85-04,3,3595.0,13.919726148000546,4.0,13.67,16.01,-4.048
4645481,2013-11-14 01:12:00,3,26,1,Rural,000-101,0,1479.0,0.6957584146203983,2.0,5.412,10.06,1.727
4646518,2013-11-15 18:27:00,3,142,2,Rural,1-g5,4+5,31674.0,6.818820768862657,3.0,2.652,3.43,
4646742,2013-11-16 09:34:00,3,11,1,Rural,1-x6,3,35315.0,6.5418041091881,4.0,2.233,3.528,
4646949,2013-11-16 16:20:00,3,921,9,Rural,000-801,11,1496.0,2.2030675167313465,0.0,14.71,18.69,-3.803
4647271,2013-11-17 18:34:00,3,11,1,Rural,62-04,2+5,32224.0,1.426972878463439,4.0,6.35,9.21,
4647273,2013-11-17 18:36:00,3,11,1,Rural,1-d8,2+5,1490.0,2.6154278791110985,4.0,7.01,8.3,-7.02
4647281,2013-11-17 19:22:00,2,21,1,Rural,96-07,3,5982.0,1.7295956436103082,2.0,6.703,8.2,-3.791
4647962,2013-11-19 07:56:00,3,923,6,Rural,1-f5,2,31579.0,2.6277967819585912,4.0,7.28,9.9,
4648114,2013-11-19 13:50:00,3,11,1,Rural,36-06,2+5,31599.0,5.579121854925159,0.0,11.55,18.42,
4648198,2013-11-19 15:41:00,3,240,3,Rural,1-q1,3,3474.0,5.265883159826651,1.0,16.79,20.0,-6.137
4648211,2013-11-19 16:21:00,3,11,1,Rural,61-38,2,2646.0,4.843630220322572,1.0,12.24,15.52,-1.225
4648666,2013-11-20 16:25:00,3,11,1,Rural,931-09,2,5960.0,10.781167891484797,5.0,8.01,9.24,-9.67
4648689,2013-11-20 17:30:00,2,11,1,Rural,43-01,2,31364.0,3.986210752597814,0.0,9.6,12.45,
4649620,2013-11-22 15:14:00,3,870,5,Rural,000-103,6+8+11,7475.0,9.620251212436896,4.0,0.08,0.095,4.72
4649721,2013-11-22 20:27:00,3,11,1,Rural,43-01,2,31364.0,1.859322650891124,3.0,3.392,5.096,
4650406,2013-11-24 17:01:00,2,70,1,Rural,261-04,3,6235.0,11.304038754481914,1.0,5.254,7.84,1.305
4651505,2013-11-27 01:01:00,3,21,1,Rural,431-01,0,1479.0,4.894488793546444,1.0,6.943,9.73,2.637
4651604,2013-11-27 10:17:00,3,240,3,Rural,410-02,2+5,7475.0,5.9425954317500205,3.0,0.08,0.095,4.408
4652327,2013-11-28 20:46:00,3,11,1,Rural,36-01,4,31399.0,9.842805218250154,4.0,6.545,10.19,
4652397,2013-11-29 01:48:00,3,11,1,Rural,35-03,2+5,36504.0,15.753851503700448,2.0,13.84,21.17,
4652431,2013-11-29 06:38:00,3,212,3,Rural,000-300,2+5,31572.0,1.0116562463031553,2.0,8.14,11.86,
4652775,2013-11-29 17:21:00,3,26,1,Rural,1-t0,4+5,34175.0,24.016879630889715,1.0,9.43,11.86,
4654305,2013-12-03 11:37:00,3,26,1,Rural,39-01,3,31387.0,7.441746076488887,3.0,7.33,13.13,
4654322,2013-12-03 11:46:00,3,12,1,Rural,1-f6,2+5,31577.0,0.06338596933661297,4.0,8.16,13.82,
4654612,2013-12-03 19:51:00,3,22,1,Rural,60-24,0,32372.0,4.142218790563693,1.0,4.298,6.174,
4654746,2013-12-04 09:26:00,3,151,4,Rural,1-d9,2+5,31488.0,2.9266555057357118,4.0,4.592,6.37,
4654865,2013-12-04 12:56:00,2,920,6,Rural,000-701,3,5968.0,5.748316098048204,4.0,7.83,9.73,-7.72
4656385,2013-12-07 23:48:00,3,11,1,Rural,1-b4,4,6045.0,3.8336288376629075,2.0,15.82,23.65,0.255
4656610,2013-12-08 14:38:00,3,11,1,Rural,1-d8,2+5,31392.0,0.7879839938816264,2.0,4.982,6.664,
4656636,2013-12-08 16:27:00,3,11,1,Rural,1-g3,2+5,1673.0,10.117016167408433,3.0,6.016,9.02,3.591
4656790,2013-12-09 07:37:00,3,945,6,Rural,41-15,2,31363.0,4.308071126179203,3.0,7.95,11.07,
4656925,2013-12-09 07:37:00,3,945,6,Rural,41-15,2,31363.0,4.305848978383694,3.0,7.95,11.07,
4656924,2013-12-09 10:46:00,3,11,1,Rural,1-a1,4,36386.0,2.3978699273767963,4.0,1.423,2.156,
4657171,2013-12-09 17:19:00,3,21,1,Rural,868-02,3,34733.0,18.39012311502066,1.0,8.41,11.47,
4657178,2013-12-09 17:32:00,3,11,1,Rural,65-02,2+5,32635.0,7.056947255394527,2.0,2.444,5.194,
4657347,2013-12-10 09:29:00,3,11,1,Rural,35-01,4,31399.0,6.297893137407631,1.0,2.595,3.332,
4658049,2013-12-11 16:22:00,2,11,1,Rural,41-16,2+5,31363.0,3.010515020068959,2.0,6.368,7.45,
4658467,2013-12-12 16:46:00,3,11,1,Rural,54-17,2+5,31950.0,1.6346600388889694,4.0,6.958,10.0,
4658647,2013-12-13 08:42:00,3,11,1,Rural,704-02,3+5,3103.0,7.433642067472109,2.0,20.41,27.05,2.004
4658799,2013-12-13 14:12:00,3,611,9,Rural,45-00,2,1350.0,3.8252002636777767,2.0,3.074,3.43,2.126
4658848,2013-12-13 15:14:00,3,11,1,Rural,35-04,2,36411.0,6.369973196080293,4.0,3.265,4.018,
4659757,2013-12-13 20:44:00,2,11,1,Rural,32-11,0,6430.0,10.698104599185847,4.0,4.194,7.611,2.096
4659186,2013-12-14 12:00:00,3,11,1,Rural,1-m9,3,3242.0,6.597452575313481,0.0,7.05,10.91,0.41
4659263,2013-12-14 17:00:00,3,12,1,Rural,61-21,2,2481.0,3.3983804111302534,0.0,1.665,2.156,-0.256
4659283,2013-12-14 17:58:00,3,240,3,Rural,1-g9,2,31882.0,7.748664748964587,2.0,3.582,4.606,
4660593,2013-12-17 16:07:00,3,142,2,Rural,1-f5,2+5,1578.0,0.7756065280389368,3.0,6.368,18.06,3.4
4661420,2013-12-19 17:30:00,2,12,1,Rural,1-c5,2,6315.0,4.128338334702628,0.0,7.744,10.49,-0.935
4661850,2013-12-20 17:24:00,3,11,1,Rural,54-05,2+5,31958.0,5.7199113319912405,4.0,11.01,17.44,
4663108,2013-12-23 16:15:00,3,685,4,Rural,34-02,4,31399.0,11.013308481478779,5.0,3.588,5.978,
4663378,2013-12-24 15:49:00,3,11,1,Rural,1-e1,2,31488.0,4.5608480389056485,1.0,9.16,12.64,
4663383,2013-12-24 16:18:00,3,240,3,Rural,1-e1,2,31488.0,6.354039289502205,2.0,8.12,12.05,
4663564,2013-12-25 13:30:00,3,835,5,Rural,36-12,2,1590.0,8.464857223326243,0.0,18.3,23.9,-4.041
4663695,2013-12-26 11:56:00,3,12,1,Rural,1-k6,4,33204.0,3.157945921066758,4.0,13.94,17.25,
4663819,2013-12-27 00:42:00,3,11,1,Rural,1-b9,4,36122.0,6.8329237287632,2.0,12.86,17.64,
4664156,2013-12-27 16:36:00,3,11,1,Rural,1-e1,2+5,31488.0,0.8306460581433245,4.0,7.487,10.98,
4664808,2013-12-29 13:02:00,3,240,3,Rural,41-22,2,1350.0,2.241401753109602,2.0,11.72,14.47,-2.071
4664880,2013-12-29 15:42:00,1,240,3,Rural,1-d8,2,31392.0,0.033792785664898344,2.0,18.3,21.17,
4665219,2013-12-30 14:05:00,3,70,1,Rural,1-s1,3,34326.0,0.4498483689025251,5.0,18.33,21.46,
4666657,2014-01-02 21:40:00,3,11,1,Rural,427-06,2,31365.0,14.412345001387402,0.0,9.06,11.56,
4666872,2014-01-03 12:50:00,2,835,5,Rural,35-05,2,36411.0,2.2342483545857132,0.0,7.48,10.88,
4666948,2014-01-03 15:06:00,3,36,1,Rural,8758-01,0,33487.0,7.459243386335495,4.0,6.768,8.92,
4667264,2014-01-04 12:58:00,2,11,1,Rural,550-03,6+8,6802.0,20.87867376102593,2.0,5.548,10.22,1.541
4668872,2014-01-08 11:06:00,3,11,1,Rural,60-07,3+5,2175.0,0.42504796900113667,4.0,9.9,14.24,1.532
4668892,2014-01-08 11:46:00,3,12,1,Rural,82-05,2,33661.0,2.550492044642706,4.0,7.647,9.21,
4670141,2014-01-10 19:00:00,3,141,2,Rural,38-02,2,31387.0,11.707618800800349,0.0,7.26,11.17,
4670255,2014-01-11 00:33:00,3,24,1,Rural,85-04,0,3595.0,15.859935459938987,3.0,3.522,7.02,-1.543
4670450,2014-01-11 14:50:00,2,11,1,Rural,30-04,0,6420.0,5.257928326052281,0.0,2.167,3.201,-8.28
4670506,2014-01-11 19:00:00,3,240,3,Rural,1-b5,4,6134.0,11.959384924992587,0.0,0.999,2.058,-0.333
4670574,2014-01-11 20:04:00,3,21,1,Rural,1-q0,2,3474.0,8.893558303712199,4.0,4.386,5.867,-4.832
4670571,2014-01-11 23:02:00,3,11,1,Rural,35-09,2,36519.0,0.911268503134385,2.0,7.59,9.11,
4670764,2014-01-12 07:10:00,3,12,1,Rural,41-17,0,1350.0,6.859935452873374,0.0,8.93,11.73,-0.753
4670795,2014-01-12 12:37:00,1,240,3,Rural,1-h3,3,32097.0,11.326125356224459,3.0,10.71,15.09,
4671484,2014-01-13 18:38:00,3,12,1,Rural,1-f5,2,1578.0,0.6968703435542958,2.0,13.89,31.65,5.998
4672823,2014-01-16 21:50:00,3,26,1,Rural,518-03,4+6,6802.0,6.440531611906723,0.0,1.021,2.189,1.834
4673514,2014-01-18 09:47:00,3,11,1,Rural,1-e1,2,31488.0,4.912596792208948,3.0,6.845,8.72,
4673863,2014-01-19 08:11:00,3,12,1,Rural,000-210,4+5,7475.0,5.225920226646926,1.0,0.084,0.095,4.328
4673895,2014-01-19 11:47:00,3,21,1,Rural,1-g1,2+5,31572.0,9.240281661076516,3.0,5.585,8.53,
4674049,2014-01-19 19:30:00,3,22,1,Rural,75-02,2,3433.0,7.8737545344038296,0.0,0.443,1.143,-3.13
4675085,2014-01-21 20:45:00,3,11,1,Rural,36-01,2+5,31399.0,9.581395918082261,5.0,6.604,8.62,
4675104,2014-01-21 22:11:00,3,240,3,Rural,431-01,6+8,1479.0,4.036166328439061,1.0,0.763,1.47,2.568
4675373,2014-01-22 13:47:00,3,11,1,Rural,75-06,2,3433.0,7.168101575061359,3.0,0.165,0.751,1.113
4675473,2014-01-22 16:20:00,2,22,1,Rural,1-h4,2,32097.0,8.372182231402734,0.0,1.985,2.646,
4676502,2014-01-25 02:54:00,3,11,1,Rural,1-g8,2,1779.0,5.784741109038358,4.0,2.697,3.92,2.545
4679320,2014-01-31 10:01:00,3,11,1,Rural,1-d6,2,31399.0,0.43329714918733825,1.0,9.52,14.31,
4682935,2014-02-07 17:37:00,3,26,1,Rural,34-03,2+5,31399.0,11.179828993798584,3.0,4.285,6.664,
4683252,2014-02-08 14:11:00,2,24,1,Rural,417-01,6+11,1487.0,3.606814612202774,1.0,6.13,7.415,-1.326
4683308,2014-02-08 18:00:00,3,12,1,Rural,1-d8,2+5,1490.0,2.6285171121160475,0.0,10.02,11.6,0.03
4683685,2014-02-09 15:51:00,3,70,1,Rural,61-01,2,32377.0,1.7109373024122556,1.0,13.05,15.68,
4684855,2014-02-11 22:15:00,3,24,1,Rural,82-01,4,3463.0,2.034054433038408,5.0,7.32,10.19,0.978
4687266,2014-02-17 09:27:00,3,26,1,Rural,1-r3,3+5,4406.0,5.856064204286691,3.0,2.422,4.247,-6.666
4688918,2014-02-19 20:57:00,3,710,9,Rural,000-102,2+5,7475.0,5.863718848231722,3.0,0.078,0.095,2.669
4689258,2014-02-20 14:59:00,3,12,1,Rural,1-q1,2,3474.0,4.877501651622826,1.0,15.26,21.1,-3.03
4689765,2014-02-21 15:37:00,3,11,1,Rural,744-02,3,33424.0,1.8186497461831166,3.0,19.16,24.4,
4690172,2014-02-22 15:41:00,2,240,3,Rural,1-r7,3,4323.0,5.548905249086363,1.0,10.46,12.51,-2.115
4691734,2014-02-25 23:29:00,3,710,9,Rural,33-04,0,31399.0,12.371917804381038,1.0,14.02,19.11,
4692602,2014-02-27 14:37:00,3,70,1,Rural,417-02,6+11,1487.0,3.6673807956694815,3.0,7.415,8.72,-0.14
4693373,2014-02-28 23:03:00,3,26,1,Rural,60-26,3,32365.0,0.5747992045426031,3.0,19.03,22.54,
4693567,2014-03-01 09:18:00,3,660,4,Rural,30-02,2+5,6310.0,3.0216505108426754,2.0,3.574,4.345,-0.53
4695247,2014-03-04 13:34:00,3,945,6,Rural,41-16,2,31363.0,6.903429342691721,4.0,3.17,5.684,
4695433,2014-03-04 19:44:00,3,111,4,Rural,1-g1,4+6,31572.0,9.080157472049114,4.0,4.303,6.174,
4695846,2014-03-05 14:39:00,3,24,1,Rural,51-02,3+5,31572.0,8.261363938675037,1.0,1.188,3.724,
4696503,2014-03-06 18:28:00,3,240,3,Rural,1-g3,3+5,1673.0,9.375385711240906,2.0,10.01,13.95,-0.508
4696518,2014-03-06 19:22:00,3,11,1,Rural,1-f5,2+5,1578.0,1.5096896590627722,2.0,8.67,11.96,0.041
4697069,2014-03-07 17:44:00,2,141,2,Rural,1-x2,4,,,,,,
4697560,2014-03-09 00:32:00,2,860,5,Rural,43-01,2,31364.0,3.8467079747309545,2.0,7.518,8.92,
4698049,2014-03-10 10:52:00,3,11,1,Rural,92-03,4+5,4275.0,5.97391307132238,2.0,0.0,0.0,-7.22
4701114,2014-03-16 15:44:00,2,26,1,Rural,37-03,2,36504.0,9.487547512797816,4.0,12.57,16.56,
4701305,2014-03-17 09:14:00,1,211,3,Rural,82-03,2,33563.0,0.4815418396835518,4.0,6.948,9.6,
4702394,2014-03-18 11:58:00,3,36,1,Rural,87-01,2,4406.0,9.915635492990985,2.0,8.7,11.56,-7.755
4702640,2014-03-18 15:18:00,3,12,1,Rural,429-02,2,1453.0,5.915216197657282,2.0,12.85,18.13,0.1
4703585,2014-03-20 10:21:00,2,240,3,Rural,1-g3,4+6,1673.0,0.28188006339013,1.0,18.03,25.09,1.656
4703983,2014-03-20 22:38:00,3,11,1,Rural,1-d8,2,1490.0,1.8519183713793976,2.0,12.38,14.99,-2.815
4704412,2014-03-21 14:56:00,3,240,3,Rural,76-15,3,3752.0,0.7494566842849437,4.0,16.22,22.93,0.198
4704485,2014-03-21 18:45:00,3,24,1,Rural,96-10,4,35884.0,5.019012986621718,5.0,10.99,26.46,
4705993,2014-03-25 08:00:00,3,11,1,Rural,30-06,3,36415.0,2.814990270393069,0.0,2.091,4.214,
4707674,2014-03-28 07:19:00,3,923,6,Rural,1-d9,2,31488.0,4.677857894908505,1.0,5.069,6.076,
4708631,2014-03-30 00:12:00,3,11,1,Rural,3175-01,3+6,31399.0,5.959511318175988,2.0,6.121,8.33,
4708889,2014-03-30 16:06:00,3,12,1,Rural,60-03,3+5,31985.0,20.805811082330443,4.0,5.016,9.51,
4710142,2014-04-01 14:22:00,3,11,1,Rural,36-04,2,31599.0,0.8635919916348325,2.0,1.43,3.136,
4715605,2014-04-11 17:19:00,3,11,1,Rural,1-j2,4+6,32097.0,9.67522151323347,1.0,5.377,7.25,
4715862,2014-04-12 10:45:00,3,12,1,Rural,61-34,2,2646.0,8.529585293832866,5.0,7.207,9.6,0.638
4717190,2014-04-15 11:28:00,3,11,1,Rural,1-j1,5,32097.0,4.926299953209961,2.0,16.67,19.4,
4717203,2014-04-15 12:10:00,3,11,1,Rural,54-10,2,31931.0,2.9624304148964584,0.0,4.814,10.68,-0.62
4717328,2014-04-15 17:20:00,3,11,1,Rural,54-03,4+5,1868.0,5.752974006918086,0.0,11.29,17.15,1.234
4717710,2014-04-16 14:29:00,2,11,1,Rural,43-01,2,1350.0,9.203321928556427,1.0,6.238,7.938,-0.498
4717772,2014-04-16 17:28:00,3,11,1,Rural,1-b9,2,36122.0,6.094256155534949,2.0,4.541,6.664,
4718154,2014-04-17 16:12:00,3,685,4,Rural,36-11,0,1590.0,6.020487170694018,2.0,5.458,8.03,-3.963
4718426,2014-04-18 12:35:00,3,11,1,Rural,1-j1,0,32097.0,0.35494891919163174,5.0,16.22,21.17,
4718430,2014-04-18 12:52:00,3,21,1,Rural,917-03,3+5,4472.0,15.283210818210787,2.0,11.02,21.27,7.61
4719112,2014-04-20 08:35:00,3,11,1,Rural,1-h3,4+5,32097.0,14.576982357868365,5.0,10.46,12.64,
4721096,2014-04-24 14:47:00,2,660,4,Rural,1-p9,2,3474.0,9.009678575021491,3.0,6.734,7.367,4.579
4722427,2014-04-27 05:44:00,2,111,4,Rural,1-d8,2+5,31392.0,5.671977792956193,4.0,0.639,1.47,
4724897,2014-05-01 16:10:00,2,22,1,Rural,36-03,2,31599.0,2.564409153613546,0.0,2.79,4.508,
4725967,2014-05-03 21:00:00,3,26,1,Rural,1-a6,2+5,6272.0,4.346541391988017,0.0,9.46,13.46,4.648
4726171,2014-05-04 09:56:00,3,11,1,Rural,431-01,3+6,1479.0,4.709095814911564,4.0,4.597,6.37,7.37
4727568,2014-05-06 10:37:00,3,12,1,Rural,1-s5,2,34238.0,6.693581467675365,3.0,3.906,5.586,
4727980,2014-05-06 16:43:00,3,11,1,Rural,41-17,2,1350.0,8.494858418911681,3.0,7.678,11.2,8.35
4728607,2014-05-06 22:09:00,2,11,1,Rural,1-a8,4,36156.0,23.639506120250875,1.0,4.905,7.938,
4728560,2014-05-07 13:01:00,3,22,1,Rural,92-10,2+5,34087.0,4.131838116906379,1.0,6.748,12.15,
4730889,2014-05-11 21:10:00,3,70,1,Rural,37-01,2,36504.0,7.727257756505256,0.0,2.602,4.802,
4731777,2014-05-12 19:24:00,3,70,1,Rural,734-01,6+8,33431.0,4.475607003780879,4.0,6.559,7.94,
4733924,2014-05-15 20:46:00,3,24,1,Rural,92-02,2,4275.0,4.861086258171866,4.0,0.0,0.0,1.268
4735247,2014-05-18 06:08:00,3,12,1,Rural,41-16,2+5,31363.0,7.713901663764251,2.0,7.38,10.39,
4735290,2014-05-18 10:27:00,3,920,6,Rural,000-541,3+6+8,33431.0,10.824848305319147,3.0,9.95,14.41,
4735603,2014-05-19 08:21:00,2,11,1,Rural,92-03,4,34073.0,4.094408047279731,1.0,8.42,10.58,
4736005,2014-05-19 13:50:00,3,24,1,Rural,426-01,2+5,31364.0,2.0670738523781598,0.0,8.63,11.17,
4736134,2014-05-19 15:18:00,3,141,2,Rural,1-d6,2,31399.0,4.698017573949138,2.0,2.127,4.704,
4736884,2014-05-20 16:43:00,3,12,1,Rural,54-20,3+6+8,31950.0,20.60337234625458,3.0,7.337,9.41,
4739258,2014-05-24 15:13:00,2,142,2,Rural,1-t4,3+5,34073.0,10.851845318792245,3.0,6.16,8.53,
4740296,2014-05-26 13:54:00,3,240,3,Rural,2860-01,6+8,6420.0,9.526878560871875,4.0,6.383,9.41,10.34
4743722,2014-05-31 11:53:00,3,650,4,Rural,38-03,2+5,31387.0,11.715005338935448,3.0,8.47,12.35,
4746498,2014-06-04 11:49:00,3,160,2,Rural,85-11,3+5,4614.0,4.348034313538672,1.0,5.177,8.85,14.2
4747660,2014-06-05 16:15:00,3,45,8,Rural,000-600,2+3,3474.0,7.362096748836017,5.0,2.592,3.8,9.47
4749378,2014-06-08 18:12:00,3,21,1,Rural,36-11,2+5,1590.0,4.310578707595534,2.0,6.362,8.73,10.68
4750015,2014-06-10 04:53:00,2,710,9,Rural,1-d8,2,31392.0,0.7621461978444223,3.0,8.24,11.56,
4753212,2014-06-13 15:15:00,2,70,1,Rural,35-16,6+8,6935.0,17.73113414049351,5.0,9.48,11.53,11.59
4753159,2014-06-14 06:29:00,3,11,1,Rural,848-02,2,4406.0,11.663490379484022,1.0,0.627,1.372,11.04
4754671,2014-06-16 21:15:00,3,21,1,Rural,420-01,2+5,31363.0,1.793066082609369,5.0,1.532,2.548,
4755751,2014-06-18 17:33:00,2,685,4,Rural,82-03,4,33563.0,3.1632151815232614,3.0,4.344,7.35,
4757202,2014-06-20 21:02:00,3,11,1,Rural,92-03,2,34073.0,0.07477376809715766,2.0,4.365,5.39,
4757487,2014-06-21 13:07:00,2,11,1,Rural,96-08,3+5,5988.0,8.479365969626993,3.0,2.372,3.822,6.224
4757627,2014-06-21 18:57:00,2,22,1,Rural,47-02,2+5,31577.0,11.879684554815126,3.0,3.037,3.822,
4757913,2014-06-21 18:57:00,2,22,1,Rural,47-02,0,31577.0,11.881069893236,3.0,3.037,3.822,
4758088,2014-06-22 16:50:00,3,21,1,Rural,37-01,2+5,36411.0,9.060771221360818,0.0,4.078,5.978,
4758295,2014-06-23 07:25:00,3,21,1,Rural,39-01,2+5,31387.0,3.375114144394961,5.0,2.737,4.214,
4759768,2014-06-25 07:57:00,3,11,1,Rural,1-d8,2,1490.0,2.78566812630697,3.0,10.13,11.83,9.08
4761008,2014-06-26 18:16:00,3,11,1,Rural,1-a9,2+5,36156.0,15.54288647895433,4.0,2.69,4.312,
4761836,2014-06-27 22:14:00,3,21,1,Rural,1-b2,3+6,36049.0,9.062019351951347,4.0,3.388,5.39,
4762084,2014-06-28 07:29:00,3,920,6,Rural,1-e1,0,31488.0,1.0805113972807407,1.0,0.499,0.98,
4762347,2014-06-28 17:37:00,2,22,1,Rural,51-02,2,31572.0,6.889444056400868,3.0,4.626,6.076,
4762309,2014-06-28 17:42:00,2,130,2,Rural,31-01,2,36411.0,2.624850596648798,2.0,3.837,4.998,
4763651,2014-06-30 10:14:00,2,45,8,Rural,000-801,6+11,6430.0,3.6604759848512605,4.0,5.781,7.383,10.75
4768431,2014-07-08 16:18:00,3,11,1,Rural,54-20,3+6+8,31958.0,25.705481893736884,2.0,3.534,5.292,
4768637,2014-07-09 04:52:00,3,24,1,Rural,1-q5,2+3+6,33480.0,9.375908739231509,2.0,1.278,1.764,
4768655,2014-07-09 07:36:00,3,11,1,Rural,1-k3,5,2197.0,7.673137346237889,4.0,1.272,1.666,10.02
4769084,2014-07-09 19:21:00,3,211,3,Rural,82-02,4,33563.0,8.930961991729255,1.0,0.672,1.568,
4770080,2014-07-11 15:46:00,3,660,4,Rural,75-03,2+5,3433.0,2.547764542172448,4.0,5.517,7.219,15.57
4770249,2014-07-11 23:55:00,2,12,1,Rural,1-g3,4+5,1673.0,5.918249379643771,5.0,2.793,7.32,13.01
4770700,2014-07-12 18:09:00,2,21,1,Rural,47-11,2,1685.0,1.18194287358759,1.0,6.211,8.1,15.31
4770726,2014-07-12 23:27:00,3,70,1,Rural,000-601,5+11,33654.0,7.38110893938475,3.0,0.966,1.764,
4771041,2014-07-13 15:03:00,2,45,8,Rural,000-371,6+11,31985.0,14.377918534625142,3.0,5.746,7.45,
4771090,2014-07-13 17:25:00,3,22,1,Rural,586-01,3+5+8,32190.0,21.043612191648133,5.0,7.86,10.49,
4771724,2014-07-14 14:49:00,3,11,1,Rural,54-16,2+5,31950.0,7.116736736810144,1.0,5.584,8.33,
4772744,2014-07-16 09:19:00,2,45,8,Rural,92-03,0,34073.0,1.6522136100152487,1.0,6.532,8.72,
4773713,2014-07-17 22:08:00,3,860,5,Rural,000-601,3+6+8,3474.0,11.987798843414996,2.0,10.77,12.4,8.9
4774192,2014-07-18 15:18:00,3,660,4,Rural,1-d1,2,36308.0,2.9643073190794267,2.0,10.33,15.78,
4774551,2014-07-19 08:45:00,3,923,6,Rural,1-n1,3+5,33357.0,11.652269820623477,5.0,0.682,1.96,
4774805,2014-07-20 00:22:00,3,11,1,Rural,61-33,0,2646.0,10.272734835658289,2.0,0.188,0.719,12.88
4776431,2014-07-22 12:36:00,2,836,5,Rural,000-701,6,4060.0,1.1347861803834232,4.0,1.357,3.626,18.22
4776961,2014-07-23 12:19:00,3,22,1,Rural,953-01,3,4275.0,7.107245270206464,1.0,7.762,10.23,9.76
4778167,2014-07-25 13:05:00,3,12,1,Rural,374-01,2,31399.0,3.4742240718516015,5.0,3.585,5.782,
4778655,2014-07-26 09:30:00,3,22,1,Rural,354-01,2+5,36411.0,9.966386972471097,0.0,1.175,1.764,
4778851,2014-07-26 18:20:00,3,11,1,Rural,60-09,2,32179.0,8.831044308495537,0.0,4.454,5.782,
4778945,2014-07-27 00:16:00,3,660,4,Rural,85-03,2+5,3591.0,8.399678316045332,4.0,0.611,0.947,10.69
4779208,2014-07-27 12:05:00,3,45,8,Rural,1-q5,2,33480.0,9.235434324351377,5.0,0.497,1.666,
4779584,2014-07-28 09:52:00,2,240,3,Rural,1-p6,2+5,3463.0,6.0373896318107345,2.0,1.444,2.875,17.04
4780073,2014-07-29 06:38:00,2,12,1,Rural,92-02,3+5,4275.0,5.07235403476542,2.0,3.778,4.572,5.729
4780076,2014-07-29 07:20:00,3,11,1,Rural,427-12,2+5,31380.0,4.496517501600755,0.0,4.281,6.86,
4780401,2014-07-29 13:16:00,2,11,1,Rural,1-s5,3+4+5,34238.0,9.200112194785351,4.0,7.56,11.27,
4781028,2014-07-30 12:34:00,3,141,2,Rural,848-01,0,33394.0,10.452521194347268,4.0,9.4,12.15,
4781949,2014-07-31 19:56:00,3,11,1,Rural,1-k5,2+5,33204.0,0.044076190892012375,4.0,6.904,9.21,
4782521,2014-08-01 15:46:00,3,142,2,Rural,1-k4,4,33204.0,3.854799604047501,4.0,4.837,6.86,
4782872,2014-08-02 05:13:00,3,22,1,Rural,1-m8,4,3242.0,8.705757666810454,3.0,4.95,6.272,4.273
4782907,2014-08-02 06:15:00,3,11,1,Rural,54-06,0,31958.0,8.244035656629633,5.0,1.287,1.666,
4782987,2014-08-02 11:27:00,3,12,1,Rural,54-21,0,2175.0,27.28385744064731,3.0,2.929,5.553,12.15
4783031,2014-08-02 14:48:00,2,45,8,Rural,60-30,6+11,32355.0,0.4691906117892234,2.0,3.713,7.35,
4783250,2014-08-02 21:43:00,3,11,1,Rural,56-01,2+5,31948.0,3.56513711466795,3.0,2.27,3.234,
4783687,2014-08-03 16:28:00,3,141,2,Rural,41-15,2+5,31363.0,10.32063888581673,2.0,9.48,15.48,
4784950,2014-08-05 11:38:00,3,11,1,Rural,000-102,2+5,7475.0,5.3934080976354375,2.0,0.089,0.105,14.04
4785628,2014-08-06 13:41:00,3,141,2,Rural,51-02,2+5,31572.0,6.773176507687724,1.0,3.993,5.978,
4785623,2014-08-06 13:47:00,3,1094,5,Rural,35-14,0,6935.0,5.26712494023435,3.0,1.671,3.103,13.67
4785649,2014-08-06 14:42:00,3,11,1,Rural,60-03,4+5,31985.0,16.868197806773953,2.0,4.926,8.72,
4785727,2014-08-06 16:24:00,3,45,8,Rural,1-g9,4+5,31882.0,8.159980731911512,4.0,5.648,9.21,
4785770,2014-08-06 19:10:00,3,1094,5,Rural,000-103,0,31488.0,8.317058822347997,0.0,2.568,4.802,
4786391,2014-08-07 13:16:00,3,40,1,Rural,1-d8,6+11,31392.0,5.434760182385508,4.0,9.83,13.13,
4787022,2014-08-07 13:50:00,3,45,8,Rural,1-s7,0,34148.0,7.544380097615285,0.0,6.601,9.21,
4786565,2014-08-07 18:18:00,3,141,2,Rural,82-06,2,33661.0,4.8017765701031,2.0,5.962,10.49,
4787012,2014-08-08 16:23:00,3,141,2,Rural,1-k4,4+5,33204.0,4.073948189244786,3.0,8.2,11.56,
4787048,2014-08-08 18:22:00,3,70,1,Rural,550-03,0,6802.0,10.868646854276987,2.0,3.418,6.893,10.61
4787478,2014-08-09 15:45:00,3,45,8,Rural,000-301,0,1689.0,7.980716304169231,5.0,10.63,12.77,9.04
4787635,2014-08-09 23:38:00,2,160,2,Rural,427-04,2+5,31365.0,1.9845591260615638,2.0,4.08,4.9,
4787974,2014-08-10 15:03:00,3,22,1,Rural,55-02,3+6+8,31958.0,16.37624569211565,3.0,8.2,23.81,
4787993,2014-08-10 15:44:00,3,24,1,Rural,1-p9,2,3474.0,9.245784496619304,4.0,5.257,7.633,6.533
4788791,2014-08-11 18:56:00,3,1094,5,Rural,000-801,0,31599.0,4.929517977792191,4.0,3.869,5.782,
4789212,2014-08-12 11:54:00,3,11,1,Rural,264-03,4+5,6315.0,3.292139919862557,4.0,2.256,4.998,16.97
4789783,2014-08-13 09:08:00,2,11,1,Rural,54-09,2,1936.0,1.234776916687067,2.0,15.57,21.04,9.26
4790833,2014-08-14 17:11:00,3,141,2,Rural,82-06,2,33661.0,4.087319614757193,1.0,3.363,4.704,
4791307,2014-08-15 13:08:00,3,11,1,Rural,000-600,3+5,3474.0,7.4244309384990315,2.0,6.878,8.47,8.08
4791888,2014-08-16 16:02:00,3,11,1,Rural,1-a6,4+5,36270.0,1.3801076081882815,2.0,11.18,19.11,
4792248,2014-08-17 13:58:00,3,142,2,Rural,1-g9,4+5,31882.0,4.399299330711359,2.0,0.839,2.45,
4792285,2014-08-17 15:15:00,2,24,1,Rural,35-15,6+8,6935.0,6.608617953616654,5.0,2.739,5.619,7.93
4793632,2014-08-19 02:00:00,3,11,1,Rural,574-04,2+5,1924.0,10.296880759728264,0.0,0.27,0.882,8.75
4794330,2014-08-20 11:25:00,3,11,1,Rural,1-v9,3,5544.0,11.048727255219543,5.0,7.63,10.33,11.15
4794494,2014-08-20 14:31:00,3,21,1,Rural,68-08,3+6,32390.0,6.581007626723172,1.0,9.63,12.15,
4794726,2014-08-21 02:39:00,3,26,1,Rural,39-01,2+5,31387.0,3.2634306325491877,1.0,0.271,1.078,
4795565,2014-08-22 14:04:00,2,45,8,Rural,35-14,0,6935.0,14.947581176850894,4.0,2.85,4.214,10.69
4795983,2014-08-23 12:37:00,3,70,1,Rural,54-09,2,31931.0,4.2301848904847725,3.0,4.034,6.37,
4795984,2014-08-23 12:42:00,2,45,8,Rural,000-401,6+8+11,2428.0,23.63911101117691,2.0,5.129,8.92,10.75
4797759,2014-08-26 09:54:00,3,22,1,Rural,643-07,3+6,2692.0,9.21720033476121,4.0,9.15,13.33,13.51
4799346,2014-08-28 16:31:00,2,22,1,Rural,528-02,3+6+8,31985.0,9.889485807490523,1.0,3.142,4.508,
4799369,2014-08-28 17:34:00,1,151,4,Rural,99-01,3,5544.0,0.6739009677699731,4.0,4.851,6.833,11.71
4800320,2014-08-30 15:36:00,3,45,8,Rural,000-861,3+6+11,6430.0,8.249934642368334,4.0,6.212,8.26,13.53
4800675,2014-08-31 09:40:00,3,11,1,Rural,1-b8,4+5,36127.0,1.1152662020499726,0.0,17.83,44.39,
4803009,2014-09-03 21:14:00,3,910,7,Rural,36-06,2+5,31591.0,5.54125921205515,4.0,1.436,1.862,
4803689,2014-09-05 08:05:00,3,923,6,Rural,41-16,2,31363.0,6.581504866469377,5.0,3.12,3.822,
4804339,2014-09-05 21:45:00,2,11,1,Rural,870-03,0,4912.0,10.048887207244269,5.0,4.231,5.815,8.85
4804384,2014-09-06 01:42:00,3,11,1,Rural,512-01,3+6,1779.0,12.732709385446446,2.0,2.8,6.566,11.16
4804526,2014-09-06 08:47:00,3,1094,5,Rural,000-601,0,3474.0,11.718874911666248,3.0,8.03,10.57,7.076
4804707,2014-09-06 21:15:00,3,11,1,Rural,54-09,4+5,1936.0,0.48738824987084506,5.0,5.325,6.991,10.96
4805930,2014-09-08 14:00:00,3,11,1,Rural,56-01,0,31948.0,1.6178125390904483,0.0,9.08,13.23,
4806395,2014-09-09 13:39:00,2,45,8,Rural,000-701,11,4455.0,23.9043226417101,1.0,7.281,13.72,19.52
4808585,2014-09-13 15:15:00,3,1094,5,Rural,000-102,0,1590.0,0.45401357063632924,5.0,11.15,15.53,5.119
4810015,2014-09-16 08:37:00,3,12,1,Rural,752-02,2,3242.0,9.367363928318202,3.0,2.457,4.051,8.26
4810653,2014-09-17 06:30:00,3,11,1,Rural,1-v1,3,35666.0,6.060916027317515,0.0,12.77,15.68,
4811232,2014-09-18 09:09:00,3,11,1,Rural,60-23,2,32372.0,3.1167392735212163,1.0,9.54,13.33,
4811939,2014-09-19 10:59:00,2,45,8,Rural,000-231,3+8,1361.0,1.7487971165792613,1.0,4.117,5.978,10.51
4813162,2014-09-21 19:43:00,3,12,1,Rural,76-08,3,33643.0,1.2982977606225112,3.0,2.426,3.332,
4814923,2014-09-25 07:21:00,3,12,1,Rural,76-08,3,33643.0,4.122508778586839,1.0,18.06,25.09,
4817622,2014-09-29 17:52:00,2,22,1,Rural,939-01,3,35963.0,2.5277331232912648,2.0,16.06,23.32,
4818490,2014-10-01 15:51:00,3,11,1,Rural,1-s5,2,34238.0,9.720951432679922,1.0,9.21,12.35,
4818644,2014-10-02 01:07:00,3,12,1,Rural,1-p3,4+5,3463.0,13.772031127630449,3.0,20.84,26.53,4.574
4820063,2014-10-05 01:18:00,3,12,1,Rural,870-03,3+6+8,4912.0,9.60526792013511,2.0,13.24,16.86,7.11
4820091,2014-10-05 03:08:00,3,12,1,Rural,1-e1,2,31488.0,3.482052905825426,2.0,5.727,9.41,
4820195,2014-10-05 09:50:00,3,11,1,Rural,1-s9,3,34148.0,23.723702267744276,0.0,4.507,6.958,
4820952,2014-10-06 19:48:00,2,940,6,Rural,821-01,3+5,3474.0,11.414137689168305,2.0,17.6,22.93,6.274
4821680,2014-10-08 07:49:00,3,12,1,Rural,60-42,2,32533.0,10.837707725931248,1.0,6.169,11.96,
4821714,2014-10-08 09:03:00,3,920,6,Rural,419-02,2,1479.0,3.533080903054523,3.0,0.993,1.568,3.784
4821968,2014-10-08 14:40:00,3,22,1,Rural,36-06,2+5,31591.0,7.900844842076236,0.0,3.96,7.252,
4834316,2014-10-11 14:00:00,2,45,8,Rural,407-01,0,1487.0,1.7733570638798246,0.0,4.689,6.076,0.941
4824123,2014-10-11 17:13:00,3,12,1,Rural,427-11,2+5,31380.0,3.4817097035074096,3.0,3.651,5.194,
4824601,2014-10-13 03:08:00,3,26,1,Rural,61-22,2,32474.0,5.190549478323993,2.0,1.006,1.372,
4827300,2014-10-17 12:39:00,3,11,1,Rural,1-h1,4+5,31985.0,8.733932295623394,1.0,7.09,10.19,
4827748,2014-10-17 21:26:00,2,240,3,Rural,92-04,4+5,34073.0,4.392454942499569,4.0,0.67,1.96,
4828018,2014-10-18 13:25:00,3,11,1,Rural,36-11,11,1590.0,3.744484862083556,5.0,3.35,4.7,3.865
4828174,2014-10-18 22:13:00,3,11,1,Rural,1-q1,4+5,3474.0,5.867976184705009,3.0,8.34,11.6,1.879
4828423,2014-10-19 10:58:00,3,60,9,Rural,512-01,3+6,1689.0,10.130063389349658,2.0,6.009,8.69,2.62
4828621,2014-10-20 06:39:00,3,11,1,Rural,35-03,2,36504.0,15.324414506718895,1.0,5.562,7.154,
4829289,2014-10-20 06:45:00,3,11,1,Rural,35-02,2,31399.0,15.838522685222486,5.0,5.359,7.94,
4829384,2014-10-20 20:52:00,3,11,1,Rural,1-g4,3+5,31674.0,5.806048640528581,2.0,8.9,12.94,
4830219,2014-10-22 17:27:00,3,11,1,Rural,1-k2,4,2197.0,5.415930488895131,3.0,0.485,0.947,-0.291
4830733,2014-10-23 12:01:00,2,240,3,Rural,1-m8,0,3242.0,8.642587711947332,1.0,0.186,0.882,0.54
4830688,2014-10-23 15:28:00,3,12,1,Rural,1-q3,2,33576.0,3.403786194665487,2.0,4.41,6.174,
4830696,2014-10-23 15:46:00,3,12,1,Rural,61-21,2,2481.0,3.9576766496519795,4.0,6.312,8.66,3.094
4831628,2014-10-25 16:45:00,3,12,1,Rural,821-03,4+5,3371.0,3.360562748751737,5.0,5.691,7.81,2.395
4832606,2014-10-27 09:27:00,3,240,3,Rural,000-801,2,31399.0,10.375350815228252,3.0,7.59,15.58,
4832728,2014-10-27 15:45:00,3,11,1,Rural,1-h4,0,32097.0,5.91415189557353,5.0,9.58,11.76,
4833216,2014-10-28 14:04:00,3,12,1,Rural,1-m9,0,3242.0,9.783872372469384,4.0,10.32,12.94,0.746
4834344,2014-10-30 15:42:00,3,22,1,Rural,59-02,0,32190.0,0.7612773461536568,2.0,6.013,10.49,
4834537,2014-10-31 06:21:00,3,12,1,Rural,1-c0,4+5,6222.0,6.278596198597476,1.0,24.1,36.98,8.48
4835114,2014-10-31 16:46:00,3,11,1,Rural,92-03,4,34073.0,0.0921121444373772,4.0,5.613,12.45,
4837745,2014-11-05 13:07:00,3,12,1,Rural,1-q3,2+5,33576.0,1.0465260761911415,3.0,3.546,4.704,
4839726,2014-11-09 04:50:00,2,11,1,Rural,35-09,2+5,36519.0,0.8694762534384184,0.0,10.41,14.7,
4839921,2014-11-09 17:13:00,3,685,4,Rural,1-q0,2+5,3474.0,9.003555203376024,3.0,3.866,5.067,-8.33
4840693,2014-11-10 20:48:00,3,11,1,Rural,1-k3,4+5,2197.0,4.705826655947133,2.0,4.686,5.39,-8.02
4840961,2014-11-11 12:05:00,3,24,1,Rural,41-15,2,31363.0,2.937888337310541,5.0,2.849,3.626,
4841130,2014-11-11 15:03:00,3,240,3,Rural,75-06,2+5,3433.0,7.450436425204167,3.0,0.215,0.523,-1.337
4841187,2014-11-11 16:37:00,3,24,1,Rural,75-06,2+5,3433.0,7.974527331640101,3.0,1.043,1.633,-1.465
4843525,2014-11-15 18:01:00,3,142,2,Rural,1-c8,2,36308.0,6.054074926420424,1.0,0.324,0.98,
4843957,2014-11-16 18:34:00,2,26,1,Rural,1-p4,2+5,3463.0,2.6593787204917874,4.0,2.982,3.953,2.848
4844144,2014-11-17 09:18:00,3,11,1,Rural,82-02,2+5,33563.0,10.823972814909258,2.0,4.374,5.096,
4844578,2014-11-17 14:45:00,3,11,1,Rural,1-k7,3+5,3223.0,14.97518602330447,5.0,3.837,5.717,4.665
4844665,2014-11-17 21:13:00,3,12,1,Rural,1-k6,4,33204.0,4.168803232650982,3.0,1.514,2.352,
4848592,2014-11-20 21:09:00,3,923,6,Rural,415-04,0,7475.0,5.7659518109376044,1.0,0.092,0.105,9.27
4846607,2014-11-21 21:35:00,2,12,1,Rural,1-p5,3+5,3463.0,14.253010133914481,5.0,1.873,2.875,-0.418
4847272,2014-11-23 11:39:00,3,22,1,Rural,1-k8,4,33419.0,13.912987329819078,1.0,4.458,5.488,
4847341,2014-11-23 15:52:00,3,111,4,Rural,1-p4,3,3463.0,7.46220400588669,2.0,0.504,1.568,-1.298
4848164,2014-11-24 16:00:00,2,11,1,Rural,1-q5,3+5,33480.0,4.810224953470209,0.0,2.057,4.41,
4848783,2014-11-26 08:34:00,3,11,1,Rural,50-01,3+5,1779.0,2.5869551085694167,4.0,3.08,5.455,2.106
4848872,2014-11-26 11:42:00,2,240,3,Rural,1-d8,2,1490.0,1.9162677479269488,2.0,2.921,3.822,-0.993
4848923,2014-11-26 13:02:00,2,240,3,Rural,1-d2,2+5,36308.0,3.4799719942013203,2.0,5.041,7.94,
4849462,2014-11-27 14:08:00,3,12,1,Rural,1-k2,3,2197.0,2.4170356497822847,2.0,1.643,2.287,-2.546
4849997,2014-11-28 18:16:00,3,240,3,Rural,1-k7,4+5,33204.0,16.624686223239706,4.0,6.753,11.07,
4851313,2014-12-01 14:02:00,2,24,1,Rural,427-06,4,31365.0,15.60475672187834,2.0,8.63,12.74,
4852939,2014-12-04 13:48:00,3,26,1,Rural,61-03,2,2481.0,1.2025793833921647,2.0,0.143,1.633,-3.537
4852960,2014-12-04 14:38:00,2,11,1,Rural,1-m8,2,3242.0,7.322126144697674,2.0,2.35,4.475,-1.385
4852987,2014-12-04 15:58:00,3,320,4,Rural,1-q2,3+5,3474.0,4.598727192327236,2.0,12.11,15.17,-4.744
4853583,2014-12-05 23:22:00,3,26,1,Rural,1-x8,4,35305.0,0.026605886878545523,2.0,9.63,18.23,
4855140,2014-12-08 19:03:00,3,11,1,Rural,1-a1,4,36386.0,1.0236179125768394,3.0,11.46,14.8,
4855606,2014-12-10 13:42:00,2,11,1,Rural,1-b7,4,36132.0,0.6543990594633049,2.0,8.46,23.23,
4857049,2014-12-13 17:16:00,3,240,3,Rural,82-03,4,33563.0,5.8849250013323635,4.0,3.432,4.116,
4858026,2014-12-15 19:45:00,3,24,1,Rural,61-03,2,2481.0,2.645810054021966,5.0,7.227,9.21,-6.561
4858259,2014-12-16 12:17:00,3,11,1,Rural,1-g4,2,1673.0,0.1597906143246907,3.0,25.43,32.01,-1.188
4858266,2014-12-16 12:42:00,3,130,2,Rural,41-13,2+5,7475.0,5.25531653907854,2.0,0.081,0.095,-2.084
4858282,2014-12-16 13:19:00,3,142,2,Rural,41-13,2+5,7475.0,5.484394414244609,1.0,0.08,0.095,-1.284
4859070,2014-12-18 09:05:00,3,24,1,Rural,1-b5,4,6045.0,6.457604151751955,5.0,5.978,7.74,-2.34
4859150,2014-12-18 10:18:00,3,141,2,Rural,1-g3,0,1673.0,4.590175511025953,2.0,4.013,5.129,-0.624
4859371,2014-12-18 19:53:00,3,910,7,Rural,829-01,2+5,3371.0,11.366280408670008,3.0,0.99,1.797,-9.63
4859633,2014-12-19 13:50:00,3,24,1,Rural,1-f5,0,31579.0,2.604379562026538,0.0,4.59,6.468,
4859636,2014-12-19 13:58:00,3,141,2,Rural,35-01,2,31399.0,4.433988941003391,2.0,3.035,4.508,
4859681,2014-12-19 14:51:00,3,24,1,Rural,37-03,2+5,36504.0,6.681506126526459,1.0,5.397,8.72,
4860078,2014-12-20 13:45:00,3,141,2,Rural,41-15,2,31363.0,7.481477471883609,5.0,16.1,19.99,
4860445,2014-12-21 08:00:00,3,11,1,Rural,85-03,3+4,3595.0,11.497264110733925,0.0,2.715,4.443,-0.028
4860816,2014-12-22 09:46:00,3,12,1,Rural,38-02,2+5,31387.0,9.442285582048882,4.0,6.321,8.43,
4861564,2014-12-23 13:06:00,3,11,1,Rural,1-c0,4,6222.0,6.499822132941754,4.0,5.629,9.02,1.592
4863193,2014-12-23 23:13:00,3,11,1,Rural,96-07,3,5982.0,8.799621168120266,3.0,4.18,7.677,2.784
4861932,2014-12-24 14:01:00,3,11,1,Rural,1-a6,4,36270.0,0.4583894987071411,1.0,2.642,3.92,
4862103,2014-12-25 17:33:00,3,11,1,Rural,1-g4,2,31674.0,0.6709966811544447,3.0,10.38,15.09,
4862265,2014-12-26 16:14:00,3,26,1,Rural,1-h4,4,32097.0,5.372122288236328,4.0,3.245,4.018,
4862353,2014-12-26 23:23:00,3,36,1,Rural,1-b9,4+6,6222.0,6.917930406799533,3.0,2.42,5.129,-5.132
4862948,2014-12-28 10:38:00,3,141,2,Rural,1-c2,4,6315.0,3.9792709686594465,2.0,7.359,9.18,2.855
4863938,2014-12-30 11:10:00,3,852,5,Rural,426-01,2+5,31364.0,2.110361597966363,0.0,1.051,2.646,
4864367,2014-12-31 15:44:00,3,945,6,Rural,41-16,2,31363.0,5.8973056067995575,4.0,5.015,6.762,
4864388,2014-12-31 17:27:00,2,12,1,Rural,41-16,2,31363.0,0.04355094846561789,3.0,3.777,4.508,
4864980,2015-01-02 08:45:00,3,11,1,Rural,1-m5,3,33431.0,1.8791213121254966,5.0,0.366,0.784,
4865770,2015-01-04 18:12:00,3,240,3,Rural,41-21,2+5,1350.0,1.3665101509276354,2.0,12.88,16.82,6.976
4866929,2015-01-07 11:06:00,2,240,3,Rural,35-03,2+5,36411.0,12.376163250762797,4.0,11.8,16.76,
4867194,2015-01-07 11:51:00,3,12,1,Rural,1-k3,4,2197.0,1.749229432088191,1.0,11.98,15.81,2.454
4867576,2015-01-08 11:47:00,3,22,1,Rural,36-06,2+5,31599.0,5.428295020049442,3.0,7.384,12.94,
4867846,2015-01-09 00:09:00,3,923,6,Rural,41-15,2+5,31363.0,10.087519627092927,1.0,5.255,6.86,
4868075,2015-01-09 11:23:00,3,11,1,Rural,51-01,2,31572.0,0.943502407878107,3.0,4.799,8.92,
4868169,2015-01-09 15:21:00,3,21,1,Rural,1-h2,2,31985.0,10.922944382227913,1.0,7.38,8.72,
4868228,2015-01-09 17:51:00,2,22,1,Rural,43-01,2+5,31364.0,2.9121005561961573,1.0,1.706,2.744,
4868342,2015-01-09 23:23:00,3,26,1,Rural,61-33,4+5,2646.0,8.457507702000685,3.0,1.508,2.221,-2.908
4868559,2015-01-10 16:58:00,3,12,1,Rural,75-02,4+5,33431.0,13.411620694673884,2.0,5.327,5.88,
4868866,2015-01-11 09:40:00,3,11,1,Rural,1-a2,2+6+8,36386.0,5.745736417731366,0.0,0.822,1.862,
4869178,2015-01-12 07:43:00,3,21,1,Rural,50-01,2,1679.0,6.15923752412682,3.0,8.66,10.22,-5.893
4869746,2015-01-13 08:35:00,3,923,6,Rural,1-d2,2+5,36308.0,4.68016678192854,5.0,17.58,23.23,
4869825,2015-01-13 12:07:00,2,240,3,Rural,1-d6,2+5,31399.0,0.15289977628389492,3.0,9.24,14.41,
4870336,2015-01-14 16:37:00,3,160,2,Rural,41-16,2+5,31363.0,6.063866877345591,3.0,2.763,4.018,
4870522,2015-01-14 18:58:00,3,11,1,Rural,1-u9,0,35769.0,6.299909704014821,2.0,12.21,20.68,
4870748,2015-01-15 16:42:00,3,940,6,Rural,1-d5,2,31399.0,2.494882365133946,2.0,3.544,8.43,
4871699,2015-01-17 09:25:00,3,11,1,Rural,41-15,2+5,31363.0,7.410068618364485,5.0,13.4,17.25,
4873219,2015-01-20 14:20:00,3,21,1,Rural,54-02,2,1779.0,11.715191556432686,0.0,1.231,2.483,1.011
4875001,2015-01-22 15:25:00,3,12,1,Rural,574-06,2+5,1924.0,7.210535566151588,5.0,1.824,4.116,3.357
4874909,2015-01-24 13:30:00,3,11,1,Rural,1-b0,4,36156.0,9.8764891021131,0.0,1.378,1.666,
4874975,2015-01-24 17:17:00,3,240,3,Rural,1-d8,2+5,1490.0,2.6648951302380985,3.0,20.12,26.0,-2.975
4875321,2015-01-25 11:33:00,3,11,1,Rural,1-d8,2+5,31392.0,1.1694006235162246,3.0,17.78,23.03,
4875355,2015-01-25 14:10:00,2,240,3,Rural,35-05,2+5,36411.0,2.079999688862051,0.0,15.52,19.99,
4875691,2015-01-26 09:51:00,3,11,1,Rural,1-e1,2,31488.0,6.372587544411985,1.0,7.747,10.19,
4876361,2015-01-27 11:47:00,2,12,1,Rural,43-01,2,31364.0,1.154764089034842,3.0,3.565,4.9,
4876661,2015-01-28 08:29:00,3,11,1,Rural,43-01,2,31364.0,6.6820059634872555,1.0,1.378,2.058,
4877011,2015-01-28 21:00:00,3,945,6,Rural,41-16,2+5,1350.0,9.131222778959579,0.0,4.682,6.043,0.278
4877314,2015-01-29 12:50:00,3,26,1,Rural,36-11,2,31591.0,3.661822054954446,0.0,11.65,15.19,
4878160,2015-01-30 16:28:00,3,923,6,Rural,1-f3,2,1479.0,0.7217786797457266,2.0,0.384,1.078,-3.982
4879031,2015-02-01 20:17:00,3,685,4,Rural,43-01,2+5,31364.0,2.544164244567887,3.0,7.846,9.6,0.54
4879521,2015-02-02 13:58:00,3,12,1,Rural,82-01,4+5,3463.0,3.1044463879188946,2.0,8.13,13.3,-6.292
4880273,2015-02-03 16:18:00,3,11,1,Rural,1-p1,2+5,33357.0,0.4822070977826626,2.0,3.537,5.88,-2.26
4881386,2015-02-05 14:31:00,3,12,1,Rural,000-102,2+5,7475.0,5.4829819197107765,1.0,0.058,0.074,4.677
4881452,2015-02-05 15:42:00,3,923,6,Rural,1-f8,2,31577.0,2.7809800852565347,2.0,10.06,14.6,5.04
4882004,2015-02-06 14:58:00,3,11,1,Rural,39-01,2,1490.0,4.345290708233351,2.0,18.14,24.04,-2.083
4882424,2015-02-07 11:40:00,3,12,1,Rural,1-h0,2+5,31882.0,3.6368562079050264,0.0,3.448,4.998,2.96
4885788,2015-02-13 19:12:00,3,240,3,Rural,37-03,2,36504.0,7.428121093980692,2.0,8.02,10.39,-2.19
4886628,2015-02-16 09:13:00,3,240,3,Rural,000-270,2+5,1479.0,0.5746270025043071,3.0,4.267,7.38,-4.001
4887391,2015-02-17 09:46:00,3,21,1,Rural,1-g3,2,1673.0,9.749633617555888,4.0,2.463,2.94,-3.537
4887815,2015-02-17 20:29:00,3,11,1,Rural,816-01,3,3463.0,4.821056521214359,1.0,2.392,4.9,-4.698
4891195,2015-02-24 11:46:00,2,240,3,Rural,1-a9,2,36156.0,14.867699579572742,4.0,6.397,8.23,-1.67
4891342,2015-02-24 15:58:00,3,11,1,Rural,1-g3,2+5,1673.0,8.275191005534486,2.0,0.827,1.111,-2.122
4892133,2015-02-25 22:49:00,3,12,1,Rural,72-01,3+5,33204.0,6.525760295299867,1.0,4.506,6.958,-0.17
4892450,2015-02-26 16:14:00,3,141,2,Rural,1-g1,2,31572.0,4.432018607909384,4.0,6.65,21.66,-1.32
4892746,2015-02-27 12:02:00,3,11,1,Rural,1-k7,3,3223.0,15.219411842735177,2.0,5.496,7.25,-2.066
4892888,2015-02-27 15:10:00,3,11,1,Rural,37-01,2+5,36504.0,4.899606806411618,0.0,7.477,9.21,-3.04
4892937,2015-02-27 19:17:00,3,26,1,Rural,1-h2,2+5,31985.0,8.395662363395873,3.0,10.48,16.56,-3.39
4896859,2015-03-06 19:01:00,3,22,1,Rural,51-01,2,31572.0,2.86757637515335,1.0,6.221,10.68,1.34
4897074,2015-03-07 10:18:00,3,11,1,Rural,1-g1,2,31572.0,3.5137106075167415,2.0,4.658,6.076,-1.1
4897088,2015-03-07 11:47:00,2,41,1,Rural,5010-01,3,1685.0,10.597436396536553,3.0,4.938,12.02,0.348
4897235,2015-03-07 19:29:00,3,12,1,Rural,1-e1,5,31488.0,3.9855050080524053,1.0,10.46,13.62,-0.21
4897702,2015-03-09 02:13:00,3,21,1,Rural,54-02,2+5,1779.0,10.13314249043089,3.0,8.19,12.94,-2.103
4898880,2015-03-10 14:30:00,3,130,2,Rural,1-d8,2,1490.0,2.188863916845859,0.0,23.67,26.85,-3.155
4898834,2015-03-10 15:08:00,3,121,4,Rural,41-13,2,7475.0,5.227060876694535,2.0,0.364,0.379,-0.812
4898899,2015-03-10 15:40:00,3,11,1,Rural,1-g8,3,1779.0,6.122642025314389,0.0,17.17,24.66,-0.393
4899225,2015-03-11 12:14:00,3,70,1,Rural,425-02,11,1361.0,12.95797674035786,4.0,10.01,14.41,0.579
4899492,2015-03-11 23:20:00,3,11,1,Rural,92-03,2+5,34073.0,3.69391217842921,0.0,1.922,4.998,-4.99
4900169,2015-03-13 11:40:00,2,11,1,Rural,1-k6,4+5,33204.0,4.1180682653457925,0.0,3.996,5.684,-0.59
4900319,2015-03-13 13:47:00,2,11,1,Rural,51-02,0,31572.0,4.2565497103107965,3.0,18.99,25.38,4.41
4901253,2015-03-15 16:07:00,3,70,1,Rural,1-c8,2+5,6310.0,6.253937725055994,3.0,10.68,13.62,2.627
4901353,2015-03-15 22:00:00,3,923,6,Rural,41-17,2,1350.0,8.372398268548125,0.0,14.49,22.9,5.343
4903575,2015-03-19 15:01:00,2,22,1,Rural,61-21,2,2481.0,4.113426810687821,1.0,0.089,0.555,2.704
4904406,2015-03-20 20:37:00,2,11,1,Rural,35-03,2,36504.0,15.284337445232564,3.0,5.013,6.86,2.64
4904427,2015-03-20 22:16:00,3,24,1,Rural,1-m4,4+5,3242.0,21.01786662704562,4.0,8.48,17.31,6.433
4905044,2015-03-22 15:05:00,3,11,1,Rural,1-s9,2+5,34175.0,24.325070025830332,5.0,4.243,5.096,-0.28
4905121,2015-03-22 15:38:00,3,24,1,Rural,61-30,2+5,32654.0,0.846192394296727,2.0,4.538,6.076,4.43
4905138,2015-03-22 19:56:00,2,21,1,Rural,45-06,2+5,1350.0,3.405498940109232,4.0,2.846,3.659,1.415
4905201,2015-03-22 21:14:00,3,141,2,Rural,41-16,2+5,31363.0,8.012808100704202,4.0,2.398,3.038,-0.28
4905153,2015-03-22 21:15:00,3,11,1,Rural,41-16,2,31363.0,7.954129475439347,5.0,2.398,3.038,-0.28
4905179,2015-03-22 22:49:00,2,21,1,Rural,58-01,2+5,31950.0,6.848534479027841,1.0,1.879,2.646,-2.03
4905713,2015-03-23 15:23:00,3,945,6,Rural,1-u6,3+5,5872.0,2.473297758947273,3.0,7.42,13.43,-0.328
4905726,2015-03-23 16:44:00,3,24,1,Rural,36-07,2,31591.0,3.4883755541268195,4.0,13.82,17.35,-4.87
4905775,2015-03-23 19:12:00,3,21,1,Rural,61-30,0,32654.0,4.891595853924969,2.0,4.321,5.684,-1.9
4907993,2015-03-27 10:18:00,1,12,1,Rural,1-a6,2+6,36270.0,3.786633430221891,2.0,1.44,2.548,-0.54
4908394,2015-03-27 19:02:00,3,330,4,Rural,35-06,2,36411.0,5.456146596181865,2.0,7.11,9.21,-1.38
4909020,2015-03-29 15:01:00,3,12,1,Rural,360-02,3,1496.0,13.56291065299448,1.0,2.179,2.973,-2.724
4909476,2015-03-30 11:11:00,3,11,1,Rural,1-a6,2+5,36270.0,1.6774148839025065,1.0,10.02,15.39,-2.96
4909755,2015-03-30 13:55:00,3,11,1,Rural,82-03,0,33563.0,0.5426871816990929,5.0,3.68,5.586,-2.84
4909820,2015-03-30 13:55:00,3,12,1,Rural,82-03,0,33563.0,0.5395782677567056,5.0,3.68,5.586,-2.84
4910758,2015-04-01 11:34:00,3,11,1,Rural,1-b8,4,36127.0,3.1741632504142836,4.0,1.675,3.038,-0.53
4910832,2015-04-01 13:05:00,3,945,6,Rural,1-k6,3,33204.0,8.36333234228147,5.0,7.16,11.17,-5.61
4912825,2015-04-05 17:13:00,2,11,1,Rural,1-v5,2,35553.0,1.9724074287941475,3.0,4.5,5.6,7.3
4912821,2015-04-06 13:25:00,1,995,9,Rural,000-871,3+11,6176.0,14.817952964368454,5.0,9.88,12.64,7.78
4913989,2015-04-08 10:03:00,3,12,1,Rural,34-05,2,31399.0,11.91617977366666,3.0,2.038,4.116,0.29
4915004,2015-04-09 20:31:00,1,11,1,Rural,35-01,2+5,31399.0,5.523701512593568,1.0,0.79,1.862,-1.39
4915483,2015-04-10 20:56:00,3,11,1,Rural,1-h1,2,31985.0,8.263116754539418,4.0,11.29,16.76,-3.19
4916464,2015-04-11 19:30:00,3,142,2,Rural,36-03,2,31599.0,7.254871808124945,0.0,8.39,13.92,-6.06
4916099,2015-04-12 14:40:00,2,142,2,Rural,1-j2,0,32097.0,8.684658982572019,0.0,13.94,16.37,-5.2
4917414,2015-04-14 12:30:00,3,875,5,Rural,000-861,3,6315.0,5.264251880932841,0.0,8.02,10.88,4.517
4918643,2015-04-16 16:12:00,3,410,4,Rural,92-11,2,5990.0,6.228615848137099,2.0,1.862,3.071,9.01
4919431,2015-04-18 12:53:00,3,12,1,Rural,42-01,0,31363.0,13.796368894454078,3.0,8.11,11.86,6.69
4920735,2015-04-20 16:37:00,3,240,3,Rural,1-x2,4,,,,,,
4921339,2015-04-21 13:57:00,1,240,3,Rural,35-03,2,36411.0,11.018986734428871,3.0,9.27,13.33,5.31
4921475,2015-04-21 16:18:00,3,21,1,Rural,1-s4,3+5,34238.0,3.195861840044402,2.0,20.95,27.15,1.59
4922519,2015-04-23 09:00:00,3,12,1,Rural,82-02,2+5,33563.0,10.214598358823945,0.0,5.608,7.84,-3.27
4922587,2015-04-23 16:33:00,3,12,1,Rural,1-g4,2+8,1673.0,0.10214337930626266,3.0,8.11,12.97,0.974
4923249,2015-04-24 14:49:00,3,12,1,Rural,82-02,2,33563.0,11.390991963286412,1.0,5.815,8.33,-3.84
4923330,2015-04-24 15:12:00,3,12,1,Rural,82-02,2,33563.0,8.98010701815818,2.0,4.788,7.55,-3.77
4923453,2015-04-24 18:17:00,3,12,1,Rural,1-p1,2+5,33357.0,0.858078791041111,3.0,9.39,11.56,-8.25
4924270,2015-04-26 18:46:00,3,12,1,Rural,85-04,3+4+5+8,3595.0,12.439672044942995,4.0,14.61,17.38,-5.482
4924209,2015-04-26 18:47:00,3,12,1,Rural,1-q8,2,33487.0,6.527458489055483,3.0,11.85,15.09,-4.36
4925848,2015-04-28 16:29:00,3,12,1,Rural,1-x7,4,35305.0,4.621149765641602,1.0,21.5,39.0,9.58
4925767,2015-04-28 17:12:00,3,11,1,Rural,1-x8,3,35305.0,0.9137625776451961,2.0,20.13,30.58,9.94
4927177,2015-04-30 17:02:00,2,142,2,Rural,41-22,2,1350.0,2.256722022191616,2.0,6.683,9.34,2.463
4927934,2015-05-02 14:01:00,2,11,1,Rural,1-b9,4,36122.0,4.36310511764092,1.0,4.383,10.49,7.5
4929921,2015-05-05 16:50:00,3,11,1,Rural,82-02,3+5,33563.0,7.719298916020244,0.0,3.601,4.606,-0.87
4930317,2015-05-06 12:43:00,3,11,1,Rural,54-22,3+6+8,2175.0,26.199862118368973,3.0,5.828,9.15,2.936
4931181,2015-05-07 14:46:00,3,11,1,Rural,420-01,2,31363.0,3.192520401118017,4.0,9.97,12.64,1.82
4933460,2015-05-11 17:25:00,3,24,1,Rural,96-07,4,5988.0,9.292219142826314,5.0,7.58,10.91,1.669
4935205,2015-05-14 10:58:00,2,22,1,Rural,000-231,6+11,31364.0,0.777277156527583,2.0,10.54,13.23,6.68
4936486,2015-05-16 16:02:00,3,141,2,Rural,47-11,2+5,1685.0,4.474318698272336,2.0,3.021,3.789,5.961
4936279,2015-05-16 17:42:00,3,24,1,Rural,39-01,2,31392.0,9.022949971607682,2.0,4.212,5.488,2.73
4936625,2015-05-17 17:34:00,3,11,1,Rural,1-g4,2+5,31674.0,0.6072624514129358,4.0,11.18,14.8,6.22
4937278,2015-05-18 14:35:00,3,12,1,Rural,85-06,0,3797.0,9.197001645863446,5.0,1.923,2.646,3.533
4937980,2015-05-19 15:29:00,3,21,1,Rural,359-01,4+5,36415.0,3.600242146607616,1.0,10.72,14.41,7.33
4938531,2015-05-20 14:07:00,3,11,1,Rural,512-01,3+6+8+11,1779.0,12.509978377350567,3.0,6.035,9.05,7.01
4938783,2015-05-21 04:37:00,3,11,1,Rural,35-03,2,36411.0,8.861838642849428,3.0,3.887,5.684,0.91
4938987,2015-05-21 12:06:00,3,24,1,Rural,50-01,4+5,1779.0,2.6468615511688753,4.0,11.03,14.21,2.831
4939970,2015-05-23 01:04:00,3,21,1,Rural,37-03,0,36504.0,8.883685260811212,4.0,4.405,6.174,3.48
4940062,2015-05-23 07:02:00,3,11,1,Rural,51-02,2,31572.0,5.297531305922811,2.0,9.35,14.31,7.48
4940088,2015-05-23 10:50:00,3,11,1,Rural,1-r3,3+4+5+6,34413.0,5.4651827991676365,0.0,6.442,8.23,7.7
4940542,2015-05-24 14:33:00,3,11,1,Rural,590-01,3+6+11,2175.0,7.500394602867305,3.0,2.027,6.566,7.3
4940978,2015-05-25 15:00:00,3,11,1,Rural,60-07,0,2175.0,11.025862211704373,0.0,2.383,3.855,7.07
4941077,2015-05-25 16:57:00,1,26,1,Rural,523-02,0,6802.0,13.627317394700722,3.0,6.573,10.91,9.81
4943190,2015-05-28 20:37:00,3,12,1,Rural,1-p3,3+5,3463.0,14.58045408968608,3.0,6.076,8.53,4.615
4943736,2015-05-29 13:23:00,3,685,4,Rural,99-01,3,5544.0,0.5860554631185453,3.0,4.5,6.3,9.22
4944197,2015-05-30 10:20:00,3,1094,5,Rural,000-801,0,31599.0,4.749157249498513,0.0,7.877,12.35,8.81
4944207,2015-05-30 10:52:00,3,26,1,Rural,612-03,3+6+8,2304.0,4.577631934582834,2.0,8.71,11.86,10.22
4944314,2015-05-30 16:50:00,3,240,3,Rural,000-103,3+6,1487.0,9.996810425429144,0.0,6.388,14.37,3.298
4944682,2015-05-31 14:21:00,3,26,1,Rural,1-t9,3,35965.0,11.52618592186393,1.0,3.826,8.43,4.29
4945399,2015-06-01 15:03:00,3,24,1,Rural,435-00,2+5,1479.0,6.378829708458707,3.0,5.937,8.62,11.73
4945589,2015-06-02 02:46:00,3,12,1,Rural,1-q7,3+4+5,33487.0,0.9841828688626145,4.0,4.523,6.37,-1.13
4949148,2015-06-05 00:20:00,3,330,4,Rural,249-01,2+5,36122.0,1.8071979636369746,0.0,0.49,1.47,3.09
4948495,2015-06-05 10:25:00,3,12,1,Rural,1-h1,0,31985.0,9.036952796114111,5.0,2.022,3.038,5.08
4948339,2015-06-06 00:59:00,3,240,3,Rural,1-c0,2,6222.0,6.284049396190073,1.0,1.192,1.862,5.059
4949951,2015-06-07 09:12:00,2,26,1,Rural,42-02,0,31363.0,13.871472526854555,2.0,5.899,8.13,7.08
4949288,2015-06-07 16:05:00,2,11,1,Rural,731-02,3+6,3223.0,20.291116380831276,5.0,6.116,10.16,9.71
4951485,2015-06-10 19:43:00,2,45,8,Rural,255-01,11,6222.0,6.589041953921141,3.0,3.134,5.292,9.63
4952769,2015-06-12 18:52:00,3,11,1,Rural,000-641,6,33394.0,11.460129973251258,2.0,6.447,8.43,3.22
4953159,2015-06-13 13:59:00,2,22,1,Rural,574-02,3,31931.0,14.105339851695591,1.0,8.38,10.39,5.08
4953176,2015-06-13 14:48:00,3,240,3,Rural,1-d8,2+5,31392.0,1.7966343531764053,2.0,6.288,9.9,8.67
4953185,2015-06-13 15:31:00,2,45,8,Rural,000-102,3+6,1479.0,2.262964309918613,1.0,4.071,7.74,12.39
4953612,2015-06-14 14:25:00,3,22,1,Rural,939-02,3+6,35963.0,0.5298512910670525,5.0,2.496,3.136,6.63
4953614,2015-06-14 14:26:00,3,240,3,Rural,1-k7,3+5,33204.0,13.162785224773797,4.0,1.51,5.488,12.08
4953672,2015-06-14 16:55:00,3,30,1,Rural,380-01,2+5,1486.0,13.29544765346109,5.0,2.632,3.953,6.694
4954184,2015-06-15 11:45:00,3,21,1,Rural,52-04,6+8,1689.0,15.341961712176548,5.0,10.4,13.23,8.5
4955403,2015-06-16 20:37:00,3,21,1,Rural,635-01,3+6+8,32654.0,17.129228103811023,3.0,1.688,1.96,9.08
4955610,2015-06-17 11:48:00,3,1094,5,Rural,000-102,0,31488.0,4.545351099084652,2.0,1.408,3.43,9.33
4955934,2015-06-18 05:31:00,2,11,1,Rural,427-12,2,31380.0,5.38541472659665,1.0,5.976,7.84,7.33
4956482,2015-06-18 14:16:00,2,45,8,Rural,000-871,8+11,6272.0,9.163200999297395,4.0,11.86,16.69,13.47
4956648,2015-06-18 18:42:00,3,24,1,Rural,37-03,2+5,36411.0,10.602333246011197,2.0,5.706,7.74,11.02
4957608,2015-06-20 12:21:00,2,1094,5,Rural,574-01,0,31931.0,4.935343259744194,1.0,6.747,9.51,7.86
4958309,2015-06-21 17:11:00,3,22,1,Rural,60-32,3+4,32355.0,14.434915543366959,1.0,1.82,3.528,11.23
4958311,2015-06-21 17:17:00,2,660,4,Rural,1-q0,2+5,3474.0,7.125999905292828,3.0,3.786,5.233,8.17
4959280,2015-06-22 21:02:00,3,12,1,Rural,1-d8,0,31392.0,3.1180854251170116,2.0,4.954,6.37,6.14
4960112,2015-06-23 20:09:00,3,12,1,Rural,26-06,8+11,6430.0,8.075720039763397,1.0,5.2,6.076,8.57
4960246,2015-06-23 22:59:00,1,26,1,Rural,951-02,3+6+8,4180.0,0.8676858392779987,1.0,0.003,0.163,3.792
4960788,2015-06-24 21:30:00,3,1094,5,Rural,1-e1,0,31488.0,6.4612359436869164,0.0,1.998,3.136,7.97
4962004,2015-06-26 17:36:00,3,22,1,Rural,54-02,4+5,1779.0,11.467892030841494,4.0,4.506,5.521,17.8
4962345,2015-06-27 09:32:00,3,320,4,Rural,1-q0,2,3474.0,8.152344554397411,2.0,9.32,11.53,8.02
4963667,2015-06-28 07:00:00,3,45,8,Rural,1-s9,4,34175.0,24.31316830472082,0.0,13.83,15.88,1.91
4962826,2015-06-28 08:59:00,2,11,1,Rural,271-01,3+6,6315.0,5.164143164756753,1.0,10.21,14.14,11.04
4964396,2015-06-30 15:35:00,2,11,1,Rural,1-x7,4,35305.0,3.8852806031801213,5.0,10.14,35.38,16.22
4965076,2015-07-01 16:48:00,2,1094,5,Rural,99-01,0,5544.0,1.158179837957407,2.0,3.825,5.233,8.79
4965150,2015-07-01 20:06:00,2,11,1,Rural,1-a7,3+4,36270.0,7.429742270628786,4.0,2.784,4.018,9.18
4965754,2015-07-02 15:15:00,3,923,6,Rural,61-26,2+5,32355.0,14.193504344955672,5.0,15.02,18.72,5.64
4966511,2015-07-03 11:23:00,3,1094,5,Rural,000-601,0,3474.0,11.936372790750958,3.0,1.136,2.4,7.005
4967219,2015-07-04 15:43:00,3,11,1,Rural,1-q1,2,3474.0,4.337460051340697,3.0,4.999,6.967,13.45
4967228,2015-07-04 16:16:00,2,24,1,Rural,1-h4,2+5,32097.0,5.373088670837974,4.0,6.521,8.23,7.17
4967878,2015-07-04 18:27:00,3,22,1,Rural,54-22,3,31985.0,21.751499580385776,3.0,5.674,8.04,15.81
4967857,2015-07-05 14:30:00,2,11,1,Rural,1-x8,2+5,35305.0,1.546233142135454,0.0,7.575,18.62,16.07
4969344,2015-07-07 15:42:00,3,715,9,Rural,000-103,0,31579.0,3.70040130235237,2.0,4.718,7.06,14.56
4969372,2015-07-07 21:06:00,3,45,8,Rural,47-02,2+5,31577.0,11.900117752406391,4.0,4.054,6.272,11.81
4969676,2015-07-08 09:55:00,2,45,8,Rural,000-551,0,33643.0,19.14846419230913,5.0,1.341,1.96,7.54
4970143,2015-07-09 00:25:00,3,240,3,Rural,848-01,4+5,33394.0,5.691008734861199,5.0,4.715,6.86,2.11
4970564,2015-07-09 11:40:00,3,22,1,Rural,833-01,3,3474.0,6.217622517034787,0.0,6.814,8.27,1.225
4970570,2015-07-09 17:51:00,3,24,1,Rural,1-q3,4+5+6,3477.0,4.800757231816646,1.0,4.181,6.076,6.945
4971022,2015-07-10 12:02:00,3,11,1,Rural,92-03,0,34073.0,1.4997910496333653,2.0,1.994,3.43,5.53
4971621,2015-07-11 14:31:00,3,11,1,Rural,635-02,3,32654.0,13.509255840140582,1.0,4.746,8.43,8.47
4971979,2015-07-12 06:52:00,2,860,5,Rural,000-102,0,1685.0,10.508538845959558,2.0,4.649,5.913,10.0
4972089,2015-07-12 14:57:00,3,923,6,Rural,41-15,2,31363.0,10.056809287894852,3.0,3.964,5.39,12.95
4972121,2015-07-12 16:19:00,2,45,8,Rural,54-11,2+5,31932.0,1.5065341107256907,1.0,6.345,8.23,11.58
4972930,2015-07-13 17:52:00,3,22,1,Rural,1-p2,2+5,33357.0,8.677138587647692,2.0,8.53,10.78,8.82
4974049,2015-07-15 15:28:00,3,70,1,Rural,1-d8,2,31392.0,5.3494662704888425,2.0,0.0,0.0,11.21
4975233,2015-07-16 16:47:00,3,910,7,Rural,917-04,0,4472.0,9.70533072937283,3.0,5.29,6.566,8.07
4975130,2015-07-17 14:39:00,3,141,2,Rural,1-G9,4+5,31882.0,2.803557042784726,1.0,8.49,13.72,12.76
4975155,2015-07-17 15:00:00,3,141,2,Rural,1-m8,3+5,3242.0,7.557068393080076,0.0,5.099,7.19,6.436
4975246,2015-07-17 19:20:00,3,142,2,Rural,1-g8,2,1779.0,5.841017144852345,0.0,6.88,10.22,13.43
4975347,2015-07-17 23:09:00,3,12,1,Rural,272-01,6+8,6420.0,10.95719770511513,1.0,0.312,0.882,7.94
4975585,2015-07-18 14:32:00,3,160,2,Rural,1-x5,4,35315.0,0.504851608491957,2.0,7.82,10.49,13.46
4975754,2015-07-18 22:34:00,3,22,1,Rural,704-03,3+6,33204.0,6.279068399961552,4.0,4.15,6.272,6.45
4975809,2015-07-19 02:05:00,3,11,1,Rural,82-02,4,3463.0,10.754611969977974,5.0,2.352,5.227,6.556
4976212,2015-07-19 23:14:00,3,11,1,Rural,4560-01,3+6,1578.0,1.4618118931578796,4.0,6.701,14.28,7.42
4979322,2015-07-23 22:35:00,2,11,1,Rural,39-01,2+6,1490.0,4.265308686980097,5.0,2.732,3.528,7.9
4979599,2015-07-24 11:00:00,2,320,4,Rural,1-x0,0,5544.0,21.437275608571042,0.0,4.949,6.233,7.998
4980247,2015-07-25 13:06:00,3,11,1,Rural,608-01,3+6,32474.0,12.32407259548659,4.0,5.428,7.74,6.46
4980323,2015-07-25 17:26:00,3,22,1,Rural,1-u5,3,35963.0,10.82772864210944,4.0,3.121,3.92,4.73
4980387,2015-07-25 20:12:00,3,1094,5,Rural,1-b4,0,6045.0,3.5784949163879385,2.0,3.532,4.247,10.64
4980864,2015-07-26 20:36:00,3,12,1,Rural,1-h0,4+5,1881.0,1.4353142665934,4.0,1.311,2.875,10.31
4981455,2015-07-27 14:00:00,3,12,1,Rural,864-04,6,4614.0,8.944454898764032,0.0,4.777,6.795,12.12
4981792,2015-07-28 07:51:00,3,21,1,Rural,68-07,3+6,32390.0,0.7797248425682973,1.0,1.598,3.136,2.72
4982487,2015-07-29 02:35:00,2,11,1,Rural,61-33,2+5,2646.0,12.694665807174715,5.0,0.069,0.392,5.005
4983665,2015-07-30 16:55:00,3,11,1,Rural,612-01,3+5,32224.0,4.178350910325074,5.0,1.818,2.842,9.15
4986007,2015-08-03 12:28:00,3,141,2,Rural,76-10,4,33751.0,0.6901246488953174,2.0,6.472,9.9,8.2
4986086,2015-08-03 16:10:00,3,11,1,Rural,30-04,2+5,6420.0,5.451450083651978,0.0,3.345,5.553,16.03
4987195,2015-08-04 15:51:00,3,910,7,Rural,87-01,0,33495.0,7.767190047516018,1.0,7.26,9.7,7.7
4987479,2015-08-05 08:20:00,2,22,1,Rural,1-x3,4,35315.0,23.10381262475407,0.0,13.25,18.72,13.6
4988871,2015-08-07 07:54:00,3,22,1,Rural,50-05,2,31882.0,3.18492933809781,4.0,0.032,0.49,8.92
4988993,2015-08-07 12:17:00,3,24,1,Rural,55-02,6,31958.0,25.181131481598328,3.0,2.177,4.312,12.06
4989201,2015-08-07 15:42:00,3,45,8,Rural,26-06,3+6+8,6430.0,11.529482602318256,2.0,2.574,3.234,13.56
4990143,2015-08-09 15:30:00,3,923,6,Rural,1-e1,2,31488.0,1.6439635463603082,0.0,7.775,10.78,12.89
4990185,2015-08-09 17:15:00,3,45,8,Rural,47-03,2,1685.0,8.125990639972471,5.0,2.167,3.789,11.46
4990258,2015-08-09 19:45:00,3,142,2,Rural,1-f5,2+5,31579.0,3.5145674325702996,5.0,6.23,10.49,9.73
4990861,2015-08-10 14:18:00,3,70,1,Rural,000-801,3+6,1496.0,12.802644701815693,2.0,9.98,12.38,2.838
4992279,2015-08-12 10:38:00,3,22,1,Rural,94-03,3+6,34175.0,16.8405562988388,2.0,7.32,9.11,5.01
4992842,2015-08-12 21:47:00,3,660,4,Rural,000-102,0,7475.0,5.356670139340306,3.0,0.27,0.284,10.65
4993274,2015-08-13 19:24:00,3,22,1,Rural,1-d8,2,31392.0,5.803097107567498,4.0,9.82,12.74,5.75
4993990,2015-08-14 22:48:00,3,24,1,Rural,1-s4,0,34238.0,1.7142957267185108,2.0,6.52,8.92,6.23
4994107,2015-08-15 02:16:00,3,12,1,Rural,60-46,4+5,2636.0,4.8683636734934295,4.0,5.276,7.476,3.427
4994839,2015-08-16 18:30:00,3,45,8,Rural,76-08,3,33643.0,1.7414428676225229,0.0,1.098,1.666,9.69
4995151,2015-08-17 11:29:00,3,22,1,Rural,93-01,2+5,34175.0,5.398651486115995,1.0,8.65,12.05,9.28
4995400,2015-08-17 14:10:00,3,410,4,Rural,1-x9,4,35305.0,5.812818814368003,0.0,0.497,1.764,11.77
4995996,2015-08-18 10:32:00,3,60,9,Rural,722-03,0,3223.0,5.667749324974526,2.0,0.701,1.405,13.37
4999085,2015-08-22 12:40:00,3,142,2,Rural,1-q5,0,33480.0,8.859121449599005,0.0,1.343,2.744,14.27
4999114,2015-08-22 14:31:00,3,650,4,Rural,412-02,2+5,7475.0,4.938390594654086,1.0,0.26,0.273,13.77
4999186,2015-08-22 16:59:00,2,11,1,Rural,744-01,0,33419.0,7.213626647224279,1.0,5.696,7.448,9.03
4999624,2015-08-23 09:09:00,3,26,1,Rural,58-01,2,31950.0,6.692787042084038,1.0,2.324,8.23,9.72
4999736,2015-08-23 17:05:00,3,22,1,Rural,85-09,4+5,3797.0,7.516940086503489,5.0,0.985,1.895,8.06
4999752,2015-08-23 17:23:00,3,11,1,Rural,1-d8,2,31392.0,6.081042250195501,3.0,4.269,7.15,9.01
5000246,2015-08-24 14:19:00,3,12,1,Rural,1-u7,2+5,5872.0,2.421419262900179,1.0,2.806,3.822,14.59
5000513,2015-08-25 00:54:00,3,22,1,Rural,42-02,3+6+8,1486.0,13.745464612438495,4.0,10.52,14.24,12.11
5001219,2015-08-25 14:00:00,3,11,1,Rural,51-01,2+5,31572.0,0.7451519693636631,0.0,3.99,8.23,18.91
5001368,2015-08-25 18:47:00,3,1094,5,Rural,000-103,0,1590.0,1.6172647530843653,3.0,12.11,14.29,11.99
5003801,2015-08-29 11:24:00,2,45,8,Rural,000-551,0,3433.0,11.185775416108356,4.0,9.46,11.17,6.229
5004252,2015-08-30 09:27:00,3,12,1,Rural,54-21,6,31958.0,26.912688500265645,3.0,1.584,2.352,6.7
5004291,2015-08-30 13:53:00,3,22,1,Rural,59-01,6,32190.0,10.837120291238268,3.0,5.17,7.06,9.0
5004339,2015-08-30 15:18:00,1,12,1,Rural,1-b5,3,6045.0,4.829900756707486,2.0,6.053,7.81,11.96
5005521,2015-09-01 09:25:00,2,12,1,Rural,752-01,2,3242.0,9.6907866201322,5.0,3.154,4.279,7.98
5007235,2015-09-03 14:52:00,3,11,1,Rural,1-x2,4,,,,,,
5008245,2015-09-05 04:18:00,3,22,1,Rural,1-p5,0,3463.0,2.9677674914816317,2.0,8.78,13.33,11.24
5008665,2015-09-06 07:32:00,3,21,1,Rural,82-12,3+6+8,33750.0,13.058871442117029,2.0,10.85,14.9,13.72
5008773,2015-09-06 15:06:00,3,12,1,Rural,519-01,6+8,6802.0,12.976657088976339,4.0,3.847,7.807,12.27
5008997,2015-09-06 21:14:00,3,160,2,Rural,1-x2,4,35315.0,29.84452420313809,4.0,2.097,5.88,12.66
5009673,2015-09-07 18:37:00,3,610,4,Rural,1-e2,2+5,1479.0,6.0636622928919595,3.0,6.684,10.0,11.94
5009717,2015-09-07 20:50:00,3,12,1,Rural,1-q2,0,3474.0,4.829037893510552,0.0,18.64,22.83,8.86
5010454,2015-09-08 22:59:00,3,12,1,Rural,1-q8,4+6,33487.0,6.559861286628972,1.0,3.146,4.606,9.82
5011440,2015-09-10 16:10:00,3,11,1,Rural,711-01,3+6+8,33204.0,15.679921865650655,0.0,11.25,15.97,11.18
5012535,2015-09-12 22:38:00,3,22,1,Rural,302-01,3+6,6310.0,10.206184125723762,2.0,0.695,1.176,4.627
5013932,2015-09-15 08:13:00,3,330,4,Rural,41-21,2+5,1350.0,1.4043555289846643,3.0,9.06,12.32,8.59
5014305,2015-09-15 12:27:00,2,12,1,Rural,1-b0,4,36156.0,5.524321728585983,3.0,3.572,6.076,14.89
5015098,2015-09-16 16:30:00,2,11,1,Rural,574-01,2,31931.0,2.217600325479273,0.0,12.59,18.52,7.21
5015144,2015-09-16 19:01:00,3,11,1,Rural,35-03,2,36411.0,11.998841637285413,1.0,7.43,11.86,9.14
5016160,2015-09-18 09:30:00,2,835,5,Rural,1-d8,0,1490.0,1.855456648229696,0.0,5.754,7.06,4.176
5016477,2015-09-19 16:38:00,1,710,9,Rural,1-E1,2+5,31488.0,6.944755342273395,2.0,17.01,25.19,10.51
5017916,2015-09-22 14:18:00,3,11,1,Rural,1-p6,0,3463.0,7.372240751753171,2.0,1.559,1.862,10.57
5018352,2015-09-23 19:44:00,2,920,6,Rural,000-781,0,35553.0,2.993223802889424,4.0,2.0,4.7,8.0
5018458,2015-09-24 08:33:00,2,12,1,Rural,35-02,2,31399.0,13.270961388840506,3.0,0.0,0.0,2.81
5019503,2015-09-26 14:19:00,2,22,1,Rural,60-22,2,32372.0,8.843191104625989,1.0,14.13,21.46,10.25
5019533,2015-09-26 16:20:00,3,11,1,Rural,716-01,3+6+8,33204.0,10.631944412656088,0.0,5.762,9.31,13.17
5019577,2015-09-26 18:19:00,2,45,8,Rural,4834-01,1+3,1590.0,9.196495284625637,1.0,19.88,23.54,7.196
5019856,2015-09-27 11:17:00,2,12,1,Rural,56-02,3,31950.0,7.540610519210998,3.0,10.82,17.35,7.48
5019935,2015-09-27 16:21:00,2,113,4,Rural,1-g9,2+5,31882.0,8.553911096925008,1.0,8.13,12.45,8.93
5020060,2015-09-27 19:23:00,3,60,9,Rural,608-01,3+6+8,32365.0,8.91752085148793,3.0,5.081,9.31,6.26
5021470,2015-09-29 13:10:00,3,26,1,Rural,864-01,3+6,4323.0,6.31254526819095,0.0,5.42,7.873,7.797
5021138,2015-09-29 23:46:00,3,12,1,Rural,1-e2,2+5,1479.0,6.658090666731092,4.0,6.039,11.66,7.06
5021184,2015-09-30 07:14:00,3,11,1,Rural,1-q1,3+5,3474.0,3.66937095062044,4.0,8.97,15.53,5.524
5021929,2015-10-01 21:18:00,2,12,1,Rural,1-v5,3,35553.0,8.456494218432205,2.0,4.9,7.9,7.8
5022386,2015-10-02 22:06:00,3,11,1,Rural,1-p1,2,33357.0,1.8554889023765486,4.0,7.85,11.66,-0.12
5022743,2015-10-03 21:10:00,3,11,1,Rural,54-10,2+5,31931.0,5.396684781771958,0.0,9.62,11.76,-0.1
5023030,2015-10-04 15:48:00,3,22,1,Rural,574-04,2+5,1924.0,14.189284766272387,2.0,8.08,10.58,9.19
5023575,2015-10-05 18:23:00,2,111,4,Rural,1-q3,2+5,3477.0,5.4953613579970435,3.0,2.411,3.659,5.632
5023783,2015-10-06 10:21:00,2,21,1,Rural,1-Q3,4+5,3477.0,4.854247559557343,1.0,2.061,6.174,9.33
5024207,2015-10-07 07:12:00,3,11,1,Rural,1-d8,2+5,31392.0,0.8621585507912013,2.0,8.39,11.47,3.51
5024230,2015-10-07 09:06:00,2,920,6,Rural,1-m2,4+5,33419.0,7.456251025506949,4.0,8.04,11.76,6.85
5024571,2015-10-07 20:54:00,3,910,7,Rural,724-01,3+6,33419.0,14.292860517096761,4.0,4.438,6.272,5.68
5025344,2015-10-09 08:37:00,3,12,1,Rural,92-03,2+5,34073.0,3.0765709046992167,3.0,1.941,2.548,2.21
5025258,2015-10-09 15:22:00,2,12,1,Rural,1-s4,2+5,34238.0,6.156173196612502,2.0,6.35,9.6,2.69
5025946,2015-10-12 02:15:00,2,11,1,Rural,41-21,2+5,1350.0,1.3544060540472818,5.0,2.682,3.561,4.775
5026347,2015-10-12 15:05:00,3,70,1,Rural,59-02,0,32190.0,10.298796161469019,5.0,3.787,7.55,6.68
5026925,2015-10-13 23:33:00,3,26,1,Rural,30-03,2,6420.0,8.819149501811259,3.0,1.964,2.319,-1.02
5026940,2015-10-14 01:14:00,2,11,1,Rural,1-Q5,2+5,33480.0,9.071665435242096,4.0,1.194,2.45,1.92
5027215,2015-10-14 16:19:00,3,11,1,Rural,1-s2,3+5+8,34326.0,9.438191415894904,1.0,9.43,12.64,3.33
5027365,2015-10-15 05:30:00,3,11,1,Rural,60-02,0,31985.0,7.2554569475900905,0.0,10.34,13.23,2.98
5027542,2015-10-15 19:00:00,3,30,1,Rural,1-t4,2,34073.0,10.193916711225924,0.0,0.612,1.96,3.9
5027689,2015-10-16 11:39:00,3,12,1,Rural,1-j2,4,32097.0,12.12909535799493,1.0,18.03,23.52,5.2
5033946,2015-10-17 13:10:00,3,45,8,Rural,842-04,3+8,3292.0,12.31655066262564,0.0,14.57,21.46,8.14
5028374,2015-10-18 14:12:00,3,921,9,Rural,35-11,8+11,36519.0,12.583486602203438,2.0,4.375,8.13,5.13
5028657,2015-10-19 16:25:00,3,11,1,Rural,314-01,3+6,31399.0,11.38705878956792,5.0,4.617,7.74,6.42
5028940,2015-10-20 16:57:00,3,11,1,Rural,63-03,2+5,32322.0,0.6287057529774015,3.0,11.75,14.5,-0.34
5028962,2015-10-20 18:57:00,3,11,1,Rural,1-Q3,3,3477.0,3.7844274297826144,3.0,0.989,1.405,0.214
5029076,2015-10-21 07:53:00,3,24,1,Rural,65-01,2+6,32635.0,2.345080473290611,3.0,2.773,8.13,2.94
5029101,2015-10-21 09:51:00,3,21,1,Rural,62-04,2+5,32224.0,0.5670243484177965,1.0,8.02,11.96,0.66
5029649,2015-10-22 13:44:00,3,12,1,Rural,923-01,3+6,34148.0,6.214849865915316,4.0,3.567,5.39,-0.52
5029669,2015-10-22 14:32:00,3,685,4,Rural,43-01,2+5,31364.0,2.5410775306556395,2.0,3.456,4.508,4.9
5030459,2015-10-24 16:56:00,1,860,5,Rural,000-801,3+6,6515.0,2.236317099028905,4.0,8.6,10.91,1.407
5030791,2015-10-25 19:20:00,2,12,1,Rural,50-01,2+5,1679.0,5.109430533186242,0.0,9.66,12.15,-5.58
5030966,2015-10-26 11:20:00,2,11,1,Rural,85-03,3+5,3595.0,11.563286325417765,0.0,6.148,6.599,-5.839
5031694,2015-10-27 16:55:00,3,22,1,Rural,60-07,2+5,2175.0,7.851869146048718,5.0,1.303,2.123,0.388
5031695,2015-10-27 17:03:00,3,12,1,Rural,1-k5,4+5,33204.0,2.4769934901489816,3.0,0.507,0.882,-2.59
5031707,2015-10-27 18:01:00,3,240,3,Rural,426-01,2,31364.0,2.2963815708512807,1.0,9.89,17.35,7.43
5032122,2015-10-28 20:09:00,3,130,2,Rural,41-13,2+5,7475.0,5.306905243159851,1.0,4.453,4.466,9.43
5032926,2015-10-30 17:53:00,3,11,1,Rural,1-j1,3+5,32097.0,1.1972939416407058,3.0,6.434,8.13,1.18
5033165,2015-10-31 09:25:00,3,24,1,Rural,35-04,2,36411.0,2.119841471258101,5.0,5.103,6.762,1.3
5033212,2015-10-31 11:29:00,3,320,4,Rural,1-b9,2,36122.0,2.4899562319834625,1.0,2.126,2.744,2.17
5033288,2015-10-31 17:34:00,3,12,1,Rural,26-01,2,6310.0,9.15031354377941,4.0,1.151,1.372,1.218
5033639,2015-11-01 14:11:00,2,860,5,Rural,000-103,0,1479.0,6.216468223330989,1.0,2.11,4.279,8.44
5033844,2015-11-02 07:49:00,2,240,3,Rural,92-07,2,5981.0,0.3314983954069802,1.0,1.735,3.855,5.93
5034179,2015-11-02 18:11:00,2,660,4,Rural,34-03,2,31399.0,11.020798011874183,1.0,2.272,4.704,5.25
5034879,2015-11-03 20:04:00,3,11,1,Rural,1-k3,4,2197.0,7.137935810203044,4.0,6.23,7.87,1.798
5034887,2015-11-03 20:44:00,3,130,2,Rural,41-21,2,1350.0,1.5679166468742685,4.0,5.023,9.77,2.932
5037243,2015-11-09 06:25:00,3,26,1,Rural,939-02,3+8,35963.0,0.37835207910957147,5.0,4.92,6.076,-1.56
5037842,2015-11-09 17:31:00,3,24,1,Rural,508-01,2,1779.0,3.989191969574141,1.0,2.869,3.757,-2.121
5037900,2015-11-09 21:18:00,3,12,1,Rural,1-k3,4,2197.0,2.4121411251783087,2.0,3.362,4.541,-1.94
5037919,2015-11-09 22:26:00,3,21,1,Rural,54-04,2,1868.0,9.695782348334964,4.0,5.421,8.1,1.989
5038072,2015-11-10 10:44:00,3,24,1,Rural,000-103,3+5,31488.0,7.228750017618198,4.0,5.218,7.252,2.6
5038144,2015-11-10 11:42:00,2,12,1,Rural,30-02,2,6420.0,9.701641283495858,2.0,4.61,5.357,1.202
5039248,2015-11-12 12:47:00,3,11,1,Rural,1-c8,0,6310.0,7.511894235169423,3.0,3.692,4.606,0.723
5039429,2015-11-12 21:56:00,2,12,1,Rural,1-k2,4,2197.0,5.651546503326533,4.0,4.826,5.749,-3.05
5039953,2015-11-13 21:36:00,3,923,6,Rural,41-21,2,1350.0,1.3634415721109803,4.0,3.791,4.279,0.796
5039975,2015-11-13 22:53:00,3,660,4,Rural,410-02,2+5,7475.0,5.23722678880432,3.0,4.241,4.27,2.621
5040418,2015-11-15 03:17:00,3,11,1,Rural,43-01,2+5,31364.0,0.4973789368883873,3.0,4.966,7.742,0.39
5040642,2015-11-15 19:05:00,3,24,1,Rural,93-02,4,34175.0,3.4738503155832525,5.0,2.646,2.646,-1.36
5041237,2015-11-16 19:27:00,3,24,1,Rural,54-06,4+5,31958.0,2.1114279679845813,3.0,10.36,20.87,4.04
5042759,2015-11-19 14:45:00,3,11,1,Rural,1-j1,3,32097.0,6.019111441963418,5.0,5.514,6.566,-9.83
5042851,2015-11-19 19:39:00,3,21,1,Rural,76-03,3,3433.0,9.366225078559832,1.0,7.268,9.47,-5.484
5043272,2015-11-20 14:42:00,3,22,1,Rural,429-02,2+5,1350.0,4.582138871831099,2.0,6.243,7.938,-0.753
5043375,2015-11-20 18:58:00,3,11,1,Rural,1-f5,2,1578.0,0.6378637250800389,2.0,4.03,5.325,0.618
5043712,2015-11-21 16:35:00,3,24,1,Rural,417-01,0,31488.0,3.942275707778546,5.0,2.065,3.43,1.65
5044634,2015-11-23 17:54:00,3,12,1,Rural,845-02,0,3591.0,5.004001884650482,4.0,7.297,10.68,3.222
5044781,2015-11-24 08:52:00,2,11,1,Rural,1-t7,3+5,35965.0,2.2376384288956204,2.0,16.22,27.24,-3.74
5044937,2015-11-24 12:39:00,2,240,3,Rural,1-q5,3,3474.0,7.697906436673317,1.0,0.0,0.0,-5.073
5045270,2015-11-25 08:17:00,3,22,1,Rural,1-k4,3+5,33204.0,4.262012466474604,3.0,1.16,1.862,-2.58
5045365,2015-11-25 10:50:00,3,12,1,Rural,25-01,2,6315.0,2.952601188291169,0.0,1.667,3.299,1.828
5046226,2015-11-26 17:51:00,3,142,2,Rural,509-01,2+5,31572.0,4.05643290099645,1.0,3.76,6.468,0.83
5046559,2015-11-27 13:07:00,3,410,4,Rural,000-231,2+5,1350.0,2.23115320708881,3.0,3.046,3.463,-3.414
5046650,2015-11-27 16:55:00,3,12,1,Rural,1-f5,2,31579.0,0.7691218526460235,5.0,5.695,6.958,-3.15
5046769,2015-11-28 00:27:00,3,945,6,Rural,000-101,2,1479.0,0.602969943705048,3.0,6.404,8.79,-3.786
5046956,2015-11-28 13:09:00,3,923,6,Rural,1-s5,2,34238.0,5.369188524875756,1.0,12.22,15.09,-9.85
5047708,2015-11-30 12:48:00,3,834,5,Rural,45-03,2,1453.0,3.7736074633684913,2.0,3.845,5.782,-0.257
5047933,2015-11-30 23:24:00,3,12,1,Rural,43-01,2+5,31364.0,0.3397190066781193,4.0,6.434,10.49,-0.82
5048639,2015-12-02 16:56:00,3,160,2,Rural,1-d8,2,1490.0,1.9130085197653879,4.0,3.848,7.02,-2.036
5048749,2015-12-03 00:11:00,3,923,6,Rural,1-f5,2,31579.0,2.5842851891550467,1.0,5.253,8.04,-1.41
5048835,2015-12-03 09:28:00,3,141,2,Rural,1-c2,4,6222.0,7.80927258188207,2.0,4.523,6.631,-2.917
5049810,2015-12-05 10:39:00,3,945,6,Rural,41-16,2+5,31363.0,5.586630864270695,1.0,13.07,16.66,0.21
5049873,2015-12-05 14:56:00,3,945,6,Rural,41-16,2,31363.0,2.7739529999315287,4.0,14.5,18.33,-0.56
5049954,2015-12-05 18:54:00,3,11,1,Rural,41-15,2+5,31363.0,2.1564438917726294,4.0,16.06,19.99,-0.82
5051041,2015-12-08 12:01:00,2,240,3,Rural,41-15,2,7475.0,10.46021350954606,1.0,6.277,6.309,4.41
5051313,2015-12-09 08:22:00,3,11,1,Rural,41-16,2,31363.0,1.9345388193040973,2.0,3.547,4.214,-2.27
5052760,2015-12-11 17:51:00,2,160,2,Rural,1-m9,2,3242.0,6.849651325900034,1.0,1.292,2.352,-2.988
5053541,2015-12-13 16:39:00,1,240,3,Rural,1-e1,2+5,31488.0,5.52497686358284,1.0,3.65,4.9,-2.99
5053989,2015-12-14 13:56:00,3,12,1,Rural,1-d1,2+5,6310.0,5.87564161731326,4.0,3.44,4.704,1.429
5054174,2015-12-14 21:58:00,3,11,1,Rural,1-B5,4,6045.0,1.7978946296589124,2.0,0.137,0.882,2.815
5054272,2015-12-15 09:16:00,3,26,1,Rural,54-03,4+5,1868.0,1.1898700752483713,4.0,6.302,7.84,2.168
5054681,2015-12-16 00:40:00,2,26,1,Rural,1-h4,4+6,32097.0,2.363913825327378,0.0,0.985,1.764,-1.56
5055941,2015-12-18 13:56:00,3,12,1,Rural,41-17,2,1350.0,7.478391853643049,4.0,2.905,3.724,-0.886
5056019,2015-12-18 14:12:00,3,141,2,Rural,41-17,2+5,1350.0,7.285291137496103,2.0,3.749,4.639,-0.766
5056121,2015-12-18 21:08:00,3,11,1,Rural,821-01,2+5,3474.0,13.855497398131421,2.0,8.51,11.03,-9.4
5056340,2015-12-19 11:29:00,3,22,1,Rural,92-04,2,5975.0,5.026129831108682,1.0,2.228,2.973,-1.229
5056610,2015-12-20 00:19:00,3,60,9,Rural,1-c2,0,6315.0,6.807176262949913,1.0,12.11,15.12,2.357
5057457,2015-12-21 13:55:00,2,240,3,Rural,36-07,2+5,31591.0,0.24791422199255259,5.0,5.399,6.86,-1.42
5057582,2015-12-21 16:40:00,3,12,1,Rural,1-a3,2+6+8,6272.0,12.027274105837552,0.0,3.216,3.953,0.222
5057943,2015-12-22 14:54:00,3,70,1,Rural,35-01,2+5,31399.0,4.760584861985623,4.0,6.12,13.43,2.31
5057991,2015-12-22 16:00:00,1,240,3,Rural,1-p6,2+3,3463.0,6.338968701129683,0.0,0.265,0.686,-6.057
5058432,2015-12-23 10:29:00,3,11,1,Rural,41-17,2,1350.0,8.6943819626064,1.0,1.169,2.254,1.409
5058798,2015-12-25 03:24:00,3,12,1,Rural,1-p4,4,3463.0,9.747345063163776,4.0,6.475,9.15,-7.92
5058917,2015-12-25 20:15:00,2,923,6,Rural,41-16,2+5,31363.0,3.5539427063385,5.0,1.782,2.254,-8.38
5059041,2015-12-26 14:48:00,1,240,3,Rural,1-x6,3,35315.0,7.021020592554203,2.0,3.616,4.802,0.73
5059067,2015-12-26 16:46:00,3,11,1,Rural,1-e1,2,31488.0,0.5980908000001434,4.0,8.85,11.96,1.51
5059069,2015-12-26 17:05:00,2,715,9,Rural,000-541,8+11,3223.0,17.86562150843479,5.0,0.768,1.339,-9.19
5059339,2015-12-27 09:01:00,3,12,1,Rural,96-07,0,5982.0,5.326228441396823,1.0,5.059,7.579,3.205
5060085,2015-12-28 20:39:00,3,11,1,Rural,000-102,2+5,1479.0,9.720432375891983,1.0,4.134,6.239,0.515
5060352,2015-12-29 14:40:00,3,11,1,Rural,41-16,2,31363.0,0.7098941248809023,0.0,9.73,13.92,1.97
5060410,2015-12-29 17:40:00,3,330,4,Rural,35-05,2,36411.0,4.581870123540244,0.0,2.673,3.92,-0.02
5060491,2015-12-29 22:42:00,2,111,4,Rural,429-02,2+5,1350.0,5.517994020033008,2.0,7.154,9.11,0.456
5061026,2015-12-31 11:19:00,3,11,1,Rural,35-01,2,31399.0,3.2229407135225454,1.0,1.734,3.038,-0.78
5061177,2016-01-01 00:10:00,3,24,1,Rural,41-15,2+5,31363.0,7.454526691777419,0.0,12.97,18.91,-0.78
5061476,2016-01-01 15:16:00,3,111,4,Rural,1-g4,4+5,31674.0,0.3033177817436952,4.0,11.2,19.7,0.94
5062156,2016-01-03 19:48:00,2,240,3,Rural,1-k3,4,2197.0,6.979954931872177,2.0,1.943,2.744,-3.35
5062603,2016-01-04 15:31:00,3,22,1,Rural,427-04,3,31365.0,1.3346605164685161,1.0,7.96,13.82,3.32
5062792,2016-01-05 08:55:00,3,240,3,Rural,000-231,2,1350.0,2.2647320062139564,5.0,4.498,5.129,-2.586
5063526,2016-01-06 12:53:00,2,12,1,Rural,60-03,2+5,31985.0,13.360668368569135,3.0,14.45,19.8,-5.23
5063794,2016-01-06 22:20:00,3,685,4,Rural,1-g5,2+5,31674.0,6.853661292126959,0.0,16.98,28.03,2.91
5064014,2016-01-07 12:25:00,2,12,1,Rural,1-p1,2,33357.0,2.2681377920290795,5.0,13.23,21.56,0.57
5064187,2016-01-07 17:24:00,3,841,5,Rural,54-12,5,31932.0,4.460205536274873,4.0,7.504,18.33,
5064436,2016-01-08 11:23:00,2,875,5,Rural,000-231,2,1350.0,1.9748463566884804,3.0,11.05,14.77,3.563
5065241,2016-01-10 00:20:00,3,12,1,Rural,350-01,2,31399.0,8.80291229412669,0.0,9.42,13.72,-0.03
5065740,2016-01-11 09:34:00,3,240,3,Rural,50-03,4+5,1779.0,10.532056940330264,4.0,3.932,5.357,-5.386
5066180,2016-01-11 15:48:00,3,11,1,Rural,1-f5,2,1578.0,1.5205536548215075,2.0,9.51,11.53,0.465
5066999,2016-01-12 15:32:00,2,11,1,Rural,1-y0,4,6499.0,2.2541526573902964,2.0,7.945,12.35,-0.77
5068045,2016-01-14 14:51:00,2,141,2,Rural,36-07,2,31591.0,4.0525722950146825,1.0,2.129,2.744,
5069517,2016-01-18 02:45:00,3,12,1,Rural,1-g9,2+5,1779.0,8.599527929866763,5.0,3.185,4.671,-6.452
5070828,2016-01-19 23:36:00,3,923,6,Rural,1-E1,2+5,1479.0,7.34200813394438,4.0,6.335,8.92,0.757
5071343,2016-01-21 09:23:00,3,11,1,Rural,1-v9,3,5544.0,10.775436951255763,3.0,1.85,2.3,1.689
5072106,2016-01-22 14:35:00,3,12,1,Rural,1-m8,5,3242.0,8.502033186202974,5.0,4.716,7.55,6.503
5073807,2016-01-26 09:20:00,3,22,1,Rural,359-01,2+5,36415.0,2.673409221827221,0.0,1.563,2.156,
5073928,2016-01-26 11:43:00,3,24,1,Rural,1-d8,0,31392.0,6.0456154469439705,3.0,0.425,0.784,
5073994,2016-01-26 14:41:00,3,11,1,Rural,824-01,3,3371.0,2.395917214334883,1.0,5.641,9.67,1.163
5074009,2016-01-26 14:58:00,3,12,1,Rural,1-d6,2+5,31399.0,3.8158948429212676,2.0,1.431,3.136,
5074471,2016-01-27 13:24:00,3,11,1,Rural,1-b2,3,36049.0,6.854078791522999,4.0,9.78,17.25,
5074572,2016-01-27 17:36:00,3,923,6,Rural,41-15,2,31363.0,4.3869890392631445,4.0,3.641,4.41,
5075320,2016-01-29 15:40:00,3,240,3,Rural,429-02,2+5,1350.0,5.291173344394834,0.0,13.85,18.23,-1.838
5075333,2016-01-29 16:04:00,3,130,2,Rural,82-01,2+5,3463.0,4.004005168447536,4.0,7.55,10.42,-2.144
5077131,2016-02-02 14:54:00,2,240,3,Rural,1-x6,3,35315.0,8.508026960628198,4.0,5.236,6.958,
5077772,2016-02-03 16:42:00,3,111,4,Rural,1-a7,4,36270.0,4.289713495163384,2.0,7.292,12.15,
5077763,2016-02-03 16:43:00,3,240,3,Rural,1-e1,2+5,1479.0,7.268342026609813,3.0,9.64,13.62,-0.985
5078906,2016-02-05 14:57:00,3,21,1,Rural,518-01,2+5,31882.0,13.81006859129761,3.0,2.477,4.508,
5078918,2016-02-05 15:20:00,3,11,1,Rural,1-k8,4+5,3223.0,15.342926758633919,0.0,4.156,5.815,-1.954
5078939,2016-02-05 15:53:00,3,241,3,Rural,1-g3,2+5,1673.0,4.406137238568951,3.0,1.552,3.071,0.096
5079051,2016-02-05 21:09:00,3,12,1,Rural,1-a2,4,36386.0,1.6407257204482466,1.0,4.593,6.174,
5079618,2016-02-07 05:45:00,3,11,1,Rural,35-03,0,36504.0,15.433153915623748,5.0,3.299,4.9,
5080869,2016-02-09 16:09:00,3,11,1,Rural,420-01,2+5,31363.0,4.799988975094062,1.0,10.47,13.72,
5080984,2016-02-09 23:03:00,3,22,1,Rural,96-10,3+5,5885.0,1.0825344277540603,3.0,3.714,7.25,-0.004
5081693,2016-02-11 07:20:00,3,11,1,Rural,41-17,2,1350.0,8.881852456733522,0.0,2.692,3.561,-0.957
5081698,2016-02-11 08:00:00,3,22,1,Rural,82-05,2+5,33661.0,5.230673550084988,0.0,3.61,5.488,
5082036,2016-02-11 15:42:00,3,923,6,Rural,1-p1,4+5,33357.0,1.0414510509555879,2.0,3.763,6.958,
5082451,2016-02-12 11:22:00,3,685,4,Rural,1-b5,4,6045.0,10.135119351741114,2.0,4.259,6.207,1.625
5082476,2016-02-12 12:20:00,3,111,4,Rural,1-a7,2+5,36270.0,10.277135384179322,0.0,1.789,2.45,
5082574,2016-02-12 15:01:00,3,22,1,Rural,55-02,3+8,31958.0,16.893570470736638,1.0,0.098,0.686,
5082988,2016-02-13 15:54:00,3,70,1,Rural,000-103,11,1479.0,1.574567013336361,4.0,7.75,10.62,2.216
5083030,2016-02-13 19:49:00,2,111,4,Rural,1-e1,2+5,31488.0,2.361774167751699,1.0,7.04,9.51,
5083274,2016-02-14 08:41:00,3,12,1,Rural,35-01,2,31399.0,4.701157533445212,1.0,0.001,0.098,
5083571,2016-02-15 08:08:00,3,26,1,Rural,253-01,4,36122.0,7.873836203125899,2.0,16.66,21.27,
5085827,2016-02-19 07:50:00,3,945,6,Rural,41-21,2,1350.0,2.14839641320214,0.0,6.292,8.2,1.237
5085964,2016-02-19 12:08:00,3,11,1,Rural,74-01,4,33419.0,1.2506318559044272,2.0,2.279,3.822,
5086150,2016-02-19 18:04:00,3,40,1,Rural,76-09,4+6,33750.0,1.8051112398592573,4.0,1.76,2.842,
5086531,2016-02-20 21:20:00,2,240,3,Rural,1-q3,3+5,3477.0,3.6632198652379016,0.0,13.05,15.88,-0.033
5086782,2016-02-21 14:45:00,3,12,1,Rural,1-b5,0,6045.0,2.9707402445623767,5.0,14.1,17.93,4.486
5086810,2016-02-21 16:16:00,3,24,1,Rural,1-d8,2,31392.0,6.014896434322199,4.0,17.88,22.74,
5087778,2016-02-23 11:36:00,3,12,1,Rural,82-05,4,33661.0,0.19483802613724252,4.0,2.698,6.762,
5089373,2016-02-26 03:00:00,3,923,6,Rural,1-q3,4+5,33576.0,3.1157032371402518,0.0,2.841,3.234,
5090426,2016-02-28 15:06:00,2,11,1,Rural,54-19,3+6,31950.0,15.886357853201158,4.0,8.67,11.56,
5090544,2016-02-28 20:53:00,3,240,3,Rural,39-01,2,31387.0,2.812706169845031,3.0,12.06,18.62,
5091951,2016-03-01 17:00:00,3,60,9,Rural,55-02,3+6+8,31958.0,24.20022384487086,0.0,6.311,15.09,
5092076,2016-03-01 17:41:00,3,11,1,Rural,417-01,2+5,31488.0,3.429053801675658,1.0,2.688,3.234,
5092116,2016-03-02 03:13:00,2,923,6,Rural,36-11,2,1590.0,4.2678179342458415,3.0,7.236,13.75,-6.883
5092540,2016-03-02 07:23:00,3,11,1,Rural,417-01,0,31488.0,2.6793679904653325,3.0,2.078,2.744,
5093356,2016-03-03 17:42:00,2,12,1,Rural,41-17,2,1350.0,8.495979196575755,2.0,2.204,2.613,1.634
5094720,2016-03-06 14:06:00,3,12,1,Rural,33-01,2+5,31399.0,13.39846322653309,4.0,3.485,5.782,
5095276,2016-03-07 11:53:00,2,130,2,Rural,41-15,2,31363.0,3.9032127798304286,3.0,9.49,12.74,
5095406,2016-03-07 15:20:00,3,720,9,Rural,63-02,3+5,2319.0,2.805894911514768,0.0,15.06,18.62,0.042
5097193,2016-03-10 14:00:00,3,11,1,Rural,50-04,2,31882.0,10.951717831543831,0.0,7.115,11.07,
5097656,2016-03-11 12:51:00,3,240,3,Rural,1-j2,4+5,32097.0,9.483462730692453,1.0,17.31,21.27,
5097665,2016-03-11 13:08:00,2,142,2,Rural,1-j1,5+8,32097.0,8.488255674250567,2.0,14.65,18.52,
5097747,2016-03-11 16:41:00,2,240,3,Rural,1-p6,2,3463.0,6.622792480495256,1.0,12.9,16.92,2.526
5098146,2016-03-12 17:38:00,3,11,1,Rural,1-x5,4,35315.0,0.41263931890272926,2.0,10.06,20.68,
5100549,2016-03-16 17:32:00,3,70,1,Rural,429-02,2+5,1453.0,5.857276972947504,2.0,7.54,9.51,8.38
5103225,2016-03-21 12:51:00,3,12,1,Rural,1-x6,4,35315.0,4.053438048845681,1.0,2.825,3.43,
5105098,2016-03-24 00:01:00,3,21,1,Rural,1-h4,3,32097.0,4.724495904215804,1.0,2.538,3.724,
5105352,2016-03-24 15:32:00,3,22,1,Rural,61-24,4,32474.0,2.2452484009307474,2.0,11.51,14.11,
5105473,2016-03-24 21:46:00,3,240,3,Rural,1-f5,2,31579.0,3.0280072168773025,4.0,0.788,2.94,
5105696,2016-03-25 10:37:00,2,70,1,Rural,000-861,3+8,36127.0,17.87163038924573,3.0,6.124,10.09,
5105662,2016-03-25 11:29:00,3,12,1,Rural,74-02,4,33419.0,10.080005173768738,1.0,6.139,7.546,
5105846,2016-03-26 00:49:00,3,11,1,Rural,54-02,2+5,1779.0,9.265899734905297,1.0,3.295,6.501,0.519
5106429,2016-03-26 20:10:00,3,22,1,Rural,76-04,3,33643.0,20.203585276820125,0.0,11.86,14.6,
5106585,2016-03-28 05:02:00,2,12,1,Rural,30-04,2+5,6420.0,5.900592030217483,2.0,10.8,14.6,-6.1
5106683,2016-03-28 14:57:00,3,12,1,Rural,61-24,2,32474.0,5.797962753349597,3.0,8.28,10.09,
5107431,2016-03-29 13:05:00,3,70,1,Rural,54-15,4+5,31942.0,1.7688383061100978,5.0,6.68,11.37,
5107746,2016-03-29 15:41:00,3,11,1,Rural,61-23,2,32474.0,3.5845530773063508,1.0,6.713,8.13,
5109422,2016-03-31 18:29:00,3,12,1,Rural,64-01,4+5,2631.0,3.7894038664173806,1.0,8.43,12.87,2.607
5110888,2016-04-03 08:14:00,3,12,1,Rural,1-q1,4,3474.0,3.648880854732083,4.0,3.365,4.333,-2.884
5111579,2016-04-04 13:55:00,3,141,2,Rural,42-01,2+5,7475.0,11.342457777830315,5.0,1.533,1.534,8.58
5112249,2016-04-05 11:49:00,2,21,1,Rural,59-01,3+6,2175.0,12.478271850558793,1.0,5.977,9.41,4.129
5112694,2016-04-05 20:53:00,3,151,4,Rural,000-102,2+5,7475.0,7.327503550061613,3.0,1.927,1.935,4.078
5114570,2016-04-08 17:45:00,2,111,4,Rural,415-04,2+5,7475.0,5.946188197952894,5.0,1.648,1.661,3.82
5114707,2016-04-08 20:48:00,2,21,1,Rural,000-103,6,1479.0,2.834315875564852,2.0,4.875,7.12,4.176
5114792,2016-04-09 04:40:00,1,12,1,Rural,1-h4,0,32097.0,4.13029130188308,0.0,8.95,12.25,
5116134,2016-04-11 13:56:00,2,12,1,Rural,1-c7,4,6315.0,8.120242937992792,4.0,3.428,5.815,8.71
5117635,2016-04-13 11:35:00,2,56,9,Rural,000-871,8+11,6045.0,4.826144475145948,5.0,1.281,2.352,5.105
5119671,2016-04-17 09:59:00,3,26,1,Rural,76-06,3+8,33643.0,17.813385525525497,1.0,9.02,11.76,
5119759,2016-04-17 15:28:00,3,12,1,Rural,54-03,0,1868.0,2.7337296701063702,2.0,11.63,15.06,1.352
5119974,2016-04-18 08:06:00,3,240,3,Rural,767-01,2,3433.0,19.965262909196156,4.0,11.26,13.79,-2.222
5120500,2016-04-18 19:48:00,3,1094,5,Rural,415-04,0,7475.0,5.7620687304367655,2.0,1.144,1.157,2.279
5121947,2016-04-21 02:56:00,2,11,1,Rural,54-02,2,1779.0,12.372564327895615,4.0,3.221,4.541,0.879
5121966,2016-04-21 04:09:00,3,11,1,Rural,1-d6,2+5,31399.0,1.199406377433182,1.0,1.344,3.92,
5123531,2016-04-24 14:29:00,3,11,1,Rural,54-18,3+6+8,31950.0,11.309583780447147,1.0,2.753,4.9,
5123622,2016-04-24 17:58:00,3,240,3,Rural,1-g4,3+5,31674.0,0.09272730374057857,2.0,5.524,7.35,
5124708,2016-04-26 09:14:00,3,685,4,Rural,82-03,3+4,33563.0,3.7572227049654363,4.0,0.707,1.666,
5126128,2016-04-28 08:45:00,3,21,1,Rural,933-01,2,4060.0,9.999806718765738,5.0,4.507,8.46,0.505
5126471,2016-04-28 18:43:00,3,12,1,Rural,1-t0,2,34175.0,17.87824047913385,3.0,8.86,10.58,
5126546,2016-04-28 18:45:00,3,12,1,Rural,1-q3,0,3474.0,4.599157368078311,5.0,0.0,0.0,-4.609
5127046,2016-04-29 12:46:00,3,11,1,Rural,59-02,3,32190.0,2.067583392232694,4.0,4.237,6.664,
5127553,2016-04-30 13:30:00,3,11,1,Rural,000-871,11,6045.0,5.581938783002579,0.0,3.705,5.913,8.27
5127621,2016-04-30 17:02:00,3,240,3,Rural,30-02,2,6310.0,9.585803080450228,2.0,4.028,5.847,7.611
5129449,2016-05-03 18:27:00,3,240,3,Rural,61-43,2+5,2641.0,5.934763873079374,3.0,3.303,7.481,-0.131
5130103,2016-05-04 18:56:00,2,1094,5,Rural,42-01,0,31363.0,13.807686768437287,4.0,12.07,15.68,
5130316,2016-05-05 10:07:00,3,923,6,Rural,1-f5,2+5,31579.0,1.2354952619658854,3.0,20.45,33.91,
5130425,2016-05-05 17:20:00,2,11,1,Rural,1-b0,2+5,36156.0,3.2964725806684934,0.0,11.65,15.48,
5130952,2016-05-06 16:08:00,3,26,1,Rural,99-01,3,5544.0,2.000613673724745,2.0,3.678,6.433,5.098
5131067,2016-05-06 21:26:00,3,130,2,Rural,85-04,4,3596.0,16.452737889601067,4.0,9.92,11.34,-1.896
5131703,2016-05-08 13:00:00,3,142,2,Rural,1-g3,2+5,1673.0,1.215783907243179,0.0,2.255,3.561,8.56
5131734,2016-05-08 14:40:00,3,11,1,Rural,35-04,2,36411.0,3.1313435862197037,0.0,0.944,2.254,
5134197,2016-05-11 12:03:00,3,11,1,Rural,85-03,2,3591.0,14.309780097183836,3.0,5.232,7.84,10.14
5134283,2016-05-11 14:25:00,2,45,8,Rural,92-04,3+5,5975.0,6.123596514791712,5.0,2.951,5.031,9.03
5135567,2016-05-13 13:06:00,3,510,4,Rural,30-01,2,6310.0,3.0154040912247337,4.0,3.391,5.063,9.48
5135843,2016-05-13 18:20:00,3,240,3,Rural,1-g4,2,31674.0,5.29869944674273,0.0,3.787,4.802,
5135867,2016-05-13 19:48:00,2,21,1,Rural,1-t1,2+5,34175.0,11.180238744137291,2.0,3.631,4.508,
5136480,2016-05-15 05:06:00,3,11,1,Rural,1-p5,2,3463.0,4.753598040820701,4.0,6.658,9.77,5.302
5136567,2016-05-15 11:27:00,2,45,8,Rural,000-231,11,31364.0,5.222720937449506,3.0,2.623,5.292,
5136917,2016-05-16 07:55:00,3,11,1,Rural,2470-01,0,36122.0,11.856941950585451,5.0,5.177,6.86,
5136962,2016-05-16 12:23:00,3,11,1,Rural,54-04,2+5,31958.0,12.834012804161917,3.0,16.13,25.09,
5136992,2016-05-16 14:18:00,2,21,1,Rural,55-01,2+5,31958.0,12.25550989028607,2.0,16.25,23.13,
5137005,2016-05-16 15:18:00,2,21,1,Rural,1-x1,4,5544.0,28.392462633071187,2.0,6.497,9.63,5.938
5137836,2016-05-17 16:30:00,3,11,1,Rural,1-a6,3,36270.0,0.6699570214470641,0.0,4.115,7.252,
5138259,2016-05-18 12:30:00,3,22,1,Rural,94-04,0,34382.0,18.033506247070235,0.0,2.967,3.92,
5140860,2016-05-22 08:29:00,3,24,1,Rural,85-03,0,3596.0,15.593807796886388,1.0,8.11,10.09,-0.77
5142279,2016-05-24 13:09:00,2,12,1,Rural,1-C8,4,36308.0,7.607468423512098,1.0,11.99,16.17,
5142405,2016-05-24 14:53:00,3,11,1,Rural,305-01,2+5,36308.0,8.781358601322596,3.0,12.29,17.35,
5142492,2016-05-24 17:41:00,3,35,1,Rural,3630-01,2+3+6,36411.0,2.19116820362335,1.0,9.8,14.11,
5143628,2016-05-26 15:47:00,3,45,8,Rural,000-231,8+11,31365.0,3.3196127725319435,3.0,9.62,13.33,
5143708,2016-05-26 19:47:00,3,923,6,Rural,60-47,0,2641.0,1.5416465652924607,3.0,0.843,2.156,6.71
5143787,2016-05-26 21:40:00,3,45,8,Rural,000-301,0,31572.0,4.87349477013982,0.0,1.976,4.116,
5143997,2016-05-27 10:17:00,3,22,1,Rural,61-35,4+5,2646.0,1.9979369620142793,3.0,8.4,11.3,8.0
5144087,2016-05-27 13:00:00,3,45,8,Rural,54-18,3+6,31950.0,2.855414520537408,0.0,15.87,28.52,
5144172,2016-05-27 15:18:00,2,12,1,Rural,54-14,2,1938.0,1.6144538664877581,2.0,20.23,27.37,7.69
5144229,2016-05-27 18:05:00,2,26,1,Rural,1-x3,4,35315.0,20.3729067432858,5.0,9.88,14.6,
5144997,2016-05-29 12:08:00,3,24,1,Rural,612-03,3+6,2304.0,6.092620376932802,2.0,6.878,10.49,7.16
5145252,2016-05-29 17:49:00,3,610,4,Rural,1-q9,3+4+5,33394.0,4.971173896632976,1.0,4.436,5.684,
5145233,2016-05-29 23:37:00,3,11,1,Rural,1-n1,3,33357.0,7.163647855230724,3.0,3.928,4.508,
5145326,2016-05-30 08:31:00,3,410,4,Rural,412-02,2,7475.0,4.939731187106026,1.0,0.908,0.925,7.867
5145843,2016-05-30 17:05:00,1,923,6,Rural,36-11,4+5,1590.0,4.265246855158762,5.0,2.626,4.096,5.431
5146016,2016-05-31 04:02:00,3,12,1,Rural,41-17,2,1350.0,8.36756800529137,2.0,2.601,3.005,4.966
5146095,2016-05-31 09:32:00,3,11,1,Rural,54-15,4+5,31942.0,1.602614838796831,2.0,6.823,11.96,
5147301,2016-06-01 19:31:00,3,22,1,Rural,574-01,2,31931.0,11.491862845382196,1.0,5.771,6.468,
5149162,2016-06-04 09:54:00,3,11,1,Rural,1-d6,2,31399.0,0.5057943174202599,4.0,1.707,4.116,
5149232,2016-06-04 13:56:00,3,141,2,Rural,35-03,2+5,36411.0,9.767964767716135,4.0,5.222,6.86,
5149778,2016-06-05 08:32:00,3,22,1,Rural,54-15,2,31942.0,4.293575428284879,2.0,8.21,10.09,
5149839,2016-06-05 13:55:00,1,240,3,Rural,1-f8,2+5,31577.0,2.429933635181596,5.0,5.86,8.33,
5150865,2016-06-06 21:32:00,3,320,4,Rural,1-C7,4,6315.0,5.798874626776087,2.0,4.147,5.749,10.39
5150997,2016-06-07 07:15:00,3,22,1,Rural,1-q5,2+5,33480.0,7.30621456128425,5.0,4.975,6.762,
5151427,2016-06-07 15:19:00,2,45,8,Rural,939-02,3+6,35963.0,2.9861783065506398,1.0,5.03,6.468,
5152134,2016-06-08 19:52:00,3,320,4,Rural,1-d6,2+5,31399.0,6.1334295852735385,2.0,0.588,2.254,
5152348,2016-06-09 08:38:00,3,22,1,Rural,427-11,4,31380.0,5.946351605891655,2.0,1.904,2.548,
5152538,2016-06-09 13:21:00,3,22,1,Rural,816-01,2+5,3463.0,2.652205841814286,1.0,4.214,5.553,18.2
5153283,2016-06-10 15:39:00,3,141,2,Rural,1-d6,2+5,31399.0,6.140611191503766,1.0,3.179,4.9,
5153683,2016-06-11 09:38:00,3,141,2,Rural,60-34,2+5,2428.0,24.307663260864622,2.0,1.387,2.058,11.84
5153713,2016-06-11 12:57:00,3,45,8,Rural,425-02,8+11,1361.0,9.192792423693914,3.0,7.569,10.52,9.74
5153848,2016-06-11 19:22:00,3,22,1,Rural,1-u8,3+5,35769.0,2.971493798346322,2.0,3.327,4.998,
5154175,2016-06-12 12:09:00,2,995,9,Rural,41-16,0,31363.0,0.8087341712559967,1.0,2.695,3.822,
5154595,2016-06-13 12:13:00,3,12,1,Rural,54-19,6,31950.0,13.358164356309635,3.0,2.481,4.508,
5154854,2016-06-13 16:05:00,2,11,1,Rural,574-03,2+5,1924.0,17.04137794680624,5.0,1.145,2.025,11.29
5154916,2016-06-13 18:28:00,3,11,1,Rural,1-m8,4+5,3242.0,8.546976338454188,2.0,5.125,6.664,14.24
5157353,2016-06-16 20:55:00,3,11,1,Rural,427-04,2+5,31365.0,1.9890061521810833,5.0,6.778,9.7,
5157604,2016-06-17 09:54:00,2,1094,5,Rural,1-c8,0,36308.0,6.131775112346288,4.0,2.757,4.508,
5157612,2016-06-17 10:18:00,3,21,1,Rural,85-02,0,3591.0,9.271520505268695,2.0,0.356,1.241,13.79
5158001,2016-06-17 10:52:00,3,1094,5,Rural,427-04,0,31365.0,1.9890061521810833,2.0,3.524,4.312,
5157636,2016-06-17 12:24:00,3,130,2,Rural,1-v3,3,35666.0,14.900739661342284,4.0,6.905,10.49,
5158227,2016-06-18 19:26:00,3,60,9,Rural,745-05,3+6+8,3720.0,3.8039757911220478,4.0,3.691,5.978,10.73
5158706,2016-06-19 19:27:00,2,160,2,Rural,1-v9,3,5544.0,12.026950048019373,3.0,5.688,8.3,10.27
5159723,2016-06-20 12:30:00,1,21,1,Rural,1-b4,0,36049.0,1.1818985187331672,0.0,20.05,29.89,
5159576,2016-06-20 15:31:00,3,923,6,Rural,60-47,0,2641.0,2.2441616204815986,1.0,5.055,8.36,16.5
5159713,2016-06-20 19:39:00,3,11,1,Rural,42-02,3+6,1486.0,13.803738304434646,1.0,9.13,11.43,10.27
5161354,2016-06-22 14:54:00,3,240,3,Rural,41-22,2,1350.0,2.325595054595663,4.0,4.871,6.435,11.95
5162068,2016-06-23 14:43:00,3,26,1,Rural,68-10,3,2390.0,9.8508111797796,3.0,3.255,5.031,14.48
5162401,2016-06-24 05:28:00,3,26,1,Rural,58-01,4+5,31950.0,3.353945105275394,2.0,4.586,10.49,
5162556,2016-06-24 10:03:00,1,211,3,Rural,1-n1,2+5,33357.0,3.797730742943754,3.0,3.064,4.802,
5163385,2016-06-25 18:40:00,3,12,1,Rural,35-01,2+5,31399.0,4.536128204501605,0.0,1.415,2.94,
5163659,2016-06-26 12:42:00,2,12,1,Rural,748-01,6,3433.0,9.04987402868126,2.0,4.413,5.521,12.42
5163663,2016-06-26 13:27:00,3,24,1,Rural,427-05,4+5,31365.0,4.068404090475649,3.0,4.613,5.782,
5163727,2016-06-26 16:46:00,3,685,4,Rural,829-01,2+5,3380.0,12.569729244590736,4.0,2.981,3.757,13.52
5163748,2016-06-26 17:52:00,2,11,1,Rural,41-16,4+5,31363.0,5.121979786329715,2.0,5.738,7.74,
5164281,2016-06-27 15:59:00,3,11,1,Rural,1-k2,4+5,2197.0,10.43184362344403,1.0,7.92,10.13,12.69
5165928,2016-06-29 14:00:00,3,12,1,Rural,41-16,2+5,31363.0,8.67987335324043,0.0,3.212,6.664,
5165875,2016-06-29 17:45:00,3,11,1,Rural,30-01,2,6310.0,2.1321135067295542,5.0,4.556,6.011,13.78
5166625,2016-06-30 17:37:00,3,12,1,Rural,845-02,3+5,3591.0,7.94460582579315,3.0,5.565,8.17,11.05
5167783,2016-07-02 02:20:00,3,21,1,Rural,61-33,0,32654.0,8.318640014124403,0.0,3.719,7.74,
5167893,2016-07-02 13:32:00,3,12,1,Rural,35-07,2+5,36415.0,4.348978266327253,2.0,4.231,6.566,
5167894,2016-07-02 13:41:00,3,12,1,Rural,35-07,2,36415.0,4.934248651012463,1.0,5.049,8.04,
5168023,2016-07-02 18:44:00,3,21,1,Rural,864-01,3+6,4323.0,0.36002967377327455,4.0,5.833,7.709,7.89
5168386,2016-07-03 12:15:00,3,21,1,Rural,862-01,2,34413.0,8.100381585100216,5.0,6.408,8.13,
5168492,2016-07-03 16:48:00,3,11,1,Rural,1-x1,3,5544.0,25.94701960119224,2.0,11.65,14.53,12.4
5169811,2016-07-04 11:48:00,2,11,1,Rural,1-u5,3+6,35963.0,10.519378877594786,2.0,11.38,14.7,
5172096,2016-07-08 14:16:00,3,320,4,Rural,1-k5,4+5,33204.0,2.84357578354156,4.0,4.813,7.06,
5172150,2016-07-08 15:47:00,2,45,8,Rural,862-03,3+6+8,4614.0,6.6160224671582935,3.0,4.666,6.076,6.003
5172773,2016-07-10 00:23:00,3,923,6,Rural,1-n1,0,33357.0,5.663252583437444,3.0,5.198,6.664,
5172999,2016-07-10 11:48:00,3,22,1,Rural,96-08,3,5988.0,8.512139537732859,2.0,7.72,9.41,8.22
5173159,2016-07-10 20:32:00,3,45,8,Rural,F26-13,0,6776.0,18.482369053847915,2.0,9.72,12.61,6.53
5176943,2016-07-15 14:54:00,3,11,1,Rural,1-m4,4,33431.0,7.4126944843773215,4.0,3.533,6.468,
5177261,2016-07-15 21:20:00,3,11,1,Rural,1-d1,0,36308.0,2.118964267338417,0.0,1.667,2.156,
5177870,2016-07-17 15:54:00,3,11,1,Rural,35-16,3+6,3225.0,13.536983876034881,4.0,3.062,4.279,14.05
5178549,2016-07-18 14:10:00,3,141,2,Rural,1-h1,2,31882.0,7.909888992300174,0.0,3.886,7.056,
5178699,2016-07-18 17:00:00,2,320,4,Rural,1-h0,2,31882.0,1.0956884639767681,0.0,5.036,8.04,
5178919,2016-07-19 08:33:00,3,11,1,Rural,1-b8,4,36122.0,0.05445617356061891,3.0,0.353,1.47,
5180493,2016-07-20 18:58:00,3,11,1,Rural,1-r1,2,4406.0,8.611004009286242,2.0,5.587,8.2,14.04
5180494,2016-07-20 19:03:00,3,11,1,Rural,1-e1,0,31488.0,4.7248248254209795,3.0,2.156,3.332,
5180663,2016-07-21 06:45:00,3,24,1,Rural,92-10,2+5,34087.0,6.062157791139297,5.0,0.979,1.47,
5181801,2016-07-22 15:16:00,3,660,4,Rural,1-g2,2+5,31572.0,10.252234372245093,4.0,0.453,1.862,
5182211,2016-07-23 11:13:00,2,11,1,Rural,000-541,0,33204.0,9.859130751349127,3.0,2.49,3.724,
5182904,2016-07-24 18:50:00,2,685,4,Rural,1-d6,2,31399.0,6.066242337821448,0.0,3.87,6.762,
5184299,2016-07-26 14:15:00,3,141,2,Rural,1-b7,0,36127.0,2.0778695783351924,5.0,2.099,3.528,
5184377,2016-07-26 14:54:00,3,21,1,Rural,F26-16,8+11,6975.0,11.366921405920598,4.0,7.885,9.77,8.56
5185139,2016-07-27 16:52:00,3,410,4,Rural,574-04,2+5,1924.0,10.55581282900201,2.0,3.794,5.978,13.81
5185226,2016-07-27 21:04:00,3,11,1,Rural,715-02,3+5,33204.0,11.370158060429576,4.0,5.29,9.8,
5185629,2016-07-28 13:39:00,3,151,4,Rural,218-01,4,6045.0,0.7902638334961274,1.0,8.26,10.49,13.73
5185686,2016-07-28 15:18:00,3,11,1,Rural,1-x6,3,35315.0,7.977068123685361,2.0,6.292,9.02,
5185806,2016-07-28 18:59:00,3,21,1,Rural,1-t7,3+6+8,35965.0,2.423770873186313,1.0,7.31,10.98,
5186825,2016-07-30 11:30:00,3,211,3,Rural,54-22,3+6+8,31985.0,23.772626650982996,0.0,8.03,10.58,
5188177,2016-08-01 03:59:00,3,60,9,Rural,249-01,0,36122.0,1.8040367377730695,1.0,0.573,1.274,
5187976,2016-08-01 15:09:00,3,45,8,Rural,1-v6,3,5544.0,4.800328273873074,1.0,3.805,5.767,10.82
5188066,2016-08-01 18:41:00,2,45,8,Rural,550-02,3+6+8,31599.0,10.247228176695778,1.0,0.681,1.568,
5188262,2016-08-02 04:27:00,3,11,1,Rural,1-k5,4,33204.0,0.022963413302197443,3.0,0.925,1.372,
5188264,2016-08-02 05:37:00,3,21,1,Rural,000-781,3,5544.0,4.000335249833387,3.0,3.083,4.3,8.97
5189630,2016-08-03 14:44:00,2,21,1,Rural,864-04,3+6+8+11,4614.0,10.018237246535286,4.0,1.99,2.907,11.93
5189791,2016-08-03 22:26:00,3,45,8,Rural,92-03,2+5,34073.0,5.473949774614684,4.0,2.867,3.822,
5189917,2016-08-04 08:26:00,3,11,1,Rural,365-01,2+5,36504.0,4.694038335070343,4.0,4.342,5.684,
5190970,2016-08-05 14:57:00,3,142,2,Rural,1-h1,2+5,1881.0,4.862325708240465,3.0,0.0,0.0,13.89
5191095,2016-08-05 18:55:00,3,141,2,Rural,1-n1,5,33357.0,7.895492923412847,5.0,4.094,4.998,
5191121,2016-08-05 20:25:00,3,26,1,Rural,61-21,4,2481.0,9.715796781438934,5.0,2.089,2.842,9.19
5191966,2016-08-07 16:07:00,3,12,1,Rural,1-m2,4,33419.0,4.733466849615917,3.0,8.47,10.68,
5192033,2016-08-07 18:09:00,3,11,1,Rural,1-n0,5,3242.0,14.836913430908682,1.0,8.59,11.3,10.46
5192069,2016-08-07 19:30:00,3,11,1,Rural,1-s8,3+5,34148.0,17.35076755776007,0.0,8.93,15.88,
5192689,2016-08-08 14:58:00,2,45,8,Rural,901-02,6+11,4830.0,12.705954989790852,2.0,7.51,11.04,9.14
5192876,2016-08-08 20:56:00,3,11,1,Rural,1-p1,3+6,33357.0,0.6181498664987204,4.0,5.682,8.13,
5192982,2016-08-09 00:33:00,3,12,1,Rural,1-t7,3+5,5968.0,4.915866497979815,3.0,0.763,2.744,1.824
5193056,2016-08-09 07:28:00,3,11,1,Rural,429-01,2,1350.0,3.553313263337676,2.0,2.195,2.907,10.42
5193813,2016-08-10 08:26:00,3,923,6,Rural,1-q3,2,33576.0,0.6972552824753212,4.0,3.246,4.018,
5193816,2016-08-10 08:42:00,3,142,2,Rural,000-231,2+5,1350.0,2.283411297343148,2.0,6.572,9.18,11.11
5194195,2016-08-10 13:11:00,3,21,1,Rural,F206-02,3+11,6472.0,12.574873594116017,1.0,5.19,6.599,9.51
5195651,2016-08-12 08:34:00,3,320,4,Rural,1-m3,5,33431.0,15.23681613904726,4.0,1.619,3.92,
5196183,2016-08-12 16:02:00,2,11,1,Rural,26-04,4+6,6430.0,2.843127912697215,2.0,5.287,6.893,15.39
5196902,2016-08-13 16:42:00,3,11,1,Rural,1-q3,0,33576.0,1.9652878049887372,2.0,1.221,2.744,
5197988,2016-08-14 15:00:00,3,45,8,Rural,000-861,8,6235.0,17.753920410594937,0.0,0.111,1.143,9.81
5197021,2016-08-14 15:35:00,3,130,2,Rural,1-f3,2,1479.0,0.8968851917671598,5.0,8.71,13.82,13.07
5199609,2016-08-17 20:20:00,3,12,1,Rural,35-05,4+6,36411.0,4.166952349691586,0.0,5.016,8.23,
5200258,2016-08-18 18:48:00,3,26,1,Rural,60-31,2+5,32355.0,7.3518831750458435,2.0,5.222,6.762,
5200280,2016-08-18 19:47:00,3,141,2,Rural,1-e2,2,1479.0,6.498733017807346,3.0,1.16,2.319,13.28
5200818,2016-08-19 14:27:00,3,70,1,Rural,F206-02,3+6,6472.0,9.509423394611666,3.0,3.627,5.488,13.75
5200827,2016-08-19 14:59:00,3,142,2,Rural,1-f5,2+5,31579.0,4.518452148661006,1.0,3.814,6.076,
5200958,2016-08-19 17:40:00,2,1094,5,Rural,000-861,0,6546.0,29.784051719815306,0.0,2.378,3.724,13.31
5201318,2016-08-20 13:31:00,1,240,3,Rural,268-01,4,6315.0,8.66663787921476,1.0,3.223,4.802,14.89
5206070,2016-08-20 19:00:00,2,45,8,Rural,756-01,8,3242.0,5.973934795257437,0.0,1.733,2.548,14.14
5202311,2016-08-22 10:11:00,2,660,4,Rural,253-01,2,36122.0,7.969036999345338,1.0,3.351,4.802,
5202815,2016-08-22 17:55:00,2,21,1,Rural,59-01,3+6,32190.0,10.871773026415063,5.0,7.03,10.88,
5205484,2016-08-25 17:11:00,2,45,8,Rural,000-641,0,3380.0,10.509230763462117,1.0,6.781,8.79,11.89
5205573,2016-08-25 21:27:00,3,11,1,Rural,1-c2,2+5,6315.0,3.8797978885850335,3.0,0.279,0.621,11.13
5206119,2016-08-26 14:23:00,3,12,1,Rural,1-u7,3+5,5872.0,2.3785715627460333,3.0,2.953,4.214,10.56
5206554,2016-08-27 07:40:00,3,11,1,Rural,37-01,2,36504.0,8.970764702272598,0.0,0.0,0.0,
5206748,2016-08-27 17:00:00,2,1094,5,Rural,000-871,0,6459.0,13.849646824542994,0.0,2.939,4.443,7.716
5207612,2016-08-29 12:01:00,3,11,1,Rural,54-21,3+6+8,2175.0,28.155359147109866,1.0,2.554,4.214,10.53
5207879,2016-08-29 13:59:00,2,45,8,Rural,550-02,6,31599.0,15.625066132379036,1.0,3.494,5.194,
5209635,2016-08-31 17:34:00,3,45,8,Rural,F26-16,8,3292.0,5.108069197922473,4.0,4.988,6.011,3.914
5211453,2016-09-03 16:20:00,3,11,1,Rural,54-21,3+6+8,2175.0,27.337360142586036,0.0,2.877,6.501,13.73
5211601,2016-09-03 21:22:00,2,11,1,Rural,722-02,3,3223.0,3.2131633160202946,2.0,0.691,2.058,6.586
5212006,2016-09-04 15:25:00,1,240,3,Rural,82-03,3+5,33661.0,9.998554346873297,5.0,6.601,8.53,
5212069,2016-09-04 17:43:00,2,320,4,Rural,82-01,2,3463.0,1.6366793230328043,3.0,1.613,3.43,13.8
5215197,2016-09-07 14:31:00,3,24,1,Rural,1-d8,0,1490.0,3.513157528763448,1.0,9.91,14.9,6.969
5216350,2016-09-09 14:02:00,3,660,4,Rural,50-04,2+5,31882.0,12.13156987577949,2.0,4.962,9.7,
5216370,2016-09-09 14:30:00,3,11,1,Rural,54-08,2,31840.0,0.38176755200869417,0.0,6.959,11.66,
5216419,2016-09-09 16:32:00,2,11,1,Rural,000-641,6,3596.0,20.701616120706387,2.0,10.73,12.38,11.61
5216433,2016-09-09 17:17:00,3,12,1,Rural,3630-01,3+6,36411.0,5.099767610708126,3.0,3.209,4.312,
5216744,2016-09-10 10:43:00,2,45,8,Rural,000-801,0,1496.0,7.048292933948982,3.0,6.338,8.07,5.61
5216796,2016-09-10 14:20:00,3,24,1,Rural,1-S2,3+5,4830.0,7.375802541708489,0.0,5.681,7.58,8.52
5216811,2016-09-10 15:14:00,2,130,2,Rural,41-21,4+5,1350.0,1.409089031490091,4.0,5.659,7.873,10.17
5217198,2016-09-11 14:23:00,3,12,1,Rural,1-q1,3,3474.0,6.267127845043236,3.0,11.08,13.8,5.116
5217367,2016-09-11 22:09:00,3,11,1,Rural,1-p1,4+5,33357.0,2.7995844031449515,1.0,2.563,3.92,
5219117,2016-09-14 11:00:00,2,11,1,Rural,1-t6,2+5,5960.0,4.565815943822345,0.0,8.25,9.9,3.822
5219469,2016-09-14 13:47:00,3,22,1,Rural,60-35,3+6+8,2428.0,19.6859814729861,3.0,3.065,5.782,10.99
5219374,2016-09-14 18:54:00,3,36,1,Rural,1-g2,2,31572.0,10.244458547042921,4.0,12.32,19.99,
5219497,2016-09-14 22:40:00,3,12,1,Rural,314-01,3+6,31399.0,12.818550860686539,0.0,10.47,13.92,
5219676,2016-09-15 10:53:00,2,70,1,Rural,000-371,0,2175.0,12.696432458623299,3.0,5.478,8.66,9.04
5219687,2016-09-15 11:14:00,3,660,4,Rural,1-d8,2+5,1490.0,2.8232618659334108,4.0,10.43,12.87,7.07
5219730,2016-09-15 11:48:00,3,22,1,Rural,54-22,3+6+8,31985.0,22.844797615578873,2.0,3.584,5.684,
5219733,2016-09-15 12:16:00,3,12,1,Rural,716-01,3+6+8,33204.0,11.900405664258288,4.0,6.372,10.29,
5220513,2016-09-16 12:58:00,3,11,1,Rural,1-g4,2,31674.0,6.708148963943113,2.0,6.407,9.11,
5221056,2016-09-17 11:20:00,2,24,1,Rural,835-01,3+6,3477.0,0.8656659371330183,0.0,0.814,1.437,8.81
5221264,2016-09-17 22:52:00,1,835,5,Rural,1-b5,4,6045.0,11.499980196847005,2.0,15.56,20.19,9.01
5221270,2016-09-17 23:05:00,3,24,1,Rural,96-08,3+6,5988.0,8.504619070364864,5.0,2.649,5.096,11.63
5221297,2016-09-18 00:23:00,1,11,1,Rural,574-01,2,31931.0,7.596480069625667,3.0,7.543,10.19,
5221461,2016-09-18 10:54:00,3,990,9,Rural,F335-01,0,36519.0,17.294903534684554,4.0,1.487,2.646,
5221780,2016-09-19 09:35:00,2,22,1,Rural,4187-01,2,1350.0,7.02163518939132,5.0,3.955,5.39,7.507
5222982,2016-09-20 16:00:00,3,11,1,Rural,931-08,2+5,4060.0,1.0662871510713539,0.0,3.832,8.79,10.92
5223166,2016-09-21 09:01:00,3,12,1,Rural,1-j1,0,32097.0,0.8725085747755126,1.0,3.645,4.508,
5223823,2016-09-21 23:32:00,3,11,1,Rural,41-15,2+5,31363.0,5.31393038189072,2.0,10.0,13.13,
5224667,2016-09-23 09:49:00,3,22,1,Rural,59-01,4+6,2175.0,12.198118648980376,1.0,3.736,5.063,6.469
5225014,2016-09-23 11:24:00,3,320,4,Rural,36-01,2,31399.0,8.558630462314659,4.0,2.562,4.9,
5225033,2016-09-23 18:13:00,3,26,1,Rural,85-25,2+5,34733.0,16.998751893799362,3.0,5.754,7.64,
5225444,2016-09-24 15:51:00,3,142,2,Rural,1-f5,2+5,31579.0,1.4881755526234006,1.0,15.38,20.68,
5226076,2016-09-26 09:05:00,3,12,1,Rural,38-03,2+5,31387.0,13.34714838575908,5.0,5.758,7.84,
5226217,2016-09-26 13:26:00,3,12,1,Rural,41-17,2+5,1350.0,7.531549799591707,4.0,9.0,11.14,8.27
5226307,2016-09-26 14:00:00,2,45,8,Rural,000-781,0,5544.0,16.462347990286048,0.0,3.258,4.533,8.69
5226410,2016-09-26 16:25:00,3,240,3,Rural,208-01,3,36270.0,14.924270385463428,5.0,2.619,4.41,
5228475,2016-09-29 09:42:00,3,11,1,Rural,93-03,2+5,34175.0,3.676215786545905,2.0,8.39,11.27,
5229235,2016-09-30 11:27:00,2,122,4,Rural,1-g9,2,1779.0,6.4114728999704695,3.0,2.494,4.051,6.485
5229755,2016-09-30 17:53:00,3,11,1,Rural,1-q2,2,3474.0,4.4877104618527515,3.0,5.053,5.967,0.692
5230147,2016-10-01 17:58:00,3,12,1,Rural,711-04,3+5,33419.0,19.193162269032538,2.0,0.377,0.98,
5230424,2016-10-02 06:05:00,3,11,1,Rural,61-43,4+5,2641.0,5.21865602561039,5.0,2.305,4.181,4.303
5230487,2016-10-02 12:22:00,3,920,6,Rural,000-231,11,31365.0,0.17852729388341848,2.0,10.73,17.44,
5230494,2016-10-02 13:07:00,3,141,2,Rural,1-m8,0,3242.0,8.857719018728837,3.0,8.17,11.2,10.78
5231170,2016-10-03 15:32:00,3,22,1,Rural,54-19,6,31950.0,15.568660236460783,2.0,8.58,16.07,
5232003,2016-10-04 14:35:00,3,12,1,Rural,41-16,2,31363.0,5.034442889395458,5.0,9.26,14.21,
5232157,2016-10-04 16:44:00,3,12,1,Rural,31-01,2,36411.0,7.148652325859193,4.0,8.04,11.66,
5232432,2016-10-05 09:06:00,3,660,4,Rural,85-03,4+5,3591.0,8.403271040733596,4.0,6.339,8.53,9.95
5232846,2016-10-05 17:09:00,3,141,2,Rural,1-d2,2,36308.0,8.587837542419974,1.0,15.79,21.95,
5233381,2016-10-06 20:43:00,3,22,1,Rural,000-600,2+5+6,3474.0,7.375925925679106,3.0,7.422,9.3,7.988
5236374,2016-10-12 13:51:00,2,510,4,Rural,1-c0,4,6222.0,6.4040017517939765,1.0,18.67,25.35,10.47
5237095,2016-10-13 17:37:00,3,12,1,Rural,41-15,2,31363.0,7.250113047868989,3.0,9.85,13.82,
5237631,2016-10-14 16:35:00,3,240,3,Rural,1-c7,4,6315.0,6.662371051727787,5.0,3.641,4.769,10.86
5237764,2016-10-15 00:15:00,3,910,7,Rural,503-01,2+4,31572.0,2.6102088052354917,5.0,1.482,2.744,
5238924,2016-10-17 12:04:00,1,240,3,Rural,41-21,2,1350.0,2.115216654510281,4.0,2.536,3.267,9.13
5239220,2016-10-17 20:47:00,2,440,4,Rural,43-01,2+5,31364.0,8.657208098478444,3.0,2.086,2.94,
5239771,2016-10-18 12:55:00,3,21,1,Rural,92-10,2+6,34087.0,3.374200308927704,5.0,8.75,13.92,
5240407,2016-10-19 12:22:00,3,11,1,Rural,43-01,2,31364.0,8.857319694367545,2.0,18.88,24.11,
5240843,2016-10-20 08:00:00,3,240,3,Rural,000-230,2,1350.0,1.4317578407726075,0.0,11.23,14.83,6.841
5241269,2016-10-20 19:40:00,2,26,1,Rural,85-03,0,3596.0,15.241932808955212,0.0,7.14,9.54,4.068
5242691,2016-10-23 16:29:00,3,22,1,Rural,61-31,2,2646.0,17.9147976985546,1.0,4.453,6.501,7.807
5242762,2016-10-23 19:41:00,3,60,9,Rural,000-103,3,1479.0,6.630569433054766,1.0,2.31,4.214,6.191
5242902,2016-10-24 09:04:00,3,21,1,Rural,39-01,2,31387.0,2.9997948771555327,4.0,6.339,10.09,
5243277,2016-10-24 16:44:00,3,11,1,Rural,76-01,4+5,3242.0,14.012967188419639,4.0,8.04,11.34,4.789
5243308,2016-10-24 18:30:00,3,11,1,Rural,1-d9,2,31488.0,4.431172838391022,0.0,0.513,1.274,
5243310,2016-10-24 18:38:00,3,141,2,Rural,1-d9,2,31488.0,4.446184269459543,2.0,1.159,2.254,
5243905,2016-10-25 10:18:00,2,11,1,Rural,36-11,4+6,31591.0,3.401096654057829,2.0,13.31,17.74,
5243642,2016-10-25 11:13:00,3,835,5,Rural,36-07,2,31591.0,0.06361422048503215,3.0,15.33,19.8,
5244123,2016-10-26 09:52:00,3,24,1,Rural,85-02,4+5,3591.0,9.266069957805543,2.0,0.881,2.287,2.201
5245203,2016-10-27 21:35:00,3,410,4,Rural,1-p4,4+5,3463.0,2.7813857672070426,5.0,10.09,13.79,3.924
5245206,2016-10-27 21:45:00,3,21,1,Rural,35-12,3+6+8,36519.0,21.147445761738872,5.0,5.591,7.74,
5245301,2016-10-28 07:24:00,3,12,1,Rural,82-02,2,33563.0,8.352148102558015,4.0,6.694,9.9,
5245381,2016-10-28 10:29:00,2,240,3,Rural,1-c5,4,6315.0,5.668153884210427,1.0,4.048,11.2,1.439
5246148,2016-10-29 17:15:00,3,11,1,Rural,1-f5,2,31579.0,1.5584597289924194,5.0,7.49,11.66,
5246438,2016-10-30 08:44:00,1,21,1,Rural,1-x6,3,5210.0,8.673096947910992,4.0,10.23,13.72,7.06
5246547,2016-10-30 16:41:00,3,11,1,Rural,1-v5,3,5544.0,15.82893263968736,1.0,12.88,16.9,6.943
5247411,2016-11-01 07:24:00,3,11,1,Rural,82-03,2,33563.0,0.7765409629753238,4.0,2.861,4.704,
5249770,2016-11-04 08:56:00,3,22,1,Rural,93-03,3+5,34175.0,3.8680631514544235,4.0,4.02,5.194,
5250100,2016-11-04 13:02:00,3,11,1,Rural,1-p1,3,33357.0,1.7647020188335598,2.0,1.029,1.764,
5250817,2016-11-06 00:43:00,3,24,1,Rural,51-02,0,31572.0,6.845772777168762,3.0,5.967,8.53,
5250984,2016-11-06 11:06:00,3,11,1,Rural,1-q3,3,3474.0,4.859315786325201,4.0,13.09,15.3,2.734
5251744,2016-11-07 17:13:00,3,26,1,Rural,3177-01,2+5,36308.0,1.1521574044137333,3.0,8.25,13.03,
5253829,2016-11-10 12:10:00,3,12,1,Rural,1-b9,4,36122.0,4.264778721991872,0.0,2.175,2.646,
5254044,2016-11-10 21:27:00,3,26,1,Rural,1-v1,3+5,35666.0,10.37683358432613,3.0,2.533,4.116,
5254158,2016-11-11 07:27:00,3,11,1,Rural,1-f6,2+5,31577.0,1.7301381474897257,3.0,21.17,32.83,
5254274,2016-11-11 10:48:00,2,410,4,Rural,1-b8,3,36122.0,2.026423532358567,2.0,16.29,25.28,
5254739,2016-11-11 17:47:00,3,991,6,Rural,1-v3,3,35666.0,7.5250542167738885,3.0,2.679,5.586,
5254936,2016-11-12 07:16:00,3,11,1,Rural,000-801,11,1496.0,2.254967089230341,4.0,13.12,15.58,-2.335
5255038,2016-11-12 15:01:00,3,24,1,Rural,1-g9,2+4,1779.0,6.903193391220352,1.0,8.96,11.96,3.765
5255076,2016-11-12 15:36:00,3,11,1,Rural,1-s5,2,34238.0,5.897502646526154,4.0,17.67,22.25,
5255502,2016-11-13 17:34:00,3,26,1,Rural,60-02,4,31985.0,1.6174550813159463,4.0,15.05,20.87,
5255572,2016-11-13 22:35:00,3,11,1,Rural,1-j1,0,32097.0,0.1521020280591277,5.0,12.64,15.97,
5256780,2016-11-15 12:38:00,3,923,6,Rural,1-d9,2+5,1490.0,4.659819815917318,2.0,12.11,15.71,0.237
5257180,2016-11-16 08:04:00,3,24,1,Rural,61-38,2+5,2646.0,4.6473151504973815,4.0,10.82,14.47,0.809
5257268,2016-11-16 09:53:00,3,923,6,Rural,41-15,2,31363.0,5.299741625678925,3.0,8.86,12.05,
5257402,2016-11-16 12:05:00,3,440,4,Rural,1-d8,0,31392.0,0.847249577438545,5.0,5.36,6.86,
5257993,2016-11-17 12:43:00,3,11,1,Rural,1-g3,4,1673.0,9.136001103954294,3.0,13.77,18.03,-0.579
5258002,2016-11-17 13:00:00,3,24,1,Rural,354-01,2,36411.0,12.233550390807592,0.0,9.18,16.17,
5259628,2016-11-20 19:21:00,3,11,1,Rural,1-s3,0,4830.0,9.74606855734468,1.0,9.31,12.15,-1.661
5260287,2016-11-21 21:13:00,3,70,1,Rural,1-v3,3,35666.0,15.777709317738632,3.0,3.198,7.35,
5261151,2016-11-23 09:05:00,3,130,2,Rural,000-230,0,1350.0,4.765163068184586,5.0,4.471,5.651,1.733
5261765,2016-11-23 18:58:00,3,11,1,Rural,1-x0,3,5544.0,12.91121348911591,2.0,2.827,30.47,0.419
5263588,2016-11-27 16:06:00,3,923,6,Rural,61-36,2,2646.0,9.62222603994484,4.0,5.592,10.03,6.486
5264413,2016-11-28 19:43:00,2,11,1,Rural,1-b0,3,36156.0,10.369806140403037,3.0,4.652,6.762,
5264854,2016-11-29 11:58:00,3,11,1,Rural,1-c2,2+5,6315.0,5.748437371018561,2.0,2.781,4.377,1.421
5264893,2016-11-29 12:36:00,3,11,1,Rural,1-y0,4,6499.0,2.769925133094173,4.0,1.39,3.234,1.415
5266197,2016-12-01 11:26:00,3,22,1,Rural,1-k4,4+5,33204.0,4.4556498982864925,4.0,6.237,9.02,
5266946,2016-12-02 14:59:00,2,36,1,Rural,1-b4,2+5,36049.0,0.6097347991648886,1.0,3.917,6.566,
5267525,2016-12-04 00:08:00,2,923,6,Rural,41-21,2+5,1350.0,1.37219896633654,2.0,9.11,11.27,7.826
5268377,2016-12-05 14:18:00,3,24,1,Rural,835-01,3+6,3477.0,1.0356913116514816,2.0,1.446,2.189,5.266
5269640,2016-12-07 10:38:00,3,11,1,Rural,1-p2,4+5,33357.0,12.54862376056399,2.0,4.242,5.88,
5273895,2016-12-11 11:00:00,2,875,5,Rural,000-641,0,3591.0,9.859801930485109,0.0,4.131,5.129,2.703
5273280,2016-12-12 23:38:00,3,11,1,Rural,41-16,2+5,31363.0,4.4138192962372145,2.0,4.524,5.39,
5273331,2016-12-13 07:20:00,3,141,2,Rural,41-16,2+5,31363.0,0.2805672674142427,0.0,19.2,28.22,
5275089,2016-12-15 17:36:00,3,142,2,Rural,41-13,2,31109.0,3.6764458984001527,4.0,10.54,17.54,7.3
5275956,2016-12-17 14:15:00,3,22,1,Rural,1-b7,4,36132.0,0.37494493696788833,5.0,10.77,13.72,
5276802,2016-12-19 11:27:00,3,11,1,Rural,1-a3,4,6272.0,14.254611249785219,3.0,7.063,9.96,-0.113
5277223,2016-12-20 01:07:00,3,11,1,Rural,39-01,2,31387.0,0.5597548261156521,3.0,11.78,19.21,
5277295,2016-12-20 08:53:00,3,121,4,Rural,41-15,2+5,31363.0,3.98475556006124,3.0,3.668,5.39,
5277498,2016-12-20 16:04:00,3,24,1,Rural,36-07,2,31591.0,3.4398428024847756,4.0,23.54,31.36,
5278091,2016-12-21 15:43:00,3,22,1,Rural,60-44,2+5,32533.0,2.0588331878492743,3.0,0.642,2.417,
5278432,2016-12-22 09:39:00,3,141,2,Rural,1-x1,3,5544.0,29.281988850632366,1.0,3.636,8.37,-2.792
5278602,2016-12-22 13:38:00,3,160,2,Rural,1-d8,2+5,31392.0,4.065770867571756,2.0,8.79,10.78,
5278615,2016-12-22 14:16:00,1,240,3,Rural,1-j1,2,32097.0,1.7602931777948432,4.0,12.78,15.88,
5278714,2016-12-22 19:24:00,3,22,1,Rural,1-d8,2,31392.0,5.142008645935063,4.0,10.12,12.94,
5279142,2016-12-23 15:23:00,1,11,1,Rural,1-t0,2,34175.0,20.22283884963896,3.0,13.93,17.74,
5279402,2016-12-24 16:58:00,3,11,1,Rural,000-541,11,33419.0,16.04764634577551,2.0,1.906,2.352,
5279405,2016-12-24 17:27:00,3,620,3,Rural,51-02,2,31572.0,9.283287611756473,3.0,2.666,3.92,
5279776,2016-12-26 12:05:00,3,21,1,Rural,61-38,0,2646.0,6.652010233739887,5.0,6.951,9.6,2.487
5280670,2016-12-28 01:11:00,3,26,1,Rural,1-c8,2+5,36308.0,4.5636576258784665,1.0,10.02,16.95,
5281023,2016-12-28 18:12:00,3,24,1,Rural,41-22,3,1350.0,2.3122245483840125,2.0,15.31,19.4,0.53
5281075,2016-12-28 21:57:00,3,24,1,Rural,41-22,2+5,1350.0,2.3348563571579626,3.0,15.36,19.53,1.571
5281257,2016-12-29 11:30:00,3,11,1,Rural,35-02,2+5,31399.0,9.204104736137639,0.0,10.5,16.46,
5281362,2016-12-29 16:50:00,3,11,1,Rural,54-02,3+5,1868.0,12.203571103890454,0.0,9.16,13.56,2.485
5281474,2016-12-29 23:45:00,3,945,6,Rural,1-f3,2,1479.0,0.840565036926632,5.0,9.33,14.14,-1.948
5281550,2016-12-30 08:11:00,3,21,1,Rural,1-a3,4,6272.0,9.621461854613388,1.0,1.808,3.005,-5.298
5281792,2016-12-30 15:03:00,3,22,1,Rural,65-01,2,32635.0,2.014855251902337,3.0,1.085,2.45,
5281991,2016-12-31 02:54:00,3,21,1,Rural,82-03,4,33563.0,1.136131510016435,4.0,6.313,9.02,
5282794,2017-01-02 10:39:00,2,70,1,Rural,1-d2,2,36308.0,5.6443563619434824,1.0,3.336,4.802,
5282863,2017-01-02 11:19:00,3,240,3,Rural,1-m1,4,33419.0,0.8416915459482287,1.0,7.99,12.84,
5283834,2017-01-03 21:14:00,3,12,1,Rural,35-03,2+5,36504.0,15.749564544693884,4.0,2.167,4.116,
5283823,2017-01-04 04:56:00,3,835,5,Rural,000-231,2+5,1350.0,1.933066348954947,4.0,7.122,9.08,1.657
5285884,2017-01-07 21:50:00,3,21,1,Rural,36-07,2,31591.0,2.993675850235406,0.0,12.18,21.27,
5287442,2017-01-10 14:48:00,3,240,3,Rural,41-22,2,1350.0,2.2813818610776155,2.0,4.274,5.292,-1.218
5287451,2017-01-10 14:58:00,3,141,2,Rural,1-j2,4,32097.0,11.473331059769404,2.0,0.936,1.666,
5287534,2017-01-10 16:35:00,3,21,1,Rural,1-q7,2+6,33487.0,5.311739451785876,5.0,0.978,1.764,
5287622,2017-01-10 21:37:00,3,12,1,Rural,1-m9,2,3242.0,4.930944931559732,3.0,8.47,11.53,-2.374
5288086,2017-01-11 21:10:00,3,940,6,Rural,1-k4,4+6,33204.0,3.916183565395994,0.0,9.61,12.15,
5288216,2017-01-12 08:56:00,1,240,3,Rural,43-01,2,31364.0,3.097125988889695,4.0,3.377,4.214,
5288669,2017-01-12 21:23:00,3,12,1,Rural,61-38,2+5,2646.0,5.220395238842393,3.0,1.882,2.385,-7.361
5289021,2017-01-13 14:11:00,3,22,1,Rural,1-g4,2,1673.0,0.5405827102243745,1.0,1.673,3.169,-3.817
5290694,2017-01-16 14:38:00,3,11,1,Rural,36-12,2+5,1479.0,5.398697326016441,2.0,7.42,13.0,0.758
5290757,2017-01-16 15:49:00,2,11,1,Rural,1-x8,3,35305.0,1.4874540894844086,1.0,1.698,3.136,
5290798,2017-01-16 17:54:00,3,923,6,Rural,1-d8,2+5,31392.0,1.8347883319062601,4.0,11.31,17.15,
5291046,2017-01-17 09:25:00,3,923,6,Rural,41-15,0,31363.0,10.316380792528125,5.0,3.155,4.606,
5291497,2017-01-18 01:30:00,3,26,1,Rural,99-01,3,5544.0,1.950555917284096,0.0,3.992,8.6,1.489
5291557,2017-01-18 07:50:00,3,22,1,Rural,1-g3,2+5,31572.0,10.264246657894756,0.0,6.184,9.31,
5291571,2017-01-18 08:21:00,3,620,3,Rural,1-f5,2+5,31579.0,3.511747392989078,1.0,4.493,7.25,
5291603,2017-01-18 09:28:00,3,990,9,Rural,35-08,3,36519.0,4.493854653547547,2.0,0.331,0.686,
5291821,2017-01-18 14:36:00,3,11,1,Rural,1-b1,4,36156.0,3.3620749806843793,4.0,7.338,11.76,
5291826,2017-01-18 14:39:00,3,12,1,Rural,54-02,3,1779.0,10.845910063080174,1.0,13.9,18.52,-1.66
5292347,2017-01-19 15:27:00,3,12,1,Rural,1-b4,4,36049.0,1.5600354705275845,3.0,10.98,15.97,
5292508,2017-01-19 23:21:00,2,240,3,Rural,1-h3,2+5,31985.0,14.507157822380432,1.0,3.574,4.41,
5293560,2017-01-22 09:57:00,3,12,1,Rural,1-g3,2+5,1673.0,4.574482141861452,3.0,6.53,7.74,2.844
5293582,2017-01-22 11:27:00,3,11,1,Rural,41-16,2+5,1350.0,9.238162233592943,3.0,3.675,4.606,2.074
5294582,2017-01-23 13:39:00,3,141,2,Rural,1-b5,0,6045.0,11.666003174593849,1.0,6.346,9.24,6.893
5295801,2017-01-25 00:07:00,3,26,1,Rural,96-07,0,35884.0,15.56440605533386,3.0,2.769,4.802,
5295246,2017-01-25 14:57:00,2,11,1,Rural,1-k7,2,33204.0,16.183324361911964,3.0,4.795,6.272,
5295820,2017-01-26 15:18:00,2,240,3,Rural,1-m9,0,3242.0,4.811260836381894,2.0,4.167,7.38,-0.864
5296074,2017-01-27 03:13:00,3,160,2,Rural,1-f5,2+5,31579.0,2.996523882229483,3.0,12.2,16.46,
5296111,2017-01-27 07:20:00,3,11,1,Rural,1-e1,2+5,31488.0,4.065386814839437,0.0,8.39,10.49,
5296345,2017-01-27 13:39:00,3,12,1,Rural,261-02,6,6222.0,4.813523110601043,1.0,0.0,0.0,0.392
5296743,2017-01-28 13:18:00,2,36,1,Rural,96-05,3,5975.0,14.39157946134446,2.0,6.189,8.95,1.01
5297512,2017-01-29 00:00:00,2,60,9,Rural,731-03,0,33431.0,7.632066854683401,0.0,5.928,9.31,
5297149,2017-01-29 12:08:00,3,650,4,Rural,92-04,3,5975.0,1.4679952691135132,2.0,0.721,1.797,-8.01
5297183,2017-01-29 14:39:00,3,240,3,Rural,35-02,2,31399.0,15.977191545269788,1.0,8.65,12.35,
5297217,2017-01-29 16:14:00,3,122,4,Rural,41-16,2+5,31363.0,7.3916812511235515,4.0,7.06,9.21,
5297609,2017-01-30 13:44:00,3,70,1,Rural,506-01,2,31572.0,10.479418069348377,4.0,11.39,16.66,
5297873,2017-01-30 23:44:00,3,12,1,Rural,1-m2,4,33419.0,3.4821015657200216,4.0,1.21,2.254,
5299371,2017-02-02 12:28:00,3,22,1,Rural,60-26,8,32365.0,1.1616258441860674,2.0,10.46,13.23,
5300198,2017-02-03 20:16:00,3,24,1,Rural,848-02,4+5,33394.0,12.896361253802123,4.0,7.77,9.21,
5302227,2017-02-07 14:55:00,3,22,1,Rural,939-01,3+6,35965.0,4.5457612598778,5.0,13.4,20.19,
5302275,2017-02-07 16:17:00,3,21,1,Rural,1-q3,3+5,3474.0,4.249473599303938,3.0,16.0,17.97,0.508
5304989,2017-02-12 17:06:00,3,240,3,Rural,1-g3,2,1673.0,9.933938438357565,4.0,8.53,11.24,6.318
5306129,2017-02-14 13:22:00,2,141,2,Rural,72-01,2,33204.0,6.073595108265698,2.0,1.633,2.45,
5306679,2017-02-15 10:09:00,2,22,1,Rural,1-c7,4,6315.0,5.9964774609938996,1.0,6.29,7.971,3.971
5307310,2017-02-16 10:36:00,3,60,9,Rural,1-v3,3,35107.0,12.007814883541153,4.0,2.596,3.724,
5309943,2017-02-20 13:27:00,3,11,1,Rural,85-01,2,33480.0,0.5259418471082049,3.0,0.96,1.666,
5310116,2017-02-20 18:47:00,3,22,1,Rural,1-g9,2,31882.0,6.248421393291202,3.0,2.753,4.802,
5310135,2017-02-20 20:02:00,3,11,1,Rural,518-02,2,6802.0,13.53875054560362,2.0,5.708,8.07,1.282
5310238,2017-02-21 01:04:00,3,11,1,Rural,1-k6,4+5,33204.0,8.42677559617175,4.0,0.436,0.882,
5310299,2017-02-21 06:48:00,1,240,3,Rural,41-15,2+5,31363.0,8.807314085478161,2.0,13.3,16.66,
5310870,2017-02-21 08:20:00,3,24,1,Rural,1-d2,2+5,36308.0,3.5965979705273448,0.0,12.76,15.88,
5310551,2017-02-21 09:58:00,3,11,1,Rural,1-g3,2,1673.0,8.15409626805791,2.0,14.1,20.48,1.445
5310789,2017-02-21 12:06:00,3,111,4,Rural,36-11,2,1590.0,6.689953505385729,4.0,16.24,29.54,-5.24
5311487,2017-02-22 11:15:00,3,660,4,Rural,1-e1,2,31488.0,1.2088056620897163,5.0,6.601,8.72,
5311912,2017-02-23 07:38:00,3,11,1,Rural,96-10,4,35884.0,2.0531632350400417,2.0,9.3,13.33,
5311992,2017-02-23 09:54:00,3,112,4,Rural,1-d8,2,31392.0,1.9232474787882894,4.0,3.211,3.724,
5312144,2017-02-23 12:47:00,3,240,3,Rural,54-17,4+5,31950.0,1.0912510636117096,3.0,8.53,13.13,
5312396,2017-02-23 20:40:00,3,11,1,Rural,82-03,4,33563.0,5.842153573025863,0.0,12.52,18.91,
5312638,2017-02-24 10:04:00,3,12,1,Rural,63-02,2+5,31122.0,2.9965428471425195,4.0,7.23,10.78,
5312860,2017-02-24 16:11:00,3,70,1,Rural,1-x9,4,6499.0,3.820102712517437,1.0,20.93,35.51,3.935
5313384,2017-02-25 20:39:00,3,111,4,Rural,43-01,2,31364.0,6.067744223291229,1.0,2.262,3.92,
5313776,2017-02-26 15:46:00,3,142,2,Rural,1-q6,4+5,33487.0,2.044687783482057,4.0,2.046,2.548,
5314009,2017-02-27 07:39:00,2,12,1,Rural,87-05,4+5,3596.0,13.74731653187358,1.0,4.071,4.639,-3.43
5314369,2017-02-27 15:54:00,3,410,4,Rural,1-b8,2,36122.0,2.0273658117062343,4.0,6.011,8.43,
5314994,2017-02-28 17:19:00,3,11,1,Rural,92-02,6,4275.0,4.207667113213723,1.0,10.37,12.23,-8.76
5315023,2017-02-28 18:18:00,3,26,1,Rural,34-03,2+5,31399.0,11.20116353645506,2.0,4.934,8.04,
5315107,2017-02-28 22:14:00,3,12,1,Rural,50-05,0,31882.0,3.321698321558013,4.0,4.605,6.174,
5316782,2017-03-03 09:12:00,3,240,3,Rural,1-f5,0,31579.0,0.5384569343246448,2.0,0.994,1.862,
5317244,2017-03-04 03:54:00,3,923,6,Rural,1-d8,2,31392.0,6.05559222426451,4.0,3.508,4.704,
5317705,2017-03-05 01:58:00,1,12,1,Rural,43-01,2,31364.0,4.506236652649393,2.0,1.932,4.41,
5318102,2017-03-05 20:19:00,2,240,3,Rural,41-15,2+5,31363.0,7.571867115998055,1.0,5.165,6.86,
5318681,2017-03-06 19:26:00,3,240,3,Rural,1-q3,4+5,3477.0,3.964831362467411,4.0,1.661,2.123,1.849
5322641,2017-03-12 21:47:00,3,410,4,Rural,412-02,2+5,31109.0,2.233119627046913,3.0,1.624,2.45,
5322693,2017-03-12 23:52:00,3,11,1,Rural,1-h2,2+5,31985.0,8.193296487413205,2.0,0.213,1.078,
5322745,2017-03-13 05:15:00,3,860,5,Rural,000-231,2+5,1350.0,2.0885656739226572,5.0,9.04,11.76,2.885
5322876,2017-03-13 10:27:00,3,12,1,Rural,35-02,2+5,31399.0,13.139402387117672,3.0,0.205,9.41,
5323300,2017-03-14 01:15:00,2,11,1,Rural,92-04,4,34073.0,4.33266745365244,5.0,0.622,1.568,
5324110,2017-03-14 14:22:00,2,11,1,Rural,1-x6,4,35315.0,10.413378172453742,2.0,6.297,15.88,
5326852,2017-03-17 18:23:00,3,330,4,Rural,30-04,2,36415.0,6.367523464017037,3.0,5.04,6.664,
5331168,2017-03-24 08:51:00,3,12,1,Rural,35-06,0,36415.0,5.338451091096296,1.0,8.06,11.96,
5332404,2017-03-25 10:36:00,3,12,1,Rural,45-01,2+5,1453.0,6.220725690011876,4.0,13.57,16.86,5.791
5338541,2017-04-03 06:38:00,3,12,1,Rural,1-u9,3+5,35769.0,6.294266980098927,2.0,4.779,7.742,
5338902,2017-04-03 15:08:00,3,660,4,Rural,41-21,2+5,1350.0,1.3648781689976077,2.0,8.91,11.99,1.295
5338971,2017-04-03 20:04:00,3,24,1,Rural,1-p1,3+5,33357.0,0.11439052604240323,4.0,14.09,18.13,
5339491,2017-04-04 14:59:00,3,240,3,Rural,82-05,4,33661.0,3.0880184567831663,1.0,8.05,21.66,
5339652,2017-04-04 20:15:00,3,21,1,Rural,1-k3,3+5,2197.0,3.4859949129311505,5.0,6.813,8.72,-1.74
5341192,2017-04-06 16:16:00,3,11,1,Rural,76-11,0,33751.0,2.976863844729451,4.0,8.55,12.45,
5342404,2017-04-08 13:15:00,2,22,1,Rural,1-a4,3,6272.0,9.58918149354358,5.0,4.511,5.684,4.783
5344120,2017-04-10 21:28:00,3,26,1,Rural,1-m5,2,33431.0,0.4884657804223671,2.0,4.677,6.86,
5345564,2017-04-12 23:27:00,3,11,1,Rural,1-a6,2+5,36270.0,2.2794905354021164,3.0,3.269,5.194,
5346344,2017-04-14 13:35:00,3,11,1,Rural,50-03,4+5,1779.0,10.347405485486847,5.0,6.381,9.57,-0.001
5347982,2017-04-15 13:56:00,2,12,1,Rural,427-06,0,31380.0,13.684022187945093,4.0,8.8,12.54,
5347369,2017-04-16 15:33:00,3,410,4,Rural,1-b8,4,36122.0,2.0363612341179382,3.0,4.247,7.252,
5347730,2017-04-17 11:17:00,3,240,3,Rural,1-g4,2+5,31674.0,1.0995391260544853,3.0,25.31,37.14,
5347943,2017-04-17 17:11:00,3,11,1,Rural,54-12,0,1938.0,3.3535477421209268,1.0,27.12,38.15,3.614
5349615,2017-04-19 19:44:00,3,24,1,Rural,1-j1,4+5,32097.0,1.0018666156544875,4.0,22.99,28.91,
5349919,2017-04-19 21:56:00,3,22,1,Rural,60-30,0,32355.0,2.994356594174411,4.0,15.72,21.85,
5351629,2017-04-23 16:55:00,3,21,1,Rural,000-102,3+6,31109.0,4.225662460690667,5.0,3.844,7.056,
5354492,2017-04-26 18:51:00,3,11,1,Rural,1-a9,4,36156.0,15.40718176657176,1.0,9.89,13.13,
5356333,2017-04-29 14:37:00,3,211,3,Rural,1-q5,2,3474.0,8.482416174737237,3.0,9.01,10.97,1.863
5357036,2017-04-30 18:31:00,3,22,1,Rural,1-q9,2,33394.0,0.8794359976494415,1.0,9.05,11.76,
5360202,2017-05-03 18:45:00,3,22,1,Rural,528-01,3,31985.0,9.244293074370141,5.0,12.5,14.8,
5358949,2017-05-03 19:13:00,2,70,1,Rural,000-103,3+6+8,1479.0,1.989667501397053,3.0,7.4,13.39,13.53
5363585,2017-05-04 08:04:00,3,330,4,Rural,45-01,0,1453.0,4.552860198227235,4.0,9.03,12.45,8.12
5362523,2017-05-04 08:25:00,3,26,1,Rural,60-22,0,32372.0,8.780685015530093,5.0,0.729,2.156,
5360653,2017-05-04 16:51:00,2,1094,5,Rural,000-270,0,1479.0,2.6313745844273777,1.0,8.16,10.36,11.09
5363269,2017-05-08 01:07:00,3,24,1,Rural,1-m8,0,33451.0,5.024619115489742,3.0,0.723,1.47,
5362745,2017-05-08 18:59:00,3,12,1,Rural,41-15,2+5,31109.0,9.890848062165132,1.0,3.724,5.88,
5364093,2017-05-10 19:28:00,3,26,1,Rural,93-03,3+5,4182.0,4.028846762798071,2.0,9.63,14.24,3.853
5364135,2017-05-10 21:29:00,3,11,1,Rural,1-g3,0,1673.0,1.986884413927003,1.0,22.81,37.24,4.604
5364957,2017-05-11 19:17:00,3,240,3,Rural,92-10,2,34087.0,5.389475127026083,3.0,7.48,16.56,
5366018,2017-05-13 10:54:00,3,1094,5,Rural,42-02,0,31365.0,14.254285091944382,4.0,5.634,12.74,
5367670,2017-05-15 17:47:00,2,21,1,Rural,1-b4,0,36049.0,2.3240783737523967,3.0,20.07,30.38,
5368013,2017-05-15 18:20:00,2,22,1,Rural,1-k8,0,3223.0,14.94971180054023,0.0,8.01,11.37,13.13
5368394,2017-05-16 13:25:00,3,24,1,Rural,512-01,0,1689.0,13.776070511285083,5.0,13.85,16.82,3.992
5368364,2017-05-16 15:05:00,3,21,1,Rural,643-07,3+6,2692.0,4.933139234164511,5.0,4.716,6.043,4.775
5370909,2017-05-19 23:46:00,3,270,3,Rural,48-01,0,1685.0,10.341494537970183,4.0,1.346,1.731,6.245
5371464,2017-05-21 12:16:00,3,11,1,Rural,361-01,2+5,31599.0,1.9851707678068533,4.0,6.06,10.29,
5371553,2017-05-21 15:55:00,3,650,4,Rural,33-01,2,31399.0,7.6716528225777125,5.0,3.393,6.37,
5372429,2017-05-22 14:01:00,1,1094,5,Rural,435-02,0,1496.0,7.324805873493297,1.0,14.4,18.52,8.2
5372562,2017-05-22 15:51:00,1,660,4,Rural,821-03,3+6,3371.0,7.494835672442697,1.0,1.19,2.385,15.33
5373563,2017-05-23 20:48:00,3,11,1,Rural,36-06,2+5,31591.0,7.112265883367268,2.0,5.594,7.546,
5373880,2017-05-24 08:29:00,3,130,2,Rural,41-16,0,31363.0,4.882781306382324,1.0,4.557,5.488,
5374569,2017-05-25 02:31:00,2,130,2,Rural,1-d9,0,31488.0,3.830813136608204,1.0,6.825,8.92,
5375853,2017-05-26 20:21:00,2,26,1,Rural,1-h3,4+5,31985.0,13.97837549618324,1.0,0.839,2.352,
5376744,2017-05-28 08:50:00,3,12,1,Rural,1-a1,4,36386.0,0.7213252917886835,0.0,5.701,6.958,
5377137,2017-05-28 22:44:00,3,12,1,Rural,54-17,0,31950.0,1.7633883822987797,4.0,3.419,6.468,
5377391,2017-05-29 11:14:00,3,24,1,Rural,1-q0,2+5,3474.0,8.853023926962116,4.0,4.649,6.3,6.435
5379762,2017-06-01 12:17:00,1,11,1,Rural,1-x9,2,6499.0,4.195337653729941,3.0,12.69,19.67,14.27
5380216,2017-06-01 17:30:00,3,320,4,Rural,1-j1,0,32097.0,1.761459929113569,0.0,10.88,16.56,
5380169,2017-06-02 03:04:00,3,11,1,Rural,1-d9,2+5,31488.0,1.898124662785248,4.0,6.786,9.21,
5380182,2017-06-02 04:22:00,3,11,1,Rural,203-01,0,6272.0,2.459471347958091,2.0,5.087,6.893,8.75
5380935,2017-06-02 23:34:00,3,12,1,Rural,76-04,2,3433.0,19.6274837758142,4.0,2.062,2.679,5.748
5380943,2017-06-03 00:27:00,3,240,3,Rural,1-t1,2,34175.0,11.00153051622073,3.0,5.063,6.664,
5381107,2017-06-03 08:51:00,3,910,7,Rural,47-01,2,31577.0,3.4566372963898044,1.0,2.287,3.43,
5389044,2017-06-03 12:45:00,3,923,6,Rural,60-46,0,2636.0,0.6958916338037476,5.0,7.357,8.04,2.13
5382461,2017-06-05 13:45:00,3,11,1,Rural,85-03,2,3591.0,14.337886085151258,5.0,8.06,10.71,8.24
5382494,2017-06-05 14:49:00,3,141,2,Rural,41-13,2,31109.0,3.3275760788459996,1.0,4.492,7.154,
5382457,2017-06-05 16:17:00,2,923,6,Rural,41-15,2+5,31363.0,5.059808562957441,3.0,7.38,9.6,
5386357,2017-06-10 04:23:00,3,26,1,Rural,1-c8,2,36308.0,4.900316350652413,3.0,2.172,2.646,
5386550,2017-06-10 12:25:00,3,45,8,Rural,645-03,0,2480.0,9.731395131335288,5.0,8.07,9.6,8.45
5386782,2017-06-10 18:35:00,3,320,4,Rural,1-b8,0,36122.0,3.4711542231190147,5.0,3.991,5.684,
5387616,2017-06-12 08:04:00,3,11,1,Rural,61-36,2+6,2646.0,4.398797875245401,4.0,5.592,8.43,5.6
5389126,2017-06-13 18:47:00,3,141,2,Rural,1-p2,3+6,33357.0,14.914911156095563,3.0,5.635,6.958,
5389335,2017-06-14 02:13:00,3,11,1,Rural,54-20,0,31950.0,20.3462965752267,3.0,2.076,4.312,
5389656,2017-06-14 12:31:00,2,12,1,Rural,1-e1,2+5,31109.0,6.267019531365064,1.0,2.783,5.978,
5389879,2017-06-14 15:22:00,2,12,1,Rural,711-05,3+6,33419.0,19.808121886645566,2.0,12.51,15.19,
5390192,2017-06-14 20:52:00,3,11,1,Rural,1-d8,2+5,31392.0,4.268892441013853,2.0,6.893,9.41,
5390334,2017-06-15 08:04:00,3,22,1,Rural,63-03,2+3,2323.0,2.8950068657347585,4.0,5.762,8.82,11.12
5390414,2017-06-15 09:48:00,3,11,1,Rural,309-01,3+6,36308.0,8.83606128439972,2.0,2.951,4.508,
5390773,2017-06-15 12:02:00,3,70,1,Rural,4530-01,0,31579.0,4.73413540601329,2.0,2.743,3.92,
5390801,2017-06-15 14:26:00,3,660,4,Rural,85-05,3+5,3596.0,20.72838099304844,4.0,5.859,7.35,6.499
5390976,2017-06-15 18:06:00,3,12,1,Rural,1-q5,3+6,33480.0,8.89015748952567,4.0,4.341,5.586,
5390979,2017-06-15 18:18:00,3,923,6,Rural,426-01,2,31364.0,1.7298103403665055,2.0,0.545,1.47,
5391838,2017-06-16 15:53:00,3,240,3,Rural,1-k3,3+5,2197.0,7.76581064057047,3.0,5.963,7.12,8.19
5392336,2017-06-17 11:05:00,3,11,1,Rural,1-s2,2,34326.0,7.534647718477757,5.0,6.347,8.82,
5392404,2017-06-17 14:22:00,3,240,3,Rural,54-07,3,31948.0,8.896675400618578,2.0,5.745,7.84,
5393019,2017-06-18 15:19:00,3,410,4,Rural,1-m9,2+5,33451.0,4.8757778067412865,1.0,5.713,7.056,
5393014,2017-06-18 15:20:00,3,1095,5,Rural,47-01,2,31577.0,1.3173269916590793,0.0,1.999,3.528,
5395224,2017-06-18 16:10:00,3,945,6,Rural,41-16,2,31363.0,6.580074496781225,0.0,8.04,10.68,
5393085,2017-06-18 17:16:00,3,11,1,Rural,1-f6,2,31577.0,0.09297349442602869,4.0,3.033,4.998,
5395690,2017-06-21 16:21:00,3,410,4,Rural,54-08,2,31840.0,8.976477709255782,1.0,5.791,7.35,
5397357,2017-06-24 03:30:00,2,923,6,Rural,60-47,4+5,2641.0,1.4939786792916712,0.0,5.294,11.07,3.948
5397402,2017-06-24 09:26:00,3,12,1,Rural,1-e1,2,31488.0,2.1736279722671115,4.0,6.971,10.09,
5398239,2017-06-24 23:15:00,3,11,1,Rural,85-03,0,3591.0,14.238626579836778,5.0,2.904,4.247,4.673
5397999,2017-06-25 11:30:00,2,1094,5,Rural,54-06,0,31958.0,2.149418253202701,0.0,3.15,5.586,
5398057,2017-06-25 15:26:00,3,22,1,Rural,58-01,3,31950.0,8.549159224155161,4.0,4.207,6.468,
5398059,2017-06-25 15:28:00,2,45,8,Rural,359-01,2,36415.0,2.6456475813666014,2.0,7.758,10.09,
5398160,2017-06-25 18:55:00,2,45,8,Rural,50-01,2+5,1779.0,3.154657520363687,5.0,2.16,3.822,16.71
5398268,2017-06-25 21:54:00,3,11,1,Rural,60-07,0,2175.0,11.023091801901524,4.0,5.409,7.48,7.71
5398902,2017-06-26 16:14:00,2,22,1,Rural,1-t7,3+6,35965.0,2.22277990901957,4.0,5.53,7.74,
5400484,2017-06-28 16:08:00,2,45,8,Rural,30-08,3+6+8,36519.0,2.155682446870571,2.0,2.447,4.9,
5400668,2017-06-29 05:53:00,3,26,1,Rural,427-04,0,31365.0,2.253945318540997,3.0,3.386,4.018,
5401072,2017-06-29 16:32:00,1,240,3,Rural,1-p2,2,33357.0,16.00983682733067,2.0,1.4,2.646,
5401357,2017-06-30 04:57:00,3,923,6,Rural,1-f8,2,31572.0,4.344746653317916,3.0,4.322,7.546,
5403304,2017-07-02 17:19:00,2,56,9,Rural,F208-03,6+11,6459.0,17.44761299916143,1.0,3.215,4.573,8.63
5405813,2017-07-04 20:00:00,3,45,8,Rural,1-v4,8,35666.0,16.691107402648296,0.0,6.708,8.72,
5406432,2017-07-07 15:11:00,2,240,3,Rural,65-01,4+5,2636.0,2.661083393959991,1.0,5.244,7.123,4.18
5406398,2017-07-07 15:19:00,3,22,1,Rural,96-08,3+5,5885.0,4.3895862175838065,1.0,3.569,4.998,9.25
5406677,2017-07-07 22:27:00,2,1094,5,Rural,000-601,0,3463.0,10.851274062497625,3.0,3.505,4.508,9.14
5407263,2017-07-08 19:07:00,2,1094,5,Rural,35-04,0,36411.0,1.8910481061682467,3.0,1.962,3.92,
5409079,2017-07-11 00:08:00,3,130,2,Rural,41-17,2,1350.0,6.673555039955629,2.0,5.489,7.285,8.75
5409390,2017-07-11 10:13:00,3,60,9,Rural,8221-01,5,33357.0,19.461491812461468,3.0,5.207,7.74,
5410863,2017-07-12 20:27:00,3,270,3,Rural,523-03,0,6802.0,4.393040621805309,3.0,6.959,10.88,12.84
5412219,2017-07-14 21:01:00,2,22,1,Rural,61-03,2,2481.0,1.9614917758948571,1.0,1.955,2.777,10.02
5414084,2017-07-17 19:41:00,3,12,1,Rural,38-01,2+5,31392.0,7.310528225653438,1.0,7.37,10.49,
5414722,2017-07-18 15:13:00,3,12,1,Rural,848-02,3+5,33394.0,13.06708615002494,3.0,12.27,16.66,
5416557,2017-07-20 17:37:00,3,11,1,Rural,864-03,0,4614.0,14.820638129253341,3.0,4.937,8.07,17.83
5417698,2017-07-22 13:32:00,3,22,1,Rural,59-02,3+6+8,32190.0,1.0805160040977277,2.0,5.975,8.72,
5417765,2017-07-22 16:29:00,3,11,1,Rural,845-01,3+5,33487.0,7.017243065488388,1.0,2.891,6.566,
5418142,2017-07-23 06:00:00,2,12,1,Rural,96-02,2+5,5975.0,1.5402907822628527,0.0,0.868,1.372,8.18
5418283,2017-07-23 15:31:00,3,240,3,Rural,82-02,4,33563.0,9.170562529268862,1.0,4.654,8.13,
5418815,2017-07-24 13:01:00,2,22,1,Rural,1-v9,0,5544.0,11.800250263597919,1.0,3.02,4.406,12.34
5419197,2017-07-25 01:45:00,3,11,1,Rural,1-h2,2+5,31985.0,8.033659881667989,5.0,2.711,3.136,
5420143,2017-07-26 07:10:00,3,11,1,Rural,93-02,2+5,34175.0,3.2047003548642836,0.0,5.217,6.86,
5421532,2017-07-27 09:49:00,2,12,1,Rural,1-x1,0,5544.0,24.832887580862735,1.0,11.13,13.54,13.23
5421605,2017-07-27 14:49:00,3,211,3,Rural,35-01,2+5,31399.0,6.5253458322287,1.0,8.59,12.05,
5421822,2017-07-27 15:16:00,3,11,1,Rural,42-02,3+8,31475.0,12.39617862145583,4.0,6.433,10.29,
5422594,2017-07-28 12:42:00,3,22,1,Rural,55-02,0,31958.0,16.884913928542222,2.0,15.64,23.42,
5422898,2017-07-28 19:19:00,3,1094,5,Rural,1-p6,0,3463.0,7.386612166044262,1.0,2.719,3.789,10.17
5423720,2017-07-30 00:32:00,3,11,1,Rural,767-01,0,3433.0,16.96298055839183,2.0,9.42,12.09,8.78
5424324,2017-07-30 15:44:00,2,45,8,Rural,60-02,0,31985.0,1.1086089418398681,4.0,9.3,11.86,
5424288,2017-07-30 19:00:00,3,12,1,Rural,1-x5,4,35315.0,1.1531803037119934,0.0,2.003,4.508,
5425208,2017-07-31 20:37:00,3,45,8,Rural,47-11,2,1685.0,0.7765126742667822,3.0,5.509,6.893,12.23
5425831,2017-08-01 14:22:00,3,22,1,Rural,612-03,0,2315.0,10.395390006158747,2.0,1.557,3.757,12.03
5426654,2017-08-02 12:57:00,3,141,2,Rural,254-01,3,36122.0,7.091497918008181,3.0,3.431,4.312,
5426695,2017-08-02 13:31:00,3,12,1,Rural,76-06,2,33643.0,17.013426595162993,1.0,4.696,6.37,
5426910,2017-08-02 16:50:00,2,320,4,Rural,26-09,4,6546.0,4.463275352691188,0.0,4.036,7.187,13.07
5428723,2017-08-03 15:28:00,3,11,1,Rural,1-s5,0,34238.0,9.067726050768746,2.0,3.249,5.096,
5427622,2017-08-03 16:57:00,3,240,3,Rural,50-01,2+5,1779.0,2.1897140975936304,3.0,4.226,5.423,12.39
5428214,2017-08-04 07:24:00,3,320,4,Rural,1-b5,3,6134.0,12.151067055312762,4.0,0.784,1.339,10.23
5428680,2017-08-04 07:47:00,3,240,3,Rural,1-g1,0,31572.0,3.073266170140442,3.0,1.564,2.646,
5428611,2017-08-04 16:56:00,3,11,1,Rural,61-33,2+5,2646.0,8.994071323494254,4.0,6.101,7.448,11.15
5428897,2017-08-05 01:04:00,3,11,1,Rural,520-02,3+6,1679.0,10.381943162440583,4.0,1.917,2.45,6.647
5430560,2017-08-07 12:59:00,3,111,4,Rural,61-24,4,32474.0,4.921501013765067,1.0,4.658,7.06,
5430760,2017-08-07 16:30:00,3,1095,5,Rural,1-d8,0,1490.0,3.5725316851509143,0.0,6.907,9.11,9.92
5430911,2017-08-08 00:55:00,3,11,1,Rural,1-p3,0,3463.0,17.791416591649156,5.0,1.759,2.254,8.41
5431605,2017-08-08 15:12:00,3,141,2,Rural,41-13,0,31475.0,0.2960842183207176,2.0,3.249,5.488,
5431626,2017-08-08 15:16:00,2,11,1,Rural,768-01,0,3433.0,21.01840130709324,4.0,9.02,13.36,10.02
5431886,2017-08-09 07:28:00,3,11,1,Rural,503-01,2,31572.0,2.0755512201682316,2.0,6.052,8.43,
5432938,2017-08-10 09:21:00,3,685,4,Rural,000-231,3+5,1350.0,2.062420969257578,1.0,7.571,10.09,10.15
5433329,2017-08-10 17:06:00,3,142,2,Rural,30-04,2,6420.0,5.134127604466501,4.0,6.614,10.0,15.11
5433543,2017-08-10 22:01:00,3,11,1,Rural,1-d6,2+5,31399.0,3.2085967838665534,1.0,5.63,10.29,
5434152,2017-08-11 13:58:00,3,12,1,Rural,818-01,3+8,3463.0,7.829779315088366,2.0,7.46,10.16,10.81
5434636,2017-08-11 15:58:00,3,160,2,Rural,1-P3,3+5,3463.0,18.470563859874133,2.0,7.06,10.39,9.27
5434732,2017-08-12 12:15:00,3,1094,5,Rural,000-103,0,31109.0,4.054754614177075,5.0,3.915,6.174,
5435430,2017-08-13 11:12:00,3,22,1,Rural,58-01,0,31950.0,6.485849806890365,2.0,4.444,5.978,
5435725,2017-08-14 09:14:00,3,22,1,Rural,F985-01,0,5544.0,26.89228446587937,4.0,0.871,1.285,10.53
5436185,2017-08-14 13:28:00,3,24,1,Rural,41-15,2+5,31363.0,7.569049985987042,2.0,4.598,6.566,
5436271,2017-08-14 16:52:00,3,21,1,Rural,45-01,0,1350.0,5.671269773636956,2.0,3.759,5.945,11.21
5437422,2017-08-15 19:01:00,3,22,1,Rural,000-641,3+6+8,3591.0,13.304716470361758,1.0,2.336,5.553,13.16
5437434,2017-08-15 19:40:00,2,1094,5,Rural,000-103,0,1590.0,1.6202178432046666,0.0,2.811,3.73,6.06
5437838,2017-08-16 10:32:00,3,11,1,Rural,61-24,2+5,32474.0,7.581542679330081,2.0,6.243,7.84,
5438230,2017-08-16 17:11:00,2,1094,5,Rural,1-q7,0,33487.0,5.297192303892954,1.0,4.005,5.684,
5439247,2017-08-17 19:57:00,3,45,8,Rural,435-00,0,31109.0,6.206016323328111,3.0,2.763,5.39,
5440110,2017-08-18 13:52:00,2,45,8,Rural,60-36,0,2428.0,16.35515545730047,2.0,3.859,7.71,11.02
5440693,2017-08-19 18:11:00,2,111,4,Rural,1-p4,3+4+5,3463.0,3.234959363570394,1.0,7.48,10.42,8.66
5441092,2017-08-20 03:53:00,3,12,1,Rural,1-p4,3+5,3463.0,2.6289224585055577,3.0,1.023,2.842,3.809
5441343,2017-08-20 12:50:00,2,45,8,Rural,F821-07,3,6975.0,19.785413049956542,0.0,4.717,6.762,5.42
5441731,2017-08-20 14:49:00,2,1094,5,Rural,412-02,0,31475.0,1.0225459601432603,1.0,3.495,5.488,
5441577,2017-08-20 20:08:00,3,141,2,Rural,1-e2,0,31109.0,4.81259923872784,2.0,1.534,2.352,
5443469,2017-08-22 16:21:00,3,26,1,Rural,852-01,0,3591.0,14.756115721785115,1.0,7.413,9.83,12.42
5443511,2017-08-22 19:15:00,2,1094,5,Rural,000-102,0,31488.0,5.071530419525093,5.0,3.075,4.214,
5444451,2017-08-23 20:21:00,3,923,6,Rural,36-11,2+5,1590.0,4.304453403369096,1.0,4.258,5.162,10.11
5445151,2017-08-24 11:56:00,3,12,1,Rural,50-03,0,31882.0,11.08293995115336,4.0,1.822,4.41,
5446811,2017-08-26 11:33:00,3,45,8,Rural,000-801,6+11,6430.0,9.767468608339286,3.0,7.755,14.08,12.02
5447943,2017-08-28 15:04:00,2,11,1,Rural,862-01,6+8+11,34413.0,9.02502029728062,4.0,5.321,7.15,
5451160,2017-08-31 18:26:00,3,26,1,Rural,76-06,0,33643.0,17.074439138877217,4.0,9.68,13.33,
5451864,2017-09-01 17:35:00,3,11,1,Rural,1-n1,0,33357.0,11.644028474857969,5.0,7.51,12.35,
5452943,2017-09-03 11:28:00,3,11,1,Rural,429-02,0,1350.0,5.434972383589781,2.0,6.458,8.07,12.43
5453168,2017-09-03 21:36:00,3,26,1,Rural,26-06,6,6430.0,1.6085579566138202,4.0,2.383,4.181,12.14
5454225,2017-09-05 07:46:00,3,130,2,Rural,75-06,2,3433.0,2.769435732346107,4.0,2.905,4.116,9.2
5454867,2017-09-05 16:58:00,3,685,4,Rural,000-231,2,1350.0,2.1244560747911176,2.0,8.02,10.29,12.42
5455417,2017-09-06 12:35:00,3,12,1,Rural,94-04,3+6,34382.0,18.259972242623352,5.0,8.72,10.49,
5455458,2017-09-06 13:27:00,3,24,1,Rural,1-h4,3+5,32097.0,3.585253049148689,3.0,3.082,4.704,
5455638,2017-09-06 16:25:00,3,70,1,Rural,54-22,3+6,31985.0,20.639293470831817,5.0,1.985,3.724,
5456533,2017-09-07 18:17:00,3,11,1,Rural,59-11,3+6+8,2197.0,5.793164920423222,3.0,9.92,12.71,8.21
5457593,2017-09-08 23:06:00,3,22,1,Rural,745-08,3+6+8,33424.0,12.244501514706872,4.0,0.616,1.176,
5458277,2017-09-10 04:53:00,2,24,1,Rural,92-09,0,5981.0,2.3029500889760044,3.0,0.939,1.339,8.19
5459579,2017-09-11 10:17:00,3,24,1,Rural,35-13,6,6935.0,26.468943454770358,3.0,7.817,10.36,1.696
5461530,2017-09-13 16:02:00,3,12,1,Rural,427-12,0,31380.0,11.831197276420246,2.0,4.507,7.448,
5461502,2017-09-13 16:37:00,3,70,1,Rural,000-641,6+11,4500.0,15.337811941330537,3.0,9.96,13.3,5.055
5465825,2017-09-16 16:47:00,3,11,1,Rural,54-02,0,1779.0,7.95041040086605,3.0,5.418,9.9,15.1
5467040,2017-09-20 17:26:00,3,141,2,Rural,41-17,2+5,1350.0,8.063917340461346,4.0,2.707,3.365,8.17
5467748,2017-09-21 13:44:00,3,22,1,Rural,50-01,0,1779.0,2.6831825605840414,4.0,6.067,9.96,11.76
5470071,2017-09-25 10:26:00,2,26,1,Rural,85-25,2+5,34733.0,18.70763324782892,4.0,6.504,9.21,
5470619,2017-09-25 16:40:00,2,22,1,Rural,1-s4,3+5,34238.0,3.380264307787991,0.0,10.63,13.52,
5472551,2017-09-27 17:05:00,3,1094,5,Rural,76-15,0,33654.0,0.8330828206813488,5.0,2.445,4.9,
5474254,2017-09-29 18:26:00,3,12,1,Rural,1-g1,2,31572.0,9.16386605768393,4.0,8.54,12.45,
5474287,2017-09-29 19:30:00,2,24,1,Rural,F338-02,3+6+8,36519.0,23.07094123184108,0.0,6.507,9.02,
5475591,2017-10-01 17:41:00,3,160,2,Rural,41-16,0,1350.0,9.429455716578607,1.0,4.273,5.455,9.44
5475650,2017-10-01 20:17:00,3,910,7,Rural,48-01,2+5,1685.0,8.010645186930086,3.0,1.553,3.43,8.59
5475685,2017-10-01 21:28:00,2,11,1,Rural,1-s3,2+5,4830.0,8.830588041929538,2.0,0.304,1.176,5.116
5478695,2017-10-05 10:55:00,3,240,3,Rural,1-a4,4,6272.0,3.699210662572851,5.0,6.06,9.9,8.77
5480432,2017-10-07 09:23:00,3,60,9,Rural,711-05,0,33204.0,22.80159331247785,3.0,1.675,2.45,
5480926,2017-10-08 03:52:00,3,36,1,Rural,793-01,0,3752.0,2.1066152121660076,2.0,1.593,2.385,4.487
5480825,2017-10-08 04:29:00,3,11,1,Rural,1-h2,2,31985.0,8.107587826480358,1.0,4.787,6.076,
5481478,2017-10-09 09:33:00,3,11,1,Rural,846-02,0,33487.0,7.406867174536546,3.0,2.568,3.528,
5481783,2017-10-09 15:02:00,3,11,1,Rural,92-07,2,5981.0,1.888738176377425,2.0,4.597,7.45,9.28
5482518,2017-10-10 07:56:00,3,11,1,Rural,000-210,0,31475.0,5.0072133943494626,4.0,1.922,3.332,
5482522,2017-10-10 10:06:00,3,26,1,Rural,864-00,0,4323.0,2.862839763067018,4.0,2.978,5.031,4.027
5483400,2017-10-10 13:19:00,3,22,1,Rural,1-k3,4+5,2197.0,4.356337097183611,1.0,2.834,3.92,4.92
5484015,2017-10-12 09:22:00,3,11,1,Rural,93-03,0,4275.0,5.709498265843066,2.0,14.19,16.65,0.0
5486422,2017-10-15 13:52:00,3,11,1,Rural,1-s4,4+5,34238.0,7.780770647693736,2.0,4.298,5.684,
5486588,2017-10-15 20:29:00,3,11,1,Rural,85-31,3+6+8,4652.0,9.014291037231576,1.0,4.17,5.129,2.741
5486713,2017-10-15 22:29:00,3,12,1,Rural,85-27,0,4652.0,17.47902388018379,1.0,4.284,5.194,3.11
5487454,2017-10-15 23:04:00,2,923,6,Rural,1-v4,0,35666.0,16.518661451314752,4.0,2.635,3.332,
5486767,2017-10-16 07:22:00,3,923,6,Rural,412-02,2+5,31475.0,0.8317242770599578,2.0,0.854,1.372,
5486781,2017-10-16 08:01:00,3,26,1,Rural,82-01,0,3463.0,0.5968698589688215,1.0,0.782,1.568,0.596
5487118,2017-10-16 11:27:00,2,45,8,Rural,000-701,0,34081.0,0.5876681102209866,3.0,2.44,4.704,
5489224,2017-10-18 16:47:00,3,70,1,Rural,35-03,2+5,36411.0,10.164197415799704,3.0,9.27,15.88,
5489448,2017-10-18 17:06:00,3,11,1,Rural,41-15,0,31363.0,5.800979391570773,4.0,13.67,20.29,
5490106,2017-10-19 20:20:00,2,11,1,Rural,61-35,2,2646.0,6.266987574104505,0.0,1.433,4.475,7.424
5491198,2017-10-21 11:04:00,3,24,1,Rural,000-102,3+6,31475.0,4.5688106067522565,4.0,0.036,0.49,
5491777,2017-10-22 07:50:00,3,24,1,Rural,574-10,0,1924.0,4.569070865101304,0.0,1.859,2.483,4.473
5491920,2017-10-22 13:56:00,3,22,1,Rural,845-01,3+5,3591.0,6.286300419787981,4.0,0.255,0.751,5.601
5493121,2017-10-24 08:57:00,3,12,1,Rural,423-01,2+5,1350.0,4.046258093346911,3.0,0.972,1.372,3.629
5493704,2017-10-24 16:42:00,3,12,1,Rural,55-02,3+6,31958.0,17.094553899987176,2.0,8.6,16.37,
5494291,2017-10-25 12:16:00,3,24,1,Rural,717-01,3+6,33204.0,16.220632722289984,4.0,6.873,10.39,
5494372,2017-10-25 14:32:00,3,240,3,Rural,45-05,2+5,1350.0,6.125302397963413,2.0,2.231,2.875,8.09
5496184,2017-10-27 13:53:00,2,920,6,Rural,1-k3,0,2197.0,0.5639591212017002,3.0,9.92,12.35,8.59
5496612,2017-10-28 16:55:00,3,26,1,Rural,54-10,3+5+6,31931.0,6.064022110377282,5.0,3.006,6.272,
5496692,2017-10-28 17:35:00,3,240,3,Rural,000-270,2+5,1479.0,0.4985548703408574,5.0,7.09,11.04,5.176
5496687,2017-10-28 18:47:00,2,240,3,Rural,1-r3,0,4406.0,6.327256523463976,3.0,5.694,8.36,-1.019
5498284,2017-10-31 08:41:00,3,21,1,Rural,1-g9,2+5,31882.0,7.753732226260729,1.0,1.384,2.058,
5498485,2017-10-31 12:37:00,3,11,1,Rural,1-v8,0,5544.0,5.735473760506507,3.0,1.213,1.991,6.204
5498904,2017-10-31 21:54:00,3,22,1,Rural,42-01,0,31475.0,8.005383498223708,4.0,5.36,8.43,
5499023,2017-11-01 10:00:00,3,22,1,Rural,286-01,3,6310.0,7.776770825277918,0.0,2.813,3.92,0.836
5499592,2017-11-01 21:39:00,3,22,1,Rural,308-01,3+6,36308.0,12.465584077576114,1.0,3.042,4.018,
5500886,2017-11-03 13:47:00,3,12,1,Rural,85-04,0,3596.0,18.722476787902345,3.0,3.275,4.704,-5.154
5501636,2017-11-04 16:55:00,3,60,9,Rural,1-t5,0,34073.0,8.822272573557992,5.0,7.9,10.68,
5502963,2017-11-06 11:27:00,2,11,1,Rural,1-d8,2+5,1490.0,1.8015515700603548,3.0,5.813,8.62,0.742
5503681,2017-11-07 10:49:00,3,26,1,Rural,92-10,3+4+5,34087.0,6.137781573883481,1.0,3.105,5.978,
5503903,2017-11-07 23:26:00,3,26,1,Rural,000-103,0,31109.0,4.053667499807155,4.0,2.578,3.724,
5504668,2017-11-08 15:49:00,3,11,1,Rural,1-n0,0,33451.0,10.721797070267982,1.0,0.095,0.588,
5504704,2017-11-08 19:06:00,3,12,1,Rural,821-01,2,3474.0,12.294785883669867,4.0,10.18,12.53,-3.073
5506224,2017-11-10 22:01:00,3,923,6,Rural,76-15,2,33654.0,6.193532359054059,1.0,2.766,6.86,
5506613,2017-11-11 16:12:00,3,24,1,Rural,829-02,2,3371.0,5.288405551010248,2.0,1.247,1.797,-0.995
5507365,2017-11-13 08:34:00,2,12,1,Rural,43-01,0,31364.0,2.157362238160433,4.0,6.342,9.8,
5507414,2017-11-13 10:24:00,3,11,1,Rural,1-j2,4+5,32097.0,12.841484891961779,4.0,20.04,25.97,
5507848,2017-11-13 18:34:00,3,12,1,Rural,1-k9,0,33419.0,3.547763987565402,4.0,6.448,9.31,
5507883,2017-11-13 20:17:00,3,26,1,Rural,1-q5,3+4+5,3474.0,5.189683252864025,3.0,10.94,13.87,-1.775
5507976,2017-11-14 01:42:00,2,11,1,Rural,1-f5,2+5,31579.0,0.059744918797829505,2.0,1.845,3.92,
5508337,2017-11-14 09:20:00,3,923,6,Rural,41-17,2+5,1350.0,6.419356538967592,0.0,6.929,9.73,0.667
5508303,2017-11-14 13:14:00,2,240,3,Rural,1-b6,3,6134.0,11.603859321987038,4.0,7.491,10.22,2.823
5508378,2017-11-14 14:47:00,3,12,1,Rural,43-01,2+5,31364.0,5.300438001395095,3.0,3.622,8.13,
5509263,2017-11-15 17:33:00,3,240,3,Rural,1-a6,3,36270.0,0.9761378373706986,3.0,0.863,2.646,
5510062,2017-11-16 15:39:00,2,240,3,Rural,1-b4,0,6045.0,1.2058824084802675,1.0,2.346,3.169,-0.14
5511346,2017-11-18 15:39:00,2,410,4,Rural,92-08,2,5981.0,0.4127578866291686,1.0,5.716,7.61,0.895
5511623,2017-11-19 08:52:00,3,21,1,Rural,44-02,2+5,1350.0,3.432142847069263,2.0,2.047,3.332,-2.984
5511845,2017-11-19 17:03:00,2,11,1,Rural,54-09,0,1936.0,2.525342642479372,3.0,13.6,19.31,0.017
5512068,2017-11-20 11:00:00,2,211,3,Rural,35-01,2+5,31399.0,6.5180343651226655,0.0,9.85,14.21,
5512662,2017-11-20 16:10:00,3,270,3,Rural,1-q3,2,3474.0,4.9169636161814525,0.0,6.239,8.27,-8.14
5513079,2017-11-21 11:46:00,2,11,1,Rural,1-s1,0,34326.0,6.584502643604534,4.0,21.75,26.85,
5514095,2017-11-22 14:21:00,3,922,9,Rural,1-s2,0,4830.0,9.455712851507045,1.0,18.93,22.51,-2.888
5514905,2017-11-23 13:07:00,3,141,2,Rural,1-h4,0,32097.0,6.141541429268265,3.0,16.88,21.27,
5515496,2017-11-24 13:59:00,3,12,1,Rural,60-09,0,32179.0,4.288430003755023,1.0,8.98,13.13,
5515916,2017-11-25 14:13:00,3,12,1,Rural,1-u8,3,35884.0,2.3756419857903794,3.0,8.73,19.99,
5516436,2017-11-26 13:22:00,3,12,1,Rural,41-17,2+5,1350.0,7.3134014155650835,2.0,10.12,12.18,-1.45
5520147,2017-12-02 00:04:00,3,21,1,Rural,1-k5,4+5,33204.0,2.7909042902959307,4.0,11.24,15.88,
5520631,2017-12-02 18:36:00,3,12,1,Rural,823-01,2+5,3371.0,9.007239149028917,4.0,6.006,12.74,5.048
5521217,2017-12-03 18:16:00,3,11,1,Rural,60-04,2+5,2175.0,20.109024377732275,4.0,1.149,1.862,2.4
5522047,2017-12-04 19:48:00,3,11,1,Rural,1-g9,0,31882.0,8.429382738458223,2.0,1.212,2.254,
5522747,2017-12-05 14:26:00,3,21,1,Rural,503-01,0,31572.0,2.9812701791193934,4.0,0.0,0.0,
5522828,2017-12-05 21:02:00,3,141,2,Rural,43-01,2+5,1350.0,9.288792584921703,2.0,3.333,3.92,-3.286
5523649,2017-12-06 23:00:00,3,240,3,Rural,41-22,2+5,1350.0,2.108248609931345,0.0,12.24,16.73,-3.099
5525770,2017-12-10 13:16:00,3,160,2,Rural,1-g3,2,1673.0,3.039221558248295,4.0,7.22,13.43,-2.034
5526575,2017-12-11 19:09:00,2,12,1,Rural,74-01,4+5,33419.0,2.5409428098031674,1.0,8.44,11.76,
5526657,2017-12-11 23:23:00,3,945,6,Rural,51-02,0,31572.0,4.119553073309841,3.0,13.24,18.72,
5527149,2017-12-12 15:49:00,3,923,6,Rural,427-12,2+5,31387.0,14.293044096678113,1.0,3.625,4.802,
5527862,2017-12-13 15:28:00,3,12,1,Rural,1-m3,4,33431.0,15.130461142337632,2.0,8.0,9.51,
5528592,2017-12-14 17:16:00,3,12,1,Rural,1-x9,0,5544.0,11.856363638098502,4.0,6.389,8.43,-0.454
5528590,2017-12-14 20:50:00,3,12,1,Rural,75-03,0,3433.0,5.796579257997374,0.0,3.512,4.639,-1.75
5530434,2017-12-15 17:27:00,3,923,6,Rural,1-n1,2+5,33357.0,12.53168840997333,3.0,0.0,0.0,
5530445,2017-12-17 20:03:00,3,36,1,Rural,253-02,4+5,36122.0,8.172091930651355,3.0,6.841,9.41,
5530660,2017-12-18 09:50:00,3,22,1,Rural,986-01,3,5544.0,13.904861063603661,0.0,0.426,1.508,0.945
5532005,2017-12-20 10:00:00,2,240,3,Rural,30-04,0,6420.0,5.630303401233319,0.0,9.99,15.81,-0.416
5531928,2017-12-20 10:18:00,2,240,3,Rural,1-g1,2,31572.0,9.193621818545715,2.0,6.442,10.78,
5532166,2017-12-20 15:36:00,3,22,1,Rural,1-a4,3,6272.0,9.57023467632032,4.0,5.019,6.435,-0.202
5532274,2017-12-20 19:26:00,3,11,1,Rural,1-p4,2+5,3463.0,2.7407260932205992,4.0,12.24,15.78,-0.718
5532350,2017-12-21 01:25:00,3,240,3,Rural,000-101,2+5,1479.0,0.6998848015817186,5.0,6.571,10.98,0.491
5533160,2017-12-22 07:44:00,3,141,2,Rural,41-15,2+5,31363.0,8.908978367335706,4.0,8.85,11.96,
5533303,2017-12-22 10:16:00,3,22,1,Rural,1-a2,3,36386.0,1.5019727659053697,4.0,1.649,3.626,
5534321,2017-12-24 14:55:00,3,240,3,Rural,1-d6,0,31399.0,1.303230836632594,5.0,5.945,7.64,
5534374,2017-12-24 17:08:00,3,240,3,Rural,41-15,0,31475.0,8.02175414925297,2.0,4.333,6.664,
5534425,2017-12-24 23:54:00,3,945,6,Rural,41-15,2+5,31363.0,7.182945641196698,4.0,9.88,13.72,
5534520,2017-12-25 05:37:00,3,12,1,Rural,1-y6,0,35305.0,10.290873311068733,3.0,2.436,6.566,
5534921,2017-12-26 14:49:00,3,11,1,Rural,82-03,0,33563.0,1.8718818948767042,1.0,8.1,11.07,
5534983,2017-12-26 14:50:00,2,875,5,Rural,93-03,0,34175.0,1.8332529652891578,0.0,11.73,15.88,
5535439,2017-12-27 11:03:00,1,130,2,Rural,1-a6,4,36270.0,2.3277296875003097,3.0,4.702,7.546,
5535676,2017-12-27 19:36:00,3,12,1,Rural,1-m5,0,33431.0,6.129573517397239,4.0,3.346,4.018,
5535926,2017-12-28 11:55:00,3,130,2,Rural,61-02,4,2481.0,5.426855816944857,5.0,4.692,6.174,-5.725
5538519,2018-01-02 08:22:00,3,11,1,Rural,1-y8,0,6499.0,10.412701006184184,2.0,10.36,21.98,2.801
5539307,2018-01-03 09:35:00,1,240,3,Rural,1-f5,2+5,1578.0,2.6517806278893294,5.0,2.192,4.018,-3.873
5539603,2018-01-03 22:50:00,3,24,1,Rural,1-x8,4,5544.0,11.55437117027914,0.0,3.495,7.316,1.814
5540243,2018-01-04 15:31:00,3,21,1,Rural,209-02,0,6272.0,28.564867753211235,1.0,4.286,6.109,-4.47
5541465,2018-01-06 17:31:00,3,130,2,Rural,82-01,2,3463.0,2.6118542602191543,1.0,6.401,9.18,-2.224
5541886,2018-01-07 11:19:00,2,240,3,Rural,1-y5,4,5210.0,25.592891140674688,1.0,15.78,20.68,-0.605
5543846,2018-01-10 10:16:00,3,21,1,Rural,435-00,0,1479.0,6.025664756260254,4.0,3.047,5.227,3.241
5544233,2018-01-10 17:10:00,3,22,1,Rural,518-01,3+5,1881.0,14.763120878745436,0.0,1.487,3.136,1.432
5544262,2018-01-11 07:38:00,1,240,3,Rural,1-d2,2,6310.0,7.65419119278858,2.0,7.87,11.07,1.068
5544325,2018-01-11 09:51:00,3,11,1,Rural,1-x9,4,5544.0,11.267283702114643,1.0,2.537,3.004,0.336
5544432,2018-01-11 09:59:00,3,12,1,Rural,1-x5,4,5544.0,11.026456534153786,1.0,2.172,2.441,0.548
5544795,2018-01-11 13:52:00,3,12,1,Rural,1-p1,2,3371.0,26.5183409179067,2.0,2.887,3.626,1.432
5545881,2018-01-13 14:44:00,2,11,1,Rural,1-c2,4,6315.0,3.650950375013957,4.0,5.208,7.84,0.72
5545931,2018-01-13 16:50:00,3,240,3,Rural,429-02,0,1350.0,5.574259556296791,0.0,5.179,6.958,0.927
5545964,2018-01-13 19:56:00,3,240,3,Rural,39-01,2,1490.0,6.737280992311755,4.0,10.9,13.69,-0.119
5546426,2018-01-14 12:30:00,3,24,1,Rural,68-08,3,2390.0,4.385684316806544,0.0,12.67,15.42,-7.185
5546582,2018-01-14 16:13:00,3,11,1,Rural,204-01,4,6272.0,3.3163987323063875,3.0,6.524,10.45,-2.923
5547453,2018-01-15 18:25:00,3,22,1,Rural,1-k8,4,3223.0,19.696828091949044,5.0,11.09,14.86,-2.329
5547544,2018-01-16 07:46:00,3,620,3,Rural,82-01,4,3463.0,2.767816429444683,4.0,0.778,1.96,-3.986
5548350,2018-01-17 09:21:00,3,240,3,Rural,1-e1,0,1487.0,9.94614782592704,1.0,3.301,4.018,-6.771
5548520,2018-01-17 13:18:00,3,22,1,Rural,93-03,3+5,4182.0,4.365767991519622,2.0,0.537,1.47,-4.39
5549241,2018-01-18 22:11:00,3,21,1,Rural,1-u7,2,5885.0,6.602706275166749,1.0,6.323,10.0,1.181
5551359,2018-01-20 13:06:00,3,21,1,Rural,85-15,0,4828.0,27.13175568221754,4.0,5.993,9.15,-0.889
5550633,2018-01-21 11:59:00,3,12,1,Rural,1-n0,0,3242.0,10.095181246375244,1.0,1.01,3.005,-8.57
5550688,2018-01-21 16:40:00,2,12,1,Rural,365-01,2+5,6515.0,26.078512633643292,0.0,14.6,18.95,-0.29
5550776,2018-01-21 16:40:00,3,835,5,Rural,000-551,0,3433.0,5.098308884779033,0.0,0.327,1.47,-16.23
5551545,2018-01-22 12:59:00,3,26,1,Rural,1-b4,3,6045.0,7.438074369011122,1.0,16.14,24.24,1.201
5551410,2018-01-22 13:40:00,3,11,1,Rural,1-f6,2,1578.0,3.5532441314079,0.0,18.89,45.86,4.173
5553550,2018-01-25 11:00:00,3,923,6,Rural,1-d9,0,1490.0,4.5152125919588135,0.0,7.3,9.67,-5.312
5555234,2018-01-25 14:04:00,3,240,3,Rural,36-04,0,1590.0,21.248873673771527,4.0,6.273,8.66,-8.56
5553591,2018-01-25 17:25:00,3,12,1,Rural,1-s9,0,4275.0,27.378288492901046,5.0,14.26,16.24,-12.53
5554422,2018-01-26 19:47:00,3,240,3,Rural,95-01,3+5,4275.0,8.536713834109987,3.0,20.8,28.32,-3.204
5555353,2018-01-27 10:57:00,3,12,1,Rural,54-20,0,,,,,,
5555305,2018-01-28 14:31:00,3,11,1,Rural,41-16,2+5,1350.0,15.98234694855786,1.0,3.066,4.181,1.456
5555363,2018-01-28 18:05:00,3,240,3,Rural,1-b5,3,6045.0,11.715046515068986,5.0,2.417,3.201,0.834
5555397,2018-01-28 20:01:00,2,211,3,Rural,1-h4,3,6802.0,27.741167914727534,1.0,1.692,3.071,-0.519
5555590,2018-01-29 08:05:00,3,11,1,Rural,931-09,3+5,5960.0,10.777465432510068,5.0,8.34,10.29,-3.847
5556193,2018-01-29 12:53:00,3,36,1,Rural,35-02,2,6310.0,19.47874708347518,3.0,2.162,3.593,-2.635
5556630,2018-01-30 06:43:00,3,22,1,Rural,43-01,2+5,1361.0,2.901052712540244,3.0,11.43,14.37,-0.299
5557064,2018-01-30 16:16:00,2,945,6,Rural,41-22,2+5,1350.0,2.316159581202754,4.0,4.003,4.867,-0.62
5557867,2018-01-31 14:10:00,3,12,1,Rural,1-b0,4,,,,,,
5558510,2018-02-01 13:30:00,2,160,2,Rural,1-d8,2+5,1490.0,2.8933474784704654,0.0,13.55,16.69,-5.082
5558811,2018-02-01 15:47:00,3,685,4,Rural,844-01,3,3380.0,15.138890999206106,3.0,1.582,2.744,-4.776
5559500,2018-02-02 17:22:00,3,12,1,Rural,1-a8,4,6272.0,26.909210374388437,2.0,3.719,4.377,1.351
5560954,2018-02-05 08:21:00,3,22,1,Rural,351-01,3+6,6310.0,18.904616519399916,1.0,10.4,16.04,-1.151
5561644,2018-02-05 13:40:00,3,945,6,Rural,43-01,0,31364.0,2.5349527321840655,0.0,3.489,8.04,
5563769,2018-02-07 16:56:00,2,160,2,Rural,1-f3,2+5,1479.0,0.39433797193523734,4.0,7.8,12.45,-1.12
5564459,2018-02-08 09:14:00,3,11,1,Rural,42-02,2+5,31365.0,16.947376177858914,4.0,10.31,15.97,
5564337,2018-02-08 09:55:00,2,240,3,Rural,54-04,3+5,1868.0,12.94708691165366,5.0,3.113,3.953,-3.384
5564957,2018-02-08 11:30:00,3,21,1,Rural,1-h4,4+5,32097.0,5.532300103904571,0.0,6.917,8.72,
5564834,2018-02-09 08:34:00,3,923,6,Rural,41-15,0,7475.0,16.74681868136746,4.0,0.021,0.021,-2.807
5565257,2018-02-09 16:08:00,3,151,4,Rural,60-09,3+8,32179.0,10.034281775110738,2.0,1.166,2.744,
5565623,2018-02-10 14:06:00,3,160,2,Rural,1-d8,4,1490.0,3.0878686537864883,4.0,18.44,23.13,-5.417
5565671,2018-02-10 17:12:00,3,142,2,Rural,1-h2,5,32097.0,19.45416121629874,2.0,21.95,27.15,
5566198,2018-02-11 14:37:00,2,160,2,Rural,41-16,0,31365.0,17.58931296008087,3.0,10.84,20.19,
5566171,2018-02-11 14:55:00,3,240,3,Rural,85-02,1,3591.0,7.642425116137696,5.0,4.868,7.056,-5.549
5566766,2018-02-12 14:55:00,3,26,1,Rural,1-v9,3,35769.0,7.82356438020643,5.0,1.52,2.156,
5567250,2018-02-13 10:58:00,3,21,1,Rural,1-d2,2+8,6310.0,9.710920117882095,2.0,1.577,2.287,-3.9
5567621,2018-02-13 17:23:00,2,240,3,Rural,1-d2,0,6310.0,18.42332487175873,3.0,5.029,5.39,-5.823
5568921,2018-02-15 15:05:00,3,240,3,Rural,93-03,3+5,4275.0,4.376932841134629,5.0,7.185,11.16,-2.643
5569599,2018-02-16 12:45:00,3,923,6,Rural,1-f8,2,1578.0,5.879287128846049,5.0,7.73,10.62,1.084
5570452,2018-02-17 12:16:00,3,240,3,Rural,1-y8,0,6499.0,9.132040882075627,4.0,0.99,1.895,0.765
5570400,2018-02-17 18:36:00,3,24,1,Rural,1-f5,0,1479.0,5.8136674903742405,4.0,5.245,7.32,-1.87
5570426,2018-02-17 21:00:00,3,111,4,Rural,1-d8,2,1490.0,2.5552279003953497,0.0,6.696,7.64,-4.64
5570872,2018-02-18 12:34:00,3,11,1,Rural,56-01,0,31948.0,3.510301768271093,4.0,3.139,4.802,
5570993,2018-02-18 14:53:00,3,160,2,Rural,1-d8,2+5,1490.0,1.6947437032584103,3.0,14.69,17.38,-2.874
5571838,2018-02-19 16:02:00,3,923,6,Rural,54-15,0,31948.0,9.696826451313134,2.0,15.71,19.21,
5573293,2018-02-21 10:30:00,3,24,1,Rural,83-02,2+5,33576.0,2.8627612220540652,0.0,15.81,20.68,
5573892,2018-02-22 05:32:00,3,921,9,Rural,1-v9,3,35769.0,11.897080655501394,2.0,3.868,10.88,
5574364,2018-02-22 11:34:00,2,12,1,Rural,1-a7,4,6272.0,13.51810491709716,4.0,3.676,5.423,1.608
5574403,2018-02-22 16:29:00,3,240,3,Rural,1-g2,2,1673.0,10.426057156884006,1.0,14.7,20.45,-1.672
5574597,2018-02-22 19:50:00,3,11,1,Rural,1-g3,0,1673.0,6.406209652333358,0.0,10.43,13.16,-0.349
5574758,2018-02-23 09:05:00,3,945,6,Rural,41-16,2+5,31365.0,17.51893279131383,5.0,7.17,16.76,
5576142,2018-02-25 16:05:00,2,24,1,Rural,50-02,0,1779.0,4.996001857650764,5.0,16.33,25.51,7.47
5577274,2018-02-26 15:51:00,3,12,1,Rural,1-k7,4,3223.0,16.393413776141056,1.0,3.448,9.05,8.22
5580837,2018-03-03 10:44:00,3,45,8,Rural,000-103,0,1479.0,6.040326395632264,4.0,1.349,2.123,-0.355
5581605,2018-03-04 16:36:00,3,24,1,Rural,000-101,3+6+8,31109.0,4.424662249545064,4.0,5.635,9.7,
5581780,2018-03-04 19:48:00,2,240,3,Rural,85-02,0,3591.0,7.318649561018734,2.0,9.63,13.3,-3.835
5581923,2018-03-05 08:32:00,3,240,3,Rural,1-t7,0,5975.0,4.371308564152574,2.0,10.81,14.9,-2.389
5582771,2018-03-06 07:48:00,3,26,1,Rural,60-23,4,32372.0,2.0008381901867263,2.0,5.245,11.07,
5584566,2018-03-08 09:43:00,3,24,1,Rural,1-t1,2+5,34175.0,14.260134470748097,3.0,6.031,7.64,
5584886,2018-03-08 15:33:00,1,240,3,Rural,365-01,2+5,36504.0,3.0371936123808285,3.0,4.882,6.762,
5584913,2018-03-08 15:46:00,3,141,2,Rural,1-g3,2+5,1673.0,9.918169842055564,4.0,5.455,7.45,0.354
5585845,2018-03-09 15:40:00,3,122,4,Rural,41-13,2+5,31475.0,0.21095888892413564,0.0,3.859,5.978,
5586377,2018-03-10 11:46:00,3,923,6,Rural,41-17,0,1350.0,8.793984302875952,4.0,9.74,12.48,0.345
5587012,2018-03-10 13:48:00,2,280,4,Rural,92-10,4,34087.0,7.751338296428331,2.0,9.48,13.52,
5586653,2018-03-10 20:25:00,3,22,1,Rural,54-02,0,1779.0,7.326213687470392,5.0,3.445,4.867,-5.428
5587382,2018-03-10 20:33:00,2,11,1,Rural,26-07,0,6546.0,11.310972305914243,3.0,9.65,11.69,-10.28
5588914,2018-03-11 13:21:00,3,11,1,Rural,76-06,0,33643.0,16.119050820441498,1.0,14.57,19.01,
5588173,2018-03-12 17:24:00,3,70,1,Rural,54-10,2,31931.0,0.8560786189620029,4.0,6.137,11.07,
5589365,2018-03-13 15:47:00,2,12,1,Rural,1-a1,4,36391.0,3.347471009817963,3.0,11.51,13.92,
5593111,2018-03-18 19:08:00,3,11,1,Rural,54-04,3+5,31958.0,12.998220218031584,2.0,4.043,7.644,
5593800,2018-03-19 12:24:00,3,330,4,Rural,39-01,4,1490.0,4.443875475270267,4.0,2.456,3.43,2.429
5596328,2018-03-22 01:46:00,2,21,1,Rural,60-31,2+4,32355.0,6.776105097096667,4.0,3.053,5.586,
5597106,2018-03-23 07:45:00,2,12,1,Rural,704-02,3,3103.0,4.613630829041471,5.0,0.0,0.0,0.243
5597808,2018-03-23 19:10:00,3,12,1,Rural,1-g4,2+5,31674.0,3.702495827831961,0.0,6.433,10.58,
5598291,2018-03-24 15:36:00,3,142,2,Rural,41-22,2+5,1350.0,2.305797060488316,4.0,8.34,10.29,3.377
5598857,2018-03-25 13:59:00,3,142,2,Rural,1-f5,2+5,31579.0,0.9424040293674123,1.0,7.65,10.29,
5599179,2018-03-26 02:24:00,2,12,1,Rural,41-17,2+5,1350.0,8.486248478084674,4.0,9.56,13.26,3.775
5601881,2018-03-28 15:32:00,3,21,1,Rural,1-x9,3,5544.0,11.796238380219538,2.0,14.27,23.06,5.733
5603959,2018-04-01 02:02:00,2,11,1,Rural,1-c2,0,6315.0,3.7023985874207295,2.0,2.612,3.071,-0.061
5604116,2018-04-01 09:33:00,3,11,1,Rural,574-02,2,31931.0,12.106081023634598,3.0,3.608,4.41,
5604137,2018-04-01 10:26:00,3,11,1,Rural,1-u4,2+5,35985.0,3.1588907214471793,4.0,3.19,4.312,
5604290,2018-04-01 18:11:00,3,240,3,Rural,54-14,2,1938.0,2.0277947292948055,1.0,1.951,2.744,0.235
5605849,2018-04-01 22:43:00,3,26,1,Rural,1-h4,0,32097.0,4.812179828514387,3.0,2.873,3.724,
5604646,2018-04-02 12:34:00,2,240,3,Rural,43-01,2+5,31365.0,8.458416924580147,4.0,6.428,10.49,
5604650,2018-04-02 12:45:00,2,240,3,Rural,1-k9,4,33419.0,6.097713821782605,5.0,1.854,2.646,
5605740,2018-04-03 16:11:00,3,141,2,Rural,1-f8,2+5,31577.0,1.8772571239241505,1.0,4.84,7.252,
5607236,2018-04-04 19:47:00,1,11,1,Rural,1-b2,3,36049.0,7.915681347997451,3.0,12.41,17.74,
5607307,2018-04-04 21:54:00,3,21,1,Rural,61-38,0,2643.0,4.440361405452704,4.0,5.865,7.84,-0.22
5608793,2018-04-06 16:42:00,2,22,1,Rural,68-07,2,32390.0,9.472749708223906,2.0,5.412,8.62,
5609198,2018-04-07 13:03:00,3,240,3,Rural,54-05,3+5,31958.0,10.011806850276175,3.0,2.363,4.116,
5609329,2018-04-07 14:16:00,3,875,5,Rural,000-600,2+5,3474.0,11.232894475132426,4.0,2.207,3.3,-6.01
5609354,2018-04-07 15:52:00,3,240,3,Rural,51-01,0,31572.0,3.878108927914378,2.0,2.66,3.92,
5609959,2018-04-08 20:39:00,3,11,1,Rural,870-02,2+6,4912.0,19.001623557698238,1.0,0.0,0.0,-3.068
5611785,2018-04-10 10:28:00,3,11,1,Rural,1-z2,4,36391.0,1.520372068365886,2.0,1.525,2.94,
5614459,2018-04-13 18:33:00,3,11,1,Rural,000-301,0,31572.0,10.280458720368463,3.0,6.039,10.0,
5616570,2018-04-16 19:20:00,3,240,3,Rural,61-21,2,2481.0,4.988370778907923,0.0,3.124,5.227,8.74
5619479,2018-04-19 15:31:00,3,22,1,Rural,54-11,2+5,31932.0,1.9751208619587592,1.0,3.846,5.684,
5626854,2018-04-28 14:01:00,3,650,4,Rural,93-01,2+5,34175.0,5.391194124180859,1.0,3.586,4.508,
5627073,2018-04-28 20:10:00,3,22,1,Rural,85-33,0,4652.0,3.4067797460872455,0.0,3.331,4.345,2.322
5630098,2018-05-03 00:15:00,3,11,1,Rural,51-01,0,31572.0,1.6502086214354847,5.0,5.386,8.72,
5631781,2018-05-04 23:29:00,3,12,1,Rural,94-01,0,34175.0,8.948599220332301,1.0,14.98,19.21,
5634728,2018-05-09 09:51:00,3,12,1,Rural,420-01,0,31363.0,4.445035956930386,1.0,5.643,8.13,
5635049,2018-05-09 11:42:00,3,1094,5,Rural,000-210,0,31475.0,2.964785879463941,2.0,5.002,7.546,
5635495,2018-05-10 12:58:00,3,141,2,Rural,1-g8,0,1779.0,6.364335563705051,2.0,1.768,5.619,11.48
5637087,2018-05-12 18:26:00,3,320,4,Rural,75-02,3+5,3433.0,8.089145359502295,4.0,4.573,6.174,5.148
5637530,2018-05-13 09:52:00,2,45,8,Rural,425-02,0,1361.0,4.837088512821295,2.0,8.28,11.01,9.43
5637652,2018-05-13 18:53:00,3,12,1,Rural,50-01,0,1779.0,4.8495135828339055,3.0,3.243,4.639,5.78
5637655,2018-05-13 19:00:00,2,11,1,Rural,32-01,0,6420.0,4.155833116482101,0.0,3.73,5.553,10.4
5640581,2018-05-16 14:36:00,1,240,3,Rural,1-b9,4,36122.0,4.542320105352826,4.0,6.763,10.39,
5642998,2018-05-17 20:38:00,3,11,1,Rural,51-02,2+5,31572.0,5.047401825263278,2.0,10.44,16.07,
5642872,2018-05-18 19:19:00,3,45,8,Rural,000-103,0,1479.0,5.997503170232339,1.0,4.91,7.38,4.972
5643925,2018-05-20 17:15:00,3,70,1,Rural,61-02,0,2481.0,7.010321179276781,5.0,8.49,11.5,3.137
5645254,2018-05-22 17:29:00,3,11,1,Rural,1-g4,2,31674.0,0.868936131385416,1.0,15.28,29.99,
5648904,2018-05-26 14:59:00,3,11,1,Rural,000-701,6+11,34382.0,13.106787456597642,1.0,4.661,7.45,
5652187,2018-05-30 16:45:00,3,11,1,Rural,1-h4,0,32097.0,4.07682519730545,5.0,7.35,10.39,
5652443,2018-05-31 13:20:00,3,320,4,Rural,54-04,3+5,1868.0,4.687446632122372,0.0,4.337,6.272,7.07
5653805,2018-06-02 12:33:00,3,1095,5,Rural,92-09,2,5981.0,3.4140575586175803,3.0,2.55,3.136,12.0
5653948,2018-06-02 14:37:00,3,141,2,Rural,1-q3,0,33576.0,0.11386956510249577,3.0,6.403,10.88,
5653881,2018-06-02 14:52:00,3,11,1,Rural,37-04,2+5,6515.0,7.335766577455248,2.0,5.087,6.925,10.93
5654276,2018-06-03 03:01:00,3,11,1,Rural,302-01,0,36308.0,0.2345913610622251,1.0,2.778,4.214,
5654932,2018-06-04 02:26:00,2,12,1,Rural,85-04,0,3596.0,20.313022373765683,4.0,2.003,2.417,6.15
5655707,2018-06-04 19:23:00,1,240,3,Rural,1-f5,2,31579.0,0.5484115601955736,3.0,3.791,4.998,
5656748,2018-06-05 15:54:00,1,11,1,Rural,82-01,2,3463.0,5.550162165406709,4.0,3.633,4.573,15.58
5660399,2018-06-09 14:22:00,3,45,8,Rural,000-861,11,6424.0,7.645333506528563,2.0,5.042,6.043,11.7
26560,2018-06-11 18:08:04,3,141,2,Rural,41-15,0,31475.0,8.337879930514678,1.9333333333333333,1.395,2.548,
5661706,2018-06-11 20:05:00,3,12,1,Rural,30-01,2+5,36308.0,3.168061726282044,5.0,5.109,6.958,
5662486,2018-06-12 18:29:00,3,923,6,Rural,41-16,0,31363.0,0.9904639759858593,1.0,7.364,9.51,
5663172,2018-06-13 11:24:00,2,24,1,Rural,1-s8,0,34148.0,20.314322326909835,4.0,3.284,4.508,
5663247,2018-06-13 15:50:00,3,685,4,Rural,000-231,2+5,1350.0,2.104676863738438,0.0,2.6,3.855,9.59
5663202,2018-06-13 15:53:00,1,12,1,Rural,61-33,2+5,2646.0,13.969993131911338,3.0,3.818,4.475,9.6
5663260,2018-06-13 17:35:00,2,240,3,Rural,83-03,2+5,33563.0,13.766467269768532,5.0,5.678,8.82,
5664914,2018-06-15 06:47:00,3,11,1,Rural,1-q1,0,3474.0,6.336852386523329,3.0,9.66,12.77,-0.826
5665246,2018-06-16 02:36:00,3,22,1,Rural,612-02,0,2315.0,8.473193563732675,4.0,4.913,8.04,4.483
5665323,2018-06-16 04:48:00,2,11,1,Rural,1-p3,3+5,3463.0,14.235835270854897,2.0,1.087,1.633,-0.271
5666289,2018-06-17 14:14:00,3,410,4,Rural,30-01,2+5,6310.0,2.2897233570047044,4.0,1.747,2.842,10.84
5666524,2018-06-17 23:50:00,3,12,1,Rural,61-34,0,2646.0,10.796746726388623,0.0,5.029,7.709,6.322
5667574,2018-06-19 09:41:00,3,920,6,Rural,1-p5,3+5,3463.0,4.550977520453845,1.0,6.669,9.54,7.51
5669187,2018-06-20 20:31:00,3,12,1,Rural,54-04,0,31958.0,13.020368022775987,1.0,3.142,4.214,
5670380,2018-06-22 09:18:00,3,45,8,Rural,63-03,2+5,32322.0,2.357350936666691,2.0,17.77,21.85,
5672101,2018-06-24 13:29:00,3,45,8,Rural,3780-01,0,31392.0,6.918038510394191,1.0,4.805,6.762,
5681951,2018-06-25 16:08:00,1,11,1,Rural,000-541,3+11,33424.0,2.638819598773384,2.0,12.76,17.05,
5674973,2018-06-25 17:23:00,2,240,3,Rural,1-k8,4+5,3223.0,14.95123033329867,3.0,9.1,13.72,10.19
5679907,2018-06-27 10:43:00,3,60,9,Rural,54-02,0,1779.0,11.291471922877088,3.0,3.444,4.41,9.97
5675507,2018-06-27 11:45:00,3,142,2,Rural,1-g3,2+6,1673.0,9.269627146630686,5.0,4.339,5.619,10.29
5676147,2018-06-27 22:15:00,3,21,1,Rural,61-27,4,32654.0,18.919594503714816,5.0,6.419,8.92,
5676900,2018-06-28 17:36:00,2,45,8,Rural,76-09,0,33750.0,8.464647151468098,4.0,2.235,2.842,
5676901,2018-06-28 18:35:00,3,12,1,Rural,61-34,3,2646.0,6.795475474521954,5.0,1.842,2.646,12.09
5678045,2018-06-30 10:12:00,3,11,1,Rural,F946-03,3+8+11,4180.0,10.96642334716987,2.0,1.691,2.907,15.87
5678400,2018-06-30 23:48:00,3,21,1,Rural,85-12,0,4614.0,2.1516833539825195,2.0,3.192,4.769,8.48
5678727,2018-07-01 11:10:00,2,141,2,Rural,51-02,0,31572.0,7.928778579289685,0.0,1.056,2.254,
5678960,2018-07-01 19:23:00,3,320,4,Rural,1-b5,4,6045.0,4.7729171449487735,3.0,4.064,5.292,9.29
5681823,2018-07-04 15:20:00,3,24,1,Rural,360-02,0,31399.0,15.292821023611245,0.0,6.253,14.31,
5682912,2018-07-05 15:54:00,2,910,7,Rural,62-03,2+5,32224.0,8.424894368099942,4.0,7.589,9.31,
5685048,2018-07-08 16:06:00,3,12,1,Rural,82-01,3+5,3463.0,5.323227953908119,4.0,8.52,11.34,12.72
5686234,2018-07-09 12:13:00,2,410,4,Rural,54-12,0,1938.0,4.683181220321096,3.0,17.11,25.64,8.44
5686270,2018-07-09 18:50:00,3,111,4,Rural,1-a8,0,36270.0,14.66300006782253,0.0,8.39,11.86,
5690445,2018-07-14 17:39:00,3,12,1,Rural,359-01,0,36415.0,1.3728161495412985,1.0,0.59,1.862,
5691098,2018-07-15 18:18:00,2,11,1,Rural,41-17,2,1350.0,8.860142150118515,2.0,4.195,5.553,11.12
5691578,2018-07-16 10:39:00,3,11,1,Rural,F821-08,0,6975.0,18.87300416911312,1.0,9.87,11.86,5.732
5692097,2018-07-16 17:45:00,3,660,4,Rural,1-c7,4,6315.0,5.718668480655543,5.0,5.68,8.49,17.46
5692291,2018-07-17 07:48:00,2,1094,5,Rural,435-01,0,31488.0,5.421755459849195,2.0,2.58,3.528,
5695074,2018-07-19 17:31:00,3,240,3,Rural,570-01,6+11,31931.0,11.819099794050386,1.0,7.501,9.21,
5695322,2018-07-20 17:29:00,3,923,6,Rural,365-01,2,36504.0,5.9395906804783465,1.0,5.894,8.53,
5698628,2018-07-24 23:47:00,3,21,1,Rural,41-15,0,31363.0,6.86941470513314,3.0,3.866,5.292,
5698689,2018-07-25 07:36:00,2,12,1,Rural,1-u1,0,5975.0,2.3370210123851884,4.0,0.0,0.0,11.01
5699043,2018-07-25 11:49:00,2,240,3,Rural,1-e1,0,31109.0,6.345480982938165,1.0,6.302,9.6,
5699181,2018-07-25 16:09:00,2,142,2,Rural,1-d6,4,31399.0,6.147211819636708,1.0,4.452,6.762,
5700241,2018-07-27 02:10:00,3,11,1,Rural,45-01,2+5,1453.0,5.970771793663282,0.0,3.326,5.684,
5702185,2018-07-29 08:54:00,3,45,8,Rural,000-101,2+5,1479.0,0.7390189897490814,4.0,3.863,8.17,21.54
5702049,2018-07-29 14:54:00,3,12,1,Rural,36-03,2,31599.0,3.819826679220758,4.0,8.87,13.62,
5703125,2018-07-30 15:49:00,3,660,4,Rural,1-d1,2+5,36308.0,2.971216706241583,1.0,7.49,10.68,
5703218,2018-07-30 17:16:00,2,660,4,Rural,99-01,3,5544.0,2.767826164184247,4.0,5.273,6.703,12.14
5703982,2018-07-31 16:14:00,3,240,3,Rural,1-g1,2+5,31572.0,9.30023831488082,4.0,1.555,2.156,
5705019,2018-08-02 08:03:00,3,11,1,Rural,1-b4,4,6045.0,1.3961230178444728,3.0,1.092,1.862,10.11
5706305,2018-08-03 13:57:00,2,240,3,Rural,1-c8,4,36308.0,4.251331216231567,3.0,2.564,3.822,
5706562,2018-08-04 01:17:00,3,11,1,Rural,435-02,3+4,31488.0,7.944409949680205,3.0,0.443,0.98,
5708006,2018-08-05 19:19:00,2,1094,5,Rural,000-600,0,3474.0,11.960989283294445,1.0,7.929,9.57,8.74
5708394,2018-08-06 13:43:00,3,26,1,Rural,60-27,3+6,32365.0,5.526225353897469,3.0,16.28,20.48,
5708585,2018-08-06 17:13:00,2,1094,5,Rural,000-103,0,31109.0,5.788168317331043,3.0,5.699,9.8,
5708685,2018-08-06 18:51:00,3,920,6,Rural,61-30,2+5,32654.0,2.452142243845991,1.0,7.33,10.19,
5709503,2018-08-07 12:59:00,2,142,2,Rural,1-g9,0,31882.0,4.285877920550746,1.0,10.89,19.11,
5710562,2018-08-08 12:11:00,2,22,1,Rural,1-d8,2+5,31392.0,5.697736930923835,1.0,9.2,13.72,
5710837,2018-08-08 15:56:00,3,945,6,Rural,41-16,2+5,31363.0,0.19597512217772436,4.0,10.25,12.94,
5710810,2018-08-08 16:20:00,3,11,1,Rural,32-04,2,6430.0,3.917910435384269,0.0,9.15,11.34,10.51
5715615,2018-08-08 20:30:00,3,45,8,Rural,000-641,11,4652.0,17.569478984143608,0.0,7.163,9.83,6.577
5712799,2018-08-10 20:31:00,3,70,1,Rural,60-36,3+6,2428.0,19.089311991380022,1.0,2.111,2.907,11.0
5713478,2018-08-11 17:03:00,3,21,1,Rural,523-01,0,1781.0,15.808187166915067,3.0,4.176,5.259,16.05
5713446,2018-08-11 19:10:00,3,240,3,Rural,54-05,2+5,31958.0,8.874446318825935,0.0,2.731,3.43,
5714127,2018-08-12 19:28:00,2,11,1,Rural,74-01,4,33419.0,0.601595927128418,2.0,1.243,2.058,
5717157,2018-08-16 09:39:00,3,12,1,Rural,87-02,3+6,3490.0,7.53179861367041,1.0,5.433,6.893,7.33
5718131,2018-08-17 14:28:00,2,12,1,Rural,61-33,4+5,2646.0,10.354438625054279,2.0,3.56,4.704,8.78
5729770,2018-08-17 21:30:00,3,11,1,Rural,1-v8,0,35769.0,2.571003926594004,0.0,1.365,3.136,
5718769,2018-08-18 16:06:00,3,1094,5,Rural,1-n1,0,33451.0,15.04473104815054,4.0,5.011,7.154,
5718742,2018-08-18 19:29:00,3,45,8,Rural,45-05,2+5,1350.0,5.755210112889487,1.0,5.722,6.925,12.8
5718760,2018-08-18 19:54:00,3,410,4,Rural,1-b8,4,36122.0,2.0348605363398047,4.0,4.178,6.076,
5720751,2018-08-20 17:28:00,2,12,1,Rural,711-06,0,33204.0,16.526989071872908,2.0,3.736,6.958,
5722836,2018-08-22 16:30:00,2,90,9,Rural,7366-01,0,33431.0,7.867615006058032,0.0,5.261,6.86,
5724867,2018-08-26 12:55:00,2,12,1,Rural,1-a8,2+5,36270.0,14.617701953922797,5.0,5.563,9.02,
5725346,2018-08-27 06:28:00,3,26,1,Rural,1-m4,0,33431.0,0.11559014589270168,2.0,2.324,3.528,
5725543,2018-08-27 10:14:00,3,142,2,Rural,35-02,2+5,31399.0,12.739953059848336,4.0,8.3,12.94,
5726318,2018-08-27 20:52:00,3,945,6,Rural,41-15,0,31363.0,8.455115265969704,2.0,3.167,4.508,
5733457,2018-09-03 11:52:00,2,11,1,Rural,76-08,0,33750.0,8.957813343959339,2.0,1.498,2.254,
5735511,2018-09-05 11:46:00,3,12,1,Rural,1-t5,0,4275.0,4.214416022981175,4.0,5.456,7.103,4.296
5734946,2018-09-05 12:53:00,3,12,1,Rural,1-r3,2+5,4406.0,6.0164941739905355,3.0,6.083,8.1,9.99
5737356,2018-09-08 08:18:00,2,45,8,Rural,000-701,0,35963.0,8.706231340660581,2.0,3.394,4.9,
5737367,2018-09-08 10:32:00,3,41,1,Rural,789-01,0,33750.0,12.481965000637004,2.0,0.998,1.568,
5737353,2018-09-08 12:21:00,2,12,1,Rural,427-05,2+5,31365.0,12.07651055405397,1.0,3.681,8.04,
5737999,2018-09-09 14:09:00,3,45,8,Rural,000-641,0,3477.0,5.035981542391419,1.0,2.031,2.875,14.39
5738887,2018-09-10 12:46:00,3,26,1,Rural,61-32,4+5,2646.0,17.689024909843706,4.0,2.099,2.581,9.01
5738824,2018-09-10 14:19:00,3,142,2,Rural,51-02,4+5,31572.0,7.6758866532985515,1.0,3.786,5.096,
5739856,2018-09-11 20:46:00,3,841,5,Rural,1-b5,0,6045.0,11.655177692366516,4.0,10.55,13.49,9.18
5740744,2018-09-13 00:06:00,3,11,1,Rural,425-01,0,1350.0,8.740449409422855,4.0,4.49,5.488,6.795
5741041,2018-09-13 12:42:00,3,142,2,Rural,1-d1,2,36308.0,0.23486450536389553,2.0,4.312,5.586,
5741363,2018-09-13 14:34:00,3,142,2,Rural,30-06,2+5,36415.0,5.39584761265621,4.0,0.816,2.45,
5741546,2018-09-13 16:13:00,3,410,4,Rural,1-k9,0,33419.0,6.121454476779746,3.0,6.288,8.72,
5741544,2018-09-13 23:11:00,3,11,1,Rural,1-f5,2+5,31579.0,0.7739620643066555,1.0,2.866,3.528,
5742724,2018-09-15 17:31:00,3,12,1,Rural,61-34,2,2646.0,12.106605052442674,1.0,4.181,7.448,6.91
5743247,2018-09-16 13:10:00,2,45,8,Rural,F26-16,3+8,6975.0,25.655548567090595,0.0,3.295,4.018,1.334
5743534,2018-09-16 20:54:00,3,22,1,Rural,4540-01,2+5,31579.0,2.622359014926249,4.0,1.662,3.234,
5745296,2018-09-18 14:39:00,1,21,1,Rural,4540-01,2,31579.0,2.412872771116921,1.0,3.847,5.978,
5746315,2018-09-19 15:01:00,3,11,1,Rural,85-10,0,34700.0,10.851357884847232,1.0,9.06,14.21,
5746396,2018-09-19 17:24:00,3,11,1,Rural,54-06,2,31958.0,0.592716637500514,4.0,9.72,29.99,
5746634,2018-09-20 07:06:00,3,12,1,Rural,93-03,2+5,34175.0,3.789344174915353,4.0,8.48,11.76,
5747811,2018-09-21 09:44:00,3,26,1,Rural,939-02,3,35963.0,0.35597878755054246,4.0,11.13,13.72,
5749430,2018-09-22 10:16:00,3,22,1,Rural,550-03,6,1689.0,20.99903274679565,4.0,9.53,11.56,-1.202
5748746,2018-09-22 12:46:00,2,70,1,Rural,000-861,0,6237.0,6.620868551071251,4.0,1.605,2.711,4.686
5749192,2018-09-23 07:15:00,3,11,1,Rural,41-17,2+5,1350.0,7.406228250765651,5.0,5.443,7.121,1.49
5749567,2018-09-23 19:01:00,3,21,1,Rural,1-a2,0,36386.0,3.121154364035205,1.0,1.146,2.548,
5751282,2018-09-25 11:01:00,3,240,3,Rural,1-r3,2,4406.0,5.734967436690852,1.0,6.036,8.62,1.338
5751731,2018-09-25 11:02:00,3,320,4,Rural,1-a4,4,6272.0,5.4851737978604715,2.0,6.681,8.36,6.638
5752573,2018-09-26 14:47:00,2,160,2,Rural,1-e1,2+5,31488.0,1.4070148225617487,3.0,5.822,8.23,
5752910,2018-09-26 15:46:00,3,685,4,Rural,1-r4,2,34413.0,5.629258332795336,4.0,0.692,1.372,
5753631,2018-09-27 13:44:00,3,11,1,Rural,47-12,2+5,1673.0,11.065753542549437,4.0,3.125,5.39,5.967
5753756,2018-09-27 16:40:00,3,142,2,Rural,950-01,2,5981.0,0.3997093746153447,0.0,1.608,3.299,7.26
5754298,2018-09-28 08:47:00,3,685,4,Rural,1-x9,0,5544.0,11.298231042742378,3.0,10.55,12.59,6.661
5755033,2018-09-29 21:10:00,3,12,1,Rural,60-28,0,32365.0,10.844350370622152,0.0,6.188,8.72,
5756294,2018-10-01 12:06:00,3,11,1,Rural,1-t0,3+5,34175.0,21.978875567510144,4.0,10.47,11.96,
5756874,2018-10-01 17:01:00,2,160,2,Rural,1-r3,2,4406.0,6.024235465970991,1.0,8.64,10.85,0.671
5757721,2018-10-02 23:01:00,3,11,1,Rural,1-p1,3+5,33357.0,1.7487334645345136,1.0,1.068,1.568,
5758532,2018-10-03 17:52:00,3,12,1,Rural,000-600,3+6,3474.0,11.698697545800892,2.0,15.19,18.5,-0.412
5759439,2018-10-04 21:00:00,3,21,1,Rural,425-02,2,1361.0,7.1902445082770345,0.0,11.25,16.73,3.562
5759625,2018-10-05 09:44:00,3,21,1,Rural,1-h4,0,32097.0,4.609268381644372,4.0,8.0,10.68,
5759809,2018-10-05 11:33:00,3,11,1,Rural,82-02,2,33563.0,10.301427183397372,3.0,4.229,7.64,
5759956,2018-10-05 15:00:00,3,70,1,Rural,F261-06,0,6237.0,16.599259052940766,0.0,3.242,5.325,3.623
5760448,2018-10-06 08:01:00,3,12,1,Rural,87-02,0,3591.0,7.823860776960558,1.0,2.596,4.247,-6.247
5760689,2018-10-06 15:23:00,3,440,4,Rural,1-d8,2+5,31392.0,0.8173340145506868,3.0,15.18,20.29,
5760596,2018-10-06 16:03:00,3,22,1,Rural,939-02,3+8,35963.0,0.6999573600989826,3.0,6.24,8.43,
5760595,2018-10-06 16:05:00,3,22,1,Rural,36-11,2,31591.0,2.345028689926959,5.0,15.04,18.72,
5761328,2018-10-07 17:40:00,3,142,2,Rural,1-b5,0,6134.0,11.902601860326646,0.0,2.53,4.9,3.738
5761335,2018-10-07 21:55:00,3,11,1,Rural,1-g3,0,1673.0,7.716842840450905,5.0,2.494,3.691,2.129
5761574,2018-10-08 08:23:00,3,26,1,Rural,1-g4,0,31674.0,6.363864302074732,3.0,2.149,3.724,
5763153,2018-10-09 12:45:00,2,685,4,Rural,93-01,3+5,34175.0,5.39106520115718,5.0,6.234,7.06,
5763723,2018-10-10 02:04:00,3,21,1,Rural,1-s7,2+5,34148.0,4.385643271811684,4.0,0.165,1.078,
5763774,2018-10-10 07:52:00,2,130,2,Rural,1-g1,2+5,31572.0,7.546376881663004,2.0,5.114,7.84,
5764436,2018-10-10 15:32:00,3,11,1,Rural,361-01,2,31599.0,4.551459776671585,2.0,3.962,5.684,
5765715,2018-10-12 07:55:00,3,12,1,Rural,1-h4,3,32097.0,2.6743910129615824,5.0,6.314,10.68,
5767605,2018-10-15 08:24:00,3,11,1,Rural,1-a8,0,36270.0,13.269144686000313,4.0,0.363,0.98,
5770373,2018-10-17 21:41:00,3,12,1,Rural,51-02,2,31572.0,4.107746099225298,1.0,3.736,5.586,
5771589,2018-10-19 11:00:00,3,320,4,Rural,1-k9,0,33419.0,2.7954570710107145,0.0,9.47,13.43,
5772431,2018-10-20 11:02:00,3,11,1,Rural,95-03,3+5,5960.0,4.568619823862383,2.0,11.17,13.0,6.077
5772487,2018-10-20 11:35:00,3,832,5,Rural,000-801,6,31392.0,5.333538131484557,5.0,11.86,16.76,
5772703,2018-10-20 13:34:00,3,11,1,Rural,1-a7,2,36270.0,7.446641064996426,4.0,9.89,15.19,
5773691,2018-10-22 08:22:00,3,660,4,Rural,39-01,2+5,31387.0,8.37293911763258,2.0,0.417,0.784,
5776203,2018-10-24 18:56:00,3,24,1,Rural,1-k8,0,3223.0,14.951626168406353,4.0,5.487,8.82,-0.097
5777306,2018-10-26 08:12:00,3,923,6,Rural,1-m1,2+5,33419.0,0.37715228986231086,2.0,11.22,13.43,
5779706,2018-10-29 16:21:00,3,660,4,Rural,85-03,3+5,3591.0,8.402425439744418,1.0,5.789,7.481,1.618
5780764,2018-10-31 08:44:00,3,240,3,Rural,1-y8,4,35305.0,2.1668169535881283,4.0,0.0,0.0,
5782366,2018-11-01 19:09:00,3,12,1,Rural,845-01,3+5,3591.0,4.474879347525469,1.0,1.623,2.287,0.823
5782608,2018-11-02 09:02:00,3,12,1,Rural,93-02,2+5,34175.0,3.1842258069567984,2.0,9.65,11.66,
5783604,2018-11-03 11:02:00,3,12,1,Rural,1-c0,0,6222.0,6.640399189372648,2.0,9.7,15.19,0.91
5785511,2018-11-06 07:45:00,2,11,1,Rural,427-11,2+5,31380.0,6.9791754459326665,5.0,9.08,12.15,
5788388,2018-11-08 23:04:00,3,141,2,Rural,1-f8,2+5,31577.0,3.5639031543493633,4.0,10.74,18.23,
5789082,2018-11-09 13:52:00,2,26,1,Rural,1-q3,2+5,33576.0,1.646660261048028,2.0,5.836,7.45,
5790416,2018-11-11 18:24:00,1,22,1,Rural,50-03,4+5,1781.0,4.986560204330347,4.0,4.698,6.305,4.708
5791458,2018-11-13 06:46:00,2,21,1,Rural,1-t1,0,34175.0,10.014413600807794,4.0,3.259,4.018,
5792487,2018-11-13 20:05:00,3,11,1,Rural,76-01,2+5,33451.0,10.482895243096955,5.0,0.267,0.882,
5793773,2018-11-15 09:48:00,3,11,1,Rural,1-s3,0,4830.0,9.798641096542958,2.0,9.73,12.61,0.23
5797354,2018-11-20 07:31:00,3,36,1,Rural,1-m1,2+5,33419.0,0.37110617677261265,1.0,1.745,2.352,
5797685,2018-11-20 12:26:00,3,11,1,Rural,1-k9,0,33419.0,6.319187146868597,4.0,3.405,6.468,
5798209,2018-11-20 21:24:00,3,26,1,Rural,82-03,4,33563.0,3.6400798714275955,4.0,1.034,2.156,
5799275,2018-11-21 20:34:00,3,11,1,Rural,1-m2,4,33419.0,7.899609725040172,4.0,4.148,4.998,
5799504,2018-11-22 07:46:00,3,11,1,Rural,85-04,2+5,3596.0,16.882630233573078,4.0,2.182,2.875,-0.464
5800807,2018-11-23 19:53:00,2,11,1,Rural,1-p1,2+5,33357.0,1.384592489127992,3.0,1.402,2.156,
5800870,2018-11-23 22:42:00,3,923,6,Rural,1-n1,4+5,33357.0,5.931999983144895,2.0,2.752,3.234,
5801364,2018-11-24 18:26:00,3,11,1,Rural,268-01,3,6420.0,13.4564401990947,4.0,0.28,0.882,-4.875
5801870,2018-11-24 19:57:00,3,21,1,Rural,000-861,0,36122.0,4.567923821636485,3.0,3.137,3.724,
5801759,2018-11-25 05:38:00,3,910,7,Rural,1-c0,0,6222.0,6.5031838060980665,2.0,1.714,2.581,-0.844
5801868,2018-11-25 14:55:00,3,240,3,Rural,76-03,2+5,3433.0,10.319107953225213,5.0,1.885,2.417,-4.923
5803702,2018-11-27 13:53:00,3,11,1,Rural,215-01,2+5,36049.0,3.404532399550289,3.0,9.38,24.4,
5806196,2018-12-01 14:57:00,3,11,1,Rural,37-04,0,6515.0,6.013159291713298,3.0,8.28,11.07,0.187
5807900,2018-12-04 10:07:00,3,12,1,Rural,82-01,3,3463.0,4.435957941507546,3.0,5.38,6.958,-7.45
5809265,2018-12-05 19:22:00,2,11,1,Rural,1-g3,2,1673.0,4.667659305707902,2.0,6.116,12.38,4.342
5809888,2018-12-06 15:55:00,2,21,1,Rural,1-h4,0,32097.0,4.817080047083755,5.0,17.71,22.64,
5810733,2018-12-07 19:35:00,3,11,1,Rural,1-r7,0,34326.0,1.1593823469485416,5.0,19.81,22.25,
5811493,2018-12-09 02:32:00,3,923,6,Rural,61-43,0,2643.0,1.4170660707840088,2.0,5.287,7.154,0.999
5812816,2018-12-11 03:44:00,3,11,1,Rural,1-p6,2+5,3463.0,6.904625571366748,4.0,3.464,5.194,2.571
5813088,2018-12-11 09:46:00,3,70,1,Rural,41-16,2+5,31363.0,0.49946103861237784,4.0,23.38,36.95,
5814615,2018-12-11 19:32:00,3,910,7,Rural,1-x9,0,5544.0,12.314277025347169,2.0,6.317,7.666,6.244
5815180,2018-12-12 16:37:00,2,240,3,Rural,33-04,2+5,31399.0,12.47256602671342,3.0,7.63,10.39,
5817364,2018-12-14 19:41:00,3,12,1,Rural,1-m8,3+5,33451.0,4.9358709196753185,1.0,2.135,2.548,
5817196,2018-12-15 11:57:00,3,70,1,Rural,1-b4,3,36049.0,1.3433667097185642,3.0,6.032,13.52,
5817608,2018-12-16 09:51:00,3,21,1,Rural,85-01,0,33480.0,3.3038968262695705,1.0,3.907,5.488,
5817573,2018-12-16 11:53:00,3,21,1,Rural,1-k8,4+5,3223.0,15.315091038571461,3.0,0.689,0.947,0.199
5817602,2018-12-16 13:56:00,3,240,3,Rural,000-102,2+5,31475.0,2.554769958179845,4.0,1.063,1.862,
5817862,2018-12-16 21:48:00,3,12,1,Rural,1-g9,2,31882.0,7.026841858365024,2.0,2.875,3.822,
5817905,2018-12-17 01:20:00,3,24,1,Rural,54-02,0,1779.0,7.592540821692459,0.0,5.219,8.26,3.51
5818135,2018-12-17 09:47:00,3,12,1,Rural,36-11,2,1590.0,6.543836786610573,3.0,20.96,24.38,-0.591
5819952,2018-12-18 11:19:00,3,330,4,Rural,1-d6,0,31399.0,0.22301677231654266,1.0,9.65,15.48,
5819415,2018-12-18 20:58:00,3,22,1,Rural,87-05,0,3596.0,12.713816015405508,2.0,25.12,30.71,3.69
5820414,2018-12-20 01:46:00,3,24,1,Rural,1-h3,0,31985.0,13.74118465185271,4.0,4.083,5.782,
5820464,2018-12-20 07:18:00,3,11,1,Rural,41-16,2+5,31363.0,3.29993129520557,2.0,1.567,2.156,
5820915,2018-12-20 10:46:00,3,24,1,Rural,82-03,4,33563.0,1.4891884002585762,4.0,2.186,3.136,
5822275,2018-12-22 14:13:00,3,24,1,Rural,460-01,3+5,31577.0,5.15183770655789,3.0,0.617,1.274,
5822842,2018-12-23 14:22:00,3,11,1,Rural,37-03,4,36411.0,10.679329080926031,2.0,0.942,1.47,
5822971,2018-12-23 20:52:00,2,22,1,Rural,41-15,0,31363.0,7.675223270571779,2.0,5.806,7.35,
5824950,2018-12-27 00:15:00,3,12,1,Rural,39-01,2+5,1490.0,4.521574116701797,5.0,4.246,6.958,1.639
5824349,2018-12-27 09:42:00,1,60,9,Rural,1-a1,0,36386.0,4.328833212473543,2.0,1.002,2.352,
5825079,2018-12-28 05:00:00,3,923,6,Rural,41-17,2+5,1350.0,6.634205581654091,0.0,7.236,9.05,1.771
5825413,2018-12-28 17:18:00,3,24,1,Rural,45-01,2+5,1453.0,4.424470964467956,2.0,12.6,18.23,
5825779,2018-12-29 12:15:00,3,26,1,Rural,1-x1,4,35107.0,7.201068132471482,5.0,0.899,1.96,
5826088,2018-12-30 04:59:00,3,945,6,Rural,41-22,2+5,1350.0,2.3158386014131143,1.0,8.64,10.91,0.447
5830198,2019-01-05 08:37:00,3,1094,5,Rural,000-871,0,6272.0,1.3981859034563349,3.0,9.46,12.51,8.55
5830706,2019-01-06 12:01:00,3,12,1,Rural,1-y3,3,35315.0,25.325884480445335,1.0,9.87,21.95,
5832224,2019-01-08 17:48:00,2,11,1,Rural,61-29,4+5,32654.0,3.0221357801346738,2.0,6.15,7.84,
5832861,2019-01-09 13:53:00,2,11,1,Rural,1-d8,4,31392.0,3.8689979196399347,3.0,12.0,16.37,
5835322,2019-01-12 09:26:00,3,12,1,Rural,35-08,2,36519.0,3.688927590813164,4.0,0.825,1.176,
5835385,2019-01-12 17:02:00,3,11,1,Rural,36-01,0,31399.0,10.673241878591629,2.0,1.656,5.096,
5836803,2019-01-14 14:22:00,3,11,1,Rural,1-g3,0,1673.0,0.4676207700215193,2.0,6.784,10.91,-0.243
5836918,2019-01-14 19:15:00,3,11,1,Rural,43-01,2+5,1350.0,9.125120195952388,5.0,12.91,16.1,2.711
5840588,2019-01-20 16:52:00,3,11,1,Rural,35-02,2,31399.0,15.771419133086974,2.0,5.001,6.664,
5840631,2019-01-20 18:37:00,2,11,1,Rural,1-f6,2,31577.0,2.0953632991917144,3.0,12.1,18.82,
5840704,2019-01-20 18:39:00,3,240,3,Rural,000-270,2+5,1479.0,0.4852716380534003,1.0,10.45,15.06,0.61
5843271,2019-01-24 12:50:00,2,70,1,Rural,000-231,11,31365.0,1.7746842138308474,0.0,10.47,17.93,
5843285,2019-01-24 14:41:00,3,11,1,Rural,51-01,2+5,31572.0,1.0432222399357827,1.0,10.52,14.7,
5843391,2019-01-24 16:43:00,3,11,1,Rural,1-z1,4,36391.0,1.0917019580307414,3.0,4.174,5.096,
5844001,2019-01-25 14:24:00,3,685,4,Rural,35-02,2+5,31399.0,13.74881667184844,4.0,11.67,16.27,
5844565,2019-01-26 17:25:00,3,240,3,Rural,1-q6,1,33487.0,2.074056749443231,5.0,0.966,1.568,
5847537,2019-01-30 15:57:00,2,240,3,Rural,35-08,1,36519.0,2.6775469743252613,3.0,9.06,11.27,
5847902,2019-01-31 15:41:00,3,11,1,Rural,1-g3,0,1673.0,4.050858261723785,1.0,12.49,17.93,-1.729
5848810,2019-02-01 15:45:00,3,141,2,Rural,1-z0,0,6499.0,6.78324859562843,5.0,8.7,11.4,-3.864
5849371,2019-02-03 01:08:00,3,12,1,Rural,4530-01,4+6,31579.0,4.545012655119225,2.0,7.59,9.6,
5849718,2019-02-03 16:58:00,3,240,3,Rural,1-g3,0,1673.0,5.022363623466235,2.0,2.828,3.92,-3.527
5850453,2019-02-04 14:08:00,3,620,3,Rural,35-08,2+5,6515.0,2.7509252416420984,2.0,8.62,10.32,-4.447
5851622,2019-02-05 19:24:00,3,920,6,Rural,43-01,2+5,31364.0,2.8180790473497916,4.0,9.19,16.86,
5852539,2019-02-06 15:34:00,3,11,1,Rural,54-07,0,31948.0,8.305286133801856,4.0,10.65,19.01,
5852821,2019-02-07 15:21:00,2,240,3,Rural,1-q5,3+5,3474.0,5.5326607747940315,1.0,6.726,8.83,-7.311
5853372,2019-02-08 08:42:00,2,330,4,Rural,30-02,2+5,6420.0,8.964721713442426,2.0,3.974,6.043,-3.593
5853592,2019-02-08 18:32:00,3,11,1,Rural,1-g3,2,1673.0,7.776641716012287,2.0,18.65,26.04,-5.927
5853973,2019-02-09 09:41:00,3,240,3,Rural,341-01,3+6,36411.0,6.404989087855646,1.0,9.53,15.29,
5854230,2019-02-09 15:51:00,3,11,1,Rural,60-02,3+5,31985.0,8.492922019954273,1.0,12.97,17.93,
5856077,2019-02-12 08:45:00,3,11,1,Rural,1-e1,2+5,31488.0,0.8378770785289316,5.0,22.68,29.3,
5856054,2019-02-12 09:09:00,2,160,2,Rural,1-f8,0,31572.0,3.232069185744291,1.0,7.708,17.15,
5858458,2019-02-14 17:23:00,2,240,3,Rural,1-b1,3,36156.0,4.7925966388885115,3.0,3.154,3.92,
5859041,2019-02-15 12:09:00,3,640,4,Rural,000-231,6,1350.0,3.7786753290280974,1.0,0.735,1.372,-1.503
5859505,2019-02-15 21:49:00,3,26,1,Rural,1-f5,2,31579.0,1.1704163086628838,1.0,3.708,4.508,
5859990,2019-02-16 20:41:00,3,11,1,Rural,54-02,0,1779.0,7.983325683254992,1.0,4.51,7.81,-4.528
5860426,2019-02-17 17:28:00,3,12,1,Rural,1-h4,3+5,32097.0,5.783609490618969,2.0,12.67,14.6,
5861290,2019-02-18 15:27:00,3,130,2,Rural,1-q7,0,33487.0,0.06668233786944185,3.0,10.37,13.23,
5861938,2019-02-19 10:05:00,3,11,1,Rural,1-e1,2+5,31488.0,1.5388907322203813,5.0,11.84,14.6,
5862877,2019-02-20 12:58:00,3,12,1,Rural,1-a7,2,36270.0,10.453124771219976,2.0,7.073,11.37,
5863137,2019-02-20 14:29:00,3,22,1,Rural,805-02,3,33563.0,16.946261296452253,1.0,6.665,9.11,
29246,2019-02-23 13:52:39,3,122,4,Rural,1-f3,0,1479.0,0.6562888945946169,2.65,5.997,9.21,5.721
5865904,2019-02-24 19:09:00,3,11,1,Rural,61-31,2+5,32654.0,14.964005709472787,1.0,7.04,11.37,
5871198,2019-02-28 12:26:00,3,11,1,Rural,1-h3,3+5,32097.0,11.813230959788767,4.0,1.322,1.862,
5871551,2019-02-28 22:30:00,3,22,1,Rural,61-35,0,2646.0,1.9600691986369978,0.0,3.076,5.455,2.972
5872877,2019-03-02 11:09:00,2,45,8,Rural,000-231,11,31364.0,4.296237666128633,1.0,3.462,7.546,
5875743,2019-03-05 16:42:00,3,11,1,Rural,1-d2,2,36308.0,3.293642111735486,2.0,1.398,2.058,
5879337,2019-03-09 23:16:00,3,12,1,Rural,429-02,0,1350.0,5.37793786006185,4.0,2.631,3.626,-1.208
5882904,2019-03-13 15:25:00,3,240,3,Rural,34-05,3,31387.0,12.19122368898931,5.0,5.586,10.29,
5883211,2019-03-13 23:13:00,3,923,6,Rural,1-d9,2,1490.0,4.397971880703312,3.0,0.969,1.47,-1.685
5883817,2019-03-14 16:00:00,3,11,1,Rural,1-j1,0,32097.0,6.738030212730728,0.0,10.19,11.96,
5885313,2019-03-16 18:06:00,2,650,4,Rural,34-03,2+5,31399.0,11.019108948279131,4.0,0.464,1.47,
5885630,2019-03-17 01:53:00,3,11,1,Rural,1-c8,0,36308.0,7.1296948874710235,3.0,3.989,5.488,
5886017,2019-03-17 02:28:00,2,24,1,Rural,574-07,0,1924.0,1.9121548791955916,2.0,2.179,5.031,0.566
5885814,2019-03-17 09:51:00,2,12,1,Rural,1-b6,3,6134.0,11.094879461795164,1.0,2.526,3.332,1.182
5889368,2019-03-20 18:45:00,3,923,6,Rural,1-d8,2,31392.0,5.076238489813909,5.0,11.69,15.48,
5890901,2019-03-22 14:12:00,3,130,2,Rural,76-15,0,33654.0,0.03860292032003392,2.0,19.68,27.83,
5891446,2019-03-23 11:15:00,3,12,1,Rural,1-s5,2+5,34238.0,8.53977547335933,5.0,8.99,11.27,
5891552,2019-03-23 16:42:00,3,12,1,Rural,1-b6,2,6134.0,5.888503823569507,2.0,4.81,6.664,1.891
5891657,2019-03-23 19:43:00,3,923,6,Rural,41-16,2+5,31363.0,8.681988511024953,3.0,10.26,14.31,
5893141,2019-03-25 14:30:00,3,141,2,Rural,1-j2,4,32097.0,13.365871091384852,0.0,17.93,21.76,
5893863,2019-03-26 16:06:00,3,660,4,Rural,1-g1,2,31572.0,8.83492777450744,4.0,6.039,8.92,
5895277,2019-03-28 10:57:00,3,240,3,Rural,1-b6,4,6134.0,8.646000602579399,3.0,12.34,15.55,2.77
5898610,2019-04-02 01:01:00,3,685,4,Rural,1-h4,0,32097.0,5.989936362331315,1.0,16.67,20.19,
5899784,2019-04-03 11:37:00,3,11,1,Rural,821-01,3,3474.0,13.680501500067093,3.0,6.142,10.37,-2.0
5900220,2019-04-03 17:37:00,3,11,1,Rural,95-01,3+5,34081.0,9.182135898250793,3.0,8.02,9.41,
5900725,2019-04-04 10:45:00,2,24,1,Rural,41-15,2+5,31363.0,5.81461882781156,5.0,0.796,1.176,
5905869,2019-04-10 00:19:00,3,26,1,Rural,000-102,2+5,1474.0,3.711759918191317,1.0,2.5,5.1,2.8
5907973,2019-04-12 09:41:00,3,11,1,Rural,51-02,2,31572.0,6.434986786604623,1.0,12.72,17.84,
5908670,2019-04-12 13:49:00,3,36,1,Rural,1-b9,4,6222.0,6.916969264978469,1.0,13.1,17.93,11.34
5918900,2019-04-16 20:00:00,3,21,1,Rural,807-02,3,33563.0,12.637152708724694,0.0,7.23,11.47,
5913029,2019-04-18 16:10:00,3,141,2,Rural,83-02,2,3474.0,4.1208834956061136,0.0,9.36,11.57,4.889
5913727,2019-04-19 23:11:00,3,11,1,Rural,931-02,0,4060.0,11.38738662144221,1.0,3.755,7.154,8.82
5913983,2019-04-20 16:36:00,3,142,2,Rural,51-01,2+5,31572.0,1.1369764503235325,4.0,5.815,9.41,
5914988,2019-04-22 16:46:00,3,24,1,Rural,1-h1,3+5,31985.0,9.16222911026024,4.0,4.496,7.06,
5916316,2019-04-23 14:12:00,3,11,1,Rural,431-02,3+6,1479.0,3.732078982695596,2.0,9.45,14.14,8.58
5916515,2019-04-23 21:28:00,1,12,1,Rural,1-m3,4,33431.0,9.256254965931237,2.0,11.4,16.27,
5922535,2019-05-01 06:20:00,3,21,1,Rural,1-d8,2+5,31392.0,0.7974482647058693,0.0,2.871,3.92,
5923698,2019-05-02 16:52:00,3,24,1,Rural,54-15,0,31942.0,2.5862872222679076,2.0,9.06,11.47,
5924551,2019-05-03 13:45:00,3,11,1,Rural,711-07,4,33204.0,9.139434375834316,5.0,3.384,5.586,
5924527,2019-05-03 17:19:00,3,130,2,Rural,41-16,2,31363.0,8.127047532172005,1.0,5.725,8.13,
5929798,2019-05-09 15:46:00,3,60,9,Rural,76-08,2,33750.0,8.990938132835641,4.0,5.896,9.31,
5930550,2019-05-10 15:34:00,2,12,1,Rural,1-k8,4,33419.0,13.774853986949475,4.0,10.02,13.72,
5930931,2019-05-11 07:05:00,3,12,1,Rural,1-p5,3,3463.0,3.6601462297268754,5.0,2.319,2.842,-3.243
5931888,2019-05-13 01:22:00,2,45,8,Rural,000-861,0,6315.0,3.821839603267818,2.0,6.237,7.84,5.745
5935664,2019-05-16 15:01:00,2,12,1,Rural,1-y7,3,35305.0,7.127941297231107,1.0,7.035,10.29,
5936106,2019-05-16 17:15:00,3,11,1,Rural,000-801,0,36519.0,2.621973202387843,5.0,0.54,2.45,
5940454,2019-05-22 19:26:00,3,24,1,Rural,814-01,3,3463.0,13.618607981092039,4.0,2.685,3.332,8.66
5940570,2019-05-23 02:35:00,3,945,6,Rural,1-f3,2,1479.0,0.6832001308322186,5.0,2.772,3.822,9.18
5941449,2019-05-23 21:20:00,3,142,2,Rural,41-13,2,31475.0,0.2858230953864681,0.0,2.266,3.234,
5942435,2019-05-24 22:28:00,3,24,1,Rural,76-09,3+8,33750.0,1.3678095272501638,2.0,2.448,3.92,
5942703,2019-05-25 13:15:00,3,21,1,Rural,875-01,3+6,34733.0,2.433099732606369,5.0,3.914,5.39,
5942931,2019-05-25 15:00:00,2,45,8,Rural,000-871,0,36386.0,14.841318313095115,0.0,3.898,4.998,
5943340,2019-05-26 12:12:00,3,11,1,Rural,000-231,6+8+11,31365.0,1.535715259701382,2.0,4.531,6.664,
5945507,2019-05-28 13:02:00,2,45,8,Rural,1-y3,0,35315.0,15.291418356352768,2.0,9.83,13.72,
5947302,2019-05-30 15:05:00,3,1095,5,Rural,92-09,2+5,5981.0,4.838063160199922,5.0,6.973,9.96,7.89
5947254,2019-05-30 16:05:00,2,320,4,Rural,1-t5,0,34081.0,2.727600361447065,5.0,4.119,6.37,
5947270,2019-05-30 16:51:00,2,22,1,Rural,1-d8,2,31392.0,5.822338132093993,1.0,5.142,7.94,
5948452,2019-05-31 19:19:00,3,660,4,Rural,1-p4,3,3463.0,3.5367843359338984,1.0,4.497,5.978,6.781
5948764,2019-06-01 10:50:00,3,24,1,Rural,58-01,0,31950.0,7.596350409686131,0.0,5.599,8.43,
5948769,2019-06-01 11:29:00,2,113,4,Rural,1-m3,4+5,33431.0,9.42324290643391,1.0,4.487,8.23,
5949034,2019-06-01 14:03:00,3,22,1,Rural,848-01,3+4+5,33394.0,7.707565546799761,3.0,3.948,5.488,
5949834,2019-06-02 20:24:00,3,21,1,Rural,63-02,0,31122.0,3.57261341926944,4.0,5.078,6.762,
5949966,2019-06-03 08:27:00,3,11,1,Rural,95-02,0,5960.0,8.74296629303718,3.0,12.21,15.48,-0.205
5951629,2019-06-04 14:49:00,3,11,1,Rural,504-01,3+6,1673.0,8.162887715693346,1.0,8.43,12.15,8.11
5953591,2019-06-06 13:27:00,3,12,1,Rural,731-02,3,33419.0,14.968743687515524,3.0,7.666,11.17,
5953695,2019-06-06 15:22:00,3,875,5,Rural,000-801,2+5,31591.0,11.27102146734973,2.0,10.19,13.82,
5955262,2019-06-08 04:27:00,3,22,1,Rural,1-q7,3,33487.0,1.3356926222619607,3.0,1.076,1.568,
5955591,2019-06-08 13:36:00,3,440,4,Rural,427-04,5,1361.0,1.5800110210429568,4.0,7.103,10.16,14.55
5955989,2019-06-08 18:31:00,3,21,1,Rural,612-03,0,2315.0,10.505062309981676,1.0,1.977,3.365,10.64
5955821,2019-06-08 22:17:00,2,1094,5,Rural,000-231,0,31365.0,2.1873604836819625,3.0,5.701,7.644,
5956776,2019-06-10 01:37:00,3,45,8,Rural,1-y2,3,35116.0,6.364112957387151,3.0,2.45,3.528,
5961045,2019-06-14 11:12:00,3,130,2,Rural,1-g9,2+5,1781.0,8.196394686391159,2.0,8.38,10.98,13.45
5961039,2019-06-14 14:41:00,3,1095,5,Rural,429-02,2,1350.0,4.264994524881557,1.0,4.879,7.677,16.95
5961941,2019-06-15 18:02:00,3,11,1,Rural,54-06,2+5,31958.0,4.07480793639572,2.0,2.263,3.43,
5962948,2019-06-17 10:42:00,2,45,8,Rural,423-01,2,1350.0,3.846457918155647,2.0,4.062,6.305,11.0
5964510,2019-06-18 15:56:00,2,12,1,Rural,38-01,0,31387.0,9.121265495422612,4.0,12.02,17.84,
5964723,2019-06-18 23:22:00,2,22,1,Rural,1-h2,0,31985.0,8.063498221496179,2.0,8.74,11.37,
5966294,2019-06-20 13:20:00,3,60,9,Rural,619-03,3+6,2428.0,5.070186155439408,0.0,3.573,6.109,12.01
5966843,2019-06-20 19:51:00,3,11,1,Rural,35-04,0,36411.0,8.660966977127476,1.0,3.006,5.39,
5955674,2019-06-22 13:04:00,3,920,6,Rural,1-c8,4,36308.0,7.899792196579557,4.0,3.706,6.566,
5969005,2019-06-23 15:06:00,2,12,1,Rural,76-08,0,33643.0,3.5021153144162467,4.0,8.41,12.45,
5969093,2019-06-23 17:38:00,3,22,1,Rural,425-02,2+5,1361.0,11.71252713619149,2.0,2.863,3.561,11.63
5969134,2019-06-23 18:49:00,3,11,1,Rural,461-01,0,1590.0,8.627853346171094,1.0,5.124,6.993,5.49
5970507,2019-06-24 16:20:00,3,22,1,Rural,000-551,0,3433.0,13.51193815453088,0.0,2.892,6.272,15.23
5970677,2019-06-25 07:28:00,3,12,1,Rural,429-01,2+5,1350.0,3.8903383420106596,2.0,6.7,8.75,11.32
5972652,2019-06-26 16:09:00,2,240,3,Rural,54-07,0,31948.0,8.843938634881486,1.0,3.778,5.684,
5973486,2019-06-27 17:37:00,1,40,1,Rural,624-03,0,32533.0,9.841799903990566,3.0,7.876,10.49,
5974591,2019-06-28 16:53:00,2,240,3,Rural,1-c2,4,6315.0,7.7737365920537815,3.0,3.904,5.847,13.53
5975362,2019-06-29 15:25:00,3,620,3,Rural,34-02,2+5,31399.0,11.002927552218463,5.0,1.648,2.842,
5975971,2019-06-30 15:41:00,1,45,8,Rural,68-10,4,2481.0,3.203394155405792,1.0,9.0,11.79,7.247
5975983,2019-06-30 16:45:00,3,910,7,Rural,47-11,0,1685.0,1.937362834834245,5.0,5.693,12.81,14.08
5976222,2019-06-30 21:38:00,3,11,1,Rural,F225-01,0,6546.0,19.97587135254446,2.0,9.52,12.15,6.195
5976450,2019-07-01 06:28:00,3,11,1,Rural,61-24,0,32474.0,13.646251688831308,2.0,5.223,7.55,
5977188,2019-07-01 11:35:00,3,240,3,Rural,1-q7,3+4+5,33487.0,6.316939483601648,5.0,3.272,6.37,
5977955,2019-07-02 14:28:00,2,45,8,Rural,F225-01,3+6+8,6546.0,18.5724072362637,2.0,2.101,3.299,13.68
5979068,2019-07-03 12:48:00,3,320,4,Rural,34-03,2+5,31399.0,11.103109531163582,2.0,5.383,8.43,
5980586,2019-07-05 10:43:00,2,320,4,Rural,1-b9,2,36122.0,2.482400431238402,3.0,7.038,10.49,
5981582,2019-07-06 14:23:00,3,60,9,Rural,60-35,3+6,2428.0,20.662819793356448,3.0,2.174,3.887,16.98
5981864,2019-07-06 21:51:00,3,11,1,Rural,54-02,0,1779.0,9.671025434500311,1.0,1.493,3.299,16.1
5986224,2019-07-11 06:34:00,3,22,1,Rural,75-06,3+5,3433.0,4.046943251830061,4.0,2.107,2.842,10.06
5986826,2019-07-11 15:14:00,3,11,1,Rural,60-28,3+6+8,32365.0,10.208703938903197,4.0,3.355,5.88,
5989267,2019-07-15 10:22:00,2,920,6,Rural,000-801,2+5,36519.0,4.29006396057975,2.0,1.209,2.548,
5989741,2019-07-15 15:11:00,3,320,4,Rural,36-02,2+5,36504.0,14.940308842911662,1.0,4.573,7.35,
5991195,2019-07-17 11:13:00,2,130,2,Rural,1-k9,4+5,33419.0,5.861892928400913,3.0,2.066,3.626,
5992414,2019-07-18 14:52:00,3,26,1,Rural,35-07,2+5,6515.0,0.565467494049027,2.0,8.77,11.56,16.62
5994177,2019-07-19 18:37:00,3,11,1,Rural,60-04,3+5,2175.0,19.247505894126903,3.0,3.523,7.28,10.19
5994204,2019-07-20 09:02:00,3,11,1,Rural,61-24,2+5,32474.0,8.492363809486056,2.0,7.05,9.11,
5994293,2019-07-20 15:16:00,3,923,6,Rural,41-16,0,1350.0,9.172881349167483,4.0,6.476,8.13,17.86
5995080,2019-07-21 17:56:00,3,70,1,Rural,000-301,6+11,31882.0,10.508144473259547,4.0,5.502,9.31,
5995159,2019-07-21 17:56:00,3,70,1,Rural,000-301,3+6,31882.0,10.521535097218104,4.0,5.502,9.31,
5997574,2019-07-24 10:38:00,2,11,1,Rural,82-03,4,33563.0,2.6226211780538775,2.0,3.6,5.684,
5997616,2019-07-24 10:58:00,2,26,1,Rural,1-n1,3+5,33357.0,3.951966214432213,2.0,6.91,9.41,
5998833,2019-07-25 17:45:00,3,11,1,Rural,43-01,2+5,31364.0,4.848765162338866,5.0,3.943,7.056,
5998937,2019-07-25 19:37:00,2,22,1,Rural,255-01,0,6208.0,14.185133912635667,3.0,4.36,5.847,14.06
5999856,2019-07-26 19:04:00,3,26,1,Rural,1-h2,3+5,31985.0,8.09194049341092,4.0,5.365,7.35,
6000886,2019-07-28 07:16:00,3,11,1,Rural,000-401,0,32533.0,15.180703234675724,4.0,0.575,1.111,
6002105,2019-07-29 17:39:00,3,22,1,Rural,408-01,3+6,1474.0,3.9494729562396413,1.0,2.3,3.5,18.2
6002212,2019-07-29 17:53:00,3,12,1,Rural,1-x8,3,5544.0,6.111984099378701,3.0,1.691,4.649,17.42
6002364,2019-07-30 04:51:00,3,21,1,Rural,1-m4,4+5,33431.0,7.792352446950179,1.0,4.366,7.06,
6005805,2019-08-02 19:34:00,3,240,3,Rural,1-r0,0,33495.0,10.921395261314192,4.0,3.189,4.116,
6005667,2019-08-02 19:40:00,2,11,1,Rural,518-02,3+5,1781.0,17.25170945938402,0.0,5.26,6.762,15.46
6005743,2019-08-02 21:38:00,3,45,8,Rural,9358-01,8+11,34081.0,7.778129091243005,2.0,1.666,2.352,
6006630,2019-08-03 22:16:00,3,11,1,Rural,716-01,0,33204.0,10.992956075955851,4.0,1.88,2.842,
6007656,2019-08-05 12:45:00,2,240,3,Rural,1-e2,2+5,1482.0,3.030152340691693,5.0,4.277,6.468,14.73
6008325,2019-08-06 10:23:00,2,130,2,Rural,32-03,2+5,6430.0,5.293619146298049,3.0,4.656,7.285,12.95
6009014,2019-08-06 12:38:00,3,141,2,Rural,1-y2,0,35116.0,11.505964323572885,2.0,4.372,5.978,
6009798,2019-08-06 17:25:00,3,11,1,Rural,85-24,2+5,34733.0,8.719036302868721,5.0,5.921,7.94,
6011150,2019-08-08 11:00:00,2,660,4,Rural,1-b6,4,36132.0,9.358992243422906,0.0,3.7,5.096,
6012645,2019-08-09 19:07:00,3,833,5,Rural,94-03,2,34175.0,14.103220622732714,3.0,3.905,5.096,
6012664,2019-08-09 19:38:00,2,11,1,Rural,1-a6,3,36270.0,2.4434906028410412,2.0,3.39,4.606,
6013972,2019-08-11 16:59:00,3,11,1,Rural,36-07,2+5,31591.0,4.455734227441949,1.0,11.81,15.97,
6017817,2019-08-15 11:15:00,2,841,5,Rural,000-871,0,6459.0,13.819385671997647,5.0,3.44,5.423,6.888
6018407,2019-08-15 14:00:00,3,11,1,Rural,1-g4,0,31674.0,6.258364752280651,0.0,6.224,9.7,
6023303,2019-08-15 17:16:00,3,12,1,Rural,931-03,0,4060.0,6.025519766027207,4.0,2.417,5.684,12.55
6019217,2019-08-17 02:55:00,2,12,1,Rural,848-02,0,4406.0,10.224146717792758,5.0,5.943,9.44,4.895
6020492,2019-08-18 20:27:00,2,945,6,Rural,1-e2,2,1482.0,2.459776477061725,3.0,4.047,5.553,9.74
6020574,2019-08-19 01:17:00,3,11,1,Rural,535-01,3+6,1868.0,9.52835376652366,3.0,5.934,7.61,4.053
6023684,2019-08-21 19:56:00,3,1094,5,Rural,000-102,0,31109.0,1.6396558412525057,4.0,0.379,0.686,
6024596,2019-08-22 22:36:00,3,60,9,Rural,36-12,2+5,1479.0,6.110381000691216,4.0,0.699,0.915,10.22
6025419,2019-08-23 07:52:00,3,24,1,Rural,1-d8,2+5,31392.0,5.522647793242273,2.0,3.323,4.41,
6025393,2019-08-23 13:03:00,3,22,1,Rural,1-a2,4,36386.0,1.3514357712518374,3.0,7.92,11.86,
6027827,2019-08-26 17:57:00,2,11,1,Rural,1-x2,3,35107.0,0.7528788745877177,3.0,16.76,33.42,
6031031,2019-08-30 12:45:00,3,1094,5,Rural,000-103,0,1479.0,0.7273150780087054,5.0,3.65,5.978,11.47
6031225,2019-08-30 19:19:00,3,12,1,Rural,1-s8,3+5,34148.0,18.448439602732158,1.0,5.709,10.0,
6034668,2019-09-04 01:38:00,3,26,1,Rural,1-h1,0,1881.0,7.81609507531511,2.0,1.044,1.339,2.155
6035160,2019-09-04 16:42:00,2,141,2,Rural,1-x4,2+5,35666.0,16.52645110303615,2.0,3.795,5.292,
6036249,2019-09-05 20:20:00,3,12,1,Rural,1-y3,3,35116.0,13.941552099146392,0.0,5.316,7.742,
6037097,2019-09-06 17:39:00,3,45,8,Rural,000-871,11,6272.0,3.8118537139049105,1.0,3.938,5.129,12.52
6037540,2019-09-07 14:44:00,3,130,2,Rural,1-g8,0,1779.0,4.92097965167024,4.0,3.607,7.64,13.57
6038067,2019-09-08 13:26:00,2,26,1,Rural,84-01,2+5,33576.0,3.125216361792976,4.0,3.831,5.194,
6038263,2019-09-08 15:17:00,3,45,8,Rural,000-801,0,31591.0,14.255758725429295,3.0,5.334,6.86,
6039451,2019-09-10 07:37:00,2,26,1,Rural,92-10,0,34087.0,7.4366000366912886,3.0,2.387,3.43,
6041375,2019-09-12 11:01:00,3,12,1,Rural,54-06,4+5,31958.0,2.365821224456476,1.0,4.58,11.96,
6043662,2019-09-15 10:55:00,1,240,3,Rural,50-01,3+5,1679.0,5.916212327489868,5.0,17.72,23.03,1.559
6047302,2019-09-19 18:01:00,3,11,1,Rural,429-02,2+5,1453.0,5.96717355028727,1.0,10.03,12.94,
6047371,2019-09-19 21:43:00,3,12,1,Rural,431-01,3+6+8,1479.0,6.718015329529771,3.0,4.849,8.3,12.44
6049373,2019-09-20 18:00:00,3,12,1,Rural,59-02,0,32190.0,10.27301267481951,0.0,5.046,7.45,
6048586,2019-09-21 08:41:00,3,12,1,Rural,95-01,0,4275.0,8.9202786833612,1.0,10.41,12.29,8.13
6048787,2019-09-21 14:18:00,3,1094,5,Rural,000-103,0,1479.0,1.0535905322055255,2.0,4.903,8.33,14.28
6051348,2019-09-21 18:58:00,2,45,8,Rural,000-861,0,6208.0,10.183418281076591,2.0,2.083,3.234,11.33
6049312,2019-09-22 11:53:00,3,24,1,Rural,410-02,2+5,1474.0,0.8359057131499695,3.0,3.0,6.1,13.6
6051401,2019-09-24 17:17:00,2,45,8,Rural,000-301,0,31572.0,2.188307563488229,3.0,2.949,4.508,
6054155,2019-09-27 14:06:00,3,240,3,Rural,1-c2,0,6315.0,2.9216506240879125,4.0,12.87,16.73,13.41
6054406,2019-09-27 20:40:00,3,11,1,Rural,574-01,2+5,31931.0,1.9715707179915545,0.0,11.45,19.01,
6054365,2019-09-27 20:51:00,3,910,7,Rural,30-01,2+5,6310.0,2.3009653569250554,1.0,2.709,4.867,7.291
6054818,2019-09-28 14:10:00,3,45,8,Rural,000-102,0,31488.0,5.933627124893823,0.0,7.584,10.58,
6055551,2019-09-29 14:12:00,2,45,8,Rural,000-801,6+8,1496.0,6.199513621050686,2.0,3.267,4.671,6.015
6055492,2019-09-29 15:35:00,3,21,1,Rural,939-01,3,35965.0,3.4874068496600463,5.0,5.709,9.6,
6056783,2019-10-01 04:24:00,3,24,1,Rural,837-03,3+5,3474.0,11.9236535098562,4.0,2.854,3.767,-1.755
6059201,2019-10-02 16:31:00,3,11,1,Rural,35-12,0,6745.0,28.310979942777376,1.0,13.83,18.48,-0.556
6059684,2019-10-03 12:48:00,3,70,1,Rural,1-g4,4+5,31674.0,0.9975260027543473,2.0,21.14,33.91,
6060486,2019-10-04 12:53:00,2,70,1,Rural,60-36,0,2428.0,17.476667245113067,3.0,3.326,4.867,9.52
6061582,2019-10-06 14:38:00,3,21,1,Rural,643-03,3+5,2480.0,5.037901945609411,2.0,1.878,3.299,10.4
6061583,2019-10-06 17:03:00,2,12,1,Rural,1-t5,2+5,34081.0,2.9043126480952224,3.0,7.194,11.17,
6061616,2019-10-06 18:27:00,2,11,1,Rural,54-06,3+5,31958.0,7.183871281233317,3.0,2.677,3.528,
6061715,2019-10-06 22:57:00,3,24,1,Rural,939-01,0,35963.0,1.661166328161133,3.0,12.07,17.35,
6062625,2019-10-07 11:04:00,3,24,1,Rural,54-19,3,31950.0,15.60896804666639,4.0,3.56,5.684,
6062653,2019-10-07 14:25:00,2,12,1,Rural,574-02,0,31931.0,13.927971944668723,5.0,11.64,18.62,
6063519,2019-10-08 18:42:00,3,1094,5,Rural,000-102,0,1474.0,3.998860650926012,2.0,0.9,2.3,11.6
6065098,2019-10-10 17:09:00,3,142,2,Rural,1-a3,4,36386.0,11.020801329407796,1.0,5.051,10.39,
6065622,2019-10-11 13:59:00,3,151,4,Rural,1-k2,2+5,2197.0,11.48551582064775,1.0,11.11,13.79,5.988
6066197,2019-10-12 13:05:00,1,22,1,Rural,54-06,3+5,31958.0,3.029972655952863,5.0,1.93,4.018,
6067378,2019-10-14 09:46:00,3,12,1,Rural,41-15,2+5,1474.0,6.891562967213212,4.0,4.1,8.9,5.2
6067608,2019-10-14 12:11:00,3,923,6,Rural,1-d8,2+5,31392.0,1.5534758547203071,1.0,9.47,12.25,
6067569,2019-10-14 13:16:00,3,11,1,Rural,36-12,4+5,1590.0,6.807173551745761,4.0,18.56,23.08,1.653
6069878,2019-10-17 16:08:00,3,11,1,Rural,37-01,0,36504.0,7.377911887765117,2.0,5.078,6.762,
6071204,2019-10-19 17:58:00,3,12,1,Rural,923-02,3,34148.0,13.670609281358779,2.0,4.645,6.37,
6073446,2019-10-22 17:58:00,3,12,1,Rural,1-q5,3+4+5,3474.0,8.59320539071629,2.0,0.0,0.0,-7.026
6073463,2019-10-22 18:28:00,3,440,4,Rural,1-t7,2+5,5975.0,4.790056002543342,2.0,0.883,1.797,-1.226
6073631,2019-10-22 23:30:00,2,11,1,Rural,1-d9,2+5,31488.0,4.422761659185385,0.0,1.22,2.156,
6074487,2019-10-23 22:09:00,3,11,1,Rural,82-03,3+5,33563.0,0.9395569724520711,1.0,11.81,16.37,
6075689,2019-10-25 13:38:00,3,26,1,Rural,93-02,0,34175.0,2.6406256672896538,2.0,15.32,20.48,
6075867,2019-10-25 15:51:00,3,11,1,Rural,1-d6,2+5,31399.0,1.0464123013363928,1.0,5.802,16.66,
6076178,2019-10-26 01:35:00,3,24,1,Rural,000-102,3+6,31109.0,4.270426856048903,5.0,3.055,5.782,
6076348,2019-10-26 13:11:00,3,21,1,Rural,000-102,11,1590.0,1.5447445625751548,1.0,5.723,7.193,-5.661
6076922,2019-10-27 09:32:00,2,24,1,Rural,1-a6,0,36270.0,5.334314050225877,2.0,1.119,2.744,
6077390,2019-10-28 06:09:00,3,11,1,Rural,43-01,0,31364.0,7.7867015684267455,1.0,1.849,2.45,
6077418,2019-10-28 08:48:00,3,160,2,Rural,000-102,2,31475.0,1.5038666336384239,2.0,1.099,1.764,
6078052,2019-10-28 14:03:00,3,21,1,Rural,744-03,4+5,33424.0,8.312161061425362,3.0,6.887,8.92,
6078339,2019-10-29 09:33:00,3,22,1,Rural,30-02,2,6310.0,3.6855872657154096,3.0,1.591,1.993,0.331
6080322,2019-10-31 05:38:00,3,875,5,Rural,000-231,2+5,1350.0,1.9167558694137334,2.0,5.007,6.566,5.256
6081767,2019-11-02 13:11:00,3,11,1,Rural,000-601,8,3474.0,11.266769284284186,1.0,10.13,11.97,-2.154
6082794,2019-11-04 04:08:00,3,130,2,Rural,41-17,2+5,1350.0,7.9032954192065334,2.0,3.365,4.443,2.669
6083431,2019-11-04 17:05:00,2,240,3,Rural,1-c8,4,36308.0,6.755282520343473,5.0,5.478,7.84,
6083516,2019-11-04 18:26:00,3,160,2,Rural,1-c8,2+5,36308.0,2.7644538330486177,4.0,3.161,6.272,
6084060,2019-11-05 09:51:00,3,12,1,Rural,1-m3,4+5,33431.0,10.545357178532791,1.0,2.691,4.9,
6084398,2019-11-05 16:35:00,3,240,3,Rural,1-y2,3,35116.0,7.2930974153748105,5.0,4.226,5.782,
6085415,2019-11-06 22:51:00,3,923,6,Rural,574-07,2+5,1924.0,4.781299782192952,1.0,0.544,2.385,2.568
6085451,2019-11-06 23:51:00,3,923,6,Rural,1-h2,0,31985.0,11.124435279199064,1.0,1.33,2.156,
6087043,2019-11-08 12:45:00,3,24,1,Rural,1-m8,0,33451.0,7.071371414034726,5.0,6.954,9.7,
6089016,2019-11-12 07:51:00,3,12,1,Rural,85-26,0,4652.0,16.002179227199697,1.0,3.778,4.998,1.967
6091477,2019-11-14 16:46:00,3,142,2,Rural,51-01,0,31572.0,1.6718501580993383,4.0,2.929,3.724,
6091811,2019-11-15 09:04:00,2,142,2,Rural,1-e2,2+5,1482.0,2.926706602322986,4.0,12.87,19.34,4.394
6091914,2019-11-15 09:28:00,3,26,1,Rural,431-01,0,1479.0,5.799577269051654,2.0,9.0,14.31,4.781
6092592,2019-11-15 22:35:00,2,12,1,Rural,45-01,2+5,1453.0,5.765119725131363,5.0,9.42,11.47,
6092758,2019-11-16 09:24:00,3,22,1,Rural,1-g4,2+5,31674.0,5.7607491489176,4.0,6.419,8.82,
6092799,2019-11-16 12:44:00,3,11,1,Rural,33-02,2+5,6300.0,12.181210346112932,4.0,1.666,2.254,0.047
6093115,2019-11-17 00:21:00,3,11,1,Rural,41-16,2+5,31363.0,7.5129787140299245,1.0,4.585,5.194,
6094032,2019-11-18 07:44:00,3,11,1,Rural,1-b5,2,6045.0,3.0637795412503848,4.0,14.38,21.23,3.952
6094110,2019-11-18 11:24:00,3,12,1,Rural,54-11,0,31932.0,3.2836545917559388,4.0,4.734,9.7,
6095251,2019-11-19 14:15:00,2,11,1,Rural,54-20,8,31950.0,20.36079127051867,5.0,2.466,4.802,
6096692,2019-11-21 14:38:00,3,36,1,Rural,76-03,3,3433.0,12.855919971657245,2.0,0.614,1.372,-0.079
6096703,2019-11-21 14:52:00,3,11,1,Rural,711-07,0,33204.0,3.317925675569375,2.0,1.135,2.45,
6096859,2019-11-21 17:30:00,1,841,5,Rural,1-x9,3,5544.0,11.848066514510025,0.0,6.352,8.84,7.545
6097644,2019-11-22 13:27:00,3,22,1,Rural,76-08,4+5,33750.0,8.954739336002897,3.0,1.508,2.352,
6097880,2019-11-22 16:00:00,3,410,4,Rural,1-b6,2,6134.0,5.559681264871785,0.0,4.909,9.21,7.809
6099405,2019-11-24 21:10:00,3,26,1,Rural,1-p1,0,33357.0,0.03978090924712145,0.0,4.845,6.37,
6100091,2019-11-25 16:33:00,3,12,1,Rural,47-12,2+5,1673.0,10.847750917392142,3.0,3.317,8.43,2.304
6100233,2019-11-25 19:32:00,3,11,1,Rural,1-t5,3+5,34175.0,5.54291966098904,2.0,2.491,3.038,
6100951,2019-11-25 20:03:00,3,12,1,Rural,1-s9,0,34175.0,23.769176566330344,3.0,2.297,2.842,
6100284,2019-11-25 21:05:00,3,11,1,Rural,1-s9,0,34175.0,23.840231811884216,5.0,2.254,2.254,
6100307,2019-11-25 22:04:00,3,11,1,Rural,54-22,3+5+8,31985.0,24.464860486987476,4.0,4.096,8.13,
6103521,2019-11-30 09:06:00,3,12,1,Rural,1-h2,4+6,31985.0,8.102656317789904,4.0,3.751,4.802,
6104098,2019-12-01 14:01:00,3,12,1,Rural,1-h4,4+6,32097.0,2.6027201915110445,1.0,6.699,8.33,
6106390,2019-12-04 14:34:00,3,130,2,Rural,1-d8,2+5,1490.0,2.154207264297679,4.0,5.892,7.68,-3.897
6106514,2019-12-04 17:55:00,3,11,1,Rural,1-g3,0,1673.0,8.278955736575588,5.0,7.71,10.36,-1.386
6106689,2019-12-04 23:07:00,3,11,1,Rural,1-f6,2,31577.0,0.29561901272598545,3.0,6.511,11.47,
6106707,2019-12-05 00:00:00,3,240,3,Rural,1-f6,2,31577.0,0.29390410683878987,0.0,5.533,10.29,
6106991,2019-12-05 12:58:00,3,24,1,Rural,000-102,2+5,31475.0,1.6809849271912285,2.0,1.562,2.058,
6107137,2019-12-05 13:01:00,3,21,1,Rural,39-01,4,31387.0,2.2587863371252372,1.0,1.562,2.352,
6107782,2019-12-06 14:52:00,2,875,5,Rural,000-801,3+6,6310.0,5.566647831627551,2.0,5.263,6.109,-5.199
6108851,2019-12-08 01:39:00,3,11,1,Rural,92-11,2+5,5990.0,3.879264339377389,1.0,6.073,10.22,0.595
6109343,2019-12-09 09:27:00,3,12,1,Rural,374-01,2+5,31399.0,1.9182201826445007,3.0,11.41,19.31,
6109356,2019-12-09 09:47:00,3,923,6,Rural,1-d8,2+5,31392.0,5.949793683898688,3.0,10.97,18.13,
6109614,2019-12-09 14:48:00,3,36,1,Rural,60-22,0,32372.0,6.867475486116754,2.0,14.79,20.48,
6109565,2019-12-09 17:40:00,3,12,1,Rural,41-16,2+5,31363.0,6.637123453111537,0.0,3.838,4.998,
6110422,2019-12-10 11:30:00,3,11,1,Rural,1-v2,3,35880.0,6.775697531598504,0.0,2.57,4.018,
6111648,2019-12-13 13:28:00,3,11,1,Rural,829-01,3+5,3371.0,9.479064203907722,2.0,1.756,2.221,-10.56
6112867,2019-12-15 14:27:00,3,26,1,Rural,574-01,2,31931.0,2.139174319177736,3.0,8.77,12.94,
6112958,2019-12-15 15:05:00,2,990,9,Rural,35-11,6+8,36519.0,7.875930116294599,5.0,7.9,10.68,
6113049,2019-12-15 20:05:00,3,12,1,Rural,1-m2,4+5,33419.0,0.3379969342995554,5.0,5.585,6.566,
6113396,2019-12-16 11:09:00,3,922,9,Rural,1-p1,2+5,33357.0,7.604383309495443,1.0,13.65,18.52,
6114392,2019-12-17 15:03:00,3,11,1,Rural,261-02,4,6222.0,3.8623717883394235,3.0,2.135,5.259,0.435
6114362,2019-12-17 18:27:00,3,410,4,Rural,1-g1,2+5,31572.0,8.844398511079925,3.0,1.044,3.038,
6115787,2019-12-19 16:05:00,3,142,2,Rural,1-f5,2,1578.0,0.7769337482417765,5.0,15.54,20.09,0.615
6116068,2019-12-20 07:40:00,3,240,3,Rural,1-e1,0,31488.0,4.426186809262466,0.0,12.07,15.19,
6116220,2019-12-20 10:42:00,3,660,4,Rural,1-d2,0,36308.0,2.9722611568208577,2.0,13.3,17.54,
6116826,2019-12-20 12:51:00,3,130,2,Rural,1-m9,0,33451.0,2.0071816847625064,1.0,6.425,15.97,
6116974,2019-12-21 16:23:00,3,11,1,Rural,1-e1,2+5,31488.0,0.12025850218851732,3.0,14.0,18.72,
6119824,2019-12-22 17:00:00,3,835,5,Rural,000-231,0,1350.0,2.1056024654722614,0.0,10.46,13.43,2.113
6118501,2019-12-24 13:14:00,3,11,1,Rural,1-b2,0,36049.0,7.984521704812267,4.0,4.996,6.468,
6121342,2019-12-28 16:30:00,2,860,5,Rural,000-231,0,1350.0,1.897746451046583,0.0,4.244,5.063,1.708
6120716,2019-12-29 13:57:00,3,22,1,Rural,1-k5,4+5,33204.0,0.5039611180907232,3.0,11.6,14.99,
6121087,2019-12-30 09:37:00,3,12,1,Rural,1-b4,3,6045.0,2.4784046106439312,3.0,9.12,11.69,2.802
6121414,2019-12-30 15:48:00,2,410,4,Rural,35-08,2,36519.0,1.9425033014925734,2.0,4.059,5.292,
6121593,2019-12-30 22:51:00,2,11,1,Rural,1-k3,3,2197.0,8.126951177953215,1.0,6.595,9.64,2.862
6121963,2019-12-31 17:03:00,3,741,9,Rural,518-03,0,6802.0,5.250178691637393,3.0,4.167,6.827,4.131
6122668,2020-01-01 18:39:00,3,11,1,Rural,1-d9,2+5,31488.0,4.288966984716251,1.0,9.38,14.6,
6123512,2020-01-02 22:30:00,3,923,6,Rural,43-01,2,31365.0,6.0827251086269625,0.0,9.27,14.31,
6123486,2020-01-02 23:06:00,3,945,6,Rural,41-17,2+5,1350.0,8.025168612660273,4.0,9.81,14.05,-3.028
6123542,2020-01-02 23:32:00,3,22,1,Rural,36-04,2+5,31599.0,0.3630162528499307,2.0,1.316,2.45,
6123826,2020-01-03 17:09:00,3,910,7,Rural,816-01,0,3463.0,5.282696134179335,1.0,8.51,12.77,-4.294
6123846,2020-01-03 17:54:00,3,240,3,Rural,75-03,0,3433.0,2.453045139130282,4.0,0.006,0.065,-4.779
6124577,2020-01-05 15:11:00,3,142,2,Rural,1-p1,4+5,33357.0,0.7045781830901598,1.0,17.47,22.25,
6126038,2020-01-08 08:34:00,3,11,1,Rural,61-21,3+5,2481.0,3.0709788036855867,4.0,14.95,20.81,-0.617
6126663,2020-01-09 09:10:00,3,835,5,Rural,1-t3,5,34175.0,7.64588221267463,0.0,10.26,15.09,
6127053,2020-01-09 13:52:00,3,11,1,Rural,1-b4,3,36049.0,3.337361841240384,2.0,13.22,24.11,
6127047,2020-01-09 23:19:00,3,945,6,Rural,41-21,0,1350.0,1.355350458115817,1.0,16.56,22.51,-2.554
6127082,2020-01-10 01:04:00,3,11,1,Rural,35-03,2+5,36411.0,11.548041275023127,4.0,2.131,2.744,
6127297,2020-01-10 11:19:00,2,240,3,Rural,1-f5,2+5,31579.0,2.9353126211809455,1.0,17.58,25.77,
6127546,2020-01-10 16:40:00,2,12,1,Rural,1-k8,4+5,33419.0,16.04768615956123,0.0,24.23,31.07,
6128698,2020-01-12 16:46:00,3,240,3,Rural,36-06,2+5,31599.0,6.56572337528768,4.0,11.48,15.97,
6128735,2020-01-12 21:22:00,1,240,3,Rural,41-15,2+5,1474.0,6.646418900052317,2.0,4.2,9.8,-2.6
6129090,2020-01-13 13:19:00,3,923,6,Rural,1-d8,2+5,31392.0,5.564810825321826,1.0,12.36,15.88,
6131548,2020-01-17 13:44:00,2,240,3,Rural,1-z0,3,6499.0,4.464977224726284,4.0,4.703,8.4,4.849
6131806,2020-01-17 18:55:00,3,24,1,Rural,837-03,0,3463.0,11.811179057003901,5.0,2.927,4.116,0.543
6131900,2020-01-17 23:56:00,2,11,1,Rural,82-01,0,3463.0,4.66117183305396,4.0,9.8,14.01,-1.257
6132043,2020-01-18 11:49:00,2,70,1,Rural,000-231,0,1361.0,1.0287596458977974,1.0,0.868,1.307,-0.769
6132072,2020-01-18 14:09:00,2,240,3,Rural,429-02,2+5,1350.0,4.340620814441298,1.0,2.709,3.43,-0.784
6132183,2020-01-18 17:38:00,3,160,2,Rural,39-01,2+5,31387.0,8.185152402904096,2.0,3.948,5.88,
6133242,2020-01-20 15:06:00,3,11,1,Rural,76-08,0,33643.0,4.883843508655164,4.0,18.78,31.56,
6133280,2020-01-20 16:13:00,3,22,1,Rural,1-v5,0,35963.0,10.90022900820264,3.0,12.27,16.95,
6136352,2020-01-25 17:16:00,3,11,1,Rural,36-04,2+5,31599.0,4.725022566631377,4.0,5.229,8.43,
6136717,2020-01-26 11:37:00,3,11,1,Rural,1-g4,0,31674.0,0.7834568956191912,3.0,15.46,21.07,
6138449,2020-01-28 15:20:00,3,24,1,Rural,427-05,0,31365.0,6.351183324502116,0.0,3.764,5.39,
6138531,2020-01-28 21:22:00,3,660,4,Rural,43-01,2+5,31364.0,2.54084996520553,2.0,1.91,3.332,
6139665,2020-01-30 09:16:00,3,111,4,Rural,1-g1,0,31572.0,8.571879958854915,4.0,4.478,10.39,
6140603,2020-01-31 11:34:00,3,11,1,Rural,75-03,0,3433.0,3.261376595457942,4.0,12.83,15.65,0.579
6141248,2020-02-01 15:07:00,3,36,1,Rural,50-04,4+6,1781.0,9.661099519344686,3.0,2.869,3.43,-4.908
6141681,2020-02-02 11:07:00,3,11,1,Rural,1-d9,2+5,31488.0,2.10665484484941,3.0,4.177,4.704,
6142214,2020-02-03 13:11:00,3,11,1,Rural,45-01,2+5,1350.0,5.934634739168371,1.0,0.098,0.098,0.227
6142519,2020-02-03 19:19:00,3,12,1,Rural,61-35,0,2646.0,7.242271862701024,1.0,4.591,5.847,0.689
6142963,2020-02-04 13:40:00,3,26,1,Rural,1-u7,3,35884.0,3.474651569101773,0.0,2.866,5.39,
6146557,2020-02-08 18:14:00,3,22,1,Rural,1-b4,0,36049.0,1.2954926397241622,4.0,3.979,6.174,
6158118,2020-02-08 20:00:00,2,12,1,Rural,574-04,0,1924.0,9.655998919597076,0.0,9.77,14.08,1.396
6147283,2020-02-10 18:43:00,3,11,1,Rural,1-h4,4+6,32097.0,11.25494120579986,3.0,16.64,19.99,
6147994,2020-02-10 22:38:00,3,11,1,Rural,748-01,0,3433.0,7.531851198160737,2.0,14.92,18.42,0.871
6148102,2020-02-11 23:48:00,3,923,6,Rural,43-01,0,31364.0,2.8700321029460834,2.0,2.439,3.43,
6150631,2020-02-15 22:56:00,3,11,1,Rural,1-p5,0,3463.0,4.591380700368974,4.0,4.815,5.619,1.904
6151742,2020-02-17 13:50:00,2,240,3,Rural,1-k8,4+5,33419.0,13.810960378148183,0.0,15.89,19.8,
6152220,2020-02-18 12:36:00,3,11,1,Rural,1-p3,2+5,3463.0,15.2821155918475,4.0,1.92,2.254,0.271
6152543,2020-02-18 13:28:00,2,842,5,Rural,83-05,3+4+5,33576.0,13.842915502339421,2.0,6.051,6.762,
6156540,2020-02-18 18:01:00,3,36,1,Rural,35-03,2+5,36411.0,8.81178150715173,1.0,1.89,2.94,
6154128,2020-02-19 13:45:00,3,11,1,Rural,35-17,0,3225.0,12.344549165151784,5.0,4.668,5.815,-5.785
6153567,2020-02-19 17:32:00,2,330,4,Rural,1-f5,2+5,31579.0,0.801878888398263,2.0,18.0,29.69,
6153573,2020-02-19 19:15:00,3,11,1,Rural,41-16,0,31363.0,5.704819988198562,5.0,11.6,16.76,
6153543,2020-02-19 19:47:00,3,240,3,Rural,1-g3,2+5,1673.0,5.847855047188658,3.0,7.65,10.91,-1.72
6154192,2020-02-19 22:33:00,3,12,1,Rural,76-09,3+5,3752.0,7.404969352067533,3.0,23.28,36.82,1.703
6155908,2020-02-23 10:48:00,3,11,1,Rural,62-04,4+5,32224.0,2.697369699757624,2.0,9.39,13.23,
6156000,2020-02-23 13:37:00,3,12,1,Rural,87-05,2,3596.0,7.851295942729598,3.0,8.31,9.54,-6.065
6157177,2020-02-24 20:19:00,3,923,6,Rural,82-06,0,33661.0,3.5163359185474037,1.0,0.91,2.058,
6157488,2020-02-25 15:16:00,3,240,3,Rural,76-15,4,3752.0,0.23944839691490893,4.0,14.68,22.02,-1.474
32720,2020-02-27 09:30:30,3,142,2,Rural,1-f6,0,31577.0,0.4910523379340391,0.5,12.28,15.29,
6160287,2020-02-27 16:20:00,3,70,1,Rural,1-m4,0,33431.0,3.553974567809603,0.0,7.42,11.17,
6159281,2020-02-27 16:24:00,3,240,3,Rural,1-d6,2+5,31399.0,2.986687298483754,4.0,10.43,14.31,
6159343,2020-02-27 20:02:00,3,141,2,Rural,42-01,2+5,1474.0,9.30701846529623,2.0,4.7,9.6,-3.2
6159890,2020-02-28 13:51:00,3,160,2,Rural,1-t7,0,5975.0,5.0658678027727655,1.0,10.05,16.5,-1.774
6159885,2020-02-28 14:30:00,3,240,3,Rural,1-p2,2,33357.0,7.887682310683042,0.0,13.83,17.84,
6160413,2020-02-29 14:45:00,3,11,1,Rural,1-m4,0,33431.0,1.8702654932322311,5.0,2.04,2.548,
6162748,2020-03-02 23:00:00,3,910,7,Rural,74-01,0,33419.0,2.1782742631426935,0.0,5.263,8.13,
6163300,2020-03-04 12:24:00,3,11,1,Rural,85-13,3+5,4614.0,18.402146268200628,4.0,7.61,10.09,-3.728
6164036,2020-03-05 12:44:00,3,240,3,Rural,56-01,0,31948.0,5.499924227575483,4.0,10.92,15.19,
6165050,2020-03-06 08:17:00,3,923,6,Rural,41-16,2+5,31363.0,7.8197647716524985,3.0,3.93,4.704,
6165347,2020-03-06 17:45:00,3,11,1,Rural,26-04,2+5,6430.0,7.963179003941229,5.0,11.95,15.26,-6.616
6165277,2020-03-06 17:49:00,3,12,1,Rural,54-07,2,31948.0,9.165083149791183,1.0,6.816,9.8,
6165916,2020-03-07 16:30:00,3,22,1,Rural,60-26,3+6,32365.0,0.7166741011158992,0.0,9.41,11.96,
6166032,2020-03-08 00:48:00,3,11,1,Rural,41-13,2+5,31475.0,0.12189053930953019,2.0,4.488,6.86,
6167425,2020-03-08 10:11:00,3,12,1,Rural,1-b9,0,36122.0,6.333282937733689,1.0,5.014,6.174,
6167822,2020-03-10 10:00:00,3,11,1,Rural,41-15,2+5,31363.0,7.488641849251462,0.0,6.896,8.62,
6167919,2020-03-10 14:07:00,3,11,1,Rural,50-05,3,31882.0,2.5563512204015932,3.0,10.34,17.25,
6168050,2020-03-10 18:25:00,3,240,3,Rural,85-04,3+5,3596.0,20.387246153640284,5.0,19.42,21.98,-3.063
6171061,2020-03-15 13:28:00,3,12,1,Rural,1-e1,2,31488.0,0.1190422244225844,2.0,8.73,11.17,
6171101,2020-03-15 16:02:00,3,141,2,Rural,1-k9,4,33419.0,3.4361907476555604,2.0,10.18,13.03,
6173200,2020-03-18 07:34:00,3,24,1,Rural,1-g4,2+5,31674.0,4.401595704323958,4.0,6.972,9.41,
6173870,2020-03-18 22:31:00,3,12,1,Rural,1-g3,2+5,1673.0,2.0666983040622027,1.0,4.041,4.867,-4.966
6174163,2020-03-19 10:49:00,3,240,3,Rural,60-43,2,32533.0,9.95861314585546,1.0,6.456,8.75,
6177225,2020-03-24 15:16:00,3,151,4,Rural,99-01,3,5544.0,0.585112360795795,4.0,6.52,7.862,3.203
6177539,2020-03-25 07:36:00,2,240,3,Rural,41-15,2+5,1474.0,7.956291968733355,4.0,3.0,4.1,0.4
6177544,2020-03-25 07:59:00,2,24,1,Rural,30-01,2,6310.0,2.9390126513759594,1.0,3.241,4.149,-1.492
6178115,2020-03-25 23:57:00,3,11,1,Rural,821-02,4+5,3371.0,11.949714651229513,3.0,11.87,14.9,2.25
6180078,2020-03-29 22:22:00,3,70,1,Rural,1-p1,3+5,33357.0,0.6172273513721089,2.0,17.11,22.34,
6183073,2020-04-03 19:09:00,3,620,3,Rural,1-p4,3+5,3463.0,2.78052482784808,1.0,6.232,7.71,-6.198
6183294,2020-04-04 01:20:00,3,70,1,Rural,36-03,0,31599.0,2.5589312486875455,0.0,11.45,16.46,
6183931,2020-04-05 13:05:00,3,923,6,Rural,41-16,0,31363.0,7.009601865393743,5.0,11.78,14.01,
6184048,2020-04-05 17:17:00,3,923,6,Rural,41-16,0,31363.0,7.020040497368788,3.0,14.15,17.93,
6184056,2020-04-05 18:56:00,3,710,9,Rural,41-17,2+5,1350.0,6.764241365480361,4.0,16.47,19.27,-1.29
6184789,2020-04-07 07:22:00,3,111,4,Rural,41-16,2+5,31363.0,6.836906807408757,2.0,10.41,15.78,
6186991,2020-04-11 04:04:00,3,22,1,Rural,000-102,2+5,31109.0,1.4558860202930772,4.0,3.079,4.606,
6194423,2020-04-24 07:11:00,3,70,1,Rural,1-q6,2+5,33487.0,2.276360640138222,1.0,3.968,5.096,
6196138,2020-04-27 02:54:00,3,11,1,Rural,1-g1,2+5,31572.0,8.556060436339394,4.0,1.452,2.254,
6196639,2020-04-27 07:35:00,3,1095,5,Rural,829-01,3+5,3380.0,12.671341175493426,5.0,5.635,7.35,0.241
6197614,2020-04-28 19:34:00,3,45,8,Rural,1-f3,2+5,1479.0,0.7673483349565515,4.0,1.804,4.508,9.07
6199022,2020-04-30 19:48:00,3,12,1,Rural,1-s4,0,34238.0,3.331453901180582,2.0,5.885,7.45,
6199760,2020-05-02 11:59:00,3,240,3,Rural,1-p6,0,3463.0,6.5220850460825535,1.0,5.685,7.91,2.459
6199765,2020-05-02 12:47:00,2,45,8,Rural,809-01,3+4+5,33563.0,6.2353952528341825,3.0,3.714,5.684,
6200243,2020-05-03 11:53:00,2,152,4,Rural,829-01,4+5,3380.0,12.890185219834995,3.0,2.255,3.136,3.903
6202625,2020-05-06 17:03:00,2,920,6,Rural,9401-01,0,34175.0,7.334254648029651,3.0,6.101,9.51,
6204180,2020-05-08 16:50:00,3,45,8,Rural,41-16,2,31363.0,9.151591606742265,0.0,8.11,10.58,
6208372,2020-05-14 16:16:00,3,11,1,Rural,50-02,3+5,1779.0,4.666398714320982,4.0,6.418,9.28,7.21
6209183,2020-05-14 17:58:00,3,923,6,Rural,1-d8,0,31392.0,6.164242734823639,2.0,5.484,8.04,
6209390,2020-05-15 23:19:00,3,11,1,Rural,58-01,2+5,31950.0,3.414197063451128,1.0,5.109,7.448,
6211606,2020-05-19 10:51:00,2,510,4,Rural,1-d6,2+5,31399.0,1.4016620857285982,1.0,2.711,4.214,
6213707,2020-05-22 09:50:00,3,21,1,Rural,612-02,0,2320.0,5.350773338047996,0.0,4.586,6.435,9.94
6214388,2020-05-23 13:36:00,3,320,4,Rural,54-03,3+5,1868.0,0.8553566468562862,4.0,7.47,9.93,12.79
6214499,2020-05-23 14:14:00,3,45,8,Rural,35-03,2+5,36411.0,9.184243316965409,4.0,9.34,12.54,
6218650,2020-05-28 16:10:00,3,923,6,Rural,1-g3,0,1673.0,9.306323966208893,0.0,10.26,12.58,12.11
6218973,2020-05-28 22:21:00,3,12,1,Rural,829-02,0,3371.0,4.88237442253538,1.0,6.038,8.2,12.82
6219843,2020-05-30 01:48:00,3,21,1,Rural,000-801,3+6,31399.0,2.394807702107573,2.0,7.03,10.39,
6220740,2020-05-31 14:11:00,2,45,8,Rural,5012-01,3+6,1679.0,10.488712496038145,1.0,7.15,8.62,4.677
6223224,2020-06-02 13:00:00,3,45,8,Rural,93-02,2,34175.0,5.382200516092755,0.0,4.218,5.782,
6224070,2020-06-04 20:22:00,2,45,8,Rural,417-01,6+11,31488.0,1.9054243780479154,2.0,10.08,13.62,
6225484,2020-06-06 13:14:00,3,11,1,Rural,4530-01,6+8+11,31579.0,4.759036353862467,4.0,6.672,9.6,
6225565,2020-06-06 17:41:00,3,240,3,Rural,1-f8,2+5,31577.0,3.1379166466841535,1.0,4.755,7.252,
6226597,2020-06-07 11:09:00,2,1094,5,Rural,435-02,0,1496.0,6.924035762700452,1.0,5.711,7.35,7.0
6226454,2020-06-07 22:30:00,3,11,1,Rural,829-01,2,3380.0,12.563390781751092,0.0,3.665,5.39,9.47
6231883,2020-06-14 19:41:00,3,923,6,Rural,92-09,3+5,34087.0,6.822414014356812,1.0,0.49,0.49,
6232042,2020-06-15 02:23:00,2,21,1,Rural,410-02,2+5,1474.0,0.8425780280016476,3.0,8.2,12.3,10.2
6241652,2020-06-15 19:40:00,2,1094,5,Rural,000-601,0,3474.0,7.949629219895242,0.0,9.84,11.43,7.41
6233618,2020-06-16 14:36:00,3,1094,5,Rural,000-210,0,31475.0,4.377615789527017,4.0,4.474,7.056,
6234204,2020-06-16 20:43:00,3,160,2,Rural,34-02,0,6300.0,4.759074822639238,3.0,4.969,6.991,9.74
6236872,2020-06-20 16:08:00,3,11,1,Rural,50-01,0,1779.0,2.561739122531614,2.0,3.345,5.651,16.44
6237623,2020-06-21 20:04:00,3,141,2,Rural,1-f8,0,31572.0,4.331335051138462,4.0,4.927,7.252,
6238293,2020-06-22 02:01:00,3,11,1,Rural,570-01,6+8+11,1924.0,5.819391552268976,1.0,2.694,8.85,10.35
6240255,2020-06-24 12:22:00,3,11,1,Rural,1-q0,3+5,3474.0,8.004241497249893,2.0,9.14,11.17,8.53
6242840,2020-06-27 01:28:00,2,1094,5,Rural,8757-01,0,33487.0,7.773686262241199,2.0,1.703,2.254,
6243003,2020-06-27 07:26:00,3,12,1,Rural,1-f7,0,31577.0,0.9667768333262453,4.0,0.96,2.352,
6243140,2020-06-27 13:17:00,3,1094,5,Rural,000-102,0,1479.0,1.9117045606832352,3.0,0.767,1.993,15.56
6245791,2020-06-27 19:50:00,3,1094,5,Rural,000-600,0,3474.0,11.071666074071118,0.0,1.088,1.667,5.898
6243956,2020-06-28 15:14:00,1,45,8,Rural,1-f6,2,31577.0,1.1542349416726483,4.0,1.316,2.254,
6247216,2020-07-02 11:20:00,3,141,2,Rural,1-h1,2,1881.0,8.93894325110352,0.0,0.0,0.0,16.03
6247701,2020-07-02 20:49:00,2,24,1,Rural,425-02,0,1361.0,10.344397885945401,1.0,6.318,8.59,11.77
6249088,2020-07-04 00:19:00,3,11,1,Rural,61-29,0,32654.0,9.877639071535901,1.0,3.722,5.586,
6249082,2020-07-04 12:42:00,3,22,1,Rural,000-103,0,1590.0,5.270522395131786,2.0,2.406,4.928,6.674
6249060,2020-07-04 14:07:00,3,12,1,Rural,607-03,0,2266.0,5.635415969746949,3.0,8.43,11.01,12.95
6249109,2020-07-04 17:23:00,3,11,1,Rural,85-25,0,34733.0,13.897430524339166,3.0,8.66,11.27,
6249695,2020-07-05 11:14:00,3,22,1,Rural,60-35,3+6,32322.0,24.945863446255117,4.0,2.899,5.488,
6250931,2020-07-05 14:00:00,2,833,5,Rural,000-781,0,35116.0,11.442376344460731,0.0,3.282,5.488,
6252779,2020-07-08 14:57:00,3,875,5,Rural,000-401,0,2631.0,4.6751383299301885,3.0,7.4,10.1,7.5
6254359,2020-07-10 15:30:00,1,240,3,Rural,30-04,4,6420.0,5.445046042556127,0.0,5.123,9.38,15.41
6254977,2020-07-11 13:23:00,2,60,9,Rural,59-02,0,32190.0,6.420063674553146,3.0,4.788,6.076,
6257076,2020-07-13 18:00:00,3,12,1,Rural,308-01,0,6300.0,11.714130243921703,0.0,4.528,4.9,13.88
6256522,2020-07-13 19:53:00,3,1094,5,Rural,000-102,0,1474.0,3.9417860363663904,3.0,1.9,3.3,12.1
6257206,2020-07-14 15:12:00,3,24,1,Rural,645-01,4,2480.0,2.6953768693968296,2.0,1.105,1.797,8.63
6257388,2020-07-14 21:10:00,2,130,2,Rural,1-m5,3+5,33431.0,3.283439352935559,0.0,3.004,3.92,
6258032,2020-07-15 23:04:00,3,923,6,Rural,43-01,2+5,1350.0,9.253493546653004,4.0,6.005,8.75,10.62
6258813,2020-07-16 11:19:00,3,1095,5,Rural,1-r1,0,4406.0,9.737107042995374,1.0,4.906,8.59,10.4
6258589,2020-07-16 12:18:00,3,11,1,Rural,1-d8,2+5,31392.0,4.257558684131246,2.0,5.887,8.33,
6259925,2020-07-17 23:18:00,3,11,1,Rural,68-07,6+8,32390.0,2.760578000420525,2.0,10.2,13.43,
6260344,2020-07-18 19:18:00,3,11,1,Rural,1-m2,4+5,33419.0,12.234953292219322,2.0,7.987,11.56,
6260799,2020-07-19 13:45:00,3,70,1,Rural,901-01,0,4830.0,0.8577388030639673,5.0,10.1,13.36,9.3
6263042,2020-07-22 16:39:00,3,12,1,Rural,26-01,4,6310.0,8.703796001141924,1.0,2.123,3.169,13.67
6264277,2020-07-23 22:39:00,1,22,1,Rural,85-14,0,34732.0,23.296112131131306,1.0,3.541,5.096,
6266737,2020-07-24 18:09:00,3,923,6,Rural,1-n1,0,33357.0,7.4526814565839405,1.0,5.099,6.664,
6266584,2020-07-26 18:05:00,3,11,1,Rural,711-06,3+6,33204.0,14.657187678173141,5.0,7.81,11.76,
6274979,2020-07-31 15:35:00,3,111,4,Rural,1-n0,0,33357.0,13.09189845390068,5.0,13.26,17.84,
6271036,2020-07-31 20:05:00,2,24,1,Rural,1-b4,4,36049.0,0.20821133603671851,5.0,15.15,23.42,
6271165,2020-08-01 04:29:00,2,11,1,Rural,1-h2,4+5,31985.0,10.01110332712738,1.0,5.267,7.15,
6271525,2020-08-01 14:44:00,3,141,2,Rural,1-f3,2+5,1479.0,1.2238789061275077,4.0,0.382,1.437,14.45
6273241,2020-08-03 16:18:00,3,70,1,Rural,4530-01,3+6+8+11,31579.0,4.2904324679049495,2.0,2.596,4.312,
6274339,2020-08-04 17:15:00,3,11,1,Rural,1-q7,3+5,33487.0,6.215621914960505,5.0,2.806,4.508,
6279424,2020-08-10 22:38:00,3,24,1,Rural,744-02,0,33424.0,2.4846533150951036,2.0,2.056,3.528,
6280361,2020-08-12 15:35:00,2,45,8,Rural,82-06,2+5,33661.0,4.5822196015706655,5.0,2.023,2.744,
6282064,2020-08-14 15:52:00,2,923,6,Rural,1-d8,0,31392.0,5.210790242116567,2.0,6.08,8.43,
6282144,2020-08-14 22:15:00,3,45,8,Rural,1-g9,2+5,1781.0,8.404601126238282,5.0,0.858,1.699,8.31
6282562,2020-08-15 13:36:00,1,45,8,Rural,1-y6,3,35315.0,8.553745919298786,4.0,3.29,5.292,
6284063,2020-08-17 14:51:00,2,320,4,Rural,1-t7,3+5,5975.0,1.7920678330211497,1.0,0.0,0.0,14.55
6285152,2020-08-18 19:28:00,2,24,1,Rural,4365-01,2+5,1590.0,6.254860154411628,2.0,1.838,2.797,13.73
6285884,2020-08-19 10:15:00,3,240,3,Rural,1-x3,3,35666.0,10.300720418842518,5.0,9.29,12.35,
6288911,2020-08-21 15:20:00,3,22,1,Rural,60-28,3,32365.0,8.063469314138105,0.0,12.08,15.68,
6288974,2020-08-22 11:20:00,3,12,1,Rural,1-p1,3+5,33357.0,1.7407741879781076,0.0,2.636,4.116,
6289009,2020-08-22 15:27:00,3,141,2,Rural,54-12,2,1938.0,4.696637386836081,3.0,1.425,1.927,12.8
6289023,2020-08-22 15:34:00,2,45,8,Rural,000-401,2+5,2643.0,2.786460111980898,4.0,5.142,6.958,10.76
6289198,2020-08-22 19:46:00,3,11,1,Rural,26-01,0,6315.0,9.127997105492147,4.0,4.238,7.154,11.45
6290994,2020-08-24 22:11:00,3,910,7,Rural,1-y2,2+5,35116.0,3.545538042065736,1.0,1.032,2.156,
6292705,2020-08-26 19:51:00,2,1094,5,Rural,000-103,0,1590.0,1.5241269714912755,1.0,3.645,5.794,2.733
6294163,2020-08-28 13:48:00,3,12,1,Rural,429-02,2+5,1350.0,5.247475391763784,2.0,8.51,10.88,11.74
6294767,2020-08-29 01:30:00,2,12,1,Rural,574-03,2,1924.0,16.372477116924507,0.0,2.156,8.43,9.11
6294980,2020-08-29 14:17:00,2,45,8,Rural,000-861,0,6430.0,8.363003561287515,3.0,4.936,6.631,11.25
6295607,2020-08-29 18:45:00,2,22,1,Rural,1-z0,3,6499.0,4.300488704104046,5.0,2.796,3.659,11.48
6296462,2020-08-31 11:20:00,3,26,1,Rural,360-03,2,1496.0,8.984926728054113,0.0,6.428,7.81,7.71
6296734,2020-08-31 17:21:00,2,141,2,Rural,35-08,2,36519.0,2.7144960788409147,1.0,3.964,5.684,
6297032,2020-09-01 08:19:00,2,12,1,Rural,1-k8,4,33419.0,13.784111184724647,1.0,5.682,7.546,
6297322,2020-09-01 13:28:00,3,22,1,Rural,1-h4,2,32097.0,11.011817915472966,2.0,3.254,4.508,
6298547,2020-09-02 22:47:00,3,21,1,Rural,000-102,3+6,1474.0,3.8850771599527545,3.0,0.8,1.7,8.3
6298630,2020-09-03 09:07:00,2,70,1,Rural,000-641,11,3292.0,6.06876400959447,3.0,11.05,14.08,3.833
6300344,2020-09-05 14:04:00,2,36,1,Rural,605-01,3+6,32372.0,7.831038447985229,4.0,1.922,3.528,
6300365,2020-09-05 14:54:00,3,835,5,Rural,8730-01,3,4406.0,10.383140375987525,4.0,1.14,3.234,7.744
6301408,2020-09-07 10:41:00,3,22,1,Rural,85-24,4+5,34733.0,2.849005867074168,1.0,15.76,30.58,
6302267,2020-09-08 00:50:00,3,11,1,Rural,000-601,0,3474.0,12.006052432303361,0.0,10.19,13.33,0.321
6303284,2020-09-09 08:15:00,3,11,1,Rural,435-01,2,31488.0,5.489416446579651,5.0,0.47,0.98,
6306465,2020-09-13 11:26:00,3,11,1,Rural,1-g3,3+5,1673.0,8.527262584411375,4.0,4.138,7.12,8.51
6306546,2020-09-13 13:49:00,2,22,1,Rural,574-04,0,1924.0,10.220647086382401,1.0,4.197,7.579,8.73
6312912,2020-09-19 15:57:00,2,45,8,Rural,805-01,0,33563.0,4.0603697849838225,3.0,14.17,23.62,
6314997,2020-09-24 07:16:00,2,22,1,Rural,829-01,2,3380.0,12.763771343458494,4.0,7.02,12.84,0.167
6317700,2020-09-27 17:42:00,3,660,4,Rural,1-e2,0,1482.0,2.9144158097692694,2.0,1.21,2.45,7.973
6317806,2020-09-28 02:01:00,2,995,9,Rural,000-301,0,1779.0,6.159667761610683,1.0,1.264,1.829,5.789
6319473,2020-09-29 19:11:00,2,11,1,Rural,43-01,2,31364.0,6.668177142280046,1.0,1.398,2.156,
6319699,2020-09-30 00:52:00,3,11,1,Rural,1-D8,0,1490.0,2.909589035826069,2.0,0.551,1.045,1.205
6320386,2020-09-30 21:38:00,3,12,1,Rural,1-g4,0,31674.0,3.365193441388049,2.0,2.78,4.214,
6322137,2020-10-03 01:46:00,3,923,6,Rural,1-d9,2+5,1490.0,4.687660979453985,4.0,4.199,5.259,2.005
6322315,2020-10-03 02:45:00,3,12,1,Rural,612-01,0,32224.0,5.247278075749969,5.0,1.164,2.156,
6322590,2020-10-03 15:10:00,3,11,1,Rural,92-07,2,5981.0,3.531917346609181,0.0,5.061,7.22,8.49
6323072,2020-10-03 15:28:00,2,45,8,Rural,000-103,0,1482.0,4.025297947822361,2.0,1.069,1.895,8.51
6322479,2020-10-03 15:37:00,2,130,2,Rural,1-d2,2+5,6300.0,6.780743737741192,3.0,3.664,5.978,8.7
6322874,2020-10-04 01:35:00,1,11,1,Rural,55-01,0,31958.0,16.322515065608826,5.0,1.304,1.96,
6323185,2020-10-04 19:12:00,3,11,1,Rural,56-02,0,31948.0,4.630376681766628,2.0,3.771,5.978,
6323993,2020-10-05 12:14:00,3,685,4,Rural,47-01,2+5,31577.0,3.125860979834034,4.0,2.051,3.528,
6326369,2020-10-08 08:35:00,2,24,1,Rural,36-12,2+5,1590.0,7.853699852176985,5.0,2.361,3.463,-0.428
6330050,2020-10-12 19:28:00,3,1094,5,Rural,000-103,0,1482.0,2.3873510226068397,2.0,1.697,2.221,5.097
6335829,2020-10-12 19:28:00,3,1094,5,Rural,000-103,0,1482.0,2.574823382577731,2.0,1.697,2.221,5.097
6330310,2020-10-13 07:15:00,2,130,2,Rural,1-e1,0,31488.0,5.148571560207004,5.0,5.846,8.04,
6330737,2020-10-13 14:49:00,2,111,4,Rural,1-q5,4,33480.0,9.857015403976584,1.0,0.839,1.47,
6331632,2020-10-14 13:46:00,3,70,1,Rural,1-d9,2,1490.0,4.480288921000179,4.0,14.91,19.27,5.933
6332208,2020-10-15 01:19:00,3,21,1,Rural,1-h4,0,32097.0,11.146493364645696,1.0,2.238,5.096,
6332264,2020-10-15 14:27:00,3,70,1,Rural,1-d6,2+5,31399.0,3.8833740473043377,3.0,3.762,5.292,
6332502,2020-10-15 17:44:00,2,22,1,Rural,630-01,0,7738.0,5.948193277363206,4.0,0.115,0.686,5.919
6332694,2020-10-16 00:36:00,3,22,1,Rural,826-01,3,3371.0,7.768202654681204,4.0,1.029,1.731,-2.046
6333476,2020-10-16 20:57:00,3,710,9,Rural,410-02,3+6+8,31475.0,1.14821884421179,3.0,1.481,1.862,
6333544,2020-10-16 23:02:00,3,22,1,Rural,848-02,0,33394.0,12.99276189115093,2.0,2.654,4.802,
6334857,2020-10-18 22:58:00,3,11,1,Rural,427-06,0,31380.0,13.274504876612644,2.0,10.36,16.86,
6339280,2020-10-23 23:52:00,3,11,1,Rural,1-q7,0,33487.0,5.828052584959174,2.0,3.5,5.292,
6340339,2020-10-25 19:22:00,3,36,1,Rural,511-01,0,1779.0,1.3113426601682625,2.0,3.799,5.88,5.492
6341626,2020-10-27 09:54:00,3,240,3,Rural,917-07,0,4455.0,1.6870891483531867,4.0,5.136,6.697,1.937
6343015,2020-10-29 00:45:00,3,21,1,Rural,000-601,3+6+11,3463.0,12.308463510430233,5.0,2.799,6.468,4.693
6346005,2020-11-01 19:36:00,2,26,1,Rural,60-01,4+5,31985.0,3.2733199851251853,4.0,8.34,10.49,
6347105,2020-11-02 23:40:00,3,12,1,Rural,1-g4,3+5,31674.0,1.3102479719064482,0.0,5.751,8.62,
6347340,2020-11-03 10:56:00,3,11,1,Rural,1-t7,2,34073.0,5.451400399123924,4.0,22.37,38.12,
6347755,2020-11-03 13:57:00,3,160,2,Rural,93-03,0,4275.0,4.68699713933023,3.0,29.32,38.43,-3.333
6349415,2020-11-05 20:02:00,3,21,1,Rural,74-02,0,33419.0,10.68002175631316,2.0,16.5,29.6,
6350353,2020-11-06 14:31:00,2,26,1,Rural,1-p3,0,3463.0,13.225353106944722,1.0,8.98,12.61,3.628
6349997,2020-11-06 16:54:00,3,12,1,Rural,39-01,3,1490.0,4.2712509841605515,4.0,6.341,9.11,-0.623
6350223,2020-11-06 22:54:00,3,12,1,Rural,65-02,0,32635.0,7.848010725835221,4.0,3.166,9.6,
6350897,2020-11-08 07:41:00,2,26,1,Rural,1-c8,4,36308.0,1.8136325621189713,1.0,4.964,5.88,
6354466,2020-11-11 13:43:00,3,11,1,Rural,54-15,2,31942.0,3.510503289456328,3.0,6.582,10.0,
6354501,2020-11-13 12:54:00,3,11,1,Rural,1-h1,0,31985.0,8.54152266897172,4.0,2.551,3.332,
6355178,2020-11-14 17:53:00,3,910,7,Rural,54-05,4+5,31958.0,7.333681628354553,3.0,14.92,24.4,
6355217,2020-11-14 18:35:00,3,21,1,Rural,1-k8,0,3223.0,15.341773654119825,5.0,4.753,6.501,-1.136
6356634,2020-11-16 12:43:00,2,11,1,Rural,1-k2,4,2197.0,3.2140426283664567,3.0,5.6,7.0,-1.1
6357406,2020-11-17 12:23:00,3,1094,5,Rural,000-861,0,6222.0,5.178842935460874,3.0,1.313,1.829,-0.45
6358545,2020-11-19 17:50:00,3,945,6,Rural,41-17,3+5,1350.0,8.013963240764356,0.0,11.1,14.77,2.379
6359113,2020-11-20 07:08:00,3,12,1,Rural,1-x9,3,5544.0,12.134116622228802,2.0,2.389,3.12,4.099
6359154,2020-11-20 17:46:00,3,130,2,Rural,41-21,2,1350.0,1.6688330571223309,4.0,10.79,14.41,2.325
6359921,2020-11-22 04:28:00,2,130,2,Rural,41-17,2+5,1350.0,7.308754716766993,2.0,1.459,1.601,0.77
6361633,2020-11-24 17:38:00,3,142,2,Rural,1-d6,2+5,31399.0,5.813001666237848,2.0,5.828,8.62,
6361742,2020-11-24 23:01:00,3,923,6,Rural,1-d8,2+5,31392.0,1.937284728433219,1.0,9.31,11.86,
6362541,2020-11-26 09:44:00,3,923,6,Rural,41-17,2+5,1350.0,9.047994208943113,4.0,11.83,15.03,0.716
6362820,2020-11-26 10:12:00,3,11,1,Rural,821-01,0,3371.0,12.634226855783538,2.0,10.37,14.86,4.468
6363838,2020-11-27 20:59:00,3,240,3,Rural,000-230,2+5,1350.0,6.355678838934268,1.0,17.66,23.98,0.088
6363850,2020-11-27 22:57:00,3,21,1,Rural,000-103,0,1482.0,4.6446468330112785,3.0,7.121,11.11,0.396
6363890,2020-11-28 00:59:00,2,22,1,Rural,38-01,0,31392.0,8.1143343206741,1.0,15.56,22.15,
6363955,2020-11-28 01:32:00,3,945,6,Rural,1-f3,2+5,1479.0,0.7472892343548607,2.0,8.54,13.03,0.258
6364177,2020-11-28 17:12:00,3,660,4,Rural,1-g2,0,31572.0,9.296685459803198,2.0,2.875,4.998,
6366778,2020-12-03 00:31:00,2,11,1,Rural,61-02,3+5,2370.0,2.4874088989926326,1.0,19.93,24.89,-9.42
6367127,2020-12-03 11:38:00,3,70,1,Rural,1-d8,2+5,1490.0,2.7749634935799437,2.0,16.15,22.8,-9.1
6367274,2020-12-03 15:23:00,3,12,1,Rural,41-15,0,1370.0,3.432210458240464,3.0,14.86,19.53,-4.823
6369921,2020-12-08 07:53:00,3,12,1,Rural,41-16,2,31363.0,4.810943576594958,3.0,1.624,1.764,
6370382,2020-12-08 17:38:00,3,12,1,Rural,310-01,2+5,6300.0,2.2604332425862474,2.0,4.845,6.403,0.249
6375775,2020-12-16 21:49:00,3,36,1,Rural,1-q5,0,33480.0,4.538819449338605,1.0,5.53,7.546,
6376371,2020-12-17 15:54:00,3,923,6,Rural,1-h3,3+5,32097.0,11.323627922928463,4.0,9.53,12.84,
6376607,2020-12-18 05:35:00,2,11,1,Rural,1-e1,2,31488.0,4.4953646491043555,5.0,11.34,16.86,
6377130,2020-12-18 17:32:00,3,12,1,Rural,1-s6,2,34148.0,3.6387445200903743,2.0,7.414,10.09,
6378017,2020-12-20 01:11:00,3,11,1,Rural,000-102,2+5,31109.0,0.947976564431729,1.0,4.536,7.938,
6378195,2020-12-20 13:46:00,3,21,1,Rural,1-r0,0,33394.0,9.784007814327948,4.0,6.119,7.15,
6378172,2020-12-20 13:53:00,3,21,1,Rural,1-h4,0,32097.0,5.507714213720543,3.0,15.04,18.82,
6378259,2020-12-20 16:12:00,2,26,1,Rural,425-01,2+5,1361.0,13.082622298716652,2.0,6.888,10.78,-0.144
6378850,2020-12-21 09:35:00,3,12,1,Rural,1-e1,2+5,31488.0,1.2597815721597994,5.0,6.257,8.72,
6379330,2020-12-22 07:55:00,3,11,1,Rural,82-05,3+4,33661.0,1.8914527245001622,5.0,5.378,8.13,
6380501,2020-12-24 05:46:00,3,923,6,Rural,1-f8,0,31578.0,2.232034596301395,4.0,8.47,17.05,
6383716,2020-12-28 10:30:00,3,852,5,Rural,98-01,2+5,5872.0,2.59676066858246,0.0,8.95,14.47,-0.704
6383060,2020-12-29 20:46:00,3,12,1,Rural,1-v3,0,5872.0,7.255214866495238,4.0,5.03,9.83,-3.115
6383377,2020-12-30 08:51:00,2,142,2,Rural,1-d8,2,1490.0,2.839902909055224,1.0,1.143,1.339,-4.298
6383736,2020-12-30 15:49:00,3,12,1,Rural,1-u4,3+5,5982.0,1.4701493943000399,1.0,6.089,11.14,-1.633
6384749,2021-01-01 12:37:00,3,12,1,Rural,54-06,4+5,31958.0,0.8241415670695764,3.0,1.75,2.058,
6385073,2021-01-02 01:48:00,2,240,3,Rural,35-02,2+5,31399.0,8.902819770697105,2.0,5.057,7.74,
6387632,2021-01-06 07:55:00,2,11,1,Rural,35-04,2+5,36411.0,6.536784664588566,5.0,8.93,11.86,
6390372,2021-01-10 02:55:00,3,21,1,Rural,1-p1,3+5,33357.0,0.7244138764419085,5.0,5.172,6.664,
6392823,2021-01-13 09:35:00,3,111,4,Rural,1-y1,3,35116.0,0.39320822044237197,5.0,6.076,7.84,
6394235,2021-01-15 01:23:00,3,660,4,Rural,44-03,2,1350.0,4.205572675033294,3.0,5.563,7.742,2.429
6394991,2021-01-16 10:16:00,1,11,1,Rural,61-32,2,32654.0,12.291845158603842,4.0,4.526,5.684,
6395841,2021-01-18 02:35:00,3,26,1,Rural,425-02,2,1361.0,7.668168406860768,5.0,4.41,5.586,1.495
6396942,2021-01-18 13:46:00,3,11,1,Rural,1-d9,0,1490.0,4.625810852879597,4.0,15.56,19.5,-1.229
6397721,2021-01-20 11:56:00,2,12,1,Rural,1-g3,2,1673.0,7.288245339409023,4.0,21.08,27.83,-3.197
6399656,2021-01-23 04:37:00,3,923,6,Rural,41-16,2+5,31363.0,7.121844238530267,3.0,11.25,16.56,
6399697,2021-01-23 11:04:00,3,945,6,Rural,61-43,2+5,2643.0,0.5361790182095691,4.0,12.21,16.24,-2.425
6400311,2021-01-24 13:13:00,3,11,1,Rural,7475-01,3,3433.0,2.397744977118643,3.0,11.8,14.37,-2.963
6401416,2021-01-26 00:46:00,3,22,1,Rural,1-g0,0,31572.0,2.6733599640840677,4.0,7.68,11.96,
6403699,2021-01-28 22:39:00,3,12,1,Rural,34-02,0,6300.0,4.949910800980649,1.0,3.815,5.096,-8.05
6406510,2021-02-01 12:37:00,3,130,2,Rural,41-16,2+5,31363.0,5.880589078306748,3.0,3.251,4.998,
6410695,2021-02-06 14:12:00,3,22,1,Rural,60-37,0,2428.0,21.315150244995248,2.0,1.578,2.548,-0.862
6415202,2021-02-11 07:13:00,3,923,6,Rural,41-15,2+5,31363.0,2.0409962184921797,3.0,9.89,14.11,
6415741,2021-02-11 16:42:00,3,11,1,Rural,61-22,3+5,2481.0,11.08674725009511,2.0,1.15,2.156,-3.694
6416358,2021-02-12 15:08:00,3,142,2,Rural,415-04,3,31475.0,4.34006116174928,2.0,8.57,15.09,
6419140,2021-02-16 18:11:00,3,36,1,Rural,39-01,4,31387.0,8.370127873527652,1.0,4.086,4.998,
6419757,2021-02-17 10:35:00,2,11,1,Rural,56-01,4+5,31948.0,6.962046391800554,5.0,4.45,5.586,
6422897,2021-02-21 22:03:00,2,11,1,Rural,1-n1,0,33357.0,6.7288012137431865,3.0,7.81,9.11,
6424652,2021-02-23 21:58:00,3,11,1,Rural,85-08,2+5,3797.0,0.25584069619421607,2.0,5.936,7.219,0.22
6425420,2021-02-24 22:12:00,3,660,4,Rural,1-f7,2+5,31577.0,0.919008028715512,2.0,0.575,1.47,
6425743,2021-02-25 12:43:00,3,320,4,Rural,509-01,2+5,31572.0,4.042286376043693,3.0,2.784,4.41,
6425973,2021-02-25 15:38:00,3,12,1,Rural,1-n1,0,33357.0,3.0426179067591708,2.0,0.0,0.0,
6427765,2021-02-28 11:45:00,3,21,1,Rural,574-10,2+5,1924.0,3.9647285600808932,5.0,14.16,24.34,1.369
6433071,2021-03-07 10:54:00,3,240,3,Rural,36-12,2+5,1479.0,5.607073023732542,4.0,0.335,0.882,4.03
6433142,2021-03-07 11:23:00,2,11,1,Rural,946-02,0,34382.0,10.797387896565622,3.0,1.329,2.058,
6433358,2021-03-07 15:30:00,2,142,2,Rural,1-m7,0,33451.0,9.778819387119356,0.0,6.956,9.7,
6433363,2021-03-07 17:07:00,3,320,4,Rural,1-p1,3+5,33357.0,6.4724024813254815,3.0,2.336,3.43,
6433542,2021-03-07 19:52:00,2,240,3,Rural,1-p1,3+5,33357.0,0.09233329493562997,2.0,2.538,3.822,
6435030,2021-03-09 13:21:00,3,130,2,Rural,1-f3,2+5,1479.0,0.714927972647984,1.0,0.328,0.849,3.334
6435283,2021-03-09 23:48:00,3,24,1,Rural,36-04,2+5,31599.0,1.2251113734216215,2.0,8.93,13.13,
6435710,2021-03-10 10:40:00,3,130,2,Rural,1-f5,2,31579.0,0.4603220372307765,0.0,22.39,36.36,
6437217,2021-03-12 15:28:00,3,22,1,Rural,1-h4,0,32097.0,10.880205786777685,2.0,13.15,15.78,
6437183,2021-03-12 15:45:00,3,160,2,Rural,1-m3,3+5,33431.0,12.854874480787394,5.0,11.1,13.23,
6440546,2021-03-17 10:44:00,3,26,1,Rural,25-02,0,6315.0,5.077249638553049,4.0,5.736,8.04,7.777
6442638,2021-03-20 08:27:00,3,130,2,Rural,1-a3,2,6272.0,9.841611399101089,3.0,5.868,8.59,3.23
6443369,2021-03-21 14:46:00,2,11,1,Rural,208-01,0,36270.0,15.067957926048967,4.0,7.392,11.86,
6447861,2021-03-26 22:59:00,3,21,1,Rural,000-301,2+5,1779.0,6.221936038057289,1.0,2.31,3.267,-11.03
6448112,2021-03-27 13:12:00,2,12,1,Rural,87-03,3+5,3591.0,3.211670285958516,2.0,1.532,2.483,-8.82
6448712,2021-03-28 12:15:00,3,240,3,Rural,1-d6,2,31399.0,3.7161286482505136,5.0,1.726,2.646,
6450478,2021-03-28 17:50:00,3,130,2,Rural,427-05,2,31365.0,3.49135812201536,0.0,2.15,2.94,
6448986,2021-03-28 18:48:00,3,22,1,Rural,42-02,2,1370.0,11.295553547257716,2.0,1.385,2.581,-0.273
6450102,2021-03-30 10:00:00,2,240,3,Rural,51-02,2,31572.0,6.7519075632233365,0.0,4.858,7.938,
6451258,2021-03-31 11:26:00,3,24,1,Rural,1-y4,3,35315.0,7.708798527176862,4.0,0.343,0.686,
6452296,2021-04-02 12:49:00,2,1095,5,Rural,91-01,2+5,4652.0,12.961080443581084,1.0,4.101,5.325,8.98
6455224,2021-04-07 08:33:00,3,141,2,Rural,1-f3,2,1479.0,0.628679550368004,3.0,7.52,10.98,-3.802
6455445,2021-04-07 09:48:00,2,923,6,Rural,74-02,4+5,33424.0,10.871027254345242,2.0,1.0,1.764,
6455413,2021-04-07 11:34:00,3,21,1,Rural,43-01,2+5,31364.0,0.24634161416447323,4.0,8.11,15.58,
6455644,2021-04-07 11:55:00,3,11,1,Rural,1-x4,3,35666.0,16.154582319270162,5.0,5.926,8.72,
6460496,2021-04-13 21:17:00,2,11,1,Rural,75-02,5,33431.0,12.039374511307395,3.0,7.91,10.58,
6461610,2021-04-15 16:48:00,3,11,1,Rural,41-16,2,31363.0,9.399433899490656,2.0,15.86,20.97,
6463198,2021-04-18 10:28:00,3,240,3,Rural,35-03,2+5,6300.0,15.487052875804194,2.0,4.747,8.56,3.514
6463272,2021-04-18 14:05:00,3,160,2,Rural,1-f5,2+5,31579.0,1.5038453577818354,5.0,6.525,10.39,
6463580,2021-04-19 07:16:00,3,11,1,Rural,1-b6,4,6134.0,8.892640095503918,4.0,3.165,4.083,-0.022
6464141,2021-04-19 13:14:00,3,22,1,Rural,54-05,4+5,31958.0,4.912984991045826,4.0,1.368,1.862,
6466202,2021-04-22 15:59:00,3,22,1,Rural,1-q5,3+4+5,3474.0,5.087981202587188,1.0,1.771,2.6,2.617
6466767,2021-04-23 14:35:00,3,660,4,Rural,1-d2,2+5,36308.0,2.971216706241583,5.0,0.358,1.176,
6469040,2021-04-26 19:55:00,2,1094,5,Rural,000-102,0,1474.0,4.0139314209751795,5.0,2.6,3.7,9.1
6471237,2021-04-29 17:00:00,3,21,1,Rural,85-11,2+5,4614.0,0.8870598460018083,0.0,3.2,4.9,5.9
6471183,2021-04-29 23:00:00,3,70,1,Rural,000-231,0,7365.0,5.024190990708516,0.0,5.1,8.4,3.4
6471760,2021-04-30 14:55:00,2,70,1,Rural,000-801,0,31387.0,13.975304219844695,5.0,6.659,9.21,
6473730,2021-05-03 14:26:00,3,11,1,Rural,76-10,3+5,33751.0,0.2221892831465225,4.0,4.646,6.37,
6474959,2021-05-05 00:20:00,3,923,6,Rural,60-01,0,31985.0,7.157432079583342,0.0,1.144,1.666,
6478261,2021-05-09 09:06:00,3,11,1,Rural,41-16,2+5,31363.0,0.4120411275651046,4.0,3.785,5.586,
6478220,2021-05-09 10:39:00,3,1094,5,Rural,425-01,0,1350.0,7.767404772966398,1.0,5.777,8.98,3.366
6481324,2021-05-11 20:21:00,3,685,4,Rural,50-02,2+5,1779.0,6.090309681345175,1.0,4.366,5.488,5.558
6483462,2021-05-14 18:18:00,3,12,1,Rural,39-01,2+5,31387.0,0.8951587648653817,2.0,3.228,4.9,
6484634,2021-05-16 14:06:00,3,1094,5,Rural,431-01,0,1479.0,6.622876114949083,4.0,2.653,5.913,8.22
6484845,2021-05-16 20:51:00,3,11,1,Rural,540-01,0,1868.0,4.781958417171035,1.0,8.98,12.25,2.715
6486158,2021-05-17 23:32:00,2,11,1,Rural,1-m9,3+5,33451.0,0.23585774575814109,2.0,3.471,8.23,
6490245,2021-05-22 15:29:00,2,142,2,Rural,427-05,3+5,7365.0,14.056350596040723,1.0,8.1,12.6,6.3
6490970,2021-05-23 15:47:00,3,240,3,Rural,1-g1,2+5,31572.0,2.701422652238486,3.0,3.662,5.194,
6491562,2021-05-24 14:57:00,3,21,1,Rural,1-e2,2+5,1482.0,2.9059390857207403,3.0,2.543,3.887,6.381
6492704,2021-05-25 21:39:00,3,22,1,Rural,427-04,2+5,31365.0,0.057717335274373914,1.0,12.76,18.23,
6492852,2021-05-26 05:35:00,2,11,1,Rural,1-c8,0,36308.0,2.821796199839275,5.0,1.151,2.058,
6493423,2021-05-26 16:37:00,3,70,1,Rural,1-x1,3,35107.0,5.373865254222114,3.0,4.813,6.174,
6494509,2021-05-27 15:08:00,3,90,9,Rural,000-601,0,3474.0,10.944781783277008,2.0,9.41,10.8,9.09
6495370,2021-05-28 15:59:00,3,11,1,Rural,41-15,2+5,1370.0,3.214221981046243,1.0,23.65,32.14,9.77
6495638,2021-05-29 03:29:00,2,21,1,Rural,816-01,4+5,3463.0,4.70032220098255,1.0,5.182,9.28,11.95
6498493,2021-06-02 07:09:00,2,660,4,Rural,1-g1,3+5,31578.0,7.215417258481965,1.0,4.267,9.51,
6499998,2021-06-03 13:43:00,3,11,1,Rural,1-m9,5,33451.0,2.5732587139325074,3.0,6.713,9.41,
6502339,2021-06-06 13:28:00,3,111,4,Rural,1-m3,4+5,33419.0,15.082574521902815,2.0,0.968,1.96,
6504236,2021-06-08 13:44:00,2,660,4,Rural,1-p5,3+5,3463.0,2.7854133473364713,4.0,7.817,10.13,15.12
6505179,2021-06-09 13:16:00,2,240,3,Rural,76-03,4+5,3433.0,9.953001658644395,4.0,2.454,3.299,9.09
6507719,2021-06-12 18:30:00,2,11,1,Rural,74-02,0,33424.0,11.146775726681744,0.0,7.35,9.7,
6510025,2021-06-15 15:28:00,3,11,1,Rural,353-01,2+5,36308.0,13.704805943060574,2.0,8.11,11.56,
6510193,2021-06-15 19:48:00,3,11,1,Rural,1-p4,2+5,3463.0,9.415351785470017,2.0,6.346,10.78,4.407
6510768,2021-06-16 12:20:00,3,22,1,Rural,643-03,3+5,2480.0,5.231514053945478,0.0,14.27,17.8,2.127
6510939,2021-06-16 19:21:00,3,11,1,Rural,1-g1,2+5,31578.0,6.772574104634977,1.0,8.61,12.64,
6513344,2021-06-19 06:17:00,2,11,1,Rural,1-s6,0,34148.0,2.6095904929128597,3.0,1.317,1.862,
6514016,2021-06-20 19:59:00,3,141,2,Rural,1-f8,2+5,31578.0,3.706502565456484,1.0,4.458,6.076,
6516686,2021-06-23 11:05:00,3,923,6,Rural,1-r0,0,33394.0,4.957715047453543,5.0,5.445,6.86,
6516731,2021-06-23 14:48:00,2,12,1,Rural,95-04,2+5,35965.0,7.434329831716029,2.0,7.99,11.66,
6517098,2021-06-23 20:24:00,2,240,3,Rural,360-02,2+5,31399.0,15.282581048530119,4.0,3.857,11.56,
6518162,2021-06-24 15:01:00,2,660,4,Rural,38-03,2+5,31387.0,11.714628910643901,1.0,4.314,6.664,
6519947,2021-06-27 02:20:00,3,26,1,Rural,39-01,4+5,31387.0,7.006721937468071,0.0,2.138,2.94,
6523177,2021-06-30 15:20:00,3,11,1,Rural,54-06,2+5,31958.0,8.841838576679093,0.0,5.919,8.43,
6528761,2021-07-01 19:34:00,3,22,1,Rural,1-m4,0,33431.0,5.055290285602582,4.0,4.387,6.958,
6524364,2021-07-01 20:23:00,2,45,8,Rural,35-14,6+11,6745.0,8.938576343210615,3.0,4.297,5.231,9.07
6525737,2021-07-02 00:28:00,3,11,1,Rural,1-k2,0,2197.0,7.745520285651405,2.0,2.3,2.9,10.9
6526928,2021-07-04 12:30:00,3,1095,5,Rural,1-u2,2+5,5982.0,6.885710148268126,0.0,3.632,4.312,10.03
6526975,2021-07-04 13:14:00,3,11,1,Rural,000-231,0,31365.0,1.6070703161681263,4.0,4.53,5.684,
6527256,2021-07-04 16:12:00,2,45,8,Rural,35-15,0,6935.0,2.3515743129583075,2.0,3.745,5.096,16.07
6529171,2021-07-06 17:10:00,3,12,1,Rural,845-02,2,3591.0,8.368610404671943,0.0,5.055,6.631,12.92
6530443,2021-07-07 13:59:00,3,12,1,Rural,85-06,4+5,3797.0,8.629395325915855,1.0,2.633,4.312,14.88
6530460,2021-07-08 07:28:00,3,24,1,Rural,60-07,3+5,2175.0,8.256278973210488,2.0,6.0,8.8,11.1
6531895,2021-07-09 13:26:00,2,45,8,Rural,870-02,0,4912.0,14.384341602928831,4.0,6.303,8.23,13.13
6532702,2021-07-09 13:27:00,3,240,3,Rural,1-k8,0,33419.0,15.7115639026431,3.0,2.836,4.508,
6531789,2021-07-09 13:52:00,3,650,4,Rural,1-x8,3,5544.0,12.225197727707412,2.0,7.989,9.82,12.53
6531974,2021-07-09 15:42:00,3,45,8,Rural,000-801,0,36504.0,13.500548805930219,2.0,5.463,6.958,
6533579,2021-07-10 00:19:00,3,1094,5,Rural,000-601,0,33563.0,14.615226534770041,1.0,2.271,2.744,
6537087,2021-07-14 12:19:00,3,11,1,Rural,1-u7,0,35884.0,4.348831157567142,1.0,4.24,7.742,
6538113,2021-07-16 15:04:00,3,240,3,Rural,1-r3,0,4406.0,6.960459240729497,4.0,5.28,7.971,13.96
6538407,2021-07-16 15:43:00,3,141,2,Rural,74-01,0,33419.0,4.776948244202092,3.0,5.072,7.742,
6539534,2021-07-18 11:42:00,2,45,8,Rural,1-b5,3+6,6045.0,4.036017266515859,2.0,7.919,10.03,10.02
6539552,2021-07-18 14:07:00,2,11,1,Rural,000-871,0,36270.0,16.037217002934234,3.0,3.103,6.664,
6540980,2021-07-20 07:20:00,3,24,1,Rural,425-01,2+5,31640.0,5.8951536756729,0.0,4.662,5.782,
6541124,2021-07-20 09:22:00,3,11,1,Rural,2433-01,3+6,36122.0,4.443198741654587,2.0,5.857,7.84,
6542309,2021-07-21 12:38:00,3,320,4,Rural,1-k6,4+5,33204.0,10.738464684728783,2.0,6.709,10.68,
6543455,2021-07-22 18:00:00,3,660,4,Rural,1-f7,2,31577.0,0.9209394991716442,0.0,9.42,13.82,
6544498,2021-07-23 17:10:00,3,240,3,Rural,54-05,4+5,31958.0,11.952615832844444,0.0,3.453,4.998,
6544431,2021-07-23 18:52:00,2,45,8,Rural,955-05,2+5,35985.0,3.8902054686080696,2.0,5.966,10.49,
6545846,2021-07-25 16:55:00,3,240,3,Rural,1-g1,2,31578.0,5.939183248933302,5.0,10.22,23.42,
6546805,2021-07-25 17:20:00,3,45,8,Rural,000-541,0,6935.0,17.291507194932038,0.0,13.29,17.18,8.55
6548526,2021-07-26 00:26:00,2,910,7,Rural,1-t5,0,34081.0,2.8443141295181325,4.0,9.78,13.72,
6547788,2021-07-27 14:47:00,3,660,4,Rural,1-e2,2+5,1482.0,2.9175729784963544,3.0,3.85,5.88,13.57
6547975,2021-07-27 16:00:00,2,24,1,Rural,000-451,0,32372.0,5.194122395620538,0.0,4.554,10.19,
6548926,2021-07-28 18:46:00,2,12,1,Rural,435-01,3+4,31488.0,7.513334113740719,4.0,1.998,3.43,
6549709,2021-07-29 16:04:00,3,21,1,Rural,286-01,3+6,6310.0,6.0761841078053624,4.0,1.593,3.169,21.79
6549741,2021-07-29 18:33:00,3,11,1,Rural,744-02,0,33424.0,1.9253468835301293,3.0,4.83,6.958,
6551619,2021-07-31 12:03:00,3,660,4,Rural,95-01,0,34081.0,8.519146794084476,3.0,2.219,4.018,
6552989,2021-08-01 12:24:00,2,45,8,Rural,643-07,6+11,2692.0,5.066285519584074,4.0,3.4,4.312,11.97
6553994,2021-08-02 18:42:00,2,12,1,Rural,000-801,11,6515.0,3.6957703073596027,2.0,1.079,2.646,13.8
6554785,2021-08-03 17:16:00,3,11,1,Rural,61-01,3+5,32377.0,5.391991527074925,4.0,6.262,7.742,
6554913,2021-08-03 17:30:00,2,70,1,Rural,000-701,6,4060.0,0.3831262748146467,0.0,1.205,3.234,14.27
6556022,2021-08-04 18:31:00,3,1094,5,Rural,000-170,0,1471.0,0.5089382207832478,1.0,2.8,3.2,13.0
6556900,2021-08-05 13:00:00,2,11,1,Rural,1-s1,2,34326.0,0.5302113048211585,0.0,2.529,3.626,
6556810,2021-08-05 15:46:00,2,11,1,Rural,000-861,0,6222.0,11.437508640630483,4.0,1.269,1.829,13.72
6561357,2021-08-05 20:40:00,3,24,1,Rural,705-01,0,3103.0,4.9967646183997605,0.0,3.2,4.7,10.3
6557777,2021-08-06 07:08:00,3,12,1,Rural,1-t6,0,34073.0,0.11576256683697217,2.0,0.954,1.666,
6558052,2021-08-06 15:39:00,3,410,4,Rural,574-02,2,31931.0,13.329435481607309,1.0,3.268,4.312,
6558726,2021-08-07 10:28:00,2,45,8,Rural,F208-02,6+8,6459.0,17.754513220453358,2.0,2.766,3.463,8.27
6559652,2021-08-08 16:28:00,3,240,3,Rural,1-c8,2+5,36308.0,3.9485480729228857,2.0,4.565,7.55,
6560380,2021-08-09 11:52:00,3,130,2,Rural,75-03,0,3433.0,2.637257333079316,2.0,4.112,4.965,18.2
6560694,2021-08-09 19:10:00,3,11,1,Rural,82-02,0,33563.0,11.934451468931638,0.0,2.424,3.038,
6561796,2021-08-10 17:22:00,3,141,2,Rural,1-g4,2+5,31674.0,6.777793105877638,2.0,2.149,3.234,
6562962,2021-08-11 19:30:00,3,26,1,Rural,633-02,3+6,32654.0,16.96366075155781,0.0,7.22,10.78,
6563900,2021-08-12 21:33:00,3,45,8,Rural,360-03,2+5,31591.0,5.196917394543739,3.0,7.216,11.27,
6565024,2021-08-13 17:01:00,3,12,1,Rural,1-k6,0,33204.0,9.561607727154325,1.0,4.045,5.978,
6565387,2021-08-14 11:55:00,3,410,4,Rural,36-12,2+5,1590.0,6.743650837149588,5.0,7.602,11.59,8.17
6565410,2021-08-14 12:53:00,2,1094,5,Rural,000-801,0,6515.0,6.36261719661116,3.0,1.671,3.724,17.34
6565406,2021-08-14 13:44:00,3,410,4,Rural,30-02,2+5,6420.0,8.961721451307913,4.0,6.0,8.9,18.4
6565673,2021-08-14 15:28:00,3,21,1,Rural,000-861,11,6237.0,6.693811748088606,2.0,5.382,8.4,17.81
6566030,2021-08-15 09:55:00,3,440,4,Rural,1-p1,2+5,33357.0,2.102678658290914,5.0,6.226,8.33,
6566299,2021-08-15 14:04:00,2,1094,5,Rural,000-601,0,3463.0,13.042198193968323,4.0,9.58,12.81,15.24
6566872,2021-08-16 12:49:00,3,710,9,Rural,1-d9,2+5,31488.0,3.093336981735433,1.0,2.836,4.606,
6567383,2021-08-16 20:09:00,2,12,1,Rural,744-03,0,3433.0,9.298028241475564,1.0,4.309,5.455,12.18
6570200,2021-08-19 21:14:00,3,45,8,Rural,000-641,0,3591.0,4.231185075374968,4.0,2.273,3.071,9.78
6571369,2021-08-21 13:33:00,3,11,1,Rural,000-103,11,1590.0,6.624906055054403,3.0,9.57,11.75,6.592
6572766,2021-08-23 09:31:00,3,11,1,Rural,925-01,3+6,34382.0,25.231098292625536,1.0,4.147,7.15,
6577414,2021-08-27 15:50:00,3,11,1,Rural,427-11,2+5,31380.0,8.995199776549233,0.0,6.018,9.11,
6578254,2021-08-28 22:33:00,2,24,1,Rural,000-601,3+6,3463.0,9.36717205238612,3.0,9.97,13.2,11.61
6578755,2021-08-29 13:36:00,2,45,8,Rural,000-801,6+11,31599.0,6.173081883624479,4.0,5.889,9.6,
6578878,2021-08-29 17:46:00,3,11,1,Rural,41-16,2+5,1350.0,9.270657985491793,4.0,5.902,7.317,10.77
6581336,2021-09-01 15:16:00,3,24,1,Rural,711-05,3,33419.0,21.21469307927587,4.0,9.48,13.52,
6582440,2021-09-02 18:56:00,2,45,8,Rural,000-871,8+11,6272.0,2.326252392131902,4.0,4.363,6.011,13.67
6583338,2021-09-03 18:17:00,3,24,1,Rural,82-03,0,33563.0,2.985762566337826,3.0,3.402,5.39,
6583470,2021-09-03 19:46:00,3,26,1,Rural,1-x3,3,35666.0,14.68502115799888,4.0,8.87,10.78,
6583484,2021-09-03 22:02:00,2,841,5,Rural,35-02,2+5,31399.0,8.610801986493753,2.0,4.026,5.782,
6583748,2021-09-04 07:20:00,3,923,6,Rural,41-16,2,31363.0,0.3166598269708473,0.0,9.74,13.23,
6586810,2021-09-06 17:24:00,3,45,8,Rural,000-801,6+11,36519.0,29.065092947864763,4.0,1.019,1.96,
6587382,2021-09-08 07:43:00,3,685,4,Rural,35-03,2+5,36411.0,8.81178150715173,3.0,1.147,2.842,
6588022,2021-09-08 14:19:00,3,12,1,Rural,1-h3,0,32097.0,12.379023476074805,1.0,10.35,14.8,
6588790,2021-09-08 22:56:00,2,12,1,Rural,75-02,0,3433.0,8.143291476240561,4.0,6.729,11.47,10.43
6590029,2021-09-10 19:36:00,2,1094,5,Rural,000-601,0,3463.0,11.614661432363155,4.0,1.583,2.483,7.655
6591585,2021-09-12 16:05:00,3,923,6,Rural,1-c5,0,6315.0,5.637841400953334,5.0,12.49,17.61,11.23
6592358,2021-09-12 17:24:00,3,22,1,Rural,622-04,0,2530.0,0.4893231083864403,4.0,7.53,13.88,11.83
6592269,2021-09-13 15:46:00,3,12,1,Rural,64-01,2+5,2631.0,5.080435267511735,4.0,5.6,8.1,10.1
6593861,2021-09-15 14:00:00,3,12,1,Rural,85-10,4+5,34700.0,11.473502989348766,0.0,2.11,3.136,
6593868,2021-09-15 14:12:00,3,320,4,Rural,37-01,2+5,36504.0,3.077414461815496,2.0,1.875,3.528,
6594859,2021-09-16 13:51:00,3,11,1,Rural,923-01,0,34148.0,3.0890004735928516,1.0,5.801,13.13,
6595635,2021-09-17 12:28:00,3,21,1,Rural,000-102,2+5,31109.0,1.5536955317352756,2.0,4.441,8.13,
6595849,2021-09-17 17:00:00,3,685,4,Rural,35-05,2+5,36411.0,5.219422375738911,0.0,5.456,7.64,
6595955,2021-09-17 22:42:00,2,1094,5,Rural,000-270,0,1479.0,0.7518306989591733,2.0,1.85,2.842,6.31
6597283,2021-09-18 17:07:00,3,26,1,Rural,1-h3,4+5,31985.0,13.602381627437428,3.0,6.524,10.88,
6596617,2021-09-18 19:02:00,3,22,1,Rural,1-m7,0,33451.0,8.355125491707007,2.0,1.097,2.254,
6598159,2021-09-20 14:01:00,3,22,1,Rural,920-01,0,34348.0,12.579876884650165,1.0,6.913,9.9,
6598545,2021-09-20 22:32:00,3,26,1,Rural,34-02,2+5,6300.0,5.638604029880178,2.0,1.952,3.038,6.49
6599287,2021-09-21 13:58:00,2,11,1,Rural,1-b4,3+5,36049.0,0.7352152998274485,2.0,19.2,40.28,
6599331,2021-09-21 20:06:00,2,11,1,Rural,82-01,3+6,3463.0,2.5398739528946734,4.0,5.118,8.0,6.596
6599977,2021-09-22 14:27:00,2,240,3,Rural,93-02,0,34175.0,0.6504240470322831,3.0,6.413,10.58,
6600414,2021-09-23 08:56:00,2,45,8,Rural,000-701,0,5933.0,13.906219998441932,4.0,1.182,1.797,-0.584
6600948,2021-09-23 09:17:00,3,111,4,Rural,1-d8,2+5,1490.0,2.1145789654572593,3.0,8.14,9.34,-0.138
6601733,2021-09-24 08:44:00,3,26,1,Rural,1-q9,3+5,33394.0,2.2638559145164514,4.0,2.998,4.018,
6602371,2021-09-25 11:52:00,3,24,1,Rural,55-02,0,31958.0,17.130776757745814,2.0,9.02,18.82,
6602964,2021-09-26 03:02:00,3,70,1,Rural,000-551,3+6,3433.0,8.285424753870336,2.0,10.03,12.51,5.13
6603068,2021-09-26 13:34:00,2,240,3,Rural,1-j1,0,32097.0,7.982660734183185,4.0,14.91,22.93,
6602977,2021-09-26 14:09:00,2,11,1,Rural,74-01,2+5,33419.0,1.8586945571686229,1.0,13.23,19.01,
6603775,2021-09-27 12:49:00,3,660,4,Rural,501-01,4+5,31572.0,1.539223960890869,1.0,13.39,23.72,
6604048,2021-09-27 16:31:00,2,12,1,Rural,76-01,0,3433.0,14.390112760127344,1.0,5.391,7.546,2.852
6604201,2021-09-27 22:43:00,3,12,1,Rural,76-08,3+5,33643.0,3.342349236106661,3.0,1.764,2.45,
6605859,2021-09-30 07:16:00,3,26,1,Rural,1-g3,2+5,1673.0,6.189366695104408,4.0,3.716,4.671,3.598
6606166,2021-09-30 07:41:00,3,24,1,Rural,35-04,2+5,36411.0,8.557654494892088,1.0,3.573,5.978,
6606077,2021-09-30 10:37:00,3,12,1,Rural,1-c0,2+5,6222.0,6.401438866635693,3.0,2.082,7.121,7.241
6607683,2021-10-02 14:07:00,3,1094,5,Rural,000-103,0,31579.0,3.723932057464053,3.0,18.61,33.71,
6607685,2021-10-02 15:23:00,2,240,3,Rural,1-c8,4,36308.0,4.672516058430347,3.0,8.03,12.35,
6608695,2021-10-04 05:21:00,3,945,6,Rural,1-d6,2+5,31399.0,5.478947989082555,1.0,15.42,19.89,
6609976,2021-10-05 12:40:00,3,70,1,Rural,000-231,11,31365.0,0.20810009621282463,0.0,3.12,4.508,
6610177,2021-10-05 17:03:00,2,26,1,Rural,427-05,4+5,7365.0,10.799472258726363,3.0,5.0,6.4,2.9
6611092,2021-10-06 18:54:00,3,11,1,Rural,1-f5,2+5,1578.0,1.0927686690006786,4.0,1.773,3.332,4.903
6611529,2021-10-07 08:39:00,3,130,2,Rural,41-16,2+5,31363.0,1.5818914680916734,1.0,11.76,14.9,
6611760,2021-10-07 10:32:00,2,12,1,Rural,1-b5,4+5,6045.0,1.5857856367889638,2.0,22.97,33.91,7.257
6612013,2021-10-07 15:27:00,2,12,1,Rural,000-231,3+6,1361.0,1.2483938936184498,3.0,11.76,18.62,7.953
6612604,2021-10-08 11:42:00,3,660,4,Rural,1-b4,4,6045.0,0.8529836895120785,2.0,6.01,8.2,9.76
6612752,2021-10-08 16:24:00,2,11,1,Rural,000-210,3,1474.0,1.6494599220718131,4.0,5.8,10.6,10.3
6613399,2021-10-09 01:50:00,3,11,1,Rural,744-01,4+5,33419.0,8.099457792630199,0.0,7.247,9.6,
6613513,2021-10-09 18:18:00,3,610,4,Rural,50-01,3+5,1779.0,4.711080758117663,2.0,5.769,9.41,5.443
6613543,2021-10-09 21:04:00,3,11,1,Rural,54-17,4+5,31950.0,2.7724785433830283,4.0,4.017,6.37,
6614936,2021-10-11 12:14:00,3,142,2,Rural,1-f3,2+5,1479.0,0.7736113700728138,4.0,3.94,6.729,6.031
6615069,2021-10-11 12:44:00,3,12,1,Rural,951-04,0,4180.0,4.136147137905437,4.0,2.476,3.691,4.409
6615205,2021-10-11 15:41:00,3,11,1,Rural,41-15,2+5,7370.0,1.1765663260933308,1.0,4.662,7.383,
6616401,2021-10-12 16:39:00,3,22,1,Rural,34-05,2+5,31399.0,10.75900421138667,1.0,5.731,9.51,
6619070,2021-10-16 10:42:00,3,22,1,Rural,931-01,0,34175.0,11.423842504951903,2.0,5.232,6.762,
6619214,2021-10-16 13:55:00,3,11,1,Rural,355-01,0,36411.0,6.14475932805742,5.0,5.873,10.09,
6619616,2021-10-17 05:29:00,2,12,1,Rural,41-16,2+5,31363.0,2.643708780252581,1.0,10.45,13.82,
6619635,2021-10-17 05:52:00,3,240,3,Rural,1-d6,2+5,31399.0,0.24008339545308477,2.0,11.38,16.27,
6621097,2021-10-18 23:28:00,3,111,4,Rural,417-02,2,1487.0,1.3143858159076631,2.0,9.81,11.99,4.901
6624228,2021-10-21 21:23:00,3,160,2,Rural,1-c0,4,6222.0,6.427215975418031,3.0,5.228,8.43,2.354
6624277,2021-10-21 23:32:00,3,11,1,Rural,1-b5,3,6134.0,11.804142857743742,2.0,0.643,1.731,2.959
6628301,2021-10-26 12:33:00,3,130,2,Rural,60-46,0,2636.0,2.3743589563655867,3.0,14.47,16.92,-2.404
6628028,2021-10-26 20:19:00,3,11,1,Rural,1-f3,2+5,1479.0,1.333814985087697,1.0,5.266,9.28,6.425
6629134,2021-10-27 13:02:00,3,240,3,Rural,60-09,3+5,32179.0,8.192479768034836,2.0,4.796,8.92,
6632309,2021-10-30 13:37:00,2,21,1,Rural,000-861,3,36127.0,3.4622324208010835,3.0,1.304,1.96,
6633402,2021-11-01 09:58:00,3,11,1,Rural,829-01,3+5,3380.0,12.566924703960163,2.0,5.6,8.1,-0.8
6633002,2021-11-01 11:19:00,3,26,1,Rural,1-h4,4+5,32097.0,8.739394232098435,1.0,7.97,10.09,
6635034,2021-11-02 21:50:00,2,26,1,Rural,415-04,2+5,31475.0,3.2636026231204363,0.0,0.82,2.94,
6635982,2021-11-03 15:21:00,3,22,1,Rural,1-f5,2+5,31579.0,2.9799642115003486,1.0,8.86,12.45,
6635983,2021-11-03 16:03:00,1,12,1,Rural,47-02,2+5,31578.0,11.001590898721933,3.0,9.12,25.28,
6636268,2021-11-04 01:37:00,3,21,1,Rural,000-701,0,34087.0,6.135210628948678,3.0,2.139,4.41,
6639167,2021-11-06 14:57:00,3,11,1,Rural,1-g4,3+5,31674.0,4.117298161986077,3.0,3.865,4.998,
6638832,2021-11-06 17:04:00,3,11,1,Rural,426-02,2+5,31364.0,1.4677832437480351,4.0,5.626,7.742,
6639615,2021-11-08 01:05:00,3,11,1,Rural,54-05,4+5,31958.0,2.738689731412278,5.0,10.19,15.58,
6640152,2021-11-08 07:45:00,3,11,1,Rural,82-02,2+5,3463.0,10.798587955860743,5.0,1.112,2.581,2.142
6640068,2021-11-08 12:51:00,2,240,3,Rural,1-p5,2,3463.0,4.538439185670159,1.0,2.603,3.561,1.27
6640518,2021-11-08 23:12:00,3,12,1,Rural,1-q8,0,33487.0,6.292979491389979,2.0,5.562,8.23,
6641677,2021-11-09 12:46:00,3,22,1,Rural,222-01,2,6045.0,10.431667424643056,4.0,9.95,13.16,6.457
6642139,2021-11-10 12:30:00,3,12,1,Rural,805-01,4,33563.0,5.7671482335695075,0.0,6.059,10.19,
6645766,2021-11-14 10:13:00,1,21,1,Rural,612-03,0,2304.0,5.584878998629452,3.0,6.662,18.13,
6649245,2021-11-17 17:33:00,3,240,3,Rural,1-j2,0,32097.0,13.474689924126961,3.0,0.635,1.078,
6650816,2021-11-19 10:33:00,3,11,1,Rural,1-h1,2+5,31985.0,8.281499626857416,3.0,3.243,3.92,
6650843,2021-11-19 12:37:00,3,22,1,Rural,93-01,0,34175.0,5.392124978803126,3.0,4.759,5.88,
6651048,2021-11-19 19:03:00,3,11,1,Rural,39-01,2+5,1490.0,4.339000645057619,3.0,3.0,4.7,2.4
6652186,2021-11-21 11:33:00,3,12,1,Rural,821-01,2+5,3474.0,13.114770556706667,3.0,5.009,7.8,2.43
6654448,2021-11-23 17:32:00,3,240,3,Rural,41-22,0,1350.0,2.3411385711677126,2.0,4.243,5.455,1.296
6654512,2021-11-23 19:55:00,3,923,6,Rural,60-02,3+5,31985.0,0.41584865567972573,5.0,12.64,15.58,
6655074,2021-11-24 12:08:00,3,685,4,Rural,35-02,2+5,31399.0,8.458063787242757,2.0,5.893,13.72,
6655313,2021-11-24 13:03:00,2,12,1,Rural,61-24,4+5,32474.0,5.134158376620539,3.0,4.358,5.096,
6657736,2021-11-27 16:00:00,3,240,3,Rural,1-b1,2+5,36156.0,0.17827704663470426,0.0,3.224,4.312,
6660563,2021-11-30 14:04:00,3,12,1,Rural,1-b4,0,6045.0,4.031150111314009,4.0,1.845,2.45,1.521
6660874,2021-12-01 08:00:00,3,36,1,Rural,000-641,3,3596.0,20.618365736777847,0.0,1.177,1.96,-6.987
6662088,2021-12-02 12:55:00,3,24,1,Rural,1-r3,4,4406.0,5.920053352995577,5.0,5.571,8.56,1.131
6663423,2021-12-04 12:08:00,3,22,1,Rural,1-n1,5,33357.0,12.242946719927689,2.0,1.643,3.038,
6663645,2021-12-04 20:56:00,3,12,1,Rural,1-g1,0,31572.0,3.285366819517239,4.0,2.076,2.94,
6664643,2021-12-05 16:29:00,3,685,4,Rural,1-s6,2+5,34148.0,2.528584475448078,1.0,8.85,15.78,
6665306,2021-12-06 11:44:00,3,24,1,Rural,41-15,0,31363.0,2.275404616110656,4.0,2.903,3.92,
6665494,2021-12-06 18:38:00,3,11,1,Rural,35-04,2+5,36411.0,6.589347368527442,2.0,4.435,7.74,
6668173,2021-12-09 16:30:00,3,24,1,Rural,85-13,0,4614.0,17.265425331870155,0.0,5.9,9.0,2.5
6668690,2021-12-10 10:56:00,3,11,1,Rural,805-01,4,33563.0,7.070826521706138,4.0,2.681,3.528,
6669219,2021-12-11 02:18:00,3,11,1,Rural,1-p4,3+5,3463.0,2.670982551261023,2.0,3.462,4.737,-5.918
6670406,2021-12-12 17:54:00,2,240,3,Rural,1-m4,5,33431.0,3.2374371837961498,4.0,7.0,9.8,
6670917,2021-12-13 12:21:00,3,26,1,Rural,35-04,2+5,36411.0,8.651174145584154,1.0,2.784,3.92,
6673300,2021-12-14 23:52:00,3,11,1,Rural,41-16,2+5,31363.0,3.759433907759787,2.0,6.901,14.99,
6674334,2021-12-15 12:32:00,3,22,1,Rural,1-h4,2+5,32097.0,9.65710262638809,2.0,12.67,16.46,
6673869,2021-12-15 12:44:00,3,24,1,Rural,76-06,0,33643.0,12.094456107509432,4.0,1.614,4.214,
6675694,2021-12-17 13:05:00,3,945,6,Rural,41-16,0,1350.0,9.49521699253443,5.0,5.359,7.219,5.594
6675837,2021-12-17 16:01:00,2,240,3,Rural,1-g4,2+5,31674.0,0.5379935714761516,1.0,4.249,6.664,
6676123,2021-12-17 20:02:00,3,11,1,Rural,92-07,0,5975.0,4.840831274170838,2.0,2.1,2.5,4.9
6676392,2021-12-18 08:00:00,3,11,1,Rural,1-e1,2,1482.0,6.06156914579296,0.0,3.248,4.345,7.122
6677805,2021-12-19 15:47:00,2,12,1,Rural,54-09,2+5,31840.0,2.457982495261111,3.0,1.862,2.646,
6678908,2021-12-20 15:20:00,3,22,1,Rural,32-01,0,6420.0,5.173945401009431,0.0,1.0,1.5,0.9
6679105,2021-12-20 16:54:00,3,26,1,Rural,34-03,2+5,6300.0,11.070471724763363,4.0,2.003,3.103,-0.009
6678898,2021-12-20 17:38:00,1,211,3,Rural,1-d2,2+5,36308.0,6.417555137875687,2.0,3.466,3.92,
6679151,2021-12-20 19:38:00,3,11,1,Rural,60-02,0,31985.0,5.257419084752463,2.0,0.042,0.882,
6680808,2021-12-20 22:50:00,3,21,1,Rural,1-m5,3+5,33431.0,10.555279967337873,0.0,1.685,3.724,
6679995,2021-12-21 09:29:00,3,22,1,Rural,1-k3,0,2197.0,1.1255394841604909,1.0,3.6,4.9,-1.6
6679798,2021-12-21 13:22:00,3,11,1,Rural,1-h4,0,32097.0,11.26546733694384,2.0,3.529,4.116,
6679686,2021-12-21 13:34:00,3,11,1,Rural,1-h4,0,32097.0,3.1514096606247426,4.0,3.34,3.92,
6680800,2021-12-22 12:49:00,3,240,3,Rural,54-06,2+5,31958.0,6.886259725877488,1.0,2.048,7.154,
6688314,2021-12-23 16:01:00,2,60,9,Rural,590-01,0,2175.0,1.5237362457822983,1.0,3.0,3.8,-1.6
6682651,2021-12-24 02:29:00,3,11,1,Rural,1-g3,0,1673.0,7.631389220689697,1.0,0.845,2.515,-2.993
6686429,2021-12-27 18:24:00,3,12,1,Rural,33-04,2,6300.0,11.643265162295037,4.0,6.74,10.03,-3.975
6688133,2021-12-28 22:07:50,3,130,2,Rural,1-d8,2+5,1490.0,2.0532733135792864,2.1666666666666665,15.5,20.1,-3.8
6689229,2021-12-29 15:29:00,3,24,1,Rural,60-09,0,32179.0,3.5631819067869004,1.0,12.71,19.21,
6689464,2021-12-31 01:00:00,2,11,1,Rural,4530-01,3+6,31579.0,5.184693417990062,0.0,6.561,8.43,
6690921,2022-01-02 19:12:00,3,11,1,Rural,1-d6,2+5,31399.0,0.8482237403072262,2.0,3.878,8.62,
6692336,2022-01-04 08:41:00,3,11,1,Rural,1-c8,4,36308.0,8.372490299871968,1.0,3.984,5.292,
6693629,2022-01-06 03:45:00,3,945,6,Rural,41-15,2+5,1370.0,1.9652896626720853,5.0,20.48,29.01,4.361
6694923,2022-01-07 19:35:00,3,240,3,Rural,1-f5,2,31579.0,4.141645277880175,5.0,14.42,18.42,
6698546,2022-01-12 15:20:00,3,12,1,Rural,35-02,2+5,6300.0,15.254962273453186,0.0,10.47,16.5,3.329
6698584,2022-01-12 21:20:00,2,11,1,Rural,1-q8,0,33394.0,7.9552095916225225,0.0,13.37,17.44,
6698624,2022-01-13 00:44:00,3,21,1,Rural,429-02,2+5,1350.0,4.421304876130718,4.0,14.29,18.91,1.109
6700546,2022-01-16 05:51:00,3,12,1,Rural,43-01,2+5,31364.0,1.8108314595372548,1.0,5.523,7.35,
6700757,2022-01-16 14:54:00,3,26,1,Rural,000-103,8+11,31109.0,3.2281110058727966,4.0,3.297,7.644,
6701732,2022-01-17 16:03:00,3,22,1,Rural,273-01,4,6315.0,5.962356433884417,3.0,7.957,10.52,6.055
6704998,2022-01-22 12:33:00,3,12,1,Rural,82-02,3+5,3463.0,8.720941388931509,3.0,13.66,17.02,0.299
6705458,2022-01-23 06:52:00,3,12,1,Rural,35-01,2+6,31399.0,4.975664336637833,2.0,6.348,10.19,
6705438,2022-01-23 08:12:00,3,24,1,Rural,41-15,2+5,7370.0,1.290851266248672,2.0,7.906,15.06,
6706635,2022-01-25 08:18:00,3,40,1,Rural,000-103,11,31579.0,2.747968571812144,2.0,6.937,14.31,
6707504,2022-01-26 09:42:00,3,12,1,Rural,917-08,2,4455.0,3.6512982587552845,2.0,0.645,1.111,-2.762
6707599,2022-01-26 12:39:00,2,1094,5,Rural,000-103,0,31109.0,4.279499406518676,1.0,2.146,3.822,
6709165,2022-01-28 17:07:00,2,22,1,Rural,63-02,2+5,31122.0,1.9089678186292218,3.0,12.99,18.62,
6709676,2022-01-29 14:06:00,3,21,1,Rural,60-43,0,32533.0,9.749457402391396,4.0,8.98,10.78,
6709763,2022-01-29 19:25:00,3,923,6,Rural,1-g4,2+5,1673.0,0.09373488978764323,5.0,0.0,0.0,0.465
6709791,2022-01-29 21:16:00,3,685,4,Rural,1-m4,4+5,33431.0,5.647302412738389,4.0,16.2,19.6,
6711163,2022-01-31 16:10:00,3,11,1,Rural,43-01,2+5,31364.0,4.837192310411345,0.0,6.278,10.19,
6713761,2022-02-04 00:40:00,1,24,1,Rural,1-a2,3,36386.0,7.713990895829587,0.0,17.12,24.99,
6714617,2022-02-05 14:53:00,3,70,1,Rural,5710-01,2,31931.0,11.609901636574847,3.0,11.54,14.5,
6715235,2022-02-06 11:38:00,3,11,1,Rural,1-z0,0,6499.0,2.190807512015543,2.0,8.9,13.6,0.4
6716375,2022-02-08 09:42:00,3,11,1,Rural,38-01,2+5,31387.0,8.457880595303614,2.0,13.8,18.23,
6719126,2022-02-09 00:25:00,3,923,6,Rural,92-10,0,34087.0,7.083320924221639,5.0,15.33,23.91,
6717271,2022-02-09 07:06:00,3,923,6,Rural,1-u2,2+5,5982.0,6.702427509199563,4.0,8.82,11.4,0.374
6716986,2022-02-09 08:08:00,3,11,1,Rural,429-02,2+5,1350.0,4.969865205731121,2.0,12.55,15.55,-0.909
6717113,2022-02-09 08:55:00,3,920,6,Rural,39-01,2+5,31387.0,2.9496437997296012,5.0,10.9,17.74,
6717488,2022-02-09 15:52:00,3,240,3,Rural,1-p2,0,33357.0,12.212902865404736,2.0,3.089,4.214,
6717527,2022-02-09 18:45:00,3,240,3,Rural,1-f5,2,31579.0,4.259176202055309,5.0,15.99,22.34,
6718045,2022-02-10 14:54:00,3,240,3,Rural,1-q5,2+5+6,33480.0,4.831860197320864,4.0,5.492,8.62,
6718463,2022-02-11 01:18:00,2,26,1,Rural,823-01,0,3371.0,8.640622229057154,2.0,8.2,12.0,-0.5
6719063,2022-02-11 17:36:00,3,130,2,Rural,1-c8,4,36308.0,5.868928985669346,4.0,9.47,12.05,
6720029,2022-02-13 15:53:00,3,26,1,Rural,1-g4,2+5,31674.0,0.38267263377298133,3.0,3.027,4.704,
6720834,2022-02-14 19:07:00,3,11,1,Rural,60-43,1+2+5,32533.0,8.59688985502741,3.0,6.049,11.66,
6722802,2022-02-17 12:00:00,3,36,1,Rural,35-01,0,31399.0,8.457659112904992,0.0,0.751,4.606,
6723436,2022-02-18 07:50:00,3,240,3,Rural,92-07,0,5981.0,4.807260078243294,0.0,3.781,5.39,-2.558
6724025,2022-02-19 11:35:00,3,945,6,Rural,41-16,2+5,31363.0,1.040871240731118,5.0,12.79,16.17,
6724123,2022-02-19 12:15:00,2,160,2,Rural,82-01,0,3463.0,1.1426068892284336,5.0,1.132,2.156,-5.131
6724543,2022-02-19 14:00:00,3,11,1,Rural,36-02,2+5,31599.0,8.960329188924025,0.0,15.05,21.46,
6724145,2022-02-19 16:17:00,3,11,1,Rural,1-h4,2+5,32097.0,6.2476422655522645,3.0,4.848,11.56,
6724351,2022-02-20 01:21:00,3,923,6,Rural,1-q0,0,3474.0,8.664877461832663,1.0,9.95,12.63,-9.36
6724514,2022-02-20 09:55:00,3,142,2,Rural,1-e1,2+5,31488.0,0.9908412514430293,5.0,17.22,25.97,
6724611,2022-02-20 11:50:00,3,21,1,Rural,821-04,0,3371.0,2.7038219882985475,0.0,11.6,14.4,0.0
6725270,2022-02-21 17:05:00,2,240,3,Rural,35-02,2+5,6300.0,11.980617900577396,5.0,9.68,13.16,0.258
6725742,2022-02-22 11:21:00,3,24,1,Rural,33-04,2+5,6300.0,11.59821462483984,1.0,14.75,24.08,-0.391
6731874,2022-03-03 13:19:00,3,22,1,Rural,426-01,2+5,31364.0,2.5040234953405776,1.0,8.77,11.27,
6734038,2022-03-06 15:28:00,2,240,3,Rural,76-07,5,33643.0,3.0626441179291444,2.0,14.59,22.15,
6733898,2022-03-06 16:38:00,3,22,1,Rural,000-210,2+5,31475.0,1.0285830403850276,2.0,4.727,8.13,
6734588,2022-03-07 14:22:00,3,111,4,Rural,43-01,2+5,31364.0,4.986801015167806,2.0,5.347,10.58,
6734639,2022-03-07 16:46:00,3,410,4,Rural,43-01,0,31364.0,2.551750278179322,4.0,2.672,4.802,
6740604,2022-03-15 12:44:00,3,660,4,Rural,39-01,2+5,31387.0,6.227315550670337,4.0,13.53,19.8,
6740866,2022-03-15 17:52:00,3,240,3,Rural,41-15,2+5,1370.0,2.134123836348849,2.0,9.65,14.21,-1.794
6741390,2022-03-16 10:57:00,3,11,1,Rural,51-02,0,31572.0,7.622459801040877,3.0,4.669,13.13,
6742295,2022-03-16 11:31:00,3,945,6,Rural,61-43,2+5,2643.0,1.3753887982181776,1.0,4.141,6.925,-2.261
6742443,2022-03-17 21:15:00,3,11,1,Rural,318-01,0,6300.0,3.582345330969745,5.0,6.894,13.65,-1.378
6742717,2022-03-18 07:47:00,3,11,1,Rural,427-12,2+5,31380.0,4.639048079683665,3.0,10.55,14.5,
6742644,2022-03-18 09:34:00,3,160,2,Rural,1-j2,4+5,32097.0,8.535994323797345,4.0,12.45,15.48,
6744070,2022-03-20 09:29:00,3,24,1,Rural,75-02,5,33451.0,11.505862661763082,1.0,7.48,9.7,
6744104,2022-03-20 12:43:00,3,36,1,Rural,000-103,11,31579.0,6.764177431689637,3.0,1.696,2.842,
6745070,2022-03-21 10:36:00,3,11,1,Rural,420-01,3+5,31363.0,2.915821225655512,4.0,4.829,6.174,
6748229,2022-03-24 21:27:00,3,11,1,Rural,1-k2,4+5,2197.0,3.0480498441309862,3.0,11.0,13.3,-3.3
6749018,2022-03-25 17:00:00,3,70,1,Rural,1-v8,3,35769.0,5.739879337877414,0.0,3.569,4.802,
6757523,2022-04-05 23:11:00,3,11,1,Rural,1-p1,2+5,33357.0,6.542205105667261,1.0,9.72,12.35,
6758038,2022-04-06 14:30:00,2,151,4,Rural,43-01,2+5,31364.0,7.896286913907124,0.0,11.56,15.58,
6759298,2022-04-08 11:07:00,3,11,1,Rural,30-06,2+5,36415.0,3.249202939993321,3.0,1.167,2.352,
6760575,2022-04-09 16:03:00,3,70,1,Rural,1-m9,0,33451.0,7.586090583015381,3.0,6.754,9.9,
6761461,2022-04-11 16:05:00,2,330,4,Rural,41-15,2+5,1370.0,4.790935012739346,5.0,7.957,11.07,6.378
6761500,2022-04-11 16:48:00,3,510,4,Rural,46-01,0,1350.0,4.797435130856795,2.0,8.74,10.81,6.242
6763369,2022-04-13 13:59:00,2,45,8,Rural,000-210,2+5,1474.0,4.912523457483743,1.0,2.7,5.3,9.7
6764017,2022-04-14 11:54:00,3,240,3,Rural,1-g4,2+5,31674.0,0.06505378620170671,4.0,20.56,31.65,
6765234,2022-04-16 16:59:00,3,22,1,Rural,000-781,3,35315.0,7.028131276159934,1.0,2.912,4.312,
6765775,2022-04-17 14:31:00,3,45,8,Rural,000-801,0,36411.0,9.036694352173512,1.0,5.899,7.94,
6767619,2022-04-19 20:34:00,2,70,1,Rural,000-301,0,1868.0,10.579298264491587,4.0,6.691,10.45,5.728
6768109,2022-04-20 14:17:00,3,11,1,Rural,1-t6,0,34073.0,0.19517362834459198,3.0,8.19,11.86,
6768224,2022-04-20 14:43:00,2,70,1,Rural,000-451,6+8,2323.0,4.065206325903712,3.0,7.893,10.98,8.01
6768973,2022-04-21 20:39:00,3,22,1,Rural,42-02,0,1370.0,11.327621472777386,1.0,3.732,4.737,8.49
6769641,2022-04-22 17:00:00,3,111,4,Rural,1-u8,2+5,35884.0,1.1814414702321547,0.0,1.96,2.94,
6770066,2022-04-23 06:59:00,3,21,1,Rural,711-03,3,2390.0,23.387681391861314,1.0,1.314,1.666,5.658
6770279,2022-04-23 16:35:00,3,11,1,Rural,000-231,6+8+11,31364.0,5.217237883965646,5.0,1.686,3.332,
6771549,2022-04-25 11:01:00,2,710,9,Rural,41-16,2+5,31363.0,4.805407265685032,1.0,3.126,4.312,
6771892,2022-04-25 14:07:00,2,12,1,Rural,360-02,0,1496.0,14.990369162036725,3.0,3.0,4.0,3.3
6776192,2022-04-30 09:05:00,2,1094,5,Rural,429-02,0,1350.0,4.678358443083184,5.0,3.274,4.279,5.866
6776190,2022-04-30 09:25:00,2,1094,5,Rural,429-02,0,1350.0,4.667900341159281,5.0,3.288,5.096,6.379
6775995,2022-04-30 10:55:00,2,1094,5,Rural,45-01,0,1453.0,5.521704018429877,5.0,5.04,6.86,
6776259,2022-04-30 19:59:00,2,841,5,Rural,000-801,0,6515.0,8.109409516082929,1.0,5.586,7.219,7.656
6777956,2022-05-03 07:26:00,3,12,1,Rural,1-q7,4+5,33487.0,0.4197789538669813,4.0,0.379,0.882,
6782262,2022-05-08 05:45:00,3,923,6,Rural,41-15,2+5,31363.0,1.1972570088649437,5.0,8.34,11.76,
6784081,2022-05-10 11:08:00,3,12,1,Rural,1-b6,2,6134.0,1.073802888779268,2.0,7.128,9.15,10.37
6786232,2022-05-12 21:04:00,2,45,8,Rural,1-f5,2+5,1479.0,4.572792964641763,4.0,2.304,4.214,4.006
6786915,2022-05-13 16:39:00,3,130,2,Rural,34-02,0,6300.0,3.8426291925958482,1.0,3.52,5.423,6.732
6787220,2022-05-14 01:56:00,3,130,2,Rural,41-17,2+5,1350.0,8.909707330095724,4.0,1.679,2.091,0.489
6787348,2022-05-14 03:42:00,3,22,1,Rural,1-g3,0,31572.0,10.260824470622925,2.0,5.08,7.742,
6787514,2022-05-14 14:33:00,2,45,8,Rural,000-801,11,36411.0,7.590533838650328,3.0,0.959,2.352,
6787663,2022-05-14 16:23:00,2,11,1,Rural,54-12,2+5,31932.0,8.396670647117988,3.0,6.891,12.15,
6788274,2022-05-15 21:59:00,3,11,1,Rural,1-m5,5,33431.0,10.210808273859676,1.0,1.042,3.43,
6788654,2022-05-16 09:41:00,3,12,1,Rural,1-z0,0,35305.0,10.444148695290332,1.0,4.982,7.154,
6789047,2022-05-16 15:03:00,3,11,1,Rural,63-03,2,32322.0,1.5438416186333983,3.0,3.662,4.802,
6792864,2022-05-20 12:07:00,3,240,3,Rural,64-01,0,7633.0,3.4184538929950596,3.0,4.2,4.8,3.5
6793293,2022-05-21 05:09:00,3,21,1,Rural,1-p4,3+4,3463.0,2.6392041156223467,1.0,0.32,0.686,5.625
6794201,2022-05-22 11:18:00,3,12,1,Rural,617-04,6+8,2323.0,3.372455729593145,2.0,3.21,4.933,9.05
6794575,2022-05-22 22:19:00,3,923,6,Rural,1-f8,0,31578.0,3.5364048885997263,1.0,6.352,9.31,
6796447,2022-05-24 19:27:00,3,1094,5,Rural,82-01,0,3463.0,2.116767515450273,3.0,3.825,5.031,7.04
6797276,2022-05-25 19:54:00,3,11,1,Rural,1-h2,0,31986.0,7.613741328888999,4.0,4.963,6.86,
6797649,2022-05-26 12:40:00,3,240,3,Rural,000-102,2+5,31109.0,1.4630300321549026,0.0,3.205,7.154,
6799609,2022-05-28 21:20:00,3,12,1,Rural,215-01,2+5,36049.0,2.293403234670932,0.0,1.438,1.96,
6799597,2022-05-28 21:23:00,3,22,1,Rural,427-04,2+5,1361.0,1.7812749485883417,3.0,6.842,9.15,10.17
6800114,2022-05-29 05:50:00,2,841,5,Rural,000-861,0,6222.0,2.808216636110064,0.0,0.642,1.372,8.26
6801453,2022-05-30 23:28:00,3,45,8,Rural,000-801,0,36504.0,2.5435963803072696,2.0,1.835,2.94,
6802302,2022-06-01 02:17:00,3,240,3,Rural,1-T7,3,5975.0,5.126067394882961,3.0,0.3,1.5,6.8
6803456,2022-06-02 08:14:00,3,21,1,Rural,92-11,2+5,5990.0,6.7609010037740624,4.0,1.976,2.907,3.413
6805620,2022-06-04 12:17:00,3,660,4,Rural,35-03,2+5,36504.0,15.498521722386641,3.0,2.266,4.508,
6806586,2022-06-05 13:19:00,2,26,1,Rural,340-01,3+6,36411.0,6.917716782675137,1.0,4.82,6.762,
6806575,2022-06-05 15:46:00,3,141,2,Rural,41-15,2+5,1370.0,5.234176999150816,4.0,6.469,9.34,9.51
6836645,2022-06-05 16:30:00,3,211,3,Rural,35-08,0,36519.0,3.97836904824812,0.0,1.331,2.156,
6808530,2022-06-07 15:58:00,3,11,1,Rural,82-01,0,3463.0,1.823452506729193,2.0,3.909,4.835,13.87
6809376,2022-06-08 15:25:00,3,24,1,Rural,939-02,0,35963.0,0.49031965489887047,5.0,4.983,6.664,
6810486,2022-06-09 14:45:00,3,22,1,Rural,000-641,3+6,3596.0,20.047437219150776,5.0,7.15,9.7,15.14
6811318,2022-06-10 14:01:00,3,22,1,Rural,82-11,3+6,33654.0,17.995145298828948,1.0,9.74,14.99,
6812311,2022-06-12 03:02:00,3,70,1,Rural,000-351,0,31840.0,9.090781211551421,2.0,1.543,2.254,
6813587,2022-06-13 15:51:00,2,11,1,Rural,815-01,2+5,3463.0,5.988481254809515,1.0,3.085,3.724,14.57
6813770,2022-06-13 19:59:00,3,11,1,Rural,925-02,0,34382.0,19.71772708000974,1.0,2.93,5.684,
6814581,2022-06-14 19:26:00,2,12,1,Rural,000-641,6+8+11,33480.0,5.288570284265269,4.0,4.676,6.174,
6815770,2022-06-15 07:18:00,3,410,4,Rural,1-g1,0,31578.0,7.210252713271803,2.0,1.915,5.194,
6815313,2022-06-15 15:43:00,3,410,4,Rural,38-03,2+5,31387.0,11.716475725922356,3.0,8.31,10.98,
6816452,2022-06-16 15:50:00,1,240,3,Rural,1-a8,3+5,36270.0,18.131079325359483,0.0,5.05,7.84,
6817120,2022-06-17 13:51:00,2,11,1,Rural,643-06,3+6,2692.0,7.913442659359965,1.0,7.878,9.77,7.842
6817708,2022-06-18 12:07:00,3,11,1,Rural,1-a2,2+5,36386.0,9.01305729565174,3.0,9.94,18.72,
6818545,2022-06-19 12:50:00,2,70,1,Rural,1-j1,0,32097.0,0.0525121117146815,0.0,18.63,24.01,
6818669,2022-06-19 16:48:00,2,45,8,Rural,000-701,8+11,4455.0,22.777727426772753,2.0,1.008,2.254,13.17
6820075,2022-06-20 15:05:00,2,141,2,Rural,1-d8,2+5,1490.0,2.646969078615611,5.0,5.0,6.5,8.3
6819776,2022-06-20 16:19:00,3,45,8,Rural,000-102,0,1487.0,0.27145849713667597,1.0,3.32,4.933,6.908
6820905,2022-06-21 14:04:00,3,11,1,Rural,931-02,0,34081.0,13.167693525834181,4.0,8.13,10.68,
6821015,2022-06-21 19:18:00,2,11,1,Rural,1-h4,2+5,32097.0,2.5003165188894654,2.0,18.38,23.32,
6823867,2022-06-24 16:28:00,2,211,3,Rural,30-01,2+5,6310.0,2.3298036355311416,2.0,7.169,10.42,10.34
6824639,2022-06-25 20:25:00,3,940,6,Rural,000-801,0,6300.0,13.081486078611563,5.0,9.54,13.56,8.51
6824926,2022-06-26 09:16:00,3,12,1,Rural,1-m8,4+5,33451.0,6.669999920449057,4.0,9.18,11.86,
6826260,2022-06-27 16:33:00,2,11,1,Rural,38-02,2+5,31387.0,10.717157861270712,3.0,2.771,4.116,
6831747,2022-07-03 04:51:00,2,11,1,Rural,509-01,2+5,31572.0,4.0547463058458595,1.0,0.571,2.842,
6832046,2022-07-03 16:02:00,3,12,1,Rural,1-a8,3+5,36270.0,18.167266324171433,2.0,11.99,18.62,
6832447,2022-07-04 07:54:00,3,945,6,Rural,41-15,0,31363.0,1.6249742803739877,4.0,3.444,4.704,
6833133,2022-07-04 18:14:00,3,1094,5,Rural,000-101,0,1470.0,0.9196101750424496,4.0,3.814,5.553,9.85
6834423,2022-07-05 19:12:00,3,45,8,Rural,F910-05,6+8+11,4019.0,5.404388178088436,2.0,5.314,7.317,9.74
6834449,2022-07-05 20:35:00,3,21,1,Rural,939-02,3+6+8,35963.0,7.222291948263302,5.0,0.286,0.882,
6835207,2022-07-06 13:13:00,3,11,1,Rural,56-01,2+5,31950.0,10.566967931906532,3.0,7.097,12.05,
6835318,2022-07-06 15:03:00,3,24,1,Rural,2689-01,2+5,6315.0,6.904939056044582,3.0,3.692,5.129,13.31
6835984,2022-07-07 13:40:00,3,11,1,Rural,1-y5,3,35315.0,0.5056495313757872,0.0,20.08,30.48,
6836452,2022-07-08 02:55:00,1,21,1,Rural,204-01,0,6272.0,6.0016759360175795,5.0,2.819,4.867,7.952
6837087,2022-07-08 13:54:00,3,24,1,Rural,255-01,0,6222.0,10.134399444332542,4.0,5.087,7.154,11.63
6837281,2022-07-08 18:56:00,3,240,3,Rural,1-s6,3+5,34148.0,2.8095268277280545,4.0,7.845,11.76,
6837513,2022-07-09 02:10:00,2,995,9,Rural,1-d8,2+5,31392.0,0.6810637875552898,0.0,3.166,4.802,
6839664,2022-07-11 10:28:00,2,11,1,Rural,54-14,0,1938.0,2.775254329604815,2.0,1.7,3.0,11.4
6840344,2022-07-12 14:16:00,2,240,3,Rural,1-a4,3+5,6272.0,3.2734853336690564,4.0,12.88,19.5,14.33
6843229,2022-07-15 17:11:00,3,45,8,Rural,F207-01,0,6472.0,11.834531988039132,1.0,5.7,8.0,7.9
6845719,2022-07-18 16:24:00,3,24,1,Rural,F210-07,11,6235.0,12.21009694636757,4.0,0.098,0.098,9.19
6846157,2022-07-18 17:23:00,2,45,8,Rural,F88-01,0,4830.0,11.366385067997351,3.0,6.5,9.3,12.9
6846432,2022-07-19 14:25:00,3,330,4,Rural,39-01,2+5,1490.0,4.379851207063482,5.0,3.7,6.3,11.3
6847380,2022-07-20 15:40:00,2,920,6,Rural,000-601,3+6,33576.0,11.311952782638569,0.0,5.435,7.35,
6848096,2022-07-21 14:54:00,3,330,4,Rural,41-15,2+5,1370.0,3.7414104217127195,4.0,4.958,6.827,12.72
6849055,2022-07-22 19:19:00,1,12,1,Rural,51-01,0,31572.0,1.4310389803577703,1.0,1.375,2.352,
6850205,2022-07-23 19:17:00,3,21,1,Rural,919-02,0,4455.0,10.128799147232709,3.0,1.197,2.581,7.172
6850407,2022-07-24 09:58:00,3,11,1,Rural,60-24,0,32365.0,8.060202514282478,2.0,1.919,3.038,
6852832,2022-07-26 10:43:00,2,45,8,Rural,1-k6,2,33204.0,9.161642882732286,3.0,2.875,4.41,
6853056,2022-07-27 16:35:00,3,1093,5,Rural,85-04,0,3596.0,16.45222999562088,5.0,12.69,15.65,12.29
6854831,2022-07-29 22:49:00,2,11,1,Rural,1-b7,0,36132.0,3.716410625496722,1.0,1.344,1.96,
6856358,2022-07-31 10:26:00,2,45,8,Rural,864-02,3+6,34413.0,19.39814055019659,4.0,9.03,12.45,
6856409,2022-07-31 13:16:00,3,920,6,Rural,1-F5,2,31579.0,1.14044500828717,4.0,5.842,9.02,
6856450,2022-07-31 14:06:00,3,11,1,Rural,351-01,0,31399.0,13.736690271659162,4.0,7.03,9.6,
6859486,2022-08-03 15:10:00,3,21,1,Rural,000-781,0,35107.0,21.41328984770716,0.0,6.193,10.19,
6860612,2022-08-04 20:03:00,3,11,1,Rural,944-01,3,34382.0,13.795489627320213,3.0,18.86,21.66,
6860552,2022-08-05 06:52:00,3,11,1,Rural,50-01,2+5,1779.0,4.0488816999148804,2.0,1.733,2.548,3.933
6860852,2022-08-05 09:14:00,2,212,3,Rural,1-t0,2+5,34175.0,18.039205991848487,4.0,5.897,7.64,
6862074,2022-08-06 21:00:00,2,70,1,Rural,000-701,0,34175.0,14.113780958417786,0.0,2.711,3.136,
6862314,2022-08-07 10:40:00,2,22,1,Rural,000-231,0,1361.0,3.607695702710798,0.0,10.78,15.16,10.83
6862578,2022-08-07 19:24:00,3,11,1,Rural,94-03,0,34175.0,12.663371177100569,4.0,13.38,16.56,
6864932,2022-08-10 16:13:00,3,1094,5,Rural,000-103,0,1482.0,2.258940724808435,3.0,3.194,4.671,9.7
6865710,2022-08-11 21:51:00,2,45,8,Rural,93-02,2+5,34175.0,2.4333260114214186,1.0,1.077,2.254,
6866823,2022-08-12 11:04:00,3,11,1,Rural,60-36,2+6+8,2428.0,18.873114823122908,4.0,2.138,4.867,9.89
6866761,2022-08-13 03:35:00,3,24,1,Rural,427-12,5,31387.0,14.303894391098448,5.0,1.569,2.548,
6868863,2022-08-15 17:52:00,2,12,1,Rural,63-03,0,32322.0,2.752426139325316,2.0,3.169,5.978,
6870704,2022-08-17 15:14:00,3,11,1,Rural,1-b7,4,36132.0,2.5281795725815854,4.0,11.82,18.72,
6871355,2022-08-18 07:38:00,3,11,1,Rural,39-01,0,31387.0,4.120127392059097,2.0,3.996,6.468,
6872011,2022-08-18 16:05:00,3,130,2,Rural,1-c8,2+5,36308.0,1.5484784278715087,5.0,5.311,7.64,
6872965,2022-08-19 13:04:00,2,45,8,Rural,f208-03,6+8,6459.0,17.268501526816703,4.0,3.978,7.121,9.74
6873242,2022-08-19 14:45:00,3,11,1,Rural,305-01,2+5,6300.0,7.984263772415593,5.0,4.908,8.92,13.2
6873054,2022-08-19 18:37:00,3,141,2,Rural,1-h0,0,31882.0,0.7219911726347661,3.0,6.863,12.45,
6875117,2022-08-22 13:48:00,2,26,1,Rural,1-c7,2,6315.0,6.006716743448356,2.0,4.284,7.383,12.45
6876162,2022-08-23 19:55:00,3,310,9,Rural,919-01,0,4455.0,3.324794294037656,5.0,5.446,7.415,7.809
6876995,2022-08-25 00:09:00,3,12,1,Rural,33-01,3+6,6300.0,5.697201199980368,1.0,0.667,2.123,10.2
6878117,2022-08-25 16:21:00,3,999,9,Rural,000-231,2+5,31364.0,2.1517216426707413,1.0,11.33,14.5,
6878107,2022-08-25 19:13:00,3,160,2,Rural,000-210,0,31475.0,4.219695945658933,3.0,3.259,5.586,
6879446,2022-08-27 11:16:00,3,320,4,Rural,1-g8,2,1779.0,6.162172288213061,4.0,2.093,4.181,11.67
6879524,2022-08-27 11:46:00,2,1094,5,Rural,000-103,0,1479.0,1.3765814866854797,4.0,2.626,4.9,15.73
6880323,2022-08-27 14:28:00,3,40,1,Rural,000-451,3+6,2319.0,4.599145238938998,2.0,3.728,6.076,16.48
6881503,2022-08-29 12:54:00,2,45,8,Rural,756-01,0,33142.0,6.28694798962336,4.0,6.366,10.29,
6881659,2022-08-29 17:59:00,2,45,8,Rural,F946-03,0,4193.0,13.07090140242,1.0,10.12,13.23,10.24
6885435,2022-09-02 17:37:00,3,11,1,Rural,85-43,0,34348.0,4.61783035349807,3.0,4.04,5.488,
6885892,2022-09-03 11:50:00,2,45,8,Rural,1-b5,3+5,6045.0,2.928723856023879,0.0,5.839,8.26,12.01
6888128,2022-09-05 17:04:00,3,11,1,Rural,1-h3,2+5,31986.0,14.264586820137769,4.0,4.923,5.978,
6890635,2022-09-08 11:31:00,2,24,1,Rural,5316-01,6+8,1779.0,4.061743223016501,1.0,1.926,3.299,12.39
6890845,2022-09-08 15:57:00,3,12,1,Rural,76-04,5,3433.0,14.686665234399012,3.0,1.731,2.417,11.15
6893199,2022-09-11 23:39:00,3,21,1,Rural,42-02,2+5,1370.0,10.212267447250504,1.0,1.884,2.646,5.354
6894938,2022-09-13 15:37:00,3,240,3,Rural,1-d6,2+5,31399.0,3.983708724086949,3.0,3.015,4.312,
6897780,2022-09-16 11:38:00,3,11,1,Rural,93-03,3+5,4182.0,3.950885693154826,2.0,0.37,1.209,8.39
6897858,2022-09-16 14:34:00,2,240,3,Rural,54-03,0,1868.0,7.4964333776951575,4.0,5.3,7.3,9.5
6897870,2022-09-16 15:35:00,3,875,5,Rural,000-231,8+11,1361.0,1.777964067096537,5.0,2.293,3.299,9.63
6898140,2022-09-16 19:28:00,3,11,1,Rural,63-05,0,2428.0,17.861853918304917,2.0,0.236,1.503,8.44
6898724,2022-09-17 19:38:00,2,22,1,Rural,35-02,3,6300.0,13.332363747769959,2.0,1.209,2.091,7.292
6899166,2022-09-18 12:35:00,3,660,4,Rural,1-g2,2,31572.0,10.250243074181688,5.0,8.57,13.13,
6900309,2022-09-19 15:42:00,3,12,1,Rural,744-03,3+5,3433.0,5.7995511403495525,2.0,1.533,2.679,15.05
6901022,2022-09-20 11:43:00,3,26,1,Rural,222-02,0,6045.0,11.921594727088761,3.0,3.27,4.051,11.08
6901372,2022-09-20 18:10:00,3,22,1,Rural,1-v9,3,35769.0,6.933875769507335,0.0,2.591,3.822,
6915801,2022-10-08 11:58:00,3,921,9,Rural,1-e1,0,31488.0,5.0184230448922325,2.0,2.752,4.9,
6915900,2022-10-08 15:23:00,3,12,1,Rural,82-08,3+6,33661.0,8.108120749465389,3.0,2.702,4.41,
6916110,2022-10-08 19:04:00,3,26,1,Rural,1-s3,0,4830.0,7.626806138683018,4.0,7.3,9.0,0.6
6919360,2022-10-11 17:12:00,3,240,3,Rural,39-01,0,31387.0,0.49405978995434063,2.0,5.17,10.49,
6918803,2022-10-11 23:41:00,3,12,1,Rural,36-07,2+5,31591.0,0.07587113950710507,1.0,4.998,6.566,
6919583,2022-10-12 21:07:00,3,945,6,Rural,1-d6,0,31399.0,1.4008342167863688,3.0,4.989,7.55,
6919857,2022-10-13 08:01:00,3,26,1,Rural,821-02,2+5,3371.0,11.00877685518396,1.0,1.7,2.4,1.2
6922031,2022-10-16 10:31:00,3,240,3,Rural,1-f5,2,31579.0,0.08034251635487821,1.0,28.09,41.85,
6922087,2022-10-16 12:27:00,3,11,1,Rural,1-b8,2+5,36127.0,3.7856350051043326,3.0,11.77,30.77,
6922290,2022-10-16 13:53:00,3,22,1,Rural,61-21,2+5,2481.0,9.223349325793997,3.0,9.33,12.81,1.22
6922809,2022-10-17 08:19:00,3,26,1,Rural,1-r0,3+5,33394.0,5.25462643196605,1.0,0.638,1.078,
6924841,2022-10-19 11:54:00,3,11,1,Rural,9127-01,3,4455.0,7.949659545555266,4.0,0.902,1.503,5.149
6927748,2022-10-23 01:06:00,2,21,1,Rural,000-641,4,34700.0,20.12184053531887,4.0,1.752,2.352,
6928360,2022-10-23 20:57:00,2,21,1,Rural,000-102,6+8,1474.0,3.89130844331618,3.0,2.0,4.0,3.4
6929010,2022-10-24 14:18:00,3,12,1,Rural,43-01,2+5,31364.0,2.555986985283448,2.0,4.963,8.62,
6930462,2022-10-25 14:28:00,3,12,1,Rural,745-02,6,3720.0,23.065395847673308,2.0,16.48,21.36,
6932593,2022-10-27 16:21:00,3,24,1,Rural,85-15,0,34732.0,22.55775191325652,1.0,1.276,1.862,
6932658,2022-10-27 18:07:00,2,240,3,Rural,518-03,2+5,6802.0,5.075816085854165,3.0,0.238,0.588,-1.197
6933110,2022-10-28 08:14:00,3,240,3,Rural,410-02,0,1474.0,0.7871671774475236,4.0,0.5,1.2,0.6
6933074,2022-10-28 10:48:00,3,11,1,Rural,36-01,2+5,31399.0,9.110163606384862,2.0,2.228,5.39,
6937825,2022-11-01 09:29:00,3,920,6,Rural,1-f8,2+5,31572.0,4.2055629799854986,1.0,2.757,4.312,
6937734,2022-11-01 09:51:00,3,70,1,Rural,1-e1,2+5,31488.0,0.8856845186597087,1.0,3.795,4.704,
6939028,2022-11-02 19:59:00,3,11,1,Rural,35-02,4,31399.0,9.996249864114198,1.0,8.15,13.92,
6939868,2022-11-03 18:42:00,3,26,1,Rural,1-m5,3+5,33431.0,3.8563944392557272,2.0,2.169,3.234,
6939963,2022-11-03 21:36:00,3,22,1,Rural,826-01,3+6,3371.0,13.342656604048019,4.0,0.9,1.6,1.8
6940226,2022-11-04 07:53:00,3,21,1,Rural,1-k4,2+5,33204.0,4.43971108753862,3.0,0.882,2.352,
6941360,2022-11-06 02:34:00,3,12,1,Rural,000-601,3+4+5,3474.0,11.961824276212985,4.0,2.698,3.933,-2.129
6941691,2022-11-06 15:39:00,2,1094,5,Rural,000-103,0,1479.0,2.044973454138884,1.0,3.786,6.011,6.282
6968732,2022-11-08 08:13:00,2,1094,5,Rural,000-871,0,6272.0,1.3881032610135589,3.0,1.81,2.483,4.537
6943519,2022-11-08 11:05:00,3,141,2,Rural,35-05,2+5,36411.0,4.6811603294090975,5.0,4.985,9.9,
6944572,2022-11-09 14:55:00,3,12,1,Rural,1-q3,2+5,3474.0,3.9250741014253716,5.0,5.678,7.133,-0.021
6944929,2022-11-10 08:01:00,3,930,6,Rural,54-02,2+5,1779.0,8.289071564175412,1.0,7.647,12.87,4.705
6946529,2022-11-12 10:58:00,3,330,4,Rural,1-g5,0,1779.0,6.850957527977018,2.0,2.983,5.521,6.544
6946782,2022-11-12 20:19:00,3,26,1,Rural,35-03,4,36411.0,14.31049291188768,1.0,4.38,6.566,
6946954,2022-11-12 22:40:00,3,24,1,Rural,410-02,0,31475.0,0.7480219570472266,0.0,4.135,7.252,
6948364,2022-11-14 16:49:00,2,11,1,Rural,61-24,4,32474.0,10.67924722427126,1.0,4.957,6.076,
6949973,2022-11-16 15:41:00,3,11,1,Rural,75-06,0,3433.0,8.88688870883026,1.0,2.03,3.038,2.582
6950352,2022-11-17 08:59:00,3,24,1,Rural,68-10,4,2481.0,7.008488279328768,1.0,2.171,3.463,4.767
6952634,2022-11-20 07:49:00,3,12,1,Rural,60-03,3+5,31986.0,18.127091899933575,1.0,1.368,2.646,
6953104,2022-11-21 08:37:00,3,22,1,Rural,1-n1,3+5,33357.0,10.244851154362697,3.0,3.399,5.096,
6954900,2022-11-23 15:32:00,2,26,1,Rural,1-r3,3,4406.0,5.881611709976292,2.0,12.71,19.01,0.428
6957190,2022-11-26 20:01:00,3,1094,5,Rural,1-f5,0,31579.0,3.0573784079117905,1.0,1.533,3.136,
6957179,2022-11-26 20:03:00,2,923,6,Rural,1-d9,2+5,31488.0,2.500443427196539,3.0,3.561,4.312,
6957123,2022-11-26 20:09:00,3,12,1,Rural,1-k8,4,3223.0,14.665993173292105,1.0,1.002,1.731,-0.294
6957582,2022-11-27 11:35:00,3,12,1,Rural,41-16,2,31363.0,4.004994444146171,5.0,10.03,13.82,
6957636,2022-11-27 15:09:00,2,22,1,Rural,58-01,2+5,31950.0,7.118782208708629,1.0,5.083,7.84,
6958426,2022-11-28 13:31:00,3,36,1,Rural,000-701,0,4455.0,9.717383952376833,1.0,4.563,5.815,-0.982
6958675,2022-11-28 23:15:00,3,11,1,Rural,56-01,2,31948.0,2.599832864978565,5.0,11.04,13.52,
6960897,2022-12-02 09:35:00,3,923,6,Rural,1-d8,0,31392.0,5.320720609474286,5.0,6.337,9.9,
6961214,2022-12-02 19:38:00,2,240,3,Rural,61-43,2+5,2641.0,5.944730107337451,2.0,0.335,1.013,1.773
6961615,2022-12-03 10:53:00,3,11,1,Rural,76-10,0,33751.0,1.368153183320698,3.0,3.51,4.312,
6961771,2022-12-03 15:09:00,3,1094,5,Rural,5710-01,0,31931.0,10.908014811127009,1.0,0.77,1.274,
6961795,2022-12-03 15:10:00,2,141,2,Rural,34-05,2+5,31399.0,11.006138703837822,0.0,8.63,12.74,
6962498,2022-12-04 21:09:00,3,11,1,Rural,92-05,2+5,5975.0,0.523981828160454,1.0,0.7,1.7,2.2
6967084,2022-12-05 00:25:00,3,12,1,Rural,51-02,2+5,31572.0,6.777408118393166,5.0,0.602,1.666,
6963117,2022-12-05 16:07:00,3,24,1,Rural,50-05,2+5,31882.0,2.957216195855183,3.0,2.064,2.646,
6963139,2022-12-05 16:44:00,3,12,1,Rural,1-k7,4+5,33204.0,14.902040324608478,4.0,0.748,1.372,
6963266,2022-12-06 00:30:00,3,26,1,Rural,36-12,2+5,1479.0,5.022632987503756,0.0,0.062,0.915,-6.604
6964223,2022-12-07 11:33:00,3,11,1,Rural,54-05,5,31958.0,3.7220274668789908,3.0,0.942,2.254,
6965084,2022-12-08 15:43:00,3,240,3,Rural,51-01,2,31572.0,1.0547248281394348,3.0,9.12,17.93,
6965154,2022-12-08 19:43:00,3,11,1,Rural,000-231,2+5,1350.0,6.488908910087929,3.0,12.11,16.46,-0.808
6966321,2022-12-10 11:35:00,3,211,3,Rural,429-01,0,1350.0,3.7756954606677637,5.0,3.767,4.116,-3.544
6966348,2022-12-10 13:44:00,3,11,1,Rural,1-t7,2,5975.0,5.415891589107515,4.0,6.4,9.9,-0.1
6966373,2022-12-10 14:53:00,3,12,1,Rural,87-05,0,3585.0,12.423899199171949,3.0,2.914,3.691,-5.593
6966420,2022-12-10 15:28:00,3,22,1,Rural,1-n1,2+5,33357.0,5.461356833669861,2.0,2.536,3.136,
6966963,2022-12-11 06:41:00,3,12,1,Rural,1-n1,5,33357.0,3.297543967829496,1.0,4.287,5.586,
6967839,2022-12-12 11:00:00,3,24,1,Rural,63-02,2+5,31122.0,4.124633483811012,0.0,0.728,1.176,
6967694,2022-12-12 12:42:00,3,21,1,Rural,1-f5,2,31579.0,2.249767853674668,2.0,1.575,3.332,
6968116,2022-12-12 22:36:00,3,12,1,Rural,829-02,2+5,3371.0,12.31551991803081,4.0,1.4,2.5,-3.8
6969376,2022-12-14 17:23:00,3,11,1,Rural,75-02,2+5,3433.0,11.9434286310586,3.0,2.169,2.613,-12.99
6970012,2022-12-15 09:12:00,3,12,1,Rural,574-04,2+5,1924.0,8.937951301205567,2.0,4.947,11.24,-2.477
6969978,2022-12-15 13:13:00,3,240,3,Rural,1-a3,2+5,6272.0,10.489644131388006,3.0,3.268,4.704,-5.556
43015,2022-12-15 17:45:00,3,122,4,Rural,41-16,0,31363.0,6.230029640391851,5.0,12.86,16.37,
6970987,2022-12-16 23:22:00,3,11,1,Rural,51-02,2+5,31572.0,5.375095087715302,2.0,10.68,16.17,
6971364,2022-12-17 13:22:00,3,22,1,Rural,26-08,0,6546.0,7.999604840192709,2.0,13.24,16.56,-6.545
6971870,2022-12-18 10:32:00,2,11,1,Rural,1-k7,0,33204.0,12.926986254687284,2.0,9.38,12.15,
6972015,2022-12-18 14:32:00,2,835,5,Rural,1-b4,3+4+5,36049.0,1.73333089461427,2.0,13.47,29.3,
6971939,2022-12-18 15:22:00,2,240,3,Rural,54-04,2+5,31958.0,13.097233203565743,2.0,12.9,26.66,
6972446,2022-12-19 13:51:00,3,130,2,Rural,1-f5,2+5,31579.0,4.332515722671461,1.0,20.76,33.32,
6972493,2022-12-19 14:33:00,3,142,2,Rural,1-h2,0,31986.0,7.982456660177838,3.0,15.08,25.28,
6973632,2022-12-21 18:33:00,3,860,5,Rural,000-231,2+5,1350.0,1.9517259799909392,3.0,12.39,16.17,-1.921
6981049,2022-12-22 06:30:00,3,710,9,Rural,36-06,2+5,31591.0,4.883909358191195,0.0,1.616,2.94,
6974746,2022-12-23 18:21:00,3,24,1,Rural,76-09,3,33750.0,1.934128043175892,1.0,6.387,9.8,
6977073,2022-12-27 14:10:00,3,130,2,Rural,43-01,8,31364.0,6.315114211698821,0.0,5.325,7.056,
6976827,2022-12-28 07:35:00,3,11,1,Rural,76-07,2+5,33643.0,6.3349202414821475,5.0,2.155,3.136,
6978086,2022-12-30 13:15:00,3,130,2,Rural,83-01,2,3474.0,3.583794247617158,5.0,9.3,10.43,-14.14
6979158,2023-01-01 12:57:00,3,923,6,Rural,41-16,2,31363.0,1.753123685580608,3.0,9.18,10.88,
6979689,2023-01-02 11:52:00,3,12,1,Rural,41-15,0,7370.0,1.4845756232283256,2.0,7.362,10.52,
6979812,2023-01-02 14:25:00,3,240,3,Rural,51-02,2+5,31572.0,6.7582532963428426,5.0,7.121,9.02,
6979853,2023-01-02 16:50:00,3,240,3,Rural,44-03,2+5,1350.0,3.8320352724522704,0.0,5.958,8.13,1.383
6979966,2023-01-02 20:32:00,3,26,1,Rural,1-k5,0,33204.0,3.24927495286042,2.0,2.605,3.822,
6980387,2023-01-03 11:25:00,3,240,3,Rural,1-g5,0,1779.0,6.887771983019601,5.0,3.504,4.769,-2.4
6980515,2023-01-03 13:52:00,2,211,3,Rural,1-y6,3,35315.0,3.8320794286342603,2.0,0.818,1.764,
6980513,2023-01-03 18:08:00,2,240,3,Rural,1-x7,2+3,5544.0,2.7910018341551512,2.0,9.1,11.43,2.555
6981040,2023-01-04 12:58:00,3,130,2,Rural,1-d8,2+5,1490.0,2.3144932347296145,2.0,8.3,10.6,-5.2
6981134,2023-01-04 15:56:00,3,660,4,Rural,1-g1,0,31572.0,9.292053896075664,4.0,0.728,1.568,
6981648,2023-01-04 18:21:00,3,11,1,Rural,203-01,0,6272.0,2.2746328107407727,1.0,2.578,3.005,-6.15
6982736,2023-01-06 18:00:00,3,240,3,Rural,1-j1,2,32097.0,0.07603383116774025,0.0,7.91,9.9,
6982363,2023-01-06 20:53:00,2,240,3,Rural,426-01,2+5,31364.0,2.1373930998973933,3.0,0.805,1.764,
6985304,2023-01-09 06:30:00,3,11,1,Rural,1-e1,0,31488.0,6.243767071973557,0.0,3.373,6.076,
6985073,2023-01-11 15:53:00,3,923,6,Rural,1-a4,2+5,6272.0,2.426167258966171,3.0,3.737,4.247,-2.694
6986653,2023-01-11 19:35:00,2,860,5,Rural,000-701,11,34087.0,6.742658105201403,5.0,3.407,6.566,
6988161,2023-01-16 16:19:00,2,240,3,Rural,767-01,0,3433.0,14.071638246776804,1.0,6.312,7.481,-9.09
6988226,2023-01-16 18:09:00,3,923,6,Rural,1-e1,2+5,31488.0,1.3180380736368127,1.0,5.758,9.02,
6988309,2023-01-17 00:07:00,3,12,1,Rural,41-16,0,31363.0,1.5705340813484574,3.0,11.09,13.72,
6990575,2023-01-20 07:07:00,3,710,9,Rural,41-16,2+5,31363.0,0.293573808018983,3.0,18.06,25.68,
6990899,2023-01-20 18:22:00,3,11,1,Rural,429-02,0,1453.0,5.804208604530813,2.0,8.98,11.76,
6994037,2023-01-24 18:23:00,3,12,1,Rural,1-x4,3,35666.0,16.78427068848451,3.0,3.031,5.488,
6998020,2023-01-30 11:13:00,3,70,1,Rural,000-301,0,31578.0,8.967659170424268,3.0,6.08,10.58,
6998647,2023-01-31 07:44:00,3,121,4,Rural,41-16,2+5,31363.0,5.788079766310461,4.0,14.17,19.5,
7000414,2023-02-01 08:10:00,3,685,4,Rural,1-d6,2+5,31399.0,1.9986910099425699,0.0,2.383,4.214,
6999675,2023-02-01 10:12:00,3,320,4,Rural,821-01,3+5,3474.0,12.627813085796705,2.0,2.932,4.567,-5.77
7000020,2023-02-01 21:25:00,3,24,1,Rural,1-q7,3+5,33487.0,5.0931597662410795,5.0,2.344,2.744,
7001286,2023-02-03 14:25:00,2,11,1,Rural,82-06,2+5,33661.0,6.066873535363594,5.0,10.75,16.95,
43882,2023-02-07 13:30:25,3,11,1,Rural,000-102,0,1474.0,5.058616620115829,0.4166666666666667,8.0,12.7,-2.1
7003899,2023-02-07 16:19:00,3,11,1,Rural,1-p6,3+5,3463.0,7.5765162683967615,1.0,9.85,13.75,-4.077
7004103,2023-02-07 22:14:00,3,122,4,Rural,41-17,2+5,1350.0,7.4741877432745065,4.0,16.37,23.78,-4.255
7004454,2023-02-08 11:09:00,3,240,3,Rural,61-43,2+5,2738.0,8.844813162311786,1.0,4.798,6.204,-7.46
7004914,2023-02-08 13:10:00,3,923,6,Rural,41-16,2+5,31363.0,5.010176301927324,0.0,12.24,16.37,
7004688,2023-02-08 17:50:00,3,685,4,Rural,000-231,2+5,1350.0,2.035317098453968,0.0,15.79,19.67,-3.738
7007728,2023-02-13 08:29:00,2,240,3,Rural,41-15,2+5,1370.0,1.7116914141928685,1.0,17.39,25.15,8.32
7010020,2023-02-15 16:37:00,3,12,1,Rural,54-10,2+5,31931.0,5.480277607027341,3.0,5.089,12.54,
7010841,2023-02-16 14:11:00,3,240,3,Rural,427-05,2,31365.0,7.737402135778472,1.0,4.998,7.742,
7011601,2023-02-17 13:58:00,2,130,2,Rural,76-08,5,33643.0,6.185089035196607,2.0,4.899,10.0,
7011638,2023-02-17 14:00:00,3,11,1,Rural,572-01,0,1924.0,16.98001200438089,0.0,8.56,11.56,-0.875
7012501,2023-02-18 20:38:00,3,12,1,Rural,955-01,3,5975.0,6.3533169754703955,2.0,3.0,5.9,-1.7
7012780,2023-02-19 09:04:00,3,11,1,Rural,1-x9,3,5544.0,11.623941047809016,4.0,3.862,4.749,3.515
7013059,2023-02-19 18:40:00,3,11,1,Rural,1-b4,2+5,36049.0,1.4608341982770745,0.0,28.57,38.51,
7013078,2023-02-19 18:55:00,3,141,2,Rural,1-d8,2+5,1490.0,2.5866216995459697,5.0,19.1,25.0,-0.6
7013120,2023-02-20 00:05:00,3,11,1,Rural,61-33,0,2646.0,12.927811618866551,5.0,6.203,8.23,0.635
7013803,2023-02-20 14:03:00,2,650,4,Rural,43-01,0,31364.0,2.5696224078417678,3.0,3.766,8.13,
7014591,2023-02-21 14:41:00,3,11,1,Rural,93-03,0,4182.0,3.958819783893947,1.0,0.0,0.0,-0.79
7014781,2023-02-21 15:59:00,3,923,6,Rural,1-d8,0,31392.0,5.826076573291331,1.0,6.666,8.43,
7017439,2023-02-24 23:32:00,3,923,6,Rural,1-e1,2+5,31488.0,4.633315993996235,2.0,11.92,17.74,
7018231,2023-02-26 12:05:00,2,11,1,Rural,35-04,2+5,36411.0,6.031237972795129,5.0,5.567,8.13,
7018338,2023-02-26 15:32:00,2,11,1,Rural,1-a7,0,36270.0,12.236737671466049,2.0,2.974,5.39,
7020956,2023-03-01 14:28:00,3,685,4,Rural,000-231,2+5,1350.0,2.0358292593921936,2.0,7.299,9.64,6.325
7024070,2023-03-05 11:31:00,3,240,3,Rural,1-d6,3+5,31399.0,3.304226881695763,1.0,5.409,14.8,
7025115,2023-03-06 13:13:00,3,240,3,Rural,54-02,2+5,1868.0,11.841557040348482,3.0,8.4,12.8,-3.8
7026425,2023-03-07 23:08:00,3,130,2,Rural,1-f8,0,31572.0,3.1252850859860635,2.0,9.33,16.46,
7028772,2023-03-10 11:34:00,2,142,2,Rural,1-q3,2+5,33357.0,17.12486434743878,4.0,2.085,3.136,
7029075,2023-03-10 22:22:00,2,240,3,Rural,1-e1,2+5,1482.0,5.119309641853582,2.0,2.543,4.018,-11.53
7030179,2023-03-12 15:26:00,2,330,4,Rural,41-22,0,1350.0,2.2359395049884707,4.0,9.59,12.35,-5.37
7032198,2023-03-14 12:49:00,3,240,3,Rural,1-t6,2+5,34073.0,1.8060700756324366,1.0,9.51,12.74,
7033850,2023-03-15 21:10:00,3,22,1,Rural,54-17,4+5,31950.0,0.3928830430640223,0.0,3.693,5.39,
7035571,2023-03-18 11:02:00,2,130,2,Rural,1-n1,5,33357.0,12.751116920229013,2.0,2.804,3.234,
7035629,2023-03-18 13:18:00,3,141,2,Rural,1-a3,2+5,6272.0,12.161333232417158,2.0,4.909,8.72,-1.495
7035727,2023-03-18 17:58:00,2,240,3,Rural,41-15,2+5,1370.0,2.7188697887221394,2.0,6.436,8.85,-1.908
7035768,2023-03-18 18:43:00,3,923,6,Rural,41-16,2+5,31363.0,1.7427224681284044,3.0,4.095,5.586,
7035792,2023-03-18 20:30:00,3,112,4,Rural,41-16,2+5,31363.0,0.13758343978832055,0.0,8.7,11.86,
7037527,2023-03-19 18:07:00,3,24,1,Rural,35-04,2+5,36411.0,8.634512657634566,3.0,6.451,10.19,
7039106,2023-03-22 13:07:00,3,11,1,Rural,62-02,2+5,32224.0,17.642101722159342,3.0,15.04,21.56,
7042229,2023-03-26 11:20:00,3,11,1,Rural,1-a8,2+5,36270.0,15.77163082264327,0.0,7.284,10.29,
7042799,2023-03-26 14:46:00,3,211,3,Rural,35-07,0,36415.0,4.762989503362846,4.0,1.105,1.47,
7044130,2023-03-28 10:59:00,2,11,1,Rural,1-y7,3,35305.0,2.6401989850248277,1.0,4.843,7.938,
7043906,2023-03-28 11:10:00,3,240,3,Rural,837-03,0,3463.0,12.338867959278451,0.0,0.669,1.666,-0.389
7044506,2023-03-29 07:06:00,3,11,1,Rural,85-13,0,4614.0,14.341677717799119,4.0,9.3,13.7,-2.0
7046685,2023-03-31 15:38:00,2,685,4,Rural,1-g3,2+5,31572.0,10.258238152225058,2.0,4.868,7.546,
7047440,2023-04-01 17:48:00,3,70,1,Rural,000-601,0,33654.0,7.3901759847435295,2.0,5.265,7.252,
7051920,2023-04-05 16:08:00,3,240,3,Rural,1-d6,2+5,31399.0,3.077619582464759,2.0,4.569,6.076,
7058065,2023-04-13 13:32:00,3,12,1,Rural,33-01,0,6300.0,6.794463425914582,2.0,4.396,6.958,7.534
7058278,2023-04-13 15:15:00,3,923,6,Rural,1-d9,2+5,1490.0,4.713915770614426,5.0,5.6,7.7,3.7
7061439,2023-04-17 12:17:00,2,11,1,Rural,1-k2,2,2197.0,2.8324179813570542,3.0,1.2,1.5,11.0
7061496,2023-04-17 14:06:00,3,320,4,Rural,75-03,3+5,3433.0,2.6390250129542925,4.0,4.561,6.207,12.81
7063465,2023-04-18 12:32:00,2,12,1,Rural,1-p4,2+5,3463.0,10.924463737478483,2.0,2.438,4.279,13.29
7063693,2023-04-18 21:26:00,3,11,1,Rural,30-02,2+5,6420.0,9.014013238066523,4.0,3.2,5.7,8.7
7064494,2023-04-19 13:46:00,2,60,9,Rural,753-01,5,33451.0,5.255339408053848,4.0,6.311,8.33,
7065300,2023-04-20 16:05:00,3,151,4,Rural,1-f5,2+5,1578.0,0.7748104393351957,5.0,4.082,5.259,10.37
7065947,2023-04-21 13:10:00,3,26,1,Rural,711-04,6+8,33419.0,24.24100673619835,0.0,13.04,16.95,
7065844,2023-04-21 13:51:00,3,70,1,Rural,1-u5,2+5,35985.0,2.453827513167205,1.0,8.76,11.56,
7069171,2023-04-25 07:45:00,2,141,2,Rural,254-01,4,36122.0,10.108908852620768,5.0,2.68,3.332,
7070033,2023-04-26 10:15:00,3,1094,5,Rural,000-210,0,31475.0,0.810923308262687,5.0,2.973,4.41,
7071046,2023-04-26 22:38:00,3,36,1,Rural,39-01,0,31387.0,8.368481167118672,2.0,7.804,10.49,
7070597,2023-04-27 06:57:00,3,22,1,Rural,1-d8,2+5,31392.0,5.347391767700766,3.0,6.933,8.53,
7071039,2023-04-27 13:43:00,3,920,6,Rural,38-03,2+5,31387.0,14.166694514516307,3.0,6.295,8.82,
7071215,2023-04-27 16:54:00,3,11,1,Rural,1-c2,4,6315.0,4.133152991919831,4.0,6.1,7.4,0.0
7071577,2023-04-28 08:07:00,3,11,1,Rural,1-d8,2+5,1490.0,2.6624603355503536,3.0,6.4,7.4,-4.2
7073107,2023-04-30 16:36:00,3,330,4,Rural,1-g1,2+5,31578.0,5.9068164604922195,4.0,8.94,11.37,
7073754,2023-05-01 18:35:00,3,923,6,Rural,360-02,0,1496.0,11.992292836946783,5.0,6.2,7.3,0.3
7075003,2023-05-02 23:14:00,3,11,1,Rural,32-03,4,6424.0,8.250033963883133,4.0,4.007,5.815,3.64
7076389,2023-05-04 12:25:00,3,660,4,Rural,622-00,0,2530.0,10.696543652996864,5.0,3.102,4.475,7.025
7078348,2023-05-07 01:44:00,3,21,1,Rural,1-b5,3+5,6045.0,9.614252608931173,4.0,9.18,14.05,9.29
7082164,2023-05-11 00:31:00,3,36,1,Rural,1-c0,4,6222.0,6.915579316917857,1.0,2.37,3.561,6.798
7082214,2023-05-11 01:52:00,2,45,8,Rural,41-17,0,1350.0,6.572696239878011,2.0,1.977,2.973,6.531
7083629,2023-05-12 16:36:00,2,240,3,Rural,1-u0,1+2+5,5975.0,1.4734949134455728,4.0,3.6,6.9,13.6
7083693,2023-05-12 16:54:00,2,211,3,Rural,60-01,2+5,31985.0,6.927196854614546,4.0,6.784,9.8,
7084189,2023-05-13 10:20:00,2,11,1,Rural,60-30,2+5,32355.0,2.122911936828689,0.0,3.893,5.684,
7084748,2023-05-14 14:27:00,3,12,1,Rural,1-t6,3+5,34081.0,0.42887880471183587,3.0,4.867,10.0,
7085717,2023-05-15 07:54:00,3,12,1,Rural,58-01,0,31950.0,3.3412600074657215,4.0,5.82,7.644,
7085702,2023-05-15 09:25:00,3,11,1,Rural,54-05,2+5,31958.0,5.664331808248999,5.0,11.36,16.95,
7086723,2023-05-16 15:27:00,3,240,3,Rural,1-f5,2+5,31579.0,2.516777609183809,3.0,9.52,13.82,
7090962,2023-05-17 23:54:00,3,1094,5,Rural,000-102,0,1479.0,5.713429339068463,4.0,8.16,12.45,7.76
7088309,2023-05-18 13:54:00,2,410,4,Rural,1-b5,3+5,6045.0,1.569038322863836,4.0,6.247,8.79,8.93
7089695,2023-05-21 11:54:00,3,11,1,Rural,1-x2,0,35107.0,1.485510997326918,4.0,13.82,25.97,
7089744,2023-05-21 13:31:00,2,22,1,Rural,939-01,3+6,35963.0,3.3706933608126097,1.0,8.98,16.07,
7090652,2023-05-22 14:45:00,3,21,1,Rural,443-01,2+11,31640.0,1.4294238398894672,5.0,5.556,6.762,
7092356,2023-05-23 09:00:00,2,160,2,Rural,1-r0,0,33394.0,4.920340219042288,0.0,13.59,19.11,
7091734,2023-05-23 13:07:00,3,22,1,Rural,1-v9,3,35769.0,8.349344149896803,3.0,12.03,18.82,
7092150,2023-05-24 09:37:00,3,11,1,Rural,1-y5,3,35315.0,1.458656273649232,3.0,30.12,43.02,
7091944,2023-05-24 10:00:00,2,11,1,Rural,1-y5,3,35315.0,1.6738032134125127,0.0,28.81,39.3,
7092298,2023-05-24 17:42:00,2,410,4,Rural,36-06,2+5,31599.0,5.10410889737832,2.0,8.13,14.9,
7092985,2023-05-25 15:32:00,3,11,1,Rural,38-02,2+5,31387.0,11.706489021115669,2.0,6.512,10.0,
7093820,2023-05-26 13:58:00,2,660,4,Rural,1-b8,2,36122.0,1.4535121370887698,2.0,9.42,12.94,
7093956,2023-05-26 15:17:00,2,320,4,Rural,35-01,2+5,31399.0,4.577854879932583,3.0,5.941,9.31,
7094776,2023-05-28 00:20:00,2,995,9,Rural,000-601,3,3474.0,12.265450024371338,0.0,8.63,14.2,1.434
7094981,2023-05-28 07:02:00,3,12,1,Rural,1-z1,3+5,6393.0,5.39426670867079,2.0,2.984,3.691,
7098209,2023-05-30 14:59:00,3,12,1,Rural,61-33,2,2646.0,11.478232515089543,1.0,5.004,9.44,8.39
7099131,2023-05-31 18:29:00,2,1094,5,Rural,000-101,0,1479.0,1.532915273194171,1.0,0.683,1.993,9.68
7101378,2023-06-02 20:54:00,3,70,1,Rural,000-102,2+5,1474.0,1.9783515938887761,4.0,1.6,2.5,10.9
7102396,2023-06-04 09:04:00,3,24,1,Rural,1-p1,0,33357.0,0.04378111822601213,4.0,4.651,5.88,
7103860,2023-06-05 12:08:00,3,11,1,Rural,427-06,2+5,31380.0,15.146674011648718,2.0,4.341,5.978,
7104256,2023-06-05 21:51:00,3,11,1,Rural,000-231,2+5,1350.0,5.104974696901778,1.0,4.933,5.717,6.571
7104684,2023-06-06 12:09:00,3,60,9,Rural,54-21,3+6+8,2175.0,28.184566258111452,1.0,3.4,5.8,7.5
7105084,2023-06-06 15:15:00,3,685,4,Rural,000-231,2+5,1350.0,2.1460807067659204,5.0,6.033,8.62,7.655
7105205,2023-06-06 18:30:00,2,11,1,Rural,1-t5,2+5,34081.0,2.7862041292046893,0.0,5.66,8.04,
7108397,2023-06-10 01:34:00,3,11,1,Rural,860-01,3+5,4406.0,8.956569675569066,4.0,2.307,3.887,7.338
7108817,2023-06-10 14:26:00,2,130,2,Rural,26-07,4+5,6546.0,17.364302082228154,4.0,6.656,10.29,7.162
7109307,2023-06-10 16:09:00,2,141,2,Rural,1-d6,2+5,31399.0,1.773415079334661,1.0,6.557,9.8,
7108812,2023-06-10 16:13:00,2,660,4,Rural,1-d6,2+5,31399.0,1.7315915791845282,3.0,6.557,9.8,
7112869,2023-06-14 19:35:00,2,45,8,Rural,93-01,2,34175.0,5.39331729368831,5.0,3.591,4.802,
7112947,2023-06-14 21:33:00,3,11,1,Rural,1-m5,2+5,33431.0,5.444552594884728,3.0,2.466,3.136,
7114143,2023-06-15 15:24:00,2,45,8,Rural,864-01,6+8+11,4323.0,5.368596817893405,4.0,5.8,8.9,22.8
7114961,2023-06-16 12:13:00,3,142,2,Rural,35-01,2+5,31399.0,5.784478291885894,3.0,3.489,5.586,
7116699,2023-06-18 11:32:00,3,945,6,Rural,1-d6,2+5,31399.0,0.45193194777619783,2.0,0.465,1.078,
7117262,2023-06-19 08:43:00,3,923,6,Rural,1-d8,2+5,31392.0,2.65021009121771,3.0,1.714,2.646,
7120154,2023-06-21 16:41:00,3,240,3,Rural,51-01,4+5,31572.0,2.7796027301507267,1.0,6.584,11.17,
7120240,2023-06-21 17:15:00,3,11,1,Rural,61-27,0,32474.0,19.559096078281094,5.0,3.832,5.978,
7120331,2023-06-21 23:50:00,2,12,1,Rural,83-02,2+5,33576.0,3.6469602675284616,0.0,0.711,3.822,
7121063,2023-06-22 14:17:00,2,11,1,Rural,1-k8,0,33419.0,13.033105595273685,3.0,2.107,3.43,
7121050,2023-06-22 14:52:00,3,141,2,Rural,1-g3,0,31674.0,10.207202216712197,2.0,5.571,12.05,
7123015,2023-06-24 21:12:00,3,11,1,Rural,370-02,2+5,31399.0,3.804025645498238,2.0,8.53,11.66,
7125479,2023-06-27 14:53:00,3,141,2,Rural,41-15,2+5,7370.0,1.3327061371200557,3.0,2.692,4.541,
7125669,2023-06-27 17:11:00,3,310,9,Rural,1-f3,2+5,1479.0,0.7652372879366559,1.0,0.653,1.764,11.41
7125662,2023-06-27 18:44:00,2,70,1,Rural,1-v9,3+5,35769.0,6.9733250232630075,4.0,13.64,20.58,
7126454,2023-06-27 19:37:00,3,12,1,Rural,1-x6,2+3,5544.0,5.69959872383773,3.0,17.48,22.25,9.91
7126689,2023-06-29 00:47:00,3,11,1,Rural,1-d9,0,31488.0,4.6694214559616745,3.0,9.66,13.62,
7127119,2023-06-29 13:34:00,3,12,1,Rural,54-04,2+5,1868.0,12.891208613748015,4.0,4.7,5.7,8.5
7127410,2023-06-29 20:20:00,2,1094,5,Rural,000-801,0,6515.0,8.60170015360249,0.0,5.843,7.252,8.31
7128954,2023-07-01 07:43:00,3,923,6,Rural,41-15,0,7370.0,1.9267709968818474,3.0,0.839,1.568,
7130171,2023-07-01 19:56:00,2,1094,5,Rural,34-02,0,6300.0,3.85646951083893,4.0,1.708,2.809,12.52
7129337,2023-07-01 20:37:00,3,141,2,Rural,1-f5,2+5,31579.0,0.2715634610323314,3.0,1.498,2.254,
7130210,2023-07-02 18:17:00,2,45,8,Rural,68-05,0,32390.0,15.853391370760052,3.0,10.26,12.74,
7131210,2023-07-03 16:44:00,3,610,4,Rural,43-01,2+5,31364.0,2.5339137208958635,4.0,9.66,13.62,
7131410,2023-07-03 18:49:00,3,240,3,Rural,1-h0,2+5,1881.0,1.5114185398492503,1.0,4.645,8.46,12.97
7132380,2023-07-04 23:53:00,3,11,1,Rural,54-02,0,1777.0,11.350956052611643,3.0,7.753,11.13,4.433
7137831,2023-07-07 18:04:00,1,22,1,Rural,37-01,0,36411.0,8.625637255408279,4.0,6.078,7.94,
7135418,2023-07-07 21:04:00,2,45,8,Rural,000-102,6+8,31109.0,1.4457590357780867,4.0,3.06,5.39,
7136398,2023-07-09 08:38:00,3,40,1,Rural,3858-01,3+6,31399.0,11.134325460349173,2.0,1.435,2.254,
7137809,2023-07-09 16:00:00,3,45,8,Rural,F228-01,6+8,6546.0,2.757748284887067,0.0,1.852,4.312,23.2
7136752,2023-07-09 16:36:00,3,142,2,Rural,60-46,0,2636.0,1.8045210480861436,4.0,3.808,4.982,15.15
7137978,2023-07-10 17:52:00,3,130,2,Rural,1-d2,2+5,6300.0,3.6788258836409256,2.0,3.837,7.252,15.53
7138322,2023-07-11 08:50:00,3,611,9,Rural,41-21,2+5,1350.0,1.3814033823698437,0.0,4.96,6.86,12.26
7138692,2023-07-11 13:34:00,3,141,2,Rural,1-f8,2+5,31578.0,4.0308026977665525,4.0,6.567,9.51,
7139135,2023-07-12 00:55:00,3,1094,5,Rural,000-210,0,31475.0,1.1736984307258223,5.0,1.698,2.646,
7140070,2023-07-12 14:25:00,2,45,8,Rural,1-t0,3+6,34175.0,24.088974659501353,5.0,7.92,10.88,
7140980,2023-07-12 18:35:00,3,685,4,Rural,61-39,0,2641.0,3.5614360263814264,5.0,6.365,9.83,8.56
7140520,2023-07-13 08:38:00,1,22,1,Rural,39-01,0,31387.0,1.4084466009552692,2.0,10.25,13.33,
7142751,2023-07-15 11:51:00,2,45,8,Rural,F261-05,3,6237.0,4.009911571145146,1.0,0.625,2.613,15.28
7143190,2023-07-16 14:56:00,2,660,4,Rural,1-d6,2+5,31399.0,5.804675091064807,4.0,7.92,12.35,
7144827,2023-07-17 12:44:00,1,240,3,Rural,54-04,0,1868.0,5.951551432535589,4.0,6.1,8.7,14.6
7146193,2023-07-18 19:45:00,3,320,4,Rural,30-06,4,36415.0,4.900939646786308,5.0,7.15,9.51,
7145435,2023-07-19 08:24:00,2,410,4,Rural,1-d1,0,36308.0,2.9670486036382715,4.0,2.195,2.94,
7146815,2023-07-20 12:18:00,3,24,1,Rural,1-b4,2+5,36049.0,0.0788686574943441,2.0,4.821,8.23,
7147677,2023-07-20 13:55:00,3,11,1,Rural,862-01,3+5,34413.0,9.208310554272309,5.0,2.131,4.41,
7147244,2023-07-21 03:16:00,2,22,1,Rural,42-01,2+5,1474.0,6.901649465618212,4.0,0.8,1.9,11.5
7147727,2023-07-21 14:57:00,3,11,1,Rural,1-d6,2+5,31399.0,1.5732212510381398,3.0,4.489,7.06,
7147793,2023-07-21 18:14:00,3,11,1,Rural,95-02,2+5,5960.0,7.5599496652726925,4.0,6.359,7.546,11.19
7152316,2023-07-26 23:15:00,3,22,1,Rural,000-861,0,6424.0,7.028507832246275,5.0,4.295,6.076,9.09
7152841,2023-07-27 13:58:00,2,875,5,Rural,000-101,0,1478.0,2.4183472542842006,2.0,3.84,5.423,16.67
7153867,2023-07-28 15:18:00,3,1094,5,Rural,327-02,0,6430.0,4.351593558964451,2.0,3.742,6.991,16.61
7153833,2023-07-28 15:54:00,3,11,1,Rural,1-v1,3+4+5,35880.0,4.4385925264914725,4.0,1.501,6.37,
7167930,2023-07-30 11:10:00,3,24,1,Rural,000-231,0,31365.0,3.17166689572872,0.0,3.226,3.92,
7157371,2023-07-30 13:22:00,3,22,1,Rural,427-04,0,31365.0,1.4481660583439553,2.0,4.202,6.076,
7156304,2023-07-31 11:58:00,3,11,1,Rural,1-k7,0,3223.0,16.000241724717586,2.0,3.793,5.227,11.66
7156417,2023-07-31 13:36:00,3,45,8,Rural,60-26,3+6+8,32365.0,2.544283492621982,4.0,3.832,5.194,
7156318,2023-07-31 13:47:00,3,130,2,Rural,54-02,2+5,1777.0,11.34337509178677,3.0,4.03,5.433,15.92
7156683,2023-07-31 20:47:00,3,11,1,Rural,1-m3,4+5,33431.0,10.65361327821122,3.0,2.073,2.94,
7158178,2023-08-01 06:03:00,3,22,1,Rural,60-23,2+5,32372.0,3.5512047922949863,3.0,0.253,1.176,
7157390,2023-08-01 16:28:00,3,11,1,Rural,61-36,2,2646.0,4.992988795545405,2.0,1.049,2.352,11.69
7159008,2023-08-03 11:32:00,3,240,3,Rural,82-01,2+5,3463.0,5.382040708138816,2.0,3.13,4.769,10.53
7159371,2023-08-03 18:45:00,3,45,8,Rural,1-c7,2+5,6315.0,8.942132229916337,5.0,5.8,7.9,12.8
7161181,2023-08-05 13:45:00,3,12,1,Rural,54-05,4+5,31958.0,4.494504359915639,5.0,1.547,2.646,
7162022,2023-08-06 17:28:00,3,141,2,Rural,34-05,0,31399.0,11.615011572337577,2.0,1.298,2.646,
7162901,2023-08-07 18:02:00,3,11,1,Rural,1-h4,2+5,32097.0,4.212567471371849,2.0,6.873,8.62,
7162908,2023-08-07 19:32:00,3,410,4,Rural,36-12,2+5,1479.0,5.059853648931866,2.0,1.43,3.593,14.36
7165551,2023-08-09 18:50:00,3,11,1,Rural,1-m5,4,33431.0,3.2749910179796116,0.0,4.635,6.566,
7167330,2023-08-11 15:26:00,3,141,2,Rural,1-d6,2+5,31399.0,2.118214952012787,4.0,4.262,5.782,
7172032,2023-08-11 16:35:00,3,11,1,Rural,590-06,3,2266.0,12.62150301121605,5.0,10.6,14.7,11.0
7168465,2023-08-13 00:28:00,2,11,1,Rural,82-02,3+5,3463.0,8.261001407181062,2.0,2.979,3.593,3.178
7169049,2023-08-13 16:45:00,3,842,5,Rural,000-871,0,6045.0,10.960107776640154,5.0,4.148,6.043,11.66
7169066,2023-08-13 17:26:00,2,22,1,Rural,42-01,2+3+5,1474.0,6.9309928544704755,4.0,2.2,3.4,17.1
7170118,2023-08-14 01:51:00,3,12,1,Rural,1-s5,0,34238.0,5.534274267068154,1.0,1.137,2.058,
7170215,2023-08-14 13:13:00,2,22,1,Rural,919-02,3+6,4455.0,10.135963515171206,3.0,4.572,5.39,10.72
7170444,2023-08-14 20:38:00,3,660,4,Rural,1-d1,2+5,36308.0,2.9658679725042747,2.0,2.643,4.998,
7170502,2023-08-14 22:16:00,3,920,6,Rural,282-01,3+6,36308.0,7.752296652952017,4.0,2.749,3.92,
7174783,2023-08-19 10:00:00,3,45,8,Rural,F88-01,0,4323.0,6.128062790804735,0.0,8.1,11.2,10.4
7175716,2023-08-19 19:47:00,2,21,1,Rural,82-12,3,33750.0,13.080743471510878,3.0,0.462,1.078,
7175780,2023-08-20 15:22:00,3,923,6,Rural,60-32,4+5,32355.0,16.35800113629986,2.0,10.22,14.7,
7175829,2023-08-20 17:03:00,2,45,8,Rural,F338-01,6+8,36519.0,15.497068144386938,3.0,8.15,11.17,
7175990,2023-08-20 23:05:00,2,45,8,Rural,42-02,0,1370.0,10.218870624712908,5.0,0.759,1.568,9.71
7178086,2023-08-22 16:31:00,3,12,1,Rural,1-x1,3,35107.0,9.851585840203285,1.0,4.154,9.02,
7178165,2023-08-22 22:29:00,3,11,1,Rural,1-k9,2+5,33419.0,8.539412957065224,1.0,2.892,3.528,
7178214,2023-08-23 02:31:00,2,11,1,Rural,1-k8,2+5,33419.0,14.00226164979828,1.0,2.394,4.116,
7180813,2023-08-25 14:53:00,3,12,1,Rural,000-801,0,6300.0,8.899283652286528,3.0,3.735,6.076,15.95
7181352,2023-08-26 11:24:00,3,11,1,Rural,1-y5,0,35315.0,1.0440144418880348,4.0,2.257,3.038,
7183254,2023-08-28 16:26:00,3,11,1,Rural,36-01,2+5,31399.0,8.462075359977103,4.0,3.978,12.15,
7184662,2023-08-30 07:48:00,2,45,8,Rural,1-f5,2+5,1479.0,4.557053813326511,2.0,3.243,5.227,10.42
7184701,2023-08-30 08:05:00,3,26,1,Rural,82-05,3+5,33661.0,3.459433167711345,5.0,0.665,1.274,
7186538,2023-08-31 23:12:00,3,36,1,Rural,1-q0,0,3474.0,9.000862778297389,2.0,4.824,6.567,7.245
7189650,2023-09-04 17:49:00,2,1094,5,Rural,000-170,0,1471.0,0.46706227389780525,1.0,7.5,9.4,11.1
7190630,2023-09-05 14:00:00,2,240,3,Rural,1-h2,3+5,31985.0,9.251169469226662,0.0,0.0,0.0,
7191540,2023-09-06 14:24:00,2,11,1,Rural,85-39,2,34348.0,0.04248710705040236,4.0,3.036,7.35,
7191672,2023-09-06 18:20:00,2,45,8,Rural,47-11,4+5,1685.0,1.519469804130837,0.0,4.9,8.0,12.9
7192365,2023-09-07 13:19:00,3,12,1,Rural,435-01,2+5,31488.0,5.608777636480157,1.0,0.575,1.176,
7192998,2023-09-08 05:15:00,2,70,1,Rural,1-k8,0,33419.0,14.397847101682427,5.0,10.88,15.58,
7194090,2023-09-10 01:29:00,2,910,7,Rural,829-02,2+5,3371.0,8.465067560676259,1.0,3.3,4.5,5.3
7194623,2023-09-10 20:35:00,2,130,2,Rural,365-01,2+5,36504.0,1.2747941449636142,5.0,1.73,2.94,
7195589,2023-09-11 16:56:00,3,130,2,Rural,1-d6,2+5,31399.0,6.009694960300992,4.0,5.335,8.92,
7198804,2023-09-14 18:07:00,2,45,8,Rural,643-05,0,2692.0,14.35643919954422,3.0,3.631,5.325,8.77
7198679,2023-09-15 04:15:00,2,60,9,Rural,61-22,2+5,32474.0,9.388146532549673,5.0,4.324,4.802,
7199096,2023-09-16 00:43:00,2,12,1,Rural,1-k2,4+5,2197.0,3.8897744937237593,3.0,3.4,3.9,5.6
7199436,2023-09-16 12:42:00,2,240,3,Rural,f338-01,11,36519.0,11.097364738450276,2.0,6.416,10.29,
7199879,2023-09-17 06:49:00,2,12,1,Rural,95-07,0,35884.0,9.654688559784166,1.0,9.05,15.19,
7200882,2023-09-17 23:16:00,3,12,1,Rural,73-00,4+5,33419.0,2.5589825957008463,4.0,1.965,2.842,
7202083,2023-09-18 11:27:00,2,841,5,Rural,1-y6,2+5,35305.0,10.553303069455222,3.0,1.498,2.548,
7203750,2023-09-19 11:30:00,3,12,1,Rural,574-01,0,31931.0,2.2080368885659425,0.0,14.63,24.4,
7203217,2023-09-19 15:22:00,3,11,1,Rural,1-f5,4,31579.0,0.4473612376727176,2.0,26.6,33.52,
7204204,2023-09-20 17:38:00,3,22,1,Rural,370-02,2+5,31399.0,4.707317490576118,2.0,8.84,14.31,
7204348,2023-09-20 21:24:00,3,945,6,Rural,1-d6,2+5,31399.0,1.3229944329485905,4.0,7.48,13.23,
7205234,2023-09-21 15:58:00,3,685,4,Rural,000-102,2+5,1370.0,3.5356513168357817,2.0,2.723,3.953,8.83
7205680,2023-09-22 07:26:00,3,11,1,Rural,85-35,0,34559.0,2.3487282401606033,4.0,8.34,10.49,
7209850,2023-09-27 08:51:00,3,12,1,Rural,427-12,2,31387.0,14.465315218636597,1.0,6.786,10.98,
7210895,2023-09-28 14:58:00,2,240,3,Rural,25-02,4,6315.0,4.6113749743403245,2.0,7.5,9.8,10.9
7214441,2023-10-02 16:21:00,3,141,2,Rural,41-21,2+5,1350.0,1.3704788886440156,1.0,11.22,15.48,7.465
7214791,2023-10-03 05:52:00,3,11,1,Rural,41-21,2+5,1350.0,2.171812123607069,2.0,3.078,3.985,4.481
7216150,2023-10-04 11:05:00,2,320,4,Rural,85-03,2+5,3585.0,9.02473038020687,5.0,2.309,3.463,5.26
7216287,2023-10-04 16:19:00,3,660,4,Rural,1-b6,3+5,6134.0,6.303135822706477,1.0,3.835,7.807,8.09
7218848,2023-10-07 15:22:00,3,945,6,Rural,000-102,0,1474.0,2.6649202768818503,2.0,3.4,4.9,6.8
7219364,2023-10-08 08:08:00,3,24,1,Rural,1-d1,2+5,36308.0,2.496525968404982,2.0,2.022,3.626,
7220739,2023-10-09 17:35:00,3,130,2,Rural,1-c7,2+5,6315.0,8.957476264443548,5.0,7.2,11.5,8.0
7220888,2023-10-09 23:27:00,3,141,2,Rural,1-d8,2+5,31392.0,1.293574087631297,3.0,8.66,13.33,
7221497,2023-10-10 13:09:00,3,24,1,Rural,1-x0,3,35769.0,14.099336037750783,1.0,19.46,31.75,
7221586,2023-10-10 16:18:00,3,240,3,Rural,93-03,2+5,4182.0,6.036593156280531,2.0,11.41,20.35,3.255
7221781,2023-10-11 07:25:00,3,12,1,Rural,76-09,0,33750.0,4.939338397536637,5.0,9.65,12.64,
7222682,2023-10-12 11:40:00,3,923,6,Rural,1-d8,4,31392.0,5.620480483615138,0.0,16.02,21.76,
7223066,2023-10-12 20:27:00,3,920,6,Rural,1-c0,2+5,6222.0,6.158993484657969,3.0,4.859,12.02,4.011
7223074,2023-10-12 20:30:00,2,24,1,Rural,30-04,2+5,36415.0,4.233590443268515,0.0,10.07,15.09,
7223751,2023-10-13 17:42:00,3,142,2,Rural,1-p4,0,3463.0,9.195423872472983,2.0,5.997,10.13,0.158
7224194,2023-10-13 18:35:00,3,141,2,Rural,815-01,6+8,3463.0,6.229737767721018,5.0,6.184,9.31,-0.814
7223922,2023-10-14 02:19:00,3,22,1,Rural,417-02,2+5,1487.0,2.4569999432720486,1.0,1.21,1.731,-3.631
7224059,2023-10-14 05:37:00,3,12,1,Rural,1-f6,2+5,31577.0,0.09404176236924049,3.0,1.61,2.352,
7224624,2023-10-15 02:07:00,3,240,3,Rural,8230-01,3+6,3380.0,11.101473757946907,3.0,0.3,1.4,-2.0
7224951,2023-10-15 14:34:00,3,320,4,Rural,1-b6,2+5,6134.0,2.8953384594740514,4.0,3.14,4.443,8.79
7225105,2023-10-15 20:32:00,3,11,1,Rural,94-01,2+5,34175.0,6.612236176405152,2.0,5.287,7.55,
7227696,2023-10-18 11:16:00,2,440,4,Rural,59-01,2+5,32190.0,12.30704321701592,4.0,4.852,8.53,
7227727,2023-10-18 13:28:00,3,22,1,Rural,731-02,0,33419.0,15.03495515183508,2.0,7.008,10.39,
7227953,2023-10-18 20:00:00,3,12,1,Rural,37-01,3+6,36504.0,5.061345989764074,0.0,11.67,15.78,
7230135,2023-10-21 08:44:00,3,11,1,Rural,82-02,4+5,3463.0,11.159492147364698,4.0,1.814,3.593,-1.927
7230104,2023-10-21 09:12:00,2,875,5,Rural,000-231,2+5,1350.0,1.9054506628171266,2.0,11.61,15.03,6.82
7230245,2023-10-21 14:16:00,3,45,8,Rural,000-231,3+6,7001.0,8.991493079328405,4.0,14.7,20.6,5.6
7231100,2023-10-22 18:15:00,3,410,4,Rural,1-g9,2+5,1781.0,8.272620679945836,5.0,3.092,3.365,1.733
7234814,2023-10-26 07:47:00,3,142,2,Rural,51-02,2+5,31572.0,4.041420485601364,3.0,5.837,8.13,
7234709,2023-10-26 20:10:00,2,211,3,Rural,1-j1,4+5,32097.0,0.420201479427297,0.0,2.321,2.744,
7235162,2023-10-27 12:13:00,3,22,1,Rural,1-q5,2+5,33480.0,6.992277885705782,3.0,1.244,1.764,
7235714,2023-10-28 10:06:00,3,12,1,Rural,95-01,2+5,34081.0,8.444964208298392,4.0,1.245,3.43,
7236111,2023-10-28 23:36:00,3,24,1,Rural,76-01,3+5,33451.0,7.44649340075937,4.0,1.611,3.822,
7236463,2023-10-29 13:14:00,3,923,6,Rural,41-15,2+5,1370.0,4.960841890034354,4.0,0.486,1.045,5.516
7237860,2023-10-31 07:36:00,3,141,2,Rural,41-15,0,1370.0,2.493676079546979,4.0,4.929,6.958,-0.166
7238290,2023-10-31 11:06:00,3,923,6,Rural,82-03,2,33563.0,3.7015833086710552,4.0,0.273,0.686,
7242772,2023-11-01 22:00:00,3,11,1,Rural,869-04,3+6,4652.0,21.045896666550593,0.0,8.8,11.01,2.165
7239961,2023-11-02 12:48:00,2,11,1,Rural,82-01,0,3463.0,7.586080594611931,2.0,3.363,4.475,1.964
7240905,2023-11-02 14:57:00,3,11,1,Rural,82-01,3+5,3463.0,6.668844887589341,3.0,4.378,5.586,2.09
7240783,2023-11-03 09:48:00,3,11,1,Rural,83-05,3+5,33576.0,13.188541853880194,2.0,3.554,5.88,
7242446,2023-11-05 08:54:00,3,240,3,Rural,36-06,2+5,31599.0,6.057588093882028,4.0,10.9,16.17,
7242250,2023-11-05 09:45:00,3,12,1,Rural,76-15,2+5,33654.0,0.32313036957613844,5.0,13.06,19.99,
7242509,2023-11-05 17:50:00,3,26,1,Rural,1-r3,0,4406.0,5.708852662292552,0.0,12.19,16.14,-1.36
7245245,2023-11-08 11:23:00,3,240,3,Rural,58-01,4+5,31950.0,6.372117866493723,3.0,3.971,6.664,
7245292,2023-11-08 17:50:00,3,36,1,Rural,47-02,2+5,1685.0,10.501114137916819,0.0,5.2,9.1,5.6
7246897,2023-11-10 14:56:00,3,24,1,Rural,553-02,6+11,1881.0,3.6189216824707486,4.0,2.356,3.136,-0.496
7246894,2023-11-10 15:46:00,3,21,1,Rural,54-02,0,1777.0,11.134762899328656,4.0,2.664,3.5,-2.268
7247589,2023-11-11 16:44:00,2,320,4,Rural,1-c2,0,6315.0,5.969682722860921,4.0,2.9,3.6,0.2
7247546,2023-11-11 17:11:00,2,160,2,Rural,41-22,2+5,1350.0,2.341765477983345,1.0,4.917,6.207,3.469
7247607,2023-11-11 18:04:00,3,21,1,Rural,35-06,2,36411.0,5.324003932060686,4.0,3.964,5.488,
7248863,2023-11-13 12:41:00,3,12,1,Rural,1-q8,2,33487.0,7.923133153292622,1.0,2.934,4.018,
7250195,2023-11-15 07:30:00,3,660,4,Rural,1-t7,2+5,5975.0,1.4537453047336735,0.0,0.8,1.9,2.5
7251380,2023-11-16 20:12:00,3,112,4,Rural,1-g3,0,31572.0,10.400190265031672,2.0,3.265,4.214,
7251802,2023-11-17 06:25:00,3,11,1,Rural,1-u1,3+5,5975.0,2.262386291127273,5.0,0.8,1.3,-0.2
7252544,2023-11-18 06:56:00,3,11,1,Rural,1-h0,3+11,1881.0,1.5347707164637125,4.0,0.261,2.45,2.213
7255013,2023-11-21 20:34:00,2,875,5,Rural,1-t6,0,34073.0,3.388251067745721,4.0,4.54,18.33,
7255330,2023-11-22 10:34:00,3,12,1,Rural,50-04,2+5,1781.0,6.829690719236127,4.0,9.42,13.85,0.531
7255616,2023-11-22 18:10:00,3,11,1,Rural,34-05,2+5,31387.0,12.295692940925104,0.0,10.75,15.78,
7255816,2023-11-23 06:24:00,3,24,1,Rural,1-g0,4+5,31572.0,2.8650081823911018,4.0,10.05,15.58,
7256976,2023-11-24 14:30:00,2,12,1,Rural,1-j1,4+5,32097.0,3.241058965531173,0.0,8.61,10.98,
7257076,2023-11-24 15:14:00,2,11,1,Rural,1-k7,4+5,3223.0,16.269336470592698,4.0,5.455,6.86,0.028
7257736,2023-11-25 17:56:00,3,240,3,Rural,1-k2,4+5,2197.0,2.986203289484121,4.0,2.7,3.5,2.0
7258223,2023-11-26 10:54:00,2,940,6,Rural,76-15,2+5,3752.0,0.2252271641382528,4.0,0.844,1.47,-1.047
7259480,2023-11-28 07:29:00,3,70,1,Rural,829-01,2+5,3474.0,12.50144385552828,1.0,1.789,2.0,-0.301
7259770,2023-11-28 11:53:00,2,41,1,Rural,821-03,2+5,3371.0,7.509313372073047,3.0,0.0,0.0,0.6
7260019,2023-11-28 15:43:00,2,330,4,Rural,39-01,3+5,1490.0,4.410368619847066,3.0,5.2,6.6,-2.0
7261216,2023-11-30 16:11:00,2,36,1,Rural,1-q5,2+5,33480.0,4.536734825389934,1.0,3.775,6.664,
7261293,2023-11-30 19:36:00,3,26,1,Rural,93-02,2+5,34175.0,0.1259301035166192,4.0,5.832,7.25,
7261742,2023-12-01 13:25:00,2,141,2,Rural,1-d8,2+5,31392.0,5.322826289141071,5.0,5.912,8.13,
7263157,2023-12-03 12:56:00,3,36,1,Rural,1-s6,3+5,34148.0,3.67886860472005,4.0,0.809,1.862,
7263787,2023-12-04 10:01:00,3,835,5,Rural,000-231,2+5,1350.0,1.9091493057756403,1.0,8.06,10.19,2.626
7268500,2023-12-11 06:31:00,3,21,1,Rural,85-01,2,33480.0,3.7689321620598992,1.0,0.167,0.784,
7269229,2023-12-11 20:36:00,3,26,1,Rural,1-f5,0,1578.0,2.162812668667626,4.0,5.312,8.04,-0.297
7269365,2023-12-12 00:16:00,3,21,1,Rural,000-102,1+5,1474.0,4.199221831914512,4.0,1.3,2.0,-6.7
7269330,2023-12-12 01:13:00,3,24,1,Rural,000-102,3+6,1474.0,3.120111549394583,3.0,0.8,2.8,-8.0
7269564,2023-12-12 09:10:00,3,21,1,Rural,420-01,2+5,31363.0,5.145457999301095,0.0,1.821,2.352,
7270505,2023-12-13 14:35:00,1,240,3,Rural,1-g3,2+4+5,31674.0,8.772074773481073,5.0,11.15,15.39,
7270602,2023-12-13 20:46:00,2,11,1,Rural,39-01,0,31387.0,1.5837977933662917,4.0,5.911,7.546,
7272188,2023-12-15 15:17:00,3,11,1,Rural,36-06,2+5,31591.0,7.7121764135947855,3.0,14.82,22.64,
7272486,2023-12-15 20:58:00,2,240,3,Rural,45-01,2+5,1453.0,6.2142502172282,2.0,17.21,22.83,
7272585,2023-12-16 09:58:00,2,24,1,Rural,000-801,3+6,6300.0,15.337705198597778,2.0,5.487,10.09,2.1
7273059,2023-12-16 20:43:00,2,11,1,Rural,35-04,2+5,36411.0,1.9084528965037246,3.0,5.55,9.51,
7272872,2023-12-16 21:37:00,3,11,1,Rural,64-01,0,2631.0,4.410834324710929,3.0,4.471,6.207,2.09
7274054,2023-12-18 13:49:00,3,26,1,Rural,1-q9,4,33394.0,1.566094899224308,1.0,1.347,2.058,
7275256,2023-12-20 10:43:00,3,12,1,Rural,76-11,0,3751.0,2.538064108420473,3.0,1.335,2.417,-3.455
7275570,2023-12-20 17:58:00,2,36,1,Rural,1-v5,2+5,35963.0,8.983402733201196,2.0,6.705,7.94,
7277441,2023-12-23 14:42:00,3,160,2,Rural,1-d8,2+5,1490.0,2.452680816226495,2.0,17.2,20.3,-7.0
7277415,2023-12-23 15:25:00,3,36,1,Rural,35-01,2+5,31399.0,8.45606443208352,5.0,14.95,20.38,
7283417,2023-12-26 13:59:00,3,11,1,Rural,767-01,0,3433.0,15.288602057229788,1.0,8.8,10.32,-1.548
7278521,2023-12-26 16:57:00,3,11,1,Rural,365-01,2+5,36504.0,3.2527913712724574,3.0,6.646,8.82,
7278527,2023-12-26 19:57:00,3,12,1,Rural,51-02,2+5,31572.0,4.797110025168576,3.0,2.843,6.174,
7279814,2023-12-27 05:00:00,3,945,6,Rural,1-d6,2+5,31399.0,0.08859667397591257,0.0,0.44,1.372,
7279189,2023-12-27 13:42:00,3,240,3,Rural,1-g1,0,31578.0,7.542868668323712,2.0,4.533,6.174,
7279183,2023-12-27 16:51:00,3,142,2,Rural,36-12,2,1479.0,6.089593309478531,1.0,0.011,0.294,-8.39
7279830,2023-12-28 14:31:00,3,130,2,Rural,1-y7,3+5,35305.0,4.586318743541121,1.0,1.297,1.764,
7280696,2023-12-30 09:30:00,3,11,1,Rural,1-e1,2+5,31488.0,4.800153622353277,0.0,4.261,6.076,
7281946,2024-01-01 10:35:00,3,240,3,Rural,95-01,2+5,34175.0,8.069948710327871,5.0,12.8,15.09,
7281983,2024-01-01 14:06:00,2,11,1,Rural,41-15,0,7370.0,1.3263131628814588,4.0,3.38,5.161,
7282418,2024-01-02 09:11:00,3,26,1,Rural,000-231,8+11,1350.0,5.7511123505081105,1.0,4.029,5.684,2.644
7282811,2024-01-02 16:30:00,3,12,1,Rural,44-02,2+5,1350.0,3.2927323755346882,0.0,5.215,7.121,2.141
7282852,2024-01-02 16:54:00,3,22,1,Rural,39-01,2+5,31387.0,2.3676809998398642,4.0,3.7,6.174,
7283593,2024-01-03 16:25:00,3,41,1,Rural,829-01,0,3474.0,12.466872877678135,5.0,4.563,5.4,-2.328
7284176,2024-01-04 09:28:00,2,26,1,Rural,828-01,3+6,3474.0,7.809536241496383,2.0,3.778,4.367,-3.874
7284906,2024-01-05 11:35:00,1,240,3,Rural,43-01,2+5,7001.0,9.236689656410125,5.0,10.2,12.6,-0.1
7285653,2024-01-06 18:40:00,3,923,6,Rural,41-15,2+5,1370.0,1.3570249506653378,0.0,3.838,5.847,1.684
7285970,2024-01-07 10:37:00,3,11,1,Rural,83-01,3+5,3474.0,5.340597046232891,3.0,14.43,17.9,2.154
7286027,2024-01-07 12:16:00,3,12,1,Rural,73-03,5,33424.0,8.209171888944915,4.0,1.761,4.312,
7286683,2024-01-08 07:01:00,3,923,6,Rural,1-u8,0,35884.0,0.3739455787375649,1.0,10.11,14.6,
7288704,2024-01-10 19:22:00,3,11,1,Rural,420-01,0,31363.0,2.03381353589452,2.0,8.57,12.74,
7289122,2024-01-11 09:38:00,3,11,1,Rural,000-641,0,3380.0,10.43290778971038,2.0,6.3,10.5,5.2
7289513,2024-01-11 16:23:00,3,12,1,Rural,1-g3,2,31674.0,4.113413890531707,3.0,13.25,17.74,
7289904,2024-01-12 09:48:00,1,240,3,Rural,1-z0,2+5,6499.0,1.6931373365678575,2.0,4.5,7.3,5.0
7290243,2024-01-12 22:45:00,3,12,1,Rural,1-n0,3+5,33357.0,12.871307693212712,5.0,1.812,2.646,
7290278,2024-01-13 00:55:00,3,12,1,Rural,85-04,3+5,3585.0,13.483813570359176,5.0,4.73,5.815,-1.739
7290933,2024-01-14 04:48:00,3,11,1,Rural,1-s9,2+5,34148.0,23.46621704541001,2.0,6.566,9.7,
7292123,2024-01-15 15:07:00,2,11,1,Rural,000-102,2+5,1474.0,3.8029611149553424,3.0,0.0,0.0,-4.8
7292613,2024-01-16 09:48:00,1,240,3,Rural,1-g3,2,31572.0,10.235870848114986,2.0,13.54,25.09,
7292693,2024-01-16 11:26:00,3,21,1,Rural,731-02,6,33431.0,11.46267386245112,4.0,10.94,14.7,
7296414,2024-01-17 18:30:00,3,12,1,Rural,853-01,0,3591.0,4.509196003103164,0.0,7.954,11.34,-8.47
7295502,2024-01-19 20:48:00,3,11,1,Rural,76-11,0,3751.0,2.618862260219446,2.0,3.056,4.018,-6.11
7297782,2024-01-23 13:24:00,2,12,1,Rural,47-12,2,1679.0,10.661031728409558,4.0,8.5,12.92,-0.5
7297958,2024-01-23 19:49:00,3,141,2,Rural,410-02,2+5,31475.0,1.1588039379118638,1.0,0.621,1.078,
7299906,2024-01-26 09:30:00,3,11,1,Rural,1-b6,2+5,6134.0,5.959277587031639,0.0,7.894,13.98,1.726
7299874,2024-01-26 13:43:00,3,11,1,Rural,931-01,2,34175.0,11.367712793749975,3.0,11.92,14.5,
7300388,2024-01-27 08:22:00,3,21,1,Rural,506-01,2,31578.0,8.43795471736526,2.0,7.966,12.15,
7300430,2024-01-27 09:13:00,3,945,6,Rural,41-21,2+5,1350.0,1.8513272729479713,3.0,14.38,18.49,-0.15
7300656,2024-01-27 10:32:00,3,36,1,Rural,1-y9,3,6499.0,4.651379416313649,2.0,1.7,2.4,-3.1
7300471,2024-01-27 12:17:00,2,111,4,Rural,1-c8,2+5,36308.0,0.07161643455642934,3.0,13.44,19.8,
7301617,2024-01-29 11:30:00,2,11,1,Rural,30-01,2+5,36308.0,2.879490600493188,0.0,14.53,18.42,
7301869,2024-01-29 18:01:00,1,130,2,Rural,1-b5,2+5,6045.0,8.248192896836368,1.0,12.36,17.57,3.137
7302455,2024-01-30 14:30:00,3,12,1,Rural,41-15,2+5,31363.0,1.1874624680753365,0.0,8.0,10.19,
7302542,2024-01-30 18:56:00,3,240,3,Rural,1-x9,1+3,5544.0,12.118183377796015,4.0,10.42,13.71,1.82
7302511,2024-01-30 18:58:00,1,240,3,Rural,41-15,2+5,1370.0,4.256685357419668,2.0,5.598,7.742,-2.155
7302910,2024-01-31 11:51:00,3,24,1,Rural,1-g3,0,31674.0,8.388595087016515,1.0,11.49,15.88,
7303708,2024-02-01 14:55:00,3,11,1,Rural,425-01,0,31640.0,9.870355782797104,5.0,8.09,9.6,
7306484,2024-02-05 12:41:00,2,160,2,Rural,60-07,4+5,2175.0,8.33389126468526,1.0,9.3,13.5,-5.8
7306592,2024-02-05 16:21:00,3,710,9,Rural,36-06,2+5,31599.0,5.287140119680465,1.0,4.948,8.23,
7307107,2024-02-06 11:42:00,3,160,2,Rural,1-t7,4,34073.0,4.611921247952064,2.0,5.656,15.09,
7308586,2024-02-08 13:36:00,3,24,1,Rural,64-01,0,2631.0,2.9419911615095886,4.0,2.197,2.875,-3.956
7308748,2024-02-08 17:48:00,3,11,1,Rural,1-f3,2+5,1479.0,0.8218114982802934,2.0,0.208,1.078,-10.53
7311000,2024-02-10 18:17:00,3,141,2,Rural,1-c8,2+5,36308.0,8.080515011157917,3.0,9.55,11.37,
7311587,2024-02-11 15:52:00,3,130,2,Rural,35-07,2+5,36415.0,5.084874132787241,2.0,8.39,12.74,
7312281,2024-02-12 17:01:00,3,11,1,Rural,1-e1,2+5,31488.0,0.9899073800253727,1.0,8.23,10.88,
7312917,2024-02-13 12:23:00,3,11,1,Rural,60-08,3+5,32179.0,3.588950386734286,3.0,7.028,10.98,
7313021,2024-02-13 16:40:00,3,130,2,Rural,1-d6,2+5,31399.0,4.042411438038211,0.0,15.32,18.62,
7313746,2024-02-14 17:30:00,3,24,1,Rural,1-m4,4+5,33431.0,3.3897066858039473,0.0,11.69,14.21,
7314496,2024-02-15 18:12:00,3,130,2,Rural,1-g8,2+5,1777.0,5.388673481097775,2.0,4.51,6.233,-2.87
7316093,2024-02-18 11:39:00,3,11,1,Rural,1-j2,4+5,32097.0,14.176665523716636,1.0,10.52,13.43,
7317110,2024-02-19 16:04:00,3,11,1,Rural,1-s5,0,34148.0,8.981280333358523,4.0,1.755,2.744,
7317112,2024-02-19 17:30:00,3,240,3,Rural,82-01,2+3,3463.0,1.602450070592624,0.0,0.63,0.947,0.445
7318960,2024-02-22 07:02:00,3,111,4,Rural,41-16,2+5,31363.0,2.945514446295477,2.0,3.762,4.9,
7319296,2024-02-22 11:39:00,2,320,4,Rural,36-01,2+5,31399.0,9.246813499250877,1.0,1.004,1.96,
7319438,2024-02-22 14:52:00,3,141,2,Rural,1-p5,2+5,3463.0,5.423006565046978,2.0,0.0,0.0,-1.059
7322193,2024-02-23 13:20:00,3,11,1,Rural,85-15,0,34732.0,6.222363331864676,0.0,5.852,10.09,
7324852,2024-02-29 23:13:00,3,70,1,Rural,000-102,5+8+11,31109.0,1.3407938041200056,3.0,2.331,3.038,
7325352,2024-03-01 12:27:00,3,11,1,Rural,76-08,0,33643.0,1.2684454681788029,3.0,9.65,13.03,
7326556,2024-03-03 12:25:00,3,160,2,Rural,1-c3,2+5,6315.0,0.5364894869562403,5.0,6.7,8.8,-4.3
7327744,2024-03-05 00:09:00,3,945,6,Rural,41-13,2+5,31475.0,0.29303441368245586,1.0,7.234,12.15,
7329589,2024-03-06 10:59:00,3,11,1,Rural,000-801,0,1490.0,4.114081532700583,1.0,14.8,17.7,4.4
7330162,2024-03-07 18:19:00,1,11,1,Rural,000-102,0,1474.0,2.6881414981879708,1.0,1.9,4.6,5.5
7332254,2024-03-10 14:52:00,3,1094,5,Rural,000-801,0,6300.0,10.32951803538235,2.0,4.267,6.043,6.218
7333290,2024-03-11 16:21:00,3,141,2,Rural,41-21,2+5,1350.0,1.3526003457448694,1.0,5.709,6.925,3.747
7333410,2024-03-11 18:00:00,3,320,4,Rural,1-m7,2+5,33451.0,7.877261672078961,0.0,0.752,1.274,
7333833,2024-03-12 10:41:00,3,12,1,Rural,65-02,2+5,32635.0,1.1263889082282412,1.0,2.256,9.9,
7334963,2024-03-13 15:33:00,2,24,1,Rural,35-11,2+5,36519.0,5.276405632928918,3.0,12.76,17.35,
7336016,2024-03-14 17:36:00,3,11,1,Rural,60-46,0,2636.0,4.241348635188232,4.0,13.5,16.37,-9.06
7336731,2024-03-15 12:24:00,3,11,1,Rural,427-05,2+5,7001.0,9.40618697157558,4.0,20.8,29.6,0.0
7339483,2024-03-19 12:47:00,3,11,1,Rural,1-f6,4+5,31577.0,1.8565406911353366,3.0,12.9,17.44,
7340274,2024-03-20 14:14:00,3,240,3,Rural,39-01,2+5,31387.0,3.330680859155664,4.0,10.67,17.05,
7340436,2024-03-20 14:47:00,3,11,1,Rural,1-d8,2+5,1490.0,4.053784231132397,3.0,16.3,18.6,-0.7
7340432,2024-03-20 16:59:00,3,240,3,Rural,56-02,4,31948.0,4.027404630688327,1.0,12.99,18.91,
7341566,2024-03-22 08:08:00,2,70,1,Rural,1-d6,2+5,31399.0,0.2161882595285977,2.0,17.58,25.09,
48842,2024-03-23 10:00:48,3,130,2,Rural,36-08,0,31591.0,1.716989132184355,0.8,12.0,15.97,
7342323,2024-03-23 14:09:00,3,240,3,Rural,1-r7,3+5,4323.0,4.060561665820645,1.0,9.4,11.1,-4.2
7342703,2024-03-24 06:00:00,3,11,1,Rural,41-17,0,1350.0,8.81539317508693,0.0,6.15,8.62,2.239
7343832,2024-03-25 16:43:00,2,240,3,Rural,1-k7,2+4+5,3223.0,15.77877970054182,3.0,7.0,10.06,-3.451
7344338,2024-03-26 12:33:00,3,11,1,Rural,1-g4,4+5,31674.0,0.5405923885208435,3.0,4.01,7.448,
7345687,2024-03-28 12:10:00,3,151,4,Rural,92-10,3+5,34087.0,6.806156149653796,0.0,6.145,16.07,
7347005,2024-03-29 18:04:00,3,24,1,Rural,61-24,4,32474.0,5.007792796296585,4.0,11.53,14.41,
7346634,2024-03-29 18:37:00,2,240,3,Rural,76-14,3+5,3752.0,0.23113550301710328,3.0,12.59,17.93,-0.893
7348251,2024-04-01 12:51:00,3,240,3,Rural,60-30,2,32355.0,1.5182394604707623,1.0,15.15,18.62,
7348227,2024-04-01 14:14:00,3,26,1,Rural,85-39,0,34348.0,11.583060387061039,4.0,10.29,13.03,
7349388,2024-04-02 15:43:00,3,240,3,Rural,1-y4,0,35315.0,14.0352980564643,3.0,7.87,12.25,
7350863,2024-04-04 12:05:00,3,160,2,Rural,54-11,2,31932.0,5.467546467040576,5.0,6.562,10.98,
7352697,2024-04-06 18:16:00,3,160,2,Rural,1-d8,2+5,1490.0,2.252757902281092,4.0,10.7,14.4,-3.7
7352778,2024-04-07 14:17:00,2,12,1,Rural,1-k2,5,2197.0,2.8942600144955946,3.0,15.3,19.6,0.2
7352877,2024-04-07 20:11:00,2,24,1,Rural,61-24,3+5,32474.0,1.187195471194678,1.0,13.72,16.95,
7356284,2024-04-11 18:03:00,3,160,2,Rural,61-24,4,32474.0,6.193771882570572,3.0,18.35,21.66,
7356974,2024-04-12 11:51:00,3,923,6,Rural,1-m2,3,33419.0,1.4506805982563926,1.0,19.29,23.03,
7357135,2024-04-12 18:27:00,3,160,2,Rural,1-q5,2+5,33480.0,8.18132268435339,3.0,6.905,9.11,
7357413,2024-04-13 03:21:00,3,11,1,Rural,51-02,0,31572.0,6.374320609609124,1.0,2.943,4.9,
7359217,2024-04-15 11:40:00,3,12,1,Rural,76-04,3+5,3433.0,19.331582610326983,0.0,10.46,12.84,-2.028
7359368,2024-04-15 14:38:00,3,12,1,Rural,83-04,2+5,33576.0,9.05547818981072,2.0,14.27,22.83,
7359530,2024-04-15 17:39:00,2,320,4,Rural,1-y5,0,35315.0,5.000061318869326,1.0,3.603,5.194,
7361006,2024-04-17 20:23:00,2,45,8,Rural,312-01,4+5,6300.0,10.864447481867542,3.0,1.491,2.45,3.343
49340,2024-04-19 14:36:45,3,710,9,Rural,1-f3,0,1479.0,0.906896762412296,3.25,5.754,8.98,1.264
7362197,2024-04-19 16:17:00,2,211,3,Rural,1-c5,2+5,6315.0,4.622274417539015,3.0,7.4,9.5,2.8
7363441,2024-04-21 17:10:00,2,24,1,Rural,000-103,0,1482.0,5.305151348205946,0.0,6.274,9.08,8.16
7365641,2024-04-23 23:47:00,3,11,1,Rural,44-03,0,1350.0,6.1376689284882415,3.0,1.692,2.058,7.402
7366052,2024-04-24 13:09:00,1,22,1,Rural,829-01,4+5,3371.0,10.482277723055562,1.0,4.8,6.6,10.2
7366894,2024-04-25 09:59:00,3,1094,5,Rural,42-01,0,1370.0,8.317724132921896,1.0,3.964,5.521,6.508
7366708,2024-04-25 11:18:00,3,1094,5,Rural,36-06,2+5,31599.0,4.870738211162998,2.0,4.678,7.154,
7366958,2024-04-25 19:06:00,3,835,5,Rural,1-d8,2+5,1490.0,2.6468960578242133,4.0,8.6,10.9,5.4
7367591,2024-04-26 16:06:00,3,610,4,Rural,58-01,4+5,31950.0,2.66287767132248,4.0,2.811,5.39,
7368138,2024-04-27 05:27:00,3,12,1,Rural,1-M3,3,33431.0,13.637154640873694,3.0,3.096,4.116,
7368869,2024-04-28 17:33:00,2,921,9,Rural,000-102,11,31488.0,1.0567923857154766,3.0,8.23,11.17,
7369643,2024-04-29 17:58:00,3,11,1,Rural,870-02,6+8,4912.0,12.907995200983253,2.0,5.658,7.873,2.146
7377413,2024-05-08 00:01:00,3,11,1,Rural,1-d8,2+5,1490.0,2.6482236959751506,1.0,7.7,10.8,1.1
7377495,2024-05-08 04:45:00,3,12,1,Rural,41-16,2+5,31363.0,1.823302610744448,5.0,4.36,4.802,
7379588,2024-05-10 12:50:00,3,12,1,Rural,41-16,2+5,31363.0,1.3687556845180635,0.0,8.43,11.66,
7380368,2024-05-11 16:21:00,3,45,8,Rural,958-01,3+6+8+11,34087.0,10.00529899912814,1.0,0.892,1.372,
7380909,2024-05-12 03:05:00,3,11,1,Rural,1-k8,4+5,33419.0,14.242980056465873,5.0,0.896,1.372,
7381955,2024-05-13 15:28:00,2,851,5,Rural,1-c0,2+5,6222.0,6.507640833729508,2.0,1.176,1.862,11.13
7382864,2024-05-14 17:33:00,3,24,1,Rural,745-08,3+6,33424.0,11.257324001871169,3.0,1.77,3.92,
7383145,2024-05-15 07:45:00,3,685,4,Rural,506-01,2+5,31578.0,7.720787948072158,5.0,2.679,5.586,
7384255,2024-05-16 09:02:00,3,710,9,Rural,1-d6,2+5,31399.0,2.050487031544592,2.0,1.69,3.234,
7384641,2024-05-16 14:23:00,3,923,6,Rural,1-d6,2+5,31399.0,3.0804255347554634,3.0,1.383,3.234,
7388682,2024-05-21 11:15:00,3,240,3,Rural,1-e1,2+5,1482.0,5.401870136335086,5.0,7.558,11.34,7.309
7391981,2024-05-24 19:47:00,3,12,1,Rural,42-02,2+5,1370.0,9.397250409096529,3.0,15.52,22.74,8.59
7392648,2024-05-25 16:52:00,2,11,1,Rural,264-01,3,6222.0,8.711302622486617,2.0,8.3,12.38,11.01
7392754,2024-05-25 18:21:00,3,320,4,Rural,1-b8,2+5,36122.0,2.4672931043283826,1.0,8.52,11.66,
7393425,2024-05-26 17:32:00,3,240,3,Rural,41-15,2+5,1370.0,4.63258519987703,2.0,7.854,11.04,13.37
7393907,2024-05-27 09:06:00,3,945,6,Rural,1-g0,2+5,31572.0,2.611871538487227,4.0,1.17,2.058,
7394503,2024-05-27 17:09:00,3,240,3,Rural,54-15,4+5,31942.0,0.8590444707659809,1.0,3.672,4.508,
7395830,2024-05-28 04:52:00,3,12,1,Rural,1-k2,4+5,2197.0,6.810229339536084,2.0,3.2,3.9,6.7
7397187,2024-05-29 09:58:00,3,26,1,Rural,85-07,4+5,3797.0,1.3550447834146042,2.0,4.083,5.161,4.907
7398480,2024-05-29 20:54:00,2,111,4,Rural,1-a6,3+6+8,36270.0,2.3957426823317354,4.0,1.569,2.352,
7399835,2024-05-31 14:15:00,3,11,1,Rural,7215-01,6+11,3223.0,10.06389985974373,5.0,4.182,9.64,9.41
7400447,2024-06-01 13:56:00,2,70,1,Rural,000-861,11,6237.0,0.49430279423343076,4.0,2.271,4.9,8.55
7402636,2024-06-03 16:07:00,3,660,4,Rural,1-d2,2+5,36308.0,2.973504458635798,3.0,10.63,14.41,
7403340,2024-06-04 08:42:00,3,11,1,Rural,76-09,0,7002.0,8.169810012170613,2.0,2.434,7.35,-3.161
7403714,2024-06-04 12:06:00,3,12,1,Rural,1-y2,3,35116.0,7.484883425377268,4.0,17.62,32.93,
7405607,2024-06-06 12:48:00,2,21,1,Rural,222-01,2+5,6045.0,10.473524714322656,2.0,15.85,20.42,9.92
7406930,2024-06-06 23:26:00,3,60,9,Rural,643-04,3+5,2481.0,13.156156033456142,4.0,16.84,20.78,3.09
7406223,2024-06-07 13:49:00,3,685,4,Rural,000-231,2+5,1350.0,1.8029990010126689,1.0,9.96,12.18,9.4
7406376,2024-06-07 16:29:00,3,660,4,Rural,1-f7,2+5,31577.0,0.9209394991716442,1.0,7.786,10.68,
7406540,2024-06-07 22:09:00,3,11,1,Rural,56-02,0,31948.0,3.478687164493695,1.0,5.486,7.25,
7406880,2024-06-08 12:26:00,2,11,1,Rural,427-04,2+5,31365.0,1.721978882734833,4.0,11.7,15.88,
7407590,2024-06-08 18:55:00,2,12,1,Rural,1-a7,6+8,36270.0,2.093708269033572,5.0,4.491,7.056,
7407383,2024-06-09 00:15:00,3,22,1,Rural,1-f3,2+5,1479.0,0.7570888654715873,5.0,4.318,6.729,7.316
7407364,2024-06-09 01:28:00,3,24,1,Rural,000-102,3+6,1474.0,3.889751234667136,2.0,2.6,6.5,6.5
7407738,2024-06-09 13:02:00,3,11,1,Rural,722-04,0,3223.0,5.636012279580226,2.0,2.158,3.332,8.14
7408130,2024-06-09 20:46:00,1,240,3,Rural,1-h1,2,31985.0,9.152047351537071,4.0,5.364,7.25,
7408194,2024-06-10 01:28:00,2,21,1,Rural,1-b4,2+5,36049.0,1.2311729203064345,2.0,0.475,1.47,
7408415,2024-06-10 08:37:00,2,45,8,Rural,420-01,2+5,31363.0,4.612040723777283,3.0,2.442,3.43,
7411178,2024-06-12 17:28:00,3,12,1,Rural,82-01,3+5,3463.0,2.9011982450613765,2.0,5.052,6.697,15.36
7411652,2024-06-13 07:07:00,3,22,1,Rural,410-02,2+5,31475.0,0.742249910662259,3.0,5.83,9.51,
7413466,2024-06-14 16:51:00,2,11,1,Rural,1-p2,4+5,33357.0,10.385123548907425,1.0,6.479,7.742,
7413581,2024-06-14 19:54:00,3,22,1,Rural,1-h4,0,32097.0,9.47990916263688,4.0,5.31,7.06,
7413560,2024-06-14 21:39:00,3,212,3,Rural,1-g9,0,31882.0,3.494506630222075,1.0,1.165,1.862,
7414816,2024-06-16 04:04:00,3,24,1,Rural,000-601,3+6+8,3463.0,10.754936094575124,4.0,0.47,0.98,6.648
7415062,2024-06-16 05:44:00,3,11,1,Rural,836-01,5,3474.0,5.482485059713609,4.0,0.979,1.867,4.875
7416037,2024-06-17 17:08:00,3,920,6,Rural,1-p1,0,33357.0,0.854946825240829,2.0,8.5,10.88,
7417301,2024-06-18 16:29:00,3,1090,5,Rural,000-210,2+5,31475.0,0.9320262098596288,1.0,3.416,7.252,
7420502,2024-06-21 11:09:00,3,11,1,Rural,000-301,3+6,31572.0,2.841350795768699,1.0,5.386,7.84,
7420434,2024-06-21 12:56:00,2,240,3,Rural,1-f8,2+5,31578.0,1.2467073449135078,4.0,2.458,4.704,
7422065,2024-06-23 17:02:00,3,12,1,Rural,000-301,3+6,31572.0,3.3525765334788935,2.0,3.639,5.88,
7426863,2024-06-27 08:51:00,3,141,2,Rural,41-16,2+5,7001.0,9.299015492018643,1.0,9.3,11.0,8.5
7428301,2024-06-28 14:54:00,3,45,8,Rural,1-f5,2+5,1479.0,4.589676107038238,4.0,2.823,8.1,13.34
7428412,2024-06-28 15:11:00,3,11,1,Rural,1-a2,2+5,36382.0,0.5622376469984818,1.0,21.88,41.65,
7428400,2024-06-28 17:23:00,3,141,2,Rural,000-102,2+5,31109.0,0.9945324396507058,3.0,5.676,9.31,
7428946,2024-06-29 11:38:00,3,1094,5,Rural,30-04,0,6420.0,5.225945380742594,2.0,4.7,8.4,17.2
7429789,2024-06-30 14:59:00,3,70,1,Rural,50-01,4+5,1777.0,5.060903824304407,1.0,7.297,17.53,16.78
7430996,2024-06-30 15:50:00,2,685,4,Rural,000-301,0,1868.0,5.378553767182796,0.0,6.7,9.3,15.1
7429868,2024-06-30 18:31:00,3,45,8,Rural,1-m3,5,33431.0,11.754019227540763,1.0,10.6,14.5,
7431128,2024-07-01 16:55:00,3,610,4,Rural,1-h1,2+5,31985.0,8.209914897766616,5.0,9.49,12.05,
7431099,2024-07-01 17:23:00,3,130,2,Rural,2264-01,0,6045.0,3.39041407246576,3.0,4.638,5.651,10.92
7432303,2024-07-02 17:32:00,3,12,1,Rural,1-m5,2+5,33431.0,5.434569856280951,2.0,6.048,7.74,
7434260,2024-07-04 16:02:00,2,11,1,Rural,1-z2,2+5,36391.0,1.987162322224777,2.0,5.111,8.53,
7435484,2024-07-06 07:42:00,3,660,4,Rural,54-14,2,1938.0,0.6531284482010099,2.0,1.4,2.8,9.7
7435563,2024-07-06 11:52:00,2,45,8,Rural,249-02,8+11,36122.0,10.127902749548968,2.0,4.152,6.076,
7436287,2024-07-07 11:56:00,2,45,8,Rural,6211-01,0,2428.0,11.641185131769836,4.0,1.744,4.312,14.08
7436633,2024-07-07 19:27:00,3,21,1,Rural,000-301,0,31882.0,4.9237071445603275,3.0,3.742,5.88,
50372,2024-07-08 13:24:00,3,141,2,Rural,1-g1,0,31572.0,4.325180327212438,4.0,3.849,5.292,
7437646,2024-07-08 16:53:00,2,22,1,Rural,000-801,6+11,31399.0,6.129406066398778,3.0,5.348,9.9,
7437643,2024-07-08 19:29:00,3,320,4,Rural,35-06,2,36415.0,4.1951551575161865,1.0,4.653,6.468,
7437683,2024-07-08 21:14:00,2,920,6,Rural,000-301,0,31985.0,13.578546480388058,4.0,2.759,4.9,
7438793,2024-07-09 18:36:00,3,1095,5,Rural,000-600,3+5,3470.0,3.988931700389689,4.0,2.153,4.377,16.0
7439637,2024-07-09 20:03:00,2,45,8,Rural,F208-02,0,36270.0,19.39323307487046,3.0,5.241,8.43,
7438983,2024-07-09 22:58:00,3,24,1,Rural,000-102,3+6,1474.0,3.883712761424447,2.0,1.9,2.4,10.1
7439903,2024-07-10 16:06:00,2,240,3,Rural,1-j1,4+5,32097.0,2.312057531642521,4.0,14.36,17.05,
7440788,2024-07-11 17:44:00,3,70,1,Rural,1-b4,2+5,36049.0,1.3463458468596614,4.0,7.999,11.07,
7441264,2024-07-12 11:26:00,2,45,8,Rural,F910-07,6+11,4019.0,21.14076225957036,4.0,8.56,13.69,15.84
7442762,2024-07-14 14:11:00,3,240,3,Rural,1-g3,0,31674.0,7.7302675036444075,1.0,12.39,17.84,
7444015,2024-07-15 19:55:00,3,141,2,Rural,36-11,2+5,31591.0,9.689704656206374,5.0,2.76,3.92,
7445021,2024-07-16 23:11:00,3,12,1,Rural,1-s4,2,34238.0,7.244547843419666,1.0,2.7,4.9,
7446188,2024-07-18 11:34:00,3,142,2,Rural,1-d6,2+5,31399.0,2.1806671586090425,4.0,1.749,4.802,
7448172,2024-07-20 17:49:00,3,660,4,Rural,94-01,2+5,34175.0,5.567618302926514,1.0,1.21,1.96,
7450154,2024-07-23 07:03:00,3,11,1,Rural,41-15,2+5,1370.0,2.9306882111706933,3.0,4.882,6.501,8.92
7450739,2024-07-23 17:09:00,3,12,1,Rural,1-v1,3+5,35884.0,6.299530633481086,1.0,5.917,10.68,
7452045,2024-07-25 13:32:00,3,11,1,Rural,1-q9,3+5,33394.0,4.934958240489286,2.0,2.498,4.018,
7453163,2024-07-26 15:24:00,2,45,8,Rural,1-v1,3+5,35884.0,6.45004316464245,4.0,4.185,6.37,
7454260,2024-07-28 14:32:00,3,1094,5,Rural,000-601,0,3470.0,5.645908275411018,2.0,2.401,4.835,18.3
7455181,2024-07-29 14:27:00,2,12,1,Rural,1-j1,0,32097.0,2.7138221840465784,3.0,9.38,11.76,
7455233,2024-07-29 14:32:00,2,45,8,Rural,612-03,0,2304.0,9.583495295547426,2.0,6.542,10.88,
7455312,2024-07-29 18:43:00,3,11,1,Rural,1-e2,2+5,1482.0,2.8788229788529223,3.0,2.337,3.659,13.65
7455948,2024-07-30 14:47:00,2,45,8,Rural,953-02,0,4182.0,8.624538296511831,3.0,2.379,4.149,13.46
7456508,2024-07-31 11:02:00,3,240,3,Rural,1-g3,2+5,31674.0,8.201489923303164,2.0,16.48,27.44,
7456553,2024-07-31 12:44:00,3,11,1,Rural,60-09,3+5,32179.0,2.742513246563789,4.0,4.635,8.33,
7456781,2024-07-31 14:09:00,3,660,4,Rural,1-b4,3+5,6045.0,0.8539645135222049,1.0,11.88,15.26,12.31
7458256,2024-08-02 13:31:00,3,240,3,Rural,1-f8,2+5,31578.0,4.257713106206943,1.0,5.008,7.154,
7460227,2024-08-04 13:54:00,2,11,1,Rural,574-03,2,1924.0,15.175785800916486,4.0,3.954,6.272,11.83
7460224,2024-08-04 18:49:00,3,11,1,Rural,42-03,2+5,7001.0,12.011944139170772,1.0,12.5,16.8,11.9
7462450,2024-08-07 10:32:00,3,1095,5,Rural,1-m4,4+5,33431.0,5.6586639225753155,2.0,1.674,2.352,
7462647,2024-08-07 15:11:00,3,875,5,Rural,000-301,0,1777.0,5.437043766165564,1.0,4.292,7.067,13.88
7462902,2024-08-07 20:20:00,3,130,2,Rural,39-01,2+5,31387.0,6.442260251956679,0.0,2.629,4.018,
7466680,2024-08-12 06:43:00,3,12,1,Rural,1-h4,2+5,32097.0,7.770153661862835,3.0,4.349,5.39,
7466776,2024-08-12 14:16:00,2,240,3,Rural,1-z2,3,36391.0,1.363387804132126,4.0,3.335,6.272,
7468485,2024-08-14 21:38:00,2,945,6,Rural,1-f5,2+5,31579.0,0.766462818762263,2.0,3.754,4.998,
7468592,2024-08-15 06:27:00,3,12,1,Rural,1-f5,2+5,1578.0,0.8668314584311366,3.0,1.961,3.136,8.83
7470022,2024-08-16 16:36:00,3,22,1,Rural,503-01,2+5,31572.0,1.1688906753806907,4.0,2.741,4.704,
7470845,2024-08-17 16:38:00,2,45,8,Rural,F26-12,6+11,6760.0,10.885189654150512,2.0,4.236,6.664,9.4
7473454,2024-08-20 12:52:00,3,142,2,Rural,1-g3,2+5,31674.0,10.229368413411933,2.0,3.692,8.33,
7473714,2024-08-20 16:18:00,3,320,4,Rural,1-r3,3+5,4406.0,5.738034999056596,2.0,6.033,7.546,4.939
7473732,2024-08-20 17:08:00,3,410,4,Rural,35-02,2,6300.0,12.536586659641236,2.0,1.039,1.731,13.77
7475321,2024-08-21 13:14:00,3,11,1,Rural,60-09,3+6,32179.0,7.123761699088055,4.0,9.48,14.99,
7477443,2024-08-25 04:15:00,3,22,1,Rural,540-03,0,1868.0,10.682081619911639,5.0,6.4,9.9,5.7
7477558,2024-08-25 11:16:00,3,11,1,Rural,60-09,0,32179.0,7.0535587093913845,4.0,5.023,7.056,
7477775,2024-08-25 16:36:00,2,11,1,Rural,1-m5,3+5,33431.0,9.187803912386782,4.0,5.242,6.468,
7479017,2024-08-26 16:29:00,3,1094,5,Rural,000-801,0,6300.0,5.82589495402552,1.0,2.653,5.129,11.48
7482621,2024-08-27 10:05:00,3,1094,5,Rural,26-01,0,6315.0,9.059181595116648,5.0,4.7,6.0,12.4
7479476,2024-08-27 11:18:00,2,45,8,Rural,F206-02,3,36270.0,6.01110572318407,2.0,6.518,11.37,
7482260,2024-08-29 22:21:00,3,240,3,Rural,1-g1,2+5,31572.0,2.703211333646519,1.0,0.883,2.156,
7482269,2024-08-29 23:15:00,3,240,3,Rural,1-f5,2,31579.0,2.7680302086822053,5.0,1.793,3.038,
7484148,2024-09-01 11:02:00,3,320,4,Rural,54-05,2+5,31958.0,4.2370694766235975,2.0,8.22,11.17,
7487253,2024-09-04 10:48:00,3,12,1,Rural,37-04,2+5,6515.0,7.747356130165961,2.0,3.06,3.757,6.655
7487464,2024-09-04 14:23:00,2,22,1,Rural,222-02,6,6045.0,10.833525699538027,3.0,10.92,17.08,10.31
7488327,2024-09-05 13:33:00,2,45,8,Rural,F337-02,11,36504.0,9.237435293818205,3.0,11.07,14.8,
7489054,2024-09-05 16:40:00,2,11,1,Rural,1-s1,0,34326.0,0.24867678991567238,0.0,29.22,37.14,
7489921,2024-09-07 16:29:00,2,660,4,Rural,1-e2,2+5,1482.0,2.9150495612949325,1.0,7.138,10.03,10.78
7492820,2024-09-11 00:15:00,3,12,1,Rural,420-01,2+5,31363.0,2.896709735107676,5.0,10.14,14.01,
7493198,2024-09-11 10:59:00,3,142,2,Rural,1-f6,2+5,31577.0,0.12317040012102488,1.0,3.833,6.37,
7493819,2024-09-12 07:21:00,3,710,9,Rural,1-e1,2+5,31488.0,2.8784090640308952,1.0,0.425,1.078,
7494955,2024-09-13 10:42:00,3,26,1,Rural,F208-02,0,36270.0,22.82750702277657,2.0,3.296,5.39,
7495162,2024-09-13 17:53:00,2,45,8,Rural,000-102,0,31591.0,9.452082186411928,3.0,4.671,6.37,
7499492,2024-09-17 16:15:00,3,11,1,Rural,85-04,3+5,3585.0,10.088801083290626,5.0,3.559,5.031,8.26
7499722,2024-09-18 18:35:00,3,660,4,Rural,99-01,2+5,5544.0,2.7630932462451683,5.0,8.28,10.14,9.56
7502892,2024-09-22 14:10:00,3,240,3,Rural,1-d2,2+5,36308.0,5.561931614358397,0.0,3.562,5.88,
7502999,2024-09-22 15:51:00,3,11,1,Rural,45-05,2+5,1350.0,6.467640888048495,1.0,5.275,6.958,9.88
7503131,2024-09-22 16:48:00,2,24,1,Rural,848-01,4,33394.0,8.920802900387784,2.0,3.803,5.978,
7505487,2024-09-24 14:11:00,1,22,1,Rural,745-03,6,3720.0,20.742309865914553,1.0,8.28,11.56,
7508148,2024-09-27 10:31:00,3,11,1,Rural,574-02,4+5,31931.0,11.832771992055104,1.0,1.518,2.45,
7509012,2024-09-28 13:12:00,2,11,1,Rural,286-01,0,6310.0,5.79838744999969,2.0,3.2,3.92,6.596
7509211,2024-09-28 16:00:00,2,22,1,Rural,000-801,8+11,31488.0,4.869426445394803,0.0,6.458,8.72,
7509483,2024-09-29 04:35:00,3,22,1,Rural,000-102,3+6,1474.0,3.8920344346222056,5.0,1.8,3.4,4.7
7511178,2024-10-01 08:56:00,3,12,1,Rural,845-01,4+6,3591.0,4.778426133284726,4.0,2.262,4.377,6.101
7511314,2024-10-01 12:08:00,3,130,2,Rural,61-45,2+5,2738.0,4.789933414198075,2.0,5.955,10.7,9.47
7511745,2024-10-01 16:54:00,2,410,4,Rural,1-d6,0,31399.0,1.7266310701049654,4.0,2.021,3.136,
7512370,2024-10-02 11:21:00,2,660,4,Rural,93-01,2,34175.0,5.3902970972047415,1.0,2.366,2.842,
7513605,2024-10-03 20:12:00,3,660,4,Rural,1-d2,2+5,36308.0,2.9724577744804472,2.0,7.107,10.19,
7514175,2024-10-04 13:47:00,3,142,2,Rural,1-d2,2+5,36308.0,5.607719820960538,3.0,10.63,15.39,
7514284,2024-10-04 16:26:00,3,22,1,Rural,1-x7,3,5544.0,3.931447603017465,4.0,12.37,15.61,6.626
7514403,2024-10-04 17:43:00,3,141,2,Rural,886-01,3+5,34415.0,0.0683293616095065,3.0,3.796,5.586,
7514795,2024-10-05 11:08:00,3,26,1,Rural,249-02,8+11,36122.0,5.411601791267153,2.0,2.839,4.214,
7514774,2024-10-05 11:16:00,3,142,2,Rural,1-e2,2+5,1482.0,3.800594301900815,4.0,1.71,2.94,6.512
7514915,2024-10-05 15:08:00,2,11,1,Rural,42-02,2+5,1370.0,10.080826025299764,2.0,3.432,4.671,8.08
7516409,2024-10-07 08:19:00,3,26,1,Rural,924-02,3,34175.0,23.069091844006387,1.0,6.776,8.33,
7516857,2024-10-07 15:18:00,3,22,1,Rural,000-600,3+5,3470.0,2.0860982016007728,2.0,1.178,2.711,3.7
7517526,2024-10-08 10:24:00,3,410,4,Rural,1-b6,2+5,6134.0,3.3610258068655035,4.0,2.482,4.149,5.364
7517778,2024-10-08 15:34:00,3,22,1,Rural,54-02,2+5,1868.0,10.907426990424597,4.0,4.0,5.4,3.2
7517947,2024-10-08 18:47:00,3,24,1,Rural,435-02,2+5,1496.0,8.472841206231191,3.0,6.4,7.3,-1.7
7518953,2024-10-09 14:10:00,3,330,4,Rural,34-02,0,6300.0,10.287088501402694,0.0,2.069,3.691,3.767
7520098,2024-10-10 15:45:00,2,240,3,Rural,85-11,3+5,4614.0,7.8154081564962405,5.0,2.3,3.7,0.3
7520290,2024-10-10 15:54:00,3,12,1,Rural,811-02,2+5,3463.0,8.653049010033913,4.0,3.224,6.468,1.006
7521633,2024-10-12 15:05:00,2,22,1,Rural,000-801,6+11,6745.0,25.9572217939628,5.0,1.711,2.607,
7523096,2024-10-14 12:33:00,3,923,6,Rural,1-e1,2,31488.0,1.177405770658896,3.0,1.865,3.528,
7523184,2024-10-14 14:13:00,3,11,1,Rural,50-01,2+5,1779.0,1.8246593696027347,3.0,2.019,3.528,3.138
7524904,2024-10-16 08:32:00,3,11,1,Rural,1-g3,2,31674.0,3.2633673735336477,2.0,1.454,1.96,
7526976,2024-10-18 13:53:00,3,11,1,Rural,862-01,3+5,34415.0,1.4548690949125693,3.0,7.074,9.21,
7529234,2024-10-21 10:44:00,3,240,3,Rural,50-03,0,1781.0,5.5085873340398495,4.0,0.825,1.078,0.176
7529915,2024-10-22 09:57:00,3,24,1,Rural,73-02,0,33424.0,4.201719189809106,3.0,0.886,1.47,
7530250,2024-10-22 14:58:00,3,11,1,Rural,1-p4,2,3463.0,6.332883441172108,2.0,0.829,1.372,1.733
7532445,2024-10-25 08:23:00,2,11,1,Rural,54-12,4+5,1938.0,4.643929235084783,3.0,26.3,35.8,4.6
7532784,2024-10-25 19:51:00,2,111,4,Rural,1-k6,4+5,33204.0,2.9663032363601634,1.0,3.491,4.998,
7533982,2024-10-27 15:38:00,3,22,1,Rural,1-r0,4,33394.0,9.742939548288259,2.0,1.338,2.254,
7534456,2024-10-27 22:00:00,3,22,1,Rural,000-601,0,3470.0,3.249385753539709,0.0,1.533,2.842,-3.8
7534403,2024-10-28 07:04:00,2,240,3,Rural,41-15,2+5,1370.0,3.4592154565767532,4.0,4.764,6.305,3.827
7534593,2024-10-28 11:49:00,3,12,1,Rural,805-01,3+5,33563.0,9.500327934935058,1.0,1.681,2.352,
7535975,2024-10-30 10:59:00,3,12,1,Rural,1-p4,2+5,3463.0,6.1629974414295425,1.0,4.505,6.141,0.912
7537025,2024-10-31 16:15:00,2,240,3,Rural,85-03,4+5,3585.0,6.583712706372305,5.0,10.64,13.65,-3.667
7537056,2024-10-31 16:46:00,2,240,3,Rural,1-m4,4+5,33431.0,4.211949695271247,4.0,3.523,5.586,
7537844,2024-11-01 18:27:00,3,910,7,Rural,95-07,4,35884.0,8.08247093809903,3.0,2.658,4.018,
7539690,2024-11-02 08:50:00,3,12,1,Rural,1-y9,2+5,35305.0,6.054903341687006,0.0,2.834,3.92,
7538306,2024-11-02 10:51:00,3,320,4,Rural,1-x5,3,5544.0,10.338887256396854,1.0,4.394,5.731,4.092
7538357,2024-11-02 14:51:00,3,11,1,Rural,42-02,2+5,1370.0,8.90725575741042,1.0,1.742,2.679,4.746
7538401,2024-11-02 15:12:00,3,24,1,Rural,93-03,0,4182.0,6.072740031383715,2.0,7.075,10.26,1.941
7538591,2024-11-02 20:29:00,3,11,1,Rural,302-01,0,36308.0,4.008357895685965,1.0,3.11,3.528,
7538786,2024-11-03 03:28:00,3,923,6,Rural,1-g3,2+5,31572.0,10.44352766943399,2.0,5.144,8.23,
7538939,2024-11-03 09:33:00,3,11,1,Rural,94-01,0,34175.0,11.379101444061448,3.0,7.7,11.17,
7539657,2024-11-04 07:11:00,3,22,1,Rural,459-01,2+5,31579.0,1.6414782771796597,1.0,5.411,7.252,
7540292,2024-11-04 19:09:00,3,11,1,Rural,1-k9,4+5,33419.0,6.512563280277572,1.0,2.092,3.234,
7549591,2024-11-16 12:10:00,3,921,9,Rural,52-04,11,1689.0,19.625759173367097,0.0,12.81,15.12,-5.84
7549598,2024-11-16 12:10:00,3,11,1,Rural,1-t5,2+5,4276.0,4.3844419528428,0.0,20.0,55.8,
7550465,2024-11-17 19:14:00,2,240,3,Rural,35-01,4,31399.0,7.099886007765126,4.0,10.12,14.8,
7551287,2024-11-18 15:44:00,3,141,2,Rural,1-k9,4+5,33419.0,13.021876084474767,4.0,8.15,10.19,
7555750,2024-11-23 23:35:00,3,12,1,Rural,540-01,0,1868.0,5.313634323367981,5.0,2.3,3.9,-4.5
7557453,2024-11-26 13:49:00,3,141,2,Rural,370-02,2+5,31399.0,5.783226673948272,1.0,0.28,1.176,
7559817,2024-11-29 14:00:00,3,920,6,Rural,000-641,2+5,3585.0,16.4679174501598,0.0,4.515,5.325,-17.63
7560537,2024-11-30 15:05:00,2,24,1,Rural,54-10,4+5,31931.0,1.401119551172207,5.0,14.03,25.77,
7561969,2024-12-02 14:04:00,3,111,4,Rural,41-16,2+5,31363.0,4.858514251128318,4.0,7.822,10.19,
7562003,2024-12-02 14:06:00,3,121,4,Rural,41-16,2+5,31363.0,5.157914241200251,4.0,7.564,10.39,
7562838,2024-12-04 03:15:00,3,22,1,Rural,1-b8,2,36122.0,1.4545157610760777,5.0,1.213,1.568,
7563191,2024-12-04 13:49:00,3,923,6,Rural,1-f8,0,31578.0,3.897402423871545,1.0,3.86,5.194,
7563502,2024-12-04 18:16:00,2,26,1,Rural,1-y2,3,35116.0,8.8343307194379,4.0,8.06,10.49,
7564879,2024-12-06 22:09:00,3,26,1,Rural,1-s9,2,34175.0,24.463938596091825,1.0,6.964,9.7,
7565043,2024-12-07 02:00:00,3,26,1,Rural,65-02,4+5,7633.0,4.270431781449904,0.0,7.3,8.8,-8.1
7565368,2024-12-07 15:59:00,2,240,3,Rural,1-b8,2+5,36122.0,3.9874788547008913,1.0,7.637,10.58,
7566013,2024-12-08 09:59:00,2,22,1,Rural,1-y7,2+5,35305.0,8.105835896809777,1.0,1.33,3.332,
7566329,2024-12-09 01:30:00,3,921,9,Rural,000-861,2+5,6134.0,6.13348715947744,0.0,3.009,5.259,8.07
7567114,2024-12-10 05:40:00,2,11,1,Rural,41-15,2+5,31363.0,2.106304789427579,0.0,5.973,8.13,
7567692,2024-12-10 08:44:00,3,26,1,Rural,54-06,4+5,31958.0,5.754624699857756,4.0,3.868,5.684,
7568532,2024-12-11 19:20:00,3,12,1,Rural,1-f5,2+5,31579.0,1.4988083126177143,0.0,5.897,9.31,
7569330,2024-12-12 19:58:00,3,24,1,Rural,1-k8,4+5,3223.0,15.565537411960738,2.0,7.26,11.5,-1.831
7569770,2024-12-13 10:22:00,3,22,1,Rural,54-17,4+5,31950.0,2.3699221265029107,2.0,1.524,1.96,
7570334,2024-12-14 01:01:00,3,12,1,Rural,1-s5,2+5,34148.0,9.774312294359644,1.0,4.138,5.782,
7570597,2024-12-14 15:30:00,3,240,3,Rural,38-01,0,31392.0,8.776886467387868,0.0,7.207,10.19,
7571518,2024-12-15 13:43:00,3,11,1,Rural,000-102,2+5,31109.0,1.083839863083056,3.0,3.722,7.154,
7571433,2024-12-15 15:37:00,2,12,1,Rural,1-b7,2,36132.0,5.1625375411804155,3.0,6.891,9.7,
7572591,2024-12-16 10:58:00,3,211,3,Rural,1-b4,2,6045.0,3.5673885327970556,2.0,0.166,0.947,0.745
7572970,2024-12-17 07:41:00,3,11,1,Rural,51-01,4+5,31572.0,1.8697473651737744,1.0,3.031,4.508,
7573451,2024-12-17 09:47:00,3,240,3,Rural,1-b4,2,36049.0,0.28118975556880593,3.0,0.0,0.0,
7573574,2024-12-17 17:34:00,3,26,1,Rural,58-01,4+5,31950.0,6.510246441854449,4.0,4.279,7.742,
7573609,2024-12-17 18:04:00,3,21,1,Rural,460-01,6,31578.0,3.030635460455839,4.0,4.963,8.33,
7574458,2024-12-18 15:42:00,3,24,1,Rural,1-q0,2+5,3470.0,2.948080826339195,2.0,0.181,0.621,-3.4
7576739,2024-12-21 22:34:00,3,11,1,Rural,1-m3,0,33431.0,14.317107294485767,4.0,8.89,11.56,
7577246,2024-12-22 15:43:00,3,240,3,Rural,85-33,3+5,4652.0,7.172157539236283,3.0,5.671,6.827,-6.984
7577721,2024-12-23 13:21:00,3,833,5,Rural,000-231,2+5,1350.0,1.971152970967106,1.0,15.93,23.23,4.712
7578401,2024-12-24 23:13:00,3,945,6,Rural,41-13,2+5,31475.0,0.23293280793290022,3.0,9.98,18.91,
7578946,2024-12-26 12:24:00,2,240,3,Rural,1-y5,3,35315.0,0.9539042492227896,4.0,13.04,22.34,
7578977,2024-12-26 18:26:00,3,320,4,Rural,60-23,3,32372.0,1.5342473849306744,4.0,0.863,1.862,
7579665,2024-12-27 18:31:00,3,240,3,Rural,1-g4,3+5,31674.0,3.597469675763953,1.0,8.92,15.29,
7580254,2024-12-28 18:29:00,3,880,5,Rural,816-01,3+6,3463.0,3.702614858122567,1.0,2.887,4.312,-2.442
7580357,2024-12-28 22:24:00,3,130,2,Rural,60-02,2+5,31985.0,2.604779625057954,4.0,11.77,14.8,
7581548,2024-12-30 07:40:00,3,12,1,Rural,51-01,0,31572.0,1.00091545234043,0.0,3.305,6.37,
7581492,2024-12-30 08:33:00,3,11,1,Rural,268-01,2+5,6222.0,15.342305782279174,3.0,7.491,12.35,-1.922
7581792,2024-12-30 15:50:00,3,160,2,Rural,56-01,4+5,31948.0,5.544718044670386,0.0,17.28,22.93,
7581907,2024-12-31 03:57:00,3,11,1,Rural,429-01,2+5,1350.0,2.2944679220771427,3.0,9.05,11.11,-3.634
