counter_site_id,traffic_period,f_bin,counter_days,observed_daytime_vehicles,expected_daytime_vehicles
1-a1:7756,VDU,0-3,136,63479.95,62854.24833333333
1-a1:7756,VDU,12-15,15,6010.65,6937.0425
1-a1:7756,VDU,15-18,11,4858.299999999999,5513.61
1-a1:7756,VDU,18-21,5,1674.85,2238.4375
1-a1:7756,VDU,21-24,1,52.25,427.5
1-a1:7756,VDU,3-6,83,41305.049999999996,39125.322499999995
1-a1:7756,VDU,6-9,53,27308.699999999997,26699.94
1-a1:7756,VDU,9-12,32,13825.35,14718.999166666666
1-a1:7756,SDU,0-3,131,188246.3,186816.2175
1-a1:7756,SDU,12-15,1,2002.6,1899.24
1-a1:7756,SDU,3-6,182,225672.5,223722.9575
1-a1:7756,SDU,6-9,40,44232.95,46226.9525
1-a1:7756,SDU,9-12,12,14204.4,15693.3825
1-a1:7756,VHDU,0-3,136,75515.5,74449.885
1-a1:7756,VHDU,12-15,9,7226.65,7615.0575
1-a1:7756,VHDU,15-18,2,889.2,1241.46
1-a1:7756,VHDU,18-21,1,800.8499999999999,936.6999999999999
1-a1:7756,VHDU,3-6,130,75257.09999999999,74783.8575
1-a1:7756,VHDU,6-9,65,34998.0,35406.215
1-a1:7756,VHDU,9-12,23,14045.75,14299.875
1-a1:7776,VDU,0-3,132,93242.5,90849.7825
1-a1:7776,VDU,12-15,20,14863.699999999999,14808.029999999999
1-a1:7776,VDU,15-18,8,4180.0,5423.834999999999
1-a1:7776,VDU,18-21,1,1665.35,1302.26
1-a1:7776,VDU,3-6,101,69214.15,69717.6975
1-a1:7776,VDU,6-9,61,43799.75,43708.36
1-a1:7776,VDU,9-12,39,31258.8,31846.517499999998
1-a1:7776,VDU,>=24,2,13.3,581.0675
1-a1:7776,SDU,0-3,130,249730.3,247314.63999999998
1-a1:7776,SDU,12-15,4,6561.65,7393.7074999999995
1-a1:7776,SDU,3-6,169,324455.39999999997,321721.58499999996
1-a1:7776,SDU,6-9,49,89000.75,90501.13249999999
1-a1:7776,SDU,9-12,14,22022.899999999998,24839.934999999998
1-a1:7776,VHDU,0-3,136,161592.15,160918.8375
1-a1:7776,VHDU,12-15,15,17791.6,17982.0275
1-a1:7776,VHDU,15-18,4,3993.7999999999997,4365.25
1-a1:7776,VHDU,18-21,1,503.5,858.8
1-a1:7776,VHDU,3-6,122,149279.19999999998,147203.35499999998
1-a1:7776,VHDU,6-9,59,64105.049999999996,65051.2975
1-a1:7776,VHDU,9-12,29,30966.199999999997,31851.9325
1-a2:7104,VDU,0-3,10,6452.4,7372.0475
1-a2:7104,VDU,3-6,15,11956.699999999999,11284.195
1-a2:7104,VDU,6-9,2,1427.85,1531.6374999999998
1-a2:7104,VDU,9-12,4,3340.2,2989.2699999999995
1-a2:7104,VHDU,0-3,7,8222.25,7828.0
1-a2:7104,VHDU,12-15,2,1447.7999999999997,1912.3025
1-a2:7104,VHDU,3-6,14,16343.8,15883.145
1-a2:7104,VHDU,6-9,6,6132.25,6220.172500000001
1-a2:7104,VHDU,9-12,4,4209.45,4511.93
1-a4:10034,VDU,0-3,144,99360.5,95932.0925
1-a4:10034,VDU,12-15,20,7683.599999999999,9226.875
1-a4:10034,VDU,15-18,5,3324.05,4115.162499999999
1-a4:10034,VDU,18-21,1,117.8,454.09999999999997
1-a4:10034,VDU,21-24,2,101.64999999999999,787.5024999999999
1-a4:10034,VDU,3-6,180,130159.5,126747.6225
1-a4:10034,VDU,6-9,89,58518.1,60863.744999999995
1-a4:10034,VDU,9-12,44,34173.4,35311.5
1-a4:10034,SDU,0-3,99,192124.19999999998,190838.23249999998
1-a4:10034,SDU,12-15,11,17691.85,20246.875
1-a4:10034,SDU,3-6,222,420726.5,417047.8625
1-a4:10034,SDU,6-9,80,154437.69999999998,155831.72999999998
1-a4:10034,SDU,9-12,23,42806.049999999996,43821.6
1-a4:10034,VHDU,0-3,132,149496.75,145562.34083333332
1-a4:10034,VHDU,12-15,8,10771.099999999999,11563.2575
1-a4:10034,VHDU,15-18,3,2774.95,3428.2649999999994
1-a4:10034,VHDU,3-6,149,178256.1,178417.7425
1-a4:10034,VHDU,6-9,98,106055.15,108198.30249999999
1-a4:10034,VHDU,9-12,50,56329.299999999996,56513.441666666666
1-a6:11172,VDU,0-3,229,164781.3,160231.465
1-a6:11172,VDU,12-15,11,3676.5,6632.0925
1-a6:11172,VDU,3-6,304,226689.0,221421.81999999998
1-a6:11172,VDU,6-9,116,82114.2,85144.27249999999
1-a6:11172,VDU,9-12,37,18937.3,22768.649999999998
1-a6:11172,SDU,0-3,202,367401.1,363580.38999999996
1-a6:11172,SDU,12-15,3,4602.75,5326.412499999999
1-a6:11172,SDU,3-6,328,559674.45,557859.76
1-a6:11172,SDU,6-9,74,122691.54999999999,126334.23
1-a6:11172,SDU,9-12,16,27203.25,28472.3075
1-a6:11172,VHDU,0-3,241,224982.8,223002.74666666664
1-a6:11172,VHDU,12-15,3,2984.8999999999996,3635.08
1-a6:11172,VHDU,3-6,283,282777.0,282843.61083333334
1-a6:11172,VHDU,6-9,119,118095.45,116656.105
1-a6:11172,VHDU,9-12,22,20742.3,23444.907499999998
1-b1:209,VDU,0-3,49,29270.449999999997,27327.035
1-b1:209,VDU,12-15,52,29196.35,34216.34
1-b1:209,VDU,15-18,18,7518.299999999999,10939.012499999999
1-b1:209,VDU,18-21,2,306.84999999999997,1298.4125
1-b1:209,VDU,3-6,232,167931.5,159894.405
1-b1:209,VDU,6-9,225,159512.6,155885.45249999998
1-b1:209,VDU,9-12,150,99072.65,103248.0425
1-b1:209,SDU,0-3,55,94952.5,92940.16249999999
1-b1:209,SDU,12-15,20,26787.149999999998,30065.315
1-b1:209,SDU,15-18,1,1108.6499999999999,1350.425
1-b1:209,SDU,3-6,383,685372.75,681000.1375
1-b1:209,SDU,6-9,226,398683.64999999997,401642.1875
1-b1:209,SDU,9-12,47,90292.75,90199.2225
1-b1:209,VHDU,0-3,72,68132.09999999999,69554.9625
1-b1:209,VHDU,12-15,34,29748.3,32312.017499999998
1-b1:209,VHDU,15-18,4,4308.25,4596.764999999999
1-b1:209,VHDU,18-21,1,37.05,167.67499999999998
1-b1:209,VHDU,3-6,322,320702.89999999997,315224.32916666666
1-b1:209,VHDU,6-9,190,187072.1,189563.74416666667
1-b1:209,VHDU,9-12,107,105331.25,103912.45666666667
1-b4:3824,VDU,0-3,126,173824.35,161272.285
1-b4:3824,VDU,12-15,61,65712.45,76832.6275
1-b4:3824,VDU,15-18,19,16075.9,20034.5975
1-b4:3824,VDU,18-21,9,6945.45,12845.994999999999
1-b4:3824,VDU,21-24,2,1193.1999999999998,2301.6125
1-b4:3824,VDU,3-6,211,318930.2,299416.2025
1-b4:3824,VDU,6-9,200,280116.05,283767.66
1-b4:3824,VDU,9-12,100,129482.15,135808.77
1-b4:3824,SDU,0-3,101,355419.69999999995,347217.82749999996
1-b4:3824,SDU,12-15,11,26657.949999999997,30478.8975
1-b4:3824,SDU,15-18,7,18772.95,21389.915
1-b4:3824,SDU,3-6,365,1152419.3499999999,1149954.9549999998
1-b4:3824,SDU,6-9,186,589248.9,587924.885
1-b4:3824,SDU,9-12,60,188545.55,194097.91999999998
1-b4:3824,VHDU,0-3,128,237274.84999999998,238337.94749999998
1-b4:3824,VHDU,12-15,54,111073.04999999999,112831.5475
1-b4:3824,VHDU,15-18,16,26304.55,29589.934999999998
1-b4:3824,VHDU,18-21,2,1779.35,2613.6875
1-b4:3824,VHDU,3-6,246,471099.3,453632.7425
1-b4:3824,VHDU,6-9,191,377666.8,382429.76749999996
1-b4:3824,VHDU,9-12,95,169822.94999999998,175585.2225
1-b5:6847,VDU,0-3,84,101026.79999999999,95459.49916666666
1-b5:6847,VDU,12-15,73,79386.75,82889.52666666666
1-b5:6847,VDU,15-18,59,54180.399999999994,67359.54416666666
1-b5:6847,VDU,18-21,22,20724.25,24837.559999999998
1-b5:6847,VDU,21-24,7,6989.15,9188.02
1-b5:6847,VDU,3-6,182,253448.59999999998,236612.62083333332
1-b5:6847,VDU,6-9,156,214361.8,208293.485
1-b5:6847,VDU,9-12,120,147705.05,152560.53166666665
1-b5:6847,VDU,>=24,2,1860.1,2482.1125
1-b5:6847,SDU,0-3,67,203089.09999999998,199565.0275
1-b5:6847,SDU,12-15,34,91442.25,96270.72
1-b5:6847,SDU,15-18,6,15560.05,16802.6025
1-b5:6847,SDU,18-21,3,7183.9,8357.387499999999
1-b5:6847,SDU,3-6,307,860841.5499999999,854183.8075
1-b5:6847,SDU,6-9,182,514314.8,510977.02249999996
1-b5:6847,SDU,9-12,105,279065.35,285340.4325
1-b5:6847,VHDU,0-3,93,161431.6,156744.49
1-b5:6847,VHDU,12-15,69,118249.34999999999,119038.705
1-b5:6847,VHDU,15-18,31,51018.799999999996,53505.7575
1-b5:6847,VHDU,18-21,19,28386.949999999997,33435.8675
1-b5:6847,VHDU,21-24,2,3027.6499999999996,3674.79
1-b5:6847,VHDU,3-6,218,354694.85,350904.82499999995
1-b5:6847,VHDU,6-9,152,274863.5,271513.04
1-b5:6847,VHDU,9-12,147,242808.59999999998,245294.51249999998
1-b5:6847,VHDU,>=24,1,75.05,444.36249999999995
1-b7:2914,VDU,0-3,230,307879.8,289704.495
1-b7:2914,VDU,12-15,37,31369.949999999997,38537.636666666665
1-b7:2914,VDU,15-18,10,10787.25,11997.074999999999
1-b7:2914,VDU,18-21,2,1543.75,2117.5499999999997
1-b7:2914,VDU,21-24,2,1603.6,2724.0299999999997
1-b7:2914,VDU,3-6,226,298151.8,286700.48416666663
1-b7:2914,VDU,6-9,121,142851.5,150169.91999999998
1-b7:2914,VDU,9-12,79,76763.8,88487.8925
1-b7:2914,VDU,>=24,1,603.25,1115.6166666666666
1-b7:2914,SDU,0-3,276,816221.95,801375.8724999999
1-b7:2914,SDU,12-15,6,15603.75,17419.579999999998
1-b7:2914,SDU,3-6,273,786399.5499999999,785745.2533333333
1-b7:2914,SDU,6-9,132,351034.5,362243.20166666666
1-b7:2914,SDU,9-12,33,83478.4,85954.2425
1-b7:2914,VHDU,0-3,224,392802.19999999995,378883.1483333333
1-b7:2914,VHDU,12-15,29,49307.85,51212.314999999995
1-b7:2914,VHDU,15-18,11,12010.85,14575.8975
1-b7:2914,VHDU,18-21,6,8677.3,10393.4275
1-b7:2914,VHDU,3-6,243,426559.5,427627.68
1-b7:2914,VHDU,6-9,147,240857.3,244148.51166666666
1-b7:2914,VHDU,9-12,70,103953.75,107327.76999999999
1-b8:1240,VDU,0-3,169,217267.84999999998,205545.78416666665
1-b8:1240,VDU,12-15,24,25244.35,33502.9375
1-b8:1240,VDU,15-18,8,4974.2,6716.420833333334
1-b8:1240,VDU,18-21,1,1075.3999999999999,828.1624999999999
1-b8:1240,VDU,3-6,246,309784.55,303038.39416666667
1-b8:1240,VDU,6-9,140,165793.05,170181.41666666666
1-b8:1240,VDU,9-12,52,59007.35,63333.63416666666
1-b8:1240,SDU,0-3,186,569112.7,560609.0125
1-b8:1240,SDU,12-15,10,26826.1,29354.335
1-b8:1240,SDU,15-18,1,2456.7,2948.7999999999997
1-b8:1240,SDU,3-6,337,980567.2,976136.8274999999
1-b8:1240,SDU,6-9,153,424562.6,429130.76999999996
1-b8:1240,SDU,9-12,45,125313.54999999999,130659.105
1-b8:1240,VHDU,0-3,185,333962.05,327359.1225
1-b8:1240,VHDU,12-15,26,45106.0,47560.7525
1-b8:1240,VHDU,15-18,7,11557.699999999999,12812.127499999999
1-b8:1240,VHDU,3-6,272,470311.75,463911.125
1-b8:1240,VHDU,6-9,169,278302.5,284487.95
1-b8:1240,VHDU,9-12,68,104450.59999999999,107559.52249999999
1-b8:9304,VDU,0-3,101,156625.55,145315.135
1-b8:9304,VDU,12-15,50,66357.5,76373.255
1-b8:9304,VDU,15-18,19,18582.95,26483.434999999998
1-b8:9304,VDU,18-21,4,3679.3499999999995,4936.2
1-b8:9304,VDU,21-24,1,1292.95,992.275
1-b8:9304,VDU,3-6,272,407754.25,393514.795
1-b8:9304,VDU,6-9,159,232903.9,232285.4025
1-b8:9304,VDU,9-12,122,160751.4,168047.35249999998
1-b8:9304,SDU,0-3,81,277993.75,272324.245
1-b8:9304,SDU,12-15,13,31265.449999999997,36280.8325
1-b8:9304,SDU,3-6,365,1247975.0999999999,1226813.9925
1-b8:9304,SDU,6-9,201,657792.35,667610.6
1-b8:9304,SDU,9-12,72,217671.59999999998,229668.58
1-b8:9304,VHDU,0-3,124,262303.55,257892.985
1-b8:9304,VHDU,12-15,35,60517.85,64605.034999999996
1-b8:9304,VHDU,15-18,11,19463.6,21602.62
1-b8:9304,VHDU,18-21,2,3741.0999999999995,3788.6
1-b8:9304,VHDU,3-6,285,555397.5499999999,545505.5325
1-b8:9304,VHDU,6-9,183,353411.39999999997,355935.17
1-b8:9304,VHDU,9-12,92,167232.3,172737.4075
1-c0:9968,VDU,0-3,190,420936.44999999995,394931.60916666663
1-c0:9968,VDU,12-15,25,41306.0,51580.64583333333
1-c0:9968,VDU,15-18,7,10122.25,14155.474999999999
1-c0:9968,VDU,3-6,210,451456.14999999997,449372.9583333333
1-c0:9968,VDU,6-9,91,180007.9,182831.79083333333
1-c0:9968,VDU,9-12,46,84690.59999999999,95646.87083333333
1-c0:9968,SDU,0-3,202,878011.85,861586.3025
1-c0:9968,SDU,12-15,6,19002.85,21677.606666666667
1-c0:9968,SDU,3-6,397,1758466.15,1741001.2075
1-c0:9968,SDU,6-9,87,347294.35,368539.295
1-c0:9968,SDU,9-12,22,77070.65,87041.43833333334
1-c0:9968,VHDU,0-3,227,634385.2999999999,622089.7825
1-c0:9968,VHDU,12-15,15,34665.5,39599.847499999996
1-c0:9968,VHDU,15-18,8,20604.55,23612.5825
1-c0:9968,VHDU,3-6,271,779021.85,765947.4116666666
1-c0:9968,VHDU,6-9,109,295587.75,304963.68
1-c0:9968,VHDU,9-12,45,106185.29999999999,114236.94583333333
1-c2:1456,VDU,0-3,242,659179.35,617002.865
1-c2:1456,VDU,12-15,33,64519.24999999999,83373.33
1-c2:1456,VDU,15-18,10,19497.8,23516.3475
1-c2:1456,VDU,18-21,1,1796.4499999999998,2531.275
1-c2:1456,VDU,3-6,271,704577.95,700966.335
1-c2:1456,VDU,6-9,114,278701.5,283968.68
1-c2:1456,VDU,9-12,57,127299.99999999999,144213.4675
1-c2:1456,SDU,0-3,205,1081814.4,1061149.6675
1-c2:1456,SDU,12-15,6,23449.8,27197.644999999997
1-c2:1456,SDU,3-6,411,2221884.6999999997,2203991.26
1-c2:1456,SDU,6-9,88,432738.3,455083.4875
1-c2:1456,SDU,9-12,22,93890.4,106355.54
1-c2:1456,VHDU,0-3,242,829562.7999999999,818555.245
1-c2:1456,VHDU,12-15,17,52074.25,56268.4525
1-c2:1456,VHDU,15-18,9,27028.449999999997,31297.3225
1-c2:1456,VHDU,3-6,295,1035724.2,1017849.9025
1-c2:1456,VHDU,6-9,124,409334.1,420486.76749999996
1-c2:1456,VHDU,9-12,45,132801.44999999998,142067.56
1-c3:2909,VDU,0-3,64,158471.4,154193.55
1-c3:2909,VDU,12-15,46,104878.09999999999,115023.89416666667
1-c3:2909,VDU,15-18,13,30789.5,32532.797499999997
1-c3:2909,VDU,18-21,1,1531.3999999999999,2120.875
1-c3:2909,VDU,21-24,1,1038.35,1597.1399999999999
1-c3:2909,VDU,3-6,218,530719.4,522056.95166666666
1-c3:2909,VDU,6-9,226,560626.35,548547.4483333334
1-c3:2909,VDU,9-12,122,285155.8,295453.7683333333
1-c3:2909,VDU,>=24,1,312.55,1996.425
1-c3:2909,SDU,0-3,107,546036.25,528551.9275
1-c3:2909,SDU,12-15,7,31677.75,34706.112499999996
1-c3:2909,SDU,3-6,385,1960538.75,1948618.2925
1-c3:2909,SDU,6-9,166,823961.6,832498.8225
1-c3:2909,SDU,9-12,60,268228.7,286067.89499999996
1-c3:2909,VHDU,0-3,89,281671.2,277632.7025
1-c3:2909,VHDU,12-15,23,71525.5,75587.08249999999
1-c3:2909,VHDU,15-18,5,13167.0,14780.5275
1-c3:2909,VHDU,18-21,3,4018.4999999999995,6292.325
1-c3:2909,VHDU,3-6,284,926574.8999999999,914760.0666666667
1-c3:2909,VHDU,6-9,188,597435.0499999999,599595.8408333333
1-c3:2909,VHDU,9-12,78,234017.3,239760.905
1-d1:85,VDU,0-3,72,185484.65,173338.44083333333
1-d1:85,VDU,12-15,27,45777.649999999994,60235.0825
1-d1:85,VDU,15-18,6,11208.099999999999,14172.986666666666
1-d1:85,VDU,18-21,2,1192.25,3794.585
1-d1:85,VDU,3-6,212,508211.05,488577.8433333333
1-d1:85,VDU,6-9,159,382188.8,377711.24416666664
1-d1:85,VDU,9-12,96,210883.84999999998,227116.16749999998
1-d1:85,SDU,0-3,69,321341.3,308302.9775
1-d1:85,SDU,12-15,3,12465.9,12982.684166666666
1-d1:85,SDU,3-6,318,1475233.15,1478520.8941666665
1-d1:85,SDU,6-9,135,603861.7999999999,605543.8383333333
1-d1:85,SDU,9-12,37,154175.5,161727.25583333333
1-d1:85,VHDU,0-3,97,308077.39999999997,304288.1666666666
1-d1:85,VHDU,12-15,15,40217.299999999996,45573.605833333335
1-d1:85,VHDU,15-18,2,3267.0499999999997,4306.9675
1-d1:85,VHDU,18-21,1,95.94999999999999,1290.3374999999999
1-d1:85,VHDU,3-6,270,851680.7,839176.7208333333
1-d1:85,VHDU,6-9,154,467740.1,471084.1158333333
1-d1:85,VHDU,9-12,56,168733.3,174091.88583333333
1-d1:92,VDU,0-3,11,32505.199999999997,31057.114999999998
1-d1:92,VDU,12-15,2,2382.6,4085.95
1-d1:92,VDU,3-6,21,62542.299999999996,57587.005
1-d1:92,VDU,6-9,26,62772.2,64284.219999999994
1-d1:92,VDU,9-12,10,23544.8,26732.809999999998
1-d1:92,SDU,0-3,6,36068.65,35538.549999999996
1-d1:92,SDU,3-6,9,51816.799999999996,52802.425
1-d1:92,SDU,6-9,2,12991.25,12188.341666666667
1-d1:92,SDU,9-12,1,5010.3,5357.683333333333
1-d1:92,VHDU,0-3,8,38663.1,38247.1425
1-d1:92,VHDU,12-15,2,7346.349999999999,7370.099999999999
1-d1:92,VHDU,3-6,25,116321.79999999999,114675.64
1-d1:92,VHDU,6-9,19,83559.15,86317.855
1-d1:92,VHDU,9-12,7,34617.049999999996,33896.7125
1-d2:8614,VDU,0-3,111,459496.0,435975.045
1-d2:8614,VDU,12-15,18,46255.5,62903.854166666664
1-d2:8614,VDU,15-18,1,1662.5,3043.61
1-d2:8614,VDU,3-6,293,1212659.8,1183248.9716666667
1-d2:8614,VDU,6-9,235,923989.0,938525.0291666667
1-d2:8614,VDU,9-12,63,226132.3,246498.59
1-d2:8614,SDU,0-3,169,1278102.45,1256180.2816666665
1-d2:8614,SDU,12-15,2,14640.449999999999,15658.3275
1-d2:8614,SDU,3-6,377,2831804.65,2830813.8633333333
1-d2:8614,SDU,6-9,90,622399.15,639325.87
1-d2:8614,SDU,9-12,16,118343.4,123311.75749999999
1-d2:8614,VHDU,0-3,142,751557.35,740296.6041666666
1-d2:8614,VHDU,12-15,8,37979.1,43457.7975
1-d2:8614,VHDU,15-18,1,169.1,2183.3375
1-d2:8614,VHDU,3-6,353,1873297.4,1856453.9633333331
1-d2:8614,VHDU,6-9,157,781317.0499999999,792223.24
1-d2:8614,VHDU,9-12,26,124032.95,133738.0075
1-d4:225,VDU,0-3,26,162261.9,166564.6875
1-d4:225,VDU,12-15,10,60192.95,66153.77249999999
1-d4:225,VDU,15-18,1,2926.95,3797.3399999999997
1-d4:225,VDU,3-6,77,465313.8,459133.76499999996
1-d4:225,VDU,6-9,66,419105.8,404377.57
1-d4:225,VDU,9-12,32,207607.3,217381.56499999997
1-d4:225,SDU,0-3,55,485851.85,477649.8033333333
1-d4:225,SDU,12-15,1,14599.599999999999,14536.71
1-d4:225,SDU,3-6,111,1021729.75,1019735.9691666666
1-d4:225,SDU,6-9,31,263742.8,273393.66
1-d4:225,SDU,9-12,5,44158.85,44766.7075
1-d4:225,VHDU,0-3,37,202632.15,196721.69333333333
1-d4:225,VHDU,12-15,4,18140.25,22328.4675
1-d4:225,VHDU,15-18,1,650.75,3924.9249999999997
1-d4:225,VHDU,3-6,77,493784.35,478846.075
1-d4:225,VHDU,6-9,46,276085.2,286702.95416666666
1-d4:225,VHDU,9-12,6,35104.399999999994,37872.985
1-d5:1612,VDU,0-3,83,660678.45,636128.0908333333
1-d5:1612,VDU,12-15,51,359809.64999999997,383652.9716666667
1-d5:1612,VDU,15-18,4,25030.6,27548.052499999998
1-d5:1612,VDU,3-6,171,1357309.65,1328032.0591666666
1-d5:1612,VDU,6-9,142,1070707.95,1069962.7225
1-d5:1612,VDU,9-12,118,856613.1,884825.5033333333
1-d5:1612,SDU,0-3,129,1504429.5,1487674.8091666666
1-d5:1612,SDU,12-15,3,35109.15,37605.75
1-d5:1612,SDU,3-6,281,3276092.0999999996,3268292.5366666666
1-d5:1612,SDU,6-9,78,878936.2,892307.8141666666
1-d5:1612,SDU,9-12,16,170487.0,179173.03999999998
1-d5:1612,VHDU,0-3,99,932460.1499999999,920198.7374999999
1-d5:1612,VHDU,12-15,15,124226.75,135604.235
1-d5:1612,VHDU,18-21,1,165.29999999999998,3928.25
1-d5:1612,VHDU,3-6,214,2024566.8499999999,2021277.6175
1-d5:1612,VHDU,6-9,157,1479454.0,1466958.6975
1-d5:1612,VHDU,9-12,63,586388.45,599293.9625
1-d5:334,VDU,0-3,50,595600.6,555854.69
1-d5:334,VDU,12-15,3,18081.35,29687.7375
1-d5:334,VDU,3-6,132,1421288.3499999999,1397664.7
1-d5:334,VDU,6-9,100,1048406.7,1079310.295
1-d5:334,VDU,9-12,18,149190.85,170050.4275
1-d5:334,SDU,0-3,100,1487186.0499999998,1451736.4675
1-d5:334,SDU,12-15,1,7118.349999999999,8039.375
1-d5:334,SDU,3-6,206,2849667.5,2860786.775
1-d5:334,SDU,6-9,48,624073.0499999999,634623.655
1-d5:334,SDU,9-12,11,132726.4,145585.07749999998
1-d5:334,VHDU,0-3,70,914396.85,912276.2124999999
1-d5:334,VHDU,12-15,4,31786.049999999996,40370.915
1-d5:334,VHDU,3-6,196,2500992.8,2472003.1225
1-d5:334,VHDU,6-9,79,1008815.45,1016714.225
1-d5:334,VHDU,9-12,17,196469.5,211096.175
1-d6:1297,VDU,0-3,15,117471.29999999999,105545.0475
1-d6:1297,VDU,12-15,5,25691.8,29021.074999999997
1-d6:1297,VDU,15-18,2,9107.65,9875.724999999999
1-d6:1297,VDU,3-6,29,223683.19999999998,215852.82499999998
1-d6:1297,VDU,6-9,19,132671.3,132810.9975
1-d6:1297,VDU,9-12,20,127249.65,142769.22999999998
1-d6:1297,SDU,0-3,21,272640.5,267997.0425
1-d6:1297,SDU,12-15,1,11648.9,13268.412499999999
1-d6:1297,SDU,3-6,56,737581.8999999999,738160.0225
1-d6:1297,SDU,6-9,18,229219.8,233091.335
1-d6:1297,SDU,9-12,3,39916.149999999994,38490.4375
1-d6:1297,VHDU,0-3,11,122142.45,120314.50749999999
1-d6:1297,VHDU,3-6,29,332369.85,333394.09249999997
1-d6:1297,VHDU,6-9,17,191180.85,189871.41749999998
1-d6:1297,VHDU,9-12,4,40479.5,42592.6325
1-d6:1474,VDU,0-3,12,51412.1,50889.884999999995
1-d6:1474,VDU,12-15,12,50600.8,54835.85249999999
1-d6:1474,VDU,15-18,2,7228.549999999999,7903.24
1-d6:1474,VDU,3-6,39,179485.4,177372.40999999997
1-d6:1474,VDU,6-9,34,161935.1,159154.63999999998
1-d6:1474,VDU,9-12,23,105834.75,106340.6725
1-d6:1474,SDU,0-3,17,123326.15,116914.07749999998
1-d6:1474,SDU,12-15,2,13167.95,13795.899999999998
1-d6:1474,SDU,3-6,72,515162.19999999995,511768.70499999996
1-d6:1474,SDU,6-9,26,175601.8,182946.8675
1-d6:1474,SDU,9-12,5,32519.449999999997,34352.0
1-d6:1474,VHDU,0-3,18,100163.25,100484.54
1-d6:1474,VHDU,12-15,5,29535.5,27549.809999999998
1-d6:1474,VHDU,3-6,51,284597.2,286952.63
1-d6:1474,VHDU,6-9,32,181040.55,181622.5675
1-d6:1474,VHDU,9-12,16,89560.29999999999,88287.2525
1-d6:1476,VDU,0-3,12,7087.95,7409.4775
1-d6:1476,VDU,12-15,12,7685.5,8828.4925
1-d6:1476,VDU,15-18,2,2368.35,1345.3424999999997
1-d6:1476,VDU,3-6,39,26263.699999999997,25846.5075
1-d6:1476,VDU,6-9,34,23440.3,23565.7
1-d6:1476,VDU,9-12,23,16525.25,16375.529999999999
1-d6:1476,SDU,0-3,17,21976.35,20800.4875
1-d6:1476,SDU,12-15,2,2089.05,2686.79
1-d6:1476,SDU,3-6,72,91052.75,91025.91249999999
1-d6:1476,SDU,6-9,26,31249.3,31624.8825
1-d6:1476,SDU,9-12,5,5898.549999999999,6127.9275
1-d6:1476,VHDU,0-3,18,15822.25,15823.484999999999
1-d6:1476,VHDU,12-15,5,4953.3,4934.6325
1-d6:1476,VHDU,3-6,51,46480.65,46719.1
1-d6:1476,VHDU,6-9,32,28291.0,28186.405
1-d6:1476,VHDU,9-12,16,14543.55,14427.127499999999
1-d6:1477,VDU,0-3,12,45470.799999999996,44143.9825
1-d6:1477,VDU,12-15,12,43893.799999999996,48776.2775
1-d6:1477,VDU,15-18,2,6297.549999999999,6948.110000000001
1-d6:1477,VDU,3-6,39,151888.84999999998,149915.79499999998
1-d6:1477,VDU,6-9,34,135857.6,133736.155
1-d6:1477,VDU,9-12,23,89142.3,89030.58
1-d6:1477,SDU,0-3,17,96265.4,93287.34
1-d6:1477,SDU,12-15,2,9246.349999999999,11458.519999999999
1-d6:1477,SDU,3-6,72,405004.0,402065.07999999996
1-d6:1477,SDU,6-9,26,139454.3,142086.60749999998
1-d6:1477,SDU,9-12,5,26124.05,27196.552499999998
1-d6:1477,VHDU,0-3,18,82612.0,82311.94249999999
1-d6:1477,VHDU,12-15,5,23282.6,24409.5375
1-d6:1477,VHDU,3-6,51,239357.25,239100.8925
1-d6:1477,VHDU,6-9,32,144356.3,144893.715
1-d6:1477,VHDU,9-12,16,74127.55,73019.6125
1-d6:2186,VDU,0-3,24,183806.94999999998,178348.6775
1-d6:2186,VDU,12-15,21,144322.1,148536.68
1-d6:2186,VDU,3-6,63,465085.8,457398.97
1-d6:2186,VDU,6-9,61,439827.19999999995,441842.33999999997
1-d6:2186,VDU,9-12,43,306308.5,313223.8825
1-d6:2186,SDU,0-3,67,759815.7,747434.3975
1-d6:2186,SDU,3-6,138,1574360.9,1575148.0699999998
1-d6:2186,SDU,6-9,33,345986.19999999995,353727.1325
1-d6:2186,SDU,9-12,2,18145.0,21998.199999999997
1-d6:2186,VHDU,0-3,46,394864.64999999997,391897.5625
1-d6:2186,VHDU,12-15,6,41719.25,48915.215
1-d6:2186,VHDU,3-6,75,690317.5,685830.9349999999
1-d6:2186,VHDU,6-9,53,462809.6,453174.88999999996
1-d6:2186,VHDU,9-12,15,113136.45,123028.84749999999
1-d6:918,VDU,0-3,47,345736.35,334259.97
1-d6:918,VDU,12-15,26,182349.65,195155.745
1-d6:918,VDU,3-6,85,621449.15,606757.115
1-d6:918,VDU,6-9,83,581619.45,583154.365
1-d6:918,VDU,9-12,63,442037.85,453865.255
1-d6:918,SDU,0-3,99,1107297.2,1096840.075
1-d6:918,SDU,3-6,208,2243594.1,2236955.2624999997
1-d6:918,SDU,6-9,46,487731.89999999997,496463.8725
1-d6:918,SDU,9-12,7,66313.8,74677.79
1-d6:918,VHDU,0-3,71,573872.2,561762.4708333333
1-d6:918,VHDU,12-15,11,82109.45,92623.00499999999
1-d6:918,VHDU,3-6,151,1261355.8499999999,1260171.7858333334
1-d6:918,VHDU,6-9,96,781298.0499999999,774635.7949999999
1-d6:918,VHDU,9-12,30,242173.05,251615.54333333333
1-d8:10126,VDU,0-3,45,334875.94999999995,316877.725
1-d8:10126,VDU,12-15,59,373308.19999999995,394611.52249999996
1-d8:10126,VDU,15-18,22,87972.84999999999,137176.5325
1-d8:10126,VDU,18-21,3,11867.4,16657.015
1-d8:10126,VDU,3-6,137,1007667.85,981291.8125
1-d8:10126,VDU,6-9,130,953995.7,928256.1625
1-d8:10126,VDU,9-12,90,638814.2,633631.38
1-d8:10126,SDU,0-3,33,344209.7,343145.84249999997
1-d8:10126,SDU,12-15,18,164216.05,184906.76499999998
1-d8:10126,SDU,15-18,1,12055.5,13450.48
1-d8:10126,SDU,3-6,229,2559030.1999999997,2510501.8725
1-d8:10126,SDU,6-9,151,1646839.25,1643755.3599999999
1-d8:10126,SDU,9-12,56,594480.5499999999,625070.9299999999
1-d8:10126,VHDU,0-3,40,305021.25,301964.57749999996
1-d8:10126,VHDU,12-15,25,182344.9,199319.025
1-d8:10126,VHDU,15-18,8,58130.5,62967.71
1-d8:10126,VHDU,18-21,1,2450.0499999999997,5278.675
1-d8:10126,VHDU,21-24,1,3.8,4045.1
1-d8:10126,VHDU,3-6,212,1849084.75,1810324.4175
1-d8:10126,VHDU,6-9,117,1027397.45,1022690.7699999999
1-d8:10126,VHDU,9-12,84,655936.0499999999,673778.475
1-d8:9314,VDU,0-3,60,454979.69999999995,410345.8025
1-d8:9314,VDU,12-15,91,530499.95,594390.9966666666
1-d8:9314,VDU,15-18,24,98117.9,150010.25666666665
1-d8:9314,VDU,18-21,8,26389.1,41295.8825
1-d8:9314,VDU,3-6,186,1351587.7999999998,1295018.1975
1-d8:9314,VDU,6-9,181,1328529.4,1288023.5533333332
1-d8:9314,VDU,9-12,110,753597.0,764616.1608333333
1-d8:9314,SDU,0-3,39,404061.6,403917.2475
1-d8:9314,SDU,12-15,17,156042.25,175178.38499999998
1-d8:9314,SDU,15-18,1,10451.9,11075.48
1-d8:9314,SDU,3-6,317,3513962.5999999996,3466571.248333333
1-d8:9314,SDU,6-9,181,1956253.2999999998,1957968.2874999999
1-d8:9314,SDU,9-12,76,795456.85,821517.8516666667
1-d8:9314,VHDU,0-3,66,563167.6,560628.44
1-d8:9314,VHDU,12-15,37,282907.15,312902.40249999997
1-d8:9314,VHDU,15-18,11,77514.29999999999,92115.135
1-d8:9314,VHDU,18-21,1,2469.0499999999997,5295.775
1-d8:9314,VHDU,21-24,1,1.9,4099.25
1-d8:9314,VHDU,3-6,263,2369521.35,2306768.245
1-d8:9314,VHDU,6-9,173,1554518.25,1541969.1616666666
1-d8:9314,VHDU,9-12,101,802446.95,828768.1408333333
1-e1:1296,VDU,0-3,138,728473.2999999999,678714.01
1-e1:1296,VDU,12-15,56,218674.8,263843.5475
1-e1:1296,VDU,15-18,18,56814.75,79223.2075
1-e1:1296,VDU,18-21,3,7682.65,10317.475
1-e1:1296,VDU,3-6,209,1097728.8,1073602.3625
1-e1:1296,VDU,6-9,164,848848.75,830263.8524999999
1-e1:1296,VDU,9-12,140,643227.9,665486.495
1-e1:1296,SDU,0-3,124,1017002.5499999999,990244.5175
1-e1:1296,SDU,12-15,16,113418.59999999999,121896.8275
1-e1:1296,SDU,15-18,1,13047.3,11463.46
1-e1:1296,SDU,3-6,369,3081081.8,3048952.3725
1-e1:1296,SDU,6-9,168,1342858.25,1364974.7249999999
1-e1:1296,SDU,9-12,54,417372.05,447248.64749999996
1-e1:1296,VHDU,0-3,141,874993.7,859647.2575
1-e1:1296,VHDU,12-15,32,179655.44999999998,197486.94999999998
1-e1:1296,VHDU,15-18,10,45602.85,53003.3975
1-e1:1296,VHDU,18-21,2,11054.199999999999,13676.912499999999
1-e1:1296,VHDU,3-6,289,1936481.9,1890020.0599999998
1-e1:1296,VHDU,6-9,175,1118675.3499999999,1138319.9725
1-e1:1296,VHDU,9-12,83,479729.1,494038.0
1-e1:1297,VDU,0-3,138,614110.4,568000.6775
1-e1:1297,VDU,12-15,56,173266.69999999998,214137.5525
1-e1:1297,VDU,15-18,18,49560.549999999996,68532.6675
1-e1:1297,VDU,18-21,3,5182.25,7614.487499999999
1-e1:1297,VDU,3-6,209,908321.6,876709.6375
1-e1:1297,VDU,6-9,164,678722.75,671140.135
1-e1:1297,VDU,9-12,140,531811.9,554840.9924999999
1-e1:1297,SDU,0-3,123,743850.0,735559.2866666666
1-e1:1297,SDU,12-15,15,79155.9,86354.60416666666
1-e1:1297,SDU,15-18,1,4931.45,5784.929999999999
1-e1:1297,SDU,3-6,364,2258809.3,2235330.303333333
1-e1:1297,SDU,6-9,165,994602.5,1003900.8466666667
1-e1:1297,SDU,9-12,53,294116.2,308535.37916666665
1-e1:1297,VHDU,0-3,133,663316.6,648852.28
1-e1:1297,VHDU,12-15,30,133064.6,146306.5075
1-e1:1297,VHDU,15-18,9,33100.85,39097.9625
1-e1:1297,VHDU,18-21,2,9428.75,12367.575
1-e1:1297,VHDU,3-6,279,1441642.0999999999,1415026.1875
1-e1:1297,VHDU,6-9,170,835551.6,844068.445
1-e1:1297,VHDU,9-12,82,377253.55,387639.09249999997
1-e2:374,VDU,0-3,236,2610505.9499999997,2396754.0025
1-e2:374,VDU,12-15,11,78079.54999999999,101080.6175
1-e2:374,VDU,15-18,1,3027.6499999999996,8303.475
1-e2:374,VDU,3-6,283,2923466.35,2882413.6199999996
1-e2:374,VDU,6-9,136,1229497.5999999999,1337222.2325
1-e2:374,VDU,9-12,58,411130.55,529933.7025
1-e2:374,SDU,0-3,220,3406418.8,3346862.1599999997
1-e2:374,SDU,3-6,396,6146039.25,6109250.88
1-e2:374,SDU,6-9,95,1374839.05,1434375.7874999999
1-e2:374,SDU,9-12,21,282176.6,318984.8725
1-e2:374,VHDU,0-3,219,2721084.05,2650925.8375
1-e2:374,VHDU,12-15,8,78541.25,90340.155
1-e2:374,VHDU,15-18,1,12889.599999999999,14694.599999999999
1-e2:374,VHDU,3-6,338,4250958.35,4200770.9425
1-e2:374,VHDU,6-9,131,1493950.05,1567859.7175
1-e2:374,VHDU,9-12,31,332673.85,365505.89749999996
1-e3:1005,VDU,0-3,30,181428.15,181410.0525
1-e3:1005,VDU,12-15,1,8574.699999999999,8452.15
1-e3:1005,VDU,3-6,32,188835.3,185241.9725
1-e3:1005,VDU,6-9,27,141983.19999999998,142519.7125
1-e3:1005,VDU,9-12,12,67019.65,70217.1125
1-e3:1005,SDU,0-3,71,628614.0499999999,627789.64
1-e3:1005,SDU,3-6,141,1252367.9,1246015.9625
1-e3:1005,SDU,6-9,25,210480.09999999998,214370.44499999998
1-e3:1005,SDU,9-12,7,50842.1,54128.1025
1-e3:1005,VHDU,0-3,61,418912.0,421107.7508333333
1-e3:1005,VHDU,12-15,4,31622.649999999998,26100.204999999998
1-e3:1005,VHDU,3-6,76,546332.65,537027.4475
1-e3:1005,VHDU,6-9,39,266440.8,273768.92583333334
1-e3:1005,VHDU,9-12,7,43682.899999999994,48986.67083333333
1-e3:1006,VDU,0-3,22,41655.6,41358.06
1-e3:1006,VDU,12-15,1,2383.5499999999997,2406.5875
1-e3:1006,VDU,3-6,25,42005.2,42124.045
1-e3:1006,VDU,6-9,18,36330.85,35945.1975
1-e3:1006,VDU,9-12,9,17236.8,17778.11
1-e3:1006,SDU,0-3,68,124355.95,123614.2375
1-e3:1006,SDU,3-6,141,260186.94999999998,263081.3308333333
1-e3:1006,SDU,6-9,25,42161.95,39760.191666666666
1-e3:1006,SDU,9-12,7,6175.95,6425.04
1-e3:1006,VHDU,0-3,53,85006.0,85462.30083333333
1-e3:1006,VHDU,12-15,4,5232.599999999999,5308.789999999999
1-e3:1006,VHDU,3-6,64,125644.15,121581.665
1-e3:1006,VHDU,6-9,34,57793.24999999999,59966.24833333333
1-e3:1006,VHDU,9-12,6,9393.599999999999,10750.595833333333
1-e3:1021,VDU,0-3,30,271141.39999999997,267954.815
1-e3:1021,VDU,12-15,1,9247.3,9928.925
1-e3:1021,VDU,3-6,32,281498.3,279911.61
1-e3:1021,VDU,6-9,27,241260.09999999998,239222.5875
1-e3:1021,VDU,9-12,11,93160.79999999999,99289.9625
1-e3:1021,SDU,0-3,71,745786.1,749718.72
1-e3:1021,SDU,3-6,141,1494673.95,1492429.5274999999
1-e3:1021,SDU,6-9,25,253245.3,251424.6725
1-e3:1021,SDU,9-12,7,63752.6,63885.03
1-e3:1021,VHDU,0-3,52,467007.64999999997,470910.97833333333
1-e3:1021,VHDU,12-15,3,30904.449999999997,30614.9375
1-e3:1021,VHDU,3-6,74,715002.2999999999,713115.6633333333
1-e3:1021,VHDU,6-9,37,356945.39999999997,352763.5
1-e3:1021,VHDU,9-12,7,62781.7,65236.42083333333
1-e3:2135,VDU,0-3,52,203764.55,197688.00166666665
1-e3:2135,VDU,12-15,1,3478.8999999999996,3522.6
1-e3:2135,VDU,3-6,58,224043.25,224718.66833333333
1-e3:2135,VDU,6-9,25,98896.9,100537.78749999999
1-e3:2135,VDU,9-12,10,34505.899999999994,38222.4425
1-e3:2135,SDU,0-3,62,285062.7,285469.7433333333
1-e3:2135,SDU,3-6,103,474975.3,469975.81416666665
1-e3:2135,SDU,6-9,28,128007.75,130671.1225
1-e3:2135,SDU,9-12,9,39093.45,41022.52
1-e3:2135,VHDU,0-3,60,261307.94999999998,258789.29416666666
1-e3:2135,VHDU,12-15,1,5279.15,4989.78
1-e3:2135,VHDU,3-6,83,360317.89999999997,359463.7233333333
1-e3:2135,VHDU,6-9,28,117964.34999999999,120989.34
1-e3:2135,VHDU,9-12,9,38017.1,38654.3125
1-e3:2136,VDU,0-3,52,290105.3,279497.5683333333
1-e3:2136,VDU,12-15,1,4954.25,4998.9
1-e3:2136,VDU,3-6,58,315157.75,319455.83499999996
1-e3:2136,VDU,6-9,25,145110.6,146876.49166666667
1-e3:2136,VDU,9-12,10,50626.45,55125.555
1-e3:2136,SDU,0-3,62,404673.39999999997,407775.35583333333
1-e3:2136,SDU,3-6,103,667639.1,665164.8883333333
1-e3:2136,SDU,6-9,27,178487.9,179299.78583333333
1-e3:2136,SDU,9-12,7,45435.649999999994,43996.02
1-e3:2136,VHDU,0-3,60,374571.69999999995,377461.1566666667
1-e3:2136,VHDU,3-6,83,513963.3,514531.0833333333
1-e3:2136,VHDU,6-9,28,170160.19999999998,173502.72749999998
1-e3:2136,VHDU,9-12,9,66484.8,59685.0325
1-e3:2137,VDU,0-3,52,484701.39999999997,465712.325
1-e3:2137,VDU,12-15,1,5062.55,7678.47
1-e3:2137,VDU,3-6,58,530912.25,523631.44999999995
1-e3:2137,VDU,6-9,25,222716.09999999998,234202.455
1-e3:2137,VDU,9-12,10,74451.5,86619.09999999999
1-e3:2137,SDU,0-3,62,577924.9,589334.3999999999
1-e3:2137,SDU,3-6,103,995457.5,975284.2975
1-e3:2137,SDU,6-9,28,304705.85,307952.76
1-e3:2137,SDU,9-12,9,93414.45,98931.2425
1-e3:2137,VHDU,0-3,60,622586.2999999999,651745.8374999999
1-e3:2137,VHDU,12-15,1,8083.549999999999,11478.85
1-e3:2137,VHDU,3-6,83,883444.8999999999,864985.6875
1-e3:2137,VHDU,6-9,28,278198.95,294952.485
1-e3:2137,VHDU,9-12,9,138290.55,107441.39
1-e3:470,VDU,0-3,191,3416446.05,3373110.8499999996
1-e3:470,VDU,12-15,7,99831.7,108891.47
1-e3:470,VDU,15-18,1,14146.449999999999,18146.899999999998
1-e3:470,VDU,3-6,236,4178863.8,4110058.0549999997
1-e3:470,VDU,6-9,119,2072770.7999999998,2106207.2375
1-e3:470,VDU,9-12,53,819439.6,885083.8875
1-e3:470,SDU,0-3,175,3815322.55,3837371.385
1-e3:470,SDU,3-6,329,7290778.8,7190260.4399999995
1-e3:470,SDU,6-9,87,1838733.5499999998,1901361.3499999999
1-e3:470,SDU,9-12,19,364747.75,380589.475
1-e3:470,VHDU,0-3,197,3855317.55,3811834.9099999997
1-e3:470,VHDU,12-15,6,108904.2,112511.16
1-e3:470,VHDU,15-18,1,20729.95,22514.7625
1-e3:470,VHDU,3-6,301,5914917.55,5880541.9425
1-e3:470,VHDU,6-9,107,2022620.2999999998,2062333.4349999998
1-e3:470,VHDU,9-12,26,416178.85,448932.19
1-f2:584,VDU,0-3,179,4524480.45,4423877.3975
1-f2:584,VDU,12-15,5,94955.34999999999,111112.95
1-f2:584,VDU,3-6,220,5451962.6,5455350.3
1-f2:584,VDU,6-9,158,3784967.1999999997,3827940.6875
1-f2:584,VDU,9-12,45,1030396.6,1068480.865
1-f2:584,SDU,0-3,364,10222304.0,10228040.305833332
1-f2:584,SDU,3-6,228,6437955.25,6404376.0275
1-f2:584,SDU,6-9,45,1213682.95,1237881.1441666665
1-f2:584,SDU,9-12,3,75525.95,79170.6725
1-f2:584,VHDU,0-3,241,6490286.949999999,6428987.154999999
1-f2:584,VHDU,12-15,3,83882.15,84080.17749999999
1-f2:584,VHDU,3-6,242,6373028.449999999,6375080.26
1-f2:584,VHDU,6-9,101,2575678.0,2603671.2224999997
1-f2:584,VHDU,9-12,23,547176.25,578232.985
1-f2:585,VDU,0-3,179,4477008.95,4383947.52
1-f2:585,VDU,12-15,5,111991.7,117103.41249999999
1-f2:585,VDU,3-6,220,5353146.45,5356371.5575
1-f2:585,VDU,6-9,158,3734541.1999999997,3784695.0725
1-f2:585,VDU,9-12,45,1013897.95,1048468.6875
1-f2:585,SDU,0-3,337,9450560.1,9455826.820833333
1-f2:585,SDU,3-6,213,6014812.899999999,5964480.649166666
1-f2:585,SDU,6-9,44,1173240.5,1215808.195
1-f2:585,SDU,9-12,3,74175.04999999999,76672.885
1-f2:585,VHDU,0-3,230,6036508.05,5962897.87
1-f2:585,VHDU,12-15,3,85579.79999999999,86076.6025
1-f2:585,VHDU,3-6,232,6041784.35,6047212.2225
1-f2:585,VHDU,6-9,96,2371084.1,2408283.82
1-f2:585,VHDU,9-12,23,537423.5499999999,567909.335
1-f3:1286,VDU,0-3,189,2591050.9,2519722.160833333
1-f3:1286,VDU,12-15,7,71541.65,81583.815
1-f3:1286,VDU,3-6,227,3092180.65,3095758.8408333333
1-f3:1286,VDU,6-9,142,1831479.3499999999,1862701.6858333333
1-f3:1286,VDU,9-12,37,421245.19999999995,447731.2475
1-f3:1286,SDU,0-3,337,5432303.3,5410865.394166666
1-f3:1286,SDU,3-6,203,3306711.55,3301026.6866666665
1-f3:1286,SDU,6-9,34,510106.3,536352.4091666667
1-f3:1286,SDU,9-12,1,19619.399999999998,20496.059999999998
1-f3:1286,VHDU,0-3,232,3508973.1999999997,3470450.9375
1-f3:1286,VHDU,12-15,4,60534.95,67334.005
1-f3:1286,VHDU,3-6,228,3253517.25,3236667.2741666664
1-f3:1286,VHDU,6-9,101,1388278.7,1418914.9649999999
1-f3:1286,VHDU,9-12,20,233096.75,251033.66833333333
1-f3:1288,VDU,0-3,222,3258733.6999999997,3169161.1925
1-f3:1288,VDU,12-15,7,75996.2,89229.795
1-f3:1288,VDU,3-6,253,3677434.8,3683604.9391666665
1-f3:1288,VDU,6-9,171,2362783.9499999997,2405071.600833333
1-f3:1288,VDU,9-12,46,600412.35,628293.4724999999
1-f3:1288,SDU,0-3,429,7583007.35,7555621.969166666
1-f3:1288,SDU,3-6,249,4346905.5,4347645.059166666
1-f3:1288,SDU,6-9,45,726052.7,752187.2316666667
1-f3:1288,SDU,9-12,1,18587.7,19098.99
1-f3:1288,VHDU,0-3,286,4658444.7,4587938.138333333
1-f3:1288,VHDU,12-15,4,59324.649999999994,66203.1725
1-f3:1288,VHDU,3-6,288,4559002.5,4559211.230833333
1-f3:1288,VHDU,6-9,124,1904880.15,1940274.3949999998
1-f3:1288,VHDU,9-12,27,378392.6,406417.66333333333
1-f4:450,VDU,0-3,215,3756288.5999999996,3602699.44
1-f4:450,VDU,12-15,9,98326.9,120455.77249999999
1-f4:450,VDU,15-18,3,34542.0,39394.932499999995
1-f4:450,VDU,18-21,1,9715.65,10340.75
1-f4:450,VDU,21-24,2,19777.1,26355.375
1-f4:450,VDU,3-6,265,4446267.899999999,4436107.6025
1-f4:450,VDU,6-9,182,2882662.9,2960533.9724999997
1-f4:450,VDU,9-12,51,749487.2999999999,801180.505
1-f4:450,SDU,0-3,406,9693243.299999999,9584135.942499999
1-f4:450,SDU,15-18,1,21624.85,21745.024999999998
1-f4:450,SDU,3-6,231,5078528.05,5142759.2283333335
1-f4:450,SDU,6-9,54,1164288.65,1212504.8866666667
1-f4:450,SDU,9-12,3,59257.2,55796.9675
1-f4:450,VHDU,0-3,283,5602178.5,5503706.3925
1-f4:450,VHDU,12-15,4,80611.29999999999,89754.0525
1-f4:450,VHDU,3-6,292,5709004.1,5717442.1899999995
1-f4:450,VHDU,6-9,126,2260110.8,2303087.6599999997
1-f4:450,VHDU,9-12,27,451376.35,489290.755
1-f5:2435,VDU,0-3,10,83247.54999999999,78818.31749999999
1-f5:2435,VDU,12-15,6,36787.799999999996,39258.1325
1-f5:2435,VDU,15-18,7,29656.149999999998,39506.462499999994
1-f5:2435,VDU,21-24,1,2249.6,4825.24
1-f5:2435,VDU,3-6,29,210901.9,199454.54249999998
1-f5:2435,VDU,6-9,23,154241.05,153285.5875
1-f5:2435,VDU,9-12,14,93377.4,95313.1675
1-f5:2435,SDU,0-3,4,43936.55,45923.759999999995
1-f5:2435,SDU,3-6,25,310892.25,304822.73166666663
1-f5:2435,SDU,6-9,8,96494.34999999999,99194.72499999999
1-f5:2435,SDU,9-12,3,34206.649999999994,35588.58333333333
1-f5:2435,VHDU,0-3,8,78308.5,80758.55
1-f5:2435,VHDU,12-15,3,27151.95,30229.475
1-f5:2435,VHDU,3-6,10,106075.09999999999,105205.69166666667
1-f5:2435,VHDU,6-9,7,70613.5,67093.59166666666
1-f5:2435,VHDU,9-12,3,29969.649999999998,28831.391666666666
1-f5:7055,VDU,0-3,13,13040.65,11676.4025
1-f5:7055,VDU,12-15,13,13282.9,13638.2475
1-f5:7055,VDU,15-18,4,3829.45,3916.09
1-f5:7055,VDU,3-6,47,43546.1,44092.7775
1-f5:7055,VDU,6-9,29,28940.8,28126.27
1-f5:7055,VDU,9-12,16,15266.5,16456.6125
1-f5:7055,SDU,0-3,19,28546.55,29188.655
1-f5:7055,SDU,12-15,5,7612.349999999999,8222.725
1-f5:7055,SDU,15-18,2,2987.75,3014.54
1-f5:7055,SDU,3-6,64,107701.5,105340.5125
1-f5:7055,SDU,6-9,19,29875.6,29980.1
1-f5:7055,SDU,9-12,13,19249.85,20227.0675
1-f5:7055,VHDU,0-3,25,31127.699999999997,30291.5575
1-f5:7055,VHDU,12-15,9,11068.449999999999,10711.2025
1-f5:7055,VHDU,15-18,2,2652.4,2790.9100000000003
1-f5:7055,VHDU,18-21,1,811.3,1014.5999999999999
1-f5:7055,VHDU,3-6,44,56478.45,56056.84
1-f5:7055,VHDU,6-9,29,35414.1,35771.5375
1-f5:7055,VHDU,9-12,12,14611.949999999999,15527.7025
1-f5:7056,VDU,0-3,13,43322.85,43096.939999999995
1-f5:7056,VDU,12-15,13,44511.299999999996,47562.2725
1-f5:7056,VDU,15-18,4,13141.349999999999,14317.925
1-f5:7056,VDU,3-6,47,165240.15,158443.13749999998
1-f5:7056,VDU,6-9,29,103637.4,101906.7375
1-f5:7056,VDU,9-12,16,51923.2,56449.2375
1-f5:7056,SDU,0-3,19,91133.5,91341.455
1-f5:7056,SDU,12-15,5,22385.8,25091.1625
1-f5:7056,SDU,15-18,2,8119.65,9354.84
1-f5:7056,SDU,3-6,64,332831.55,324532.82499999995
1-f5:7056,SDU,6-9,19,93400.2,94184.75749999999
1-f5:7056,SDU,9-12,13,59380.7,62746.36
1-f5:7056,VHDU,0-3,25,100414.04999999999,98571.9525
1-f5:7056,VHDU,12-15,9,33003.0,34090.845
1-f5:7056,VHDU,15-18,2,8287.8,9046.66
1-f5:7056,VHDU,18-21,1,2880.4,3509.0625
1-f5:7056,VHDU,3-6,44,183131.5,180359.82749999998
1-f5:7056,VHDU,6-9,29,115305.29999999999,115788.46999999999
1-f5:7056,VHDU,9-12,12,47754.6,49409.8325
1-f5:7058,VDU,0-3,13,54270.65,52690.99
1-f5:7058,VDU,12-15,13,55202.6,57306.28
1-f5:7058,VDU,15-18,4,16140.5,16647.704999999998
1-f5:7058,VDU,3-6,47,198168.1,194158.53
1-f5:7058,VDU,6-9,29,124792.0,123903.845
1-f5:7058,VDU,9-12,16,64394.799999999996,68261.3
1-f5:7058,SDU,0-3,19,119954.59999999999,117687.13999999998
1-f5:7058,SDU,12-15,5,28587.399999999998,30413.5375
1-f5:7058,SDU,15-18,2,11777.15,12366.34
1-f5:7058,SDU,3-6,64,423742.75,417214.065
1-f5:7058,SDU,6-9,19,131544.6,133910.3375
1-f5:7058,SDU,9-12,13,81872.9,85887.98
1-f5:7058,VHDU,0-3,25,127614.45,125514.56999999999
1-f5:7058,VHDU,12-15,9,43964.1,46588.475
1-f5:7058,VHDU,15-18,2,9217.849999999999,9948.59
1-f5:7058,VHDU,18-21,1,4468.8,5653.45
1-f5:7058,VHDU,3-6,44,236748.55,236360.37999999998
1-f5:7058,VHDU,6-9,29,152918.65,150524.65
1-f5:7058,VHDU,9-12,12,60876.0,61218.284999999996
1-f5:8345,VDU,0-3,43,273972.39999999997,272934.8258333333
1-f5:8345,VDU,12-15,29,180101.0,178270.1125
1-f5:8345,VDU,15-18,21,123492.4,136298.47916666666
1-f5:8345,VDU,18-21,6,34230.399999999994,34416.505
1-f5:8345,VDU,21-24,1,3959.6,5208.1375
1-f5:8345,VDU,3-6,93,582877.25,575228.8474999999
1-f5:8345,VDU,6-9,64,401939.3,395391.5991666666
1-f5:8345,VDU,9-12,48,283410.64999999997,286234.49333333335
1-f5:8345,SDU,0-3,99,1115942.2,1112925.3325
1-f5:8345,SDU,12-15,6,53381.45,57305.0925
1-f5:8345,SDU,15-18,1,8454.05,9130.6875
1-f5:8345,SDU,3-6,148,1690277.0499999998,1665177.2425
1-f5:8345,SDU,6-9,53,593925.75,605034.4483333334
1-f5:8345,SDU,9-12,23,235614.25,248021.94666666666
1-f5:8345,VHDU,0-3,50,402423.8,386634.04
1-f5:8345,VHDU,12-15,21,166287.05,172819.99416666667
1-f5:8345,VHDU,15-18,14,109624.3,112153.39
1-f5:8345,VHDU,18-21,3,15724.4,21196.399999999998
1-f5:8345,VHDU,3-6,149,1217024.0999999999,1205800.1033333333
1-f5:8345,VHDU,6-9,68,543687.85,540126.9175
1-f5:8345,VHDU,9-12,35,250990.94999999998,267031.605
1-f6:2670,VDU,0-3,36,231433.3,219146.56999999998
1-f6:2670,VDU,12-15,21,117106.5,123431.79
1-f6:2670,VDU,15-18,3,5540.4,12523.66
1-f6:2670,VDU,3-6,45,276168.8,263094.805
1-f6:2670,VDU,6-9,62,356118.89999999997,353507.8725
1-f6:2670,VDU,9-12,45,247903.44999999998,262566.65249999997
1-f6:2670,SDU,0-3,51,523337.89999999997,516693.4258333333
1-f6:2670,SDU,12-15,1,7423.299999999999,7995.2
1-f6:2670,SDU,3-6,52,513558.6,505800.88416666666
1-f6:2670,SDU,6-9,28,298326.6,302778.205
1-f6:2670,SDU,9-12,15,139006.84999999998,148385.535
1-f6:2670,VHDU,0-3,53,394899.8,386408.51
1-f6:2670,VHDU,12-15,7,53766.2,55016.305
1-f6:2670,VHDU,15-18,2,6589.2,11494.762499999999
1-f6:2670,VHDU,3-6,61,457197.0,452262.5575
1-f6:2670,VHDU,6-9,36,259355.69999999998,259596.81
1-f6:2670,VHDU,9-12,24,153364.19999999998,160393.155
1-f6:2671,VDU,0-3,105,810212.25,746812.3375
1-f6:2671,VDU,12-15,43,242206.3,275297.0325
1-f6:2671,VDU,15-18,16,67110.84999999999,98169.0575
1-f6:2671,VDU,18-21,1,4130.599999999999,3903.075
1-f6:2671,VDU,3-6,148,1080929.0,1042164.0441666666
1-f6:2671,VDU,6-9,103,740430.0,742925.1116666666
1-f6:2671,VDU,9-12,94,604336.7999999999,640085.1416666666
1-f6:2671,SDU,0-3,153,1767153.9,1732309.5625
1-f6:2671,SDU,12-15,7,72419.45,77610.3925
1-f6:2671,SDU,3-6,175,1996720.45,1983264.7925
1-f6:2671,SDU,6-9,110,1206506.65,1216807.6424999998
1-f6:2671,SDU,9-12,43,440726.85,473534.91
1-f6:2671,VHDU,0-3,147,1285003.25,1253052.755
1-f6:2671,VHDU,12-15,24,176974.55,200376.6125
1-f6:2671,VHDU,15-18,5,33459.0,38389.215
1-f6:2671,VHDU,3-6,175,1513763.25,1483982.6025
1-f6:2671,VHDU,6-9,130,1094962.4,1111418.5374999999
1-f6:2671,VHDU,9-12,67,538263.35,555206.0775
1-f8:2779,VDU,0-3,147,912213.75,859512.7849999999
1-f8:2779,VDU,12-15,49,217514.84999999998,259827.65999999997
1-f8:2779,VDU,15-18,11,34432.75,56509.9425
1-f8:2779,VDU,18-21,1,525.35,2471.4249999999997
1-f8:2779,VDU,3-6,205,1256580.2,1205451.96
1-f8:2779,VDU,6-9,190,1113728.7,1104161.6775
1-f8:2779,VDU,9-12,125,659547.0,706607.1499999999
1-f8:2779,SDU,0-3,229,2211841.3,2167558.5225
1-f8:2779,SDU,12-15,3,22766.75,24440.127500000002
1-f8:2779,SDU,3-6,304,2925579.15,2920200.44
1-f8:2779,SDU,6-9,148,1391572.3499999999,1408217.7275
1-f8:2779,SDU,9-12,48,418676.39999999997,450019.13249999995
1-f8:2779,VHDU,0-3,203,1487722.8,1466200.5975
1-f8:2779,VHDU,12-15,18,116153.65,124018.4625
1-f8:2779,VHDU,15-18,4,15909.65,21818.175
1-f8:2779,VHDU,3-6,266,1949897.7999999998,1925491.6824999999
1-f8:2779,VHDU,6-9,162,1167705.8,1177122.675
1-f8:2779,VHDU,9-12,79,509990.39999999997,532728.5075
1-g1:261,VDU,0-3,51,214264.9,205217.38499999998
1-g1:261,VDU,12-15,4,11448.449999999999,15598.002499999999
1-g1:261,VDU,15-18,1,1762.25,2842.5899999999997
1-g1:261,VDU,3-6,86,350872.05,342255.8825
1-g1:261,VDU,6-9,73,303321.7,303914.595
1-g1:261,VDU,9-12,28,100656.29999999999,112497.19499999999
1-g1:261,SDU,0-3,56,421781.94999999995,414364.77749999997
1-g1:261,SDU,12-15,1,7125.95,7645.789999999999
1-g1:261,SDU,3-6,89,638600.45,637499.875
1-g1:261,SDU,6-9,39,282689.6,286263.7375
1-g1:261,SDU,9-12,9,56611.45,61035.22
1-g1:261,VHDU,0-3,54,284674.14999999997,280906.9725
1-g1:261,VHDU,12-15,7,33469.45,35806.07
1-g1:261,VHDU,15-18,1,4402.3,5838.9375
1-g1:261,VHDU,3-6,99,545491.9,544296.6575
1-g1:261,VHDU,6-9,61,325773.05,324917.71749999997
1-g1:261,VHDU,9-12,19,90681.3,92725.795
1-g1:262,VDU,0-3,110,398810.0,376022.8725
1-g1:262,VDU,12-15,29,74688.04999999999,92753.345
1-g1:262,VDU,15-18,6,14251.9,17200.129999999997
1-g1:262,VDU,3-6,164,589149.15,576400.8624999999
1-g1:262,VDU,6-9,108,363220.14999999997,366073.8075
1-g1:262,VDU,9-12,68,209464.55,221132.7825
1-g1:262,SDU,0-3,103,694260.95,680395.4624999999
1-g1:262,SDU,3-6,164,1066792.05,1075736.6325
1-g1:262,SDU,6-9,63,403228.44999999995,405217.46499999997
1-g1:262,SDU,9-12,8,44610.1,47541.99
1-g1:262,VHDU,0-3,102,455133.6,449012.18
1-g1:262,VHDU,12-15,13,52761.1,58975.81
1-g1:262,VHDU,18-21,1,523.4499999999999,2245.0875
1-g1:262,VHDU,3-6,207,949039.5499999999,942064.365
1-g1:262,VHDU,6-9,114,507293.35,505931.95249999996
1-g1:262,VHDU,9-12,32,129218.04999999999,135739.705
1-g2:853,VDU,0-3,130,500552.14999999997,470762.08166666667
1-g2:853,VDU,12-15,32,85059.2,107634.04999999999
1-g2:853,VDU,15-18,7,15140.15,19654.8825
1-g2:853,VDU,3-6,189,715334.7999999999,700069.8358333333
1-g2:853,VDU,6-9,137,509362.44999999995,511289.95249999996
1-g2:853,VDU,9-12,76,250917.8,266955.7475
1-g2:853,SDU,0-3,196,1470450.8499999999,1449977.875
1-g2:853,SDU,12-15,1,7477.45,7967.84
1-g2:853,SDU,3-6,282,2081319.8499999999,2078708.8066666666
1-g2:853,SDU,6-9,102,741222.2999999999,749562.8883333333
1-g2:853,SDU,9-12,28,174381.05,188634.09
1-g2:853,VHDU,0-3,133,651974.5499999999,637475.5075
1-g2:853,VHDU,12-15,17,71044.79999999999,79980.91166666667
1-g2:853,VHDU,18-21,1,406.59999999999997,2534.8375
1-g2:853,VHDU,3-6,267,1358501.9,1352036.3425
1-g2:853,VHDU,6-9,160,781071.95,779422.7658333333
1-g2:853,VHDU,9-12,44,196901.75,208451.185
1-g3:249,VDU,0-3,86,310500.85,294783.57499999995
1-g3:249,VDU,12-15,38,93291.9,112111.3525
1-g3:249,VDU,15-18,16,37454.7,43445.115
1-g3:249,VDU,18-21,3,8139.599999999999,10342.7925
1-g3:249,VDU,21-24,1,958.55,2229.08
1-g3:249,VDU,3-6,132,464740.94999999995,443745.33249999996
1-g3:249,VDU,6-9,110,396371.35,386517.855
1-g3:249,VDU,9-12,59,184672.4,202955.19749999998
1-g3:249,SDU,0-3,100,742151.3999999999,727581.2025
1-g3:249,SDU,12-15,2,10417.699999999999,11226.529999999999
1-g3:249,SDU,3-6,184,1281808.4,1270533.325
1-g3:249,SDU,6-9,83,566245.6,579302.115
1-g3:249,SDU,9-12,34,216347.3,228327.2275
1-g3:249,VHDU,0-3,95,433656.0,422474.5475
1-g3:249,VHDU,12-15,22,86034.84999999999,97038.89
1-g3:249,VHDU,15-18,4,13858.599999999999,15340.853333333334
1-g3:249,VHDU,18-21,1,1340.45,2400.1749999999997
1-g3:249,VHDU,21-24,1,304.0,2268.6
1-g3:249,VHDU,3-6,161,761402.2,762655.8833333333
1-g3:249,VHDU,6-9,129,575407.4,570783.5758333333
1-g3:249,VHDU,9-12,61,246683.65,245724.625
1-g4:1240,VDU,0-3,22,81060.65,78943.29
1-g4:1240,VDU,12-15,9,28571.25,32620.767499999998
1-g4:1240,VDU,15-18,4,12325.3,14259.927499999998
1-g4:1240,VDU,18-21,1,2354.1,3651.4199999999996
1-g4:1240,VDU,3-6,31,114818.9,105398.415
1-g4:1240,VDU,6-9,31,113037.65,114204.67749999999
1-g4:1240,VDU,9-12,24,85341.34999999999,88430.7025
1-g4:1240,SDU,0-3,18,129147.75,125190.99999999999
1-g4:1240,SDU,12-15,7,48235.3,52358.4425
1-g4:1240,SDU,3-6,52,383901.64999999997,372639.115
1-g4:1240,SDU,6-9,27,197469.85,198981.395
1-g4:1240,SDU,9-12,18,117782.9,127367.4975
1-g4:1240,VHDU,0-3,25,110685.45,111704.0875
1-g4:1240,VHDU,12-15,8,39921.85,39385.765
1-g4:1240,VHDU,15-18,3,11017.15,13625.185
1-g4:1240,VHDU,3-6,38,193787.65,191426.04499999998
1-g4:1240,VHDU,6-9,32,161850.55,161834.0675
1-g4:1240,VHDU,9-12,16,71638.55,70926.05
1-g4:1241,VDU,0-3,86,275849.6,255307.75
1-g4:1241,VDU,12-15,59,158907.44999999998,171097.4225
1-g4:1241,VDU,15-18,35,83874.55,98884.45499999999
1-g4:1241,VDU,18-21,6,14626.199999999999,14233.0425
1-g4:1241,VDU,21-24,3,4500.15,6104.795
1-g4:1241,VDU,3-6,113,351168.45,336407.01749999996
1-g4:1241,VDU,6-9,101,304000.95,299676.7875
1-g4:1241,VDU,9-12,81,215857.09999999998,225255.1175
1-g4:1241,VDU,>=24,1,745.75,2563.8125
1-g4:1241,SDU,0-3,98,614020.15,598190.2999999999
1-g4:1241,SDU,12-15,9,43395.049999999996,47262.88
1-g4:1241,SDU,3-6,206,1280253.25,1264075.1775
1-g4:1241,SDU,6-9,114,687923.5,700874.8975
1-g4:1241,SDU,9-12,61,360878.39999999997,376067.095
1-g4:1241,VHDU,0-3,101,408185.55,394919.845
1-g4:1241,VHDU,12-15,35,129165.79999999999,135549.04
1-g4:1241,VHDU,15-18,7,22166.35,25350.844999999998
1-g4:1241,VHDU,18-21,3,7042.349999999999,8459.465
1-g4:1241,VHDU,21-24,1,250.79999999999998,1968.3999999999999
1-g4:1241,VHDU,3-6,163,655185.5499999999,653837.9275
1-g4:1241,VHDU,6-9,109,418152.95,417004.685
1-g4:1241,VHDU,9-12,69,264249.14999999997,267308.2925
1-g4:1783,VDU,0-3,124,397938.85,383533.98416666663
1-g4:1783,VDU,12-15,77,208433.8,232002.1758333333
1-g4:1783,VDU,15-18,40,102847.95,119809.62999999999
1-g4:1783,VDU,18-21,8,18977.2,21987.639166666668
1-g4:1783,VDU,21-24,3,2214.45,5292.9725
1-g4:1783,VDU,3-6,158,520330.19999999995,493798.86916666664
1-g4:1783,VDU,6-9,158,512766.3,501784.77499999997
1-g4:1783,VDU,9-12,129,391238.5,396537.20416666666
1-g4:1783,SDU,0-3,143,1005293.7999999999,975053.97
1-g4:1783,SDU,12-15,19,110140.15,120367.94499999999
1-g4:1783,SDU,18-21,1,4501.099999999999,4745.0125
1-g4:1783,SDU,3-6,309,2115078.1,2085608.8624999998
1-g4:1783,SDU,6-9,167,1119464.8,1140051.205
1-g4:1783,SDU,9-12,93,602885.2,631536.155
1-g4:1783,VHDU,0-3,153,659276.25,647309.7333333333
1-g4:1783,VHDU,12-15,51,214080.6,220765.22749999998
1-g4:1783,VHDU,15-18,12,42217.049999999996,49630.88166666666
1-g4:1783,VHDU,18-21,3,7374.85,8933.2775
1-g4:1783,VHDU,21-24,1,255.54999999999998,2056.5125
1-g4:1783,VHDU,3-6,231,1040162.6,1034938.3441666666
1-g4:1783,VHDU,6-9,164,723037.4,719826.0041666667
1-g4:1783,VHDU,9-12,99,421857.94999999995,424802.26916666667
1-g5:1300,VDU,0-3,117,445391.35,418764.75
1-g5:1300,VDU,12-15,18,52199.649999999994,60882.159166666665
1-g5:1300,VDU,15-18,3,4465.95,10645.620833333332
1-g5:1300,VDU,3-6,224,823653.7999999999,793059.7783333333
1-g5:1300,VDU,6-9,123,438581.75,450684.10083333333
1-g5:1300,VDU,9-12,55,156205.65,186461.74083333332
1-g5:1300,SDU,0-3,159,1081376.45,1064219.165
1-g5:1300,SDU,12-15,6,34792.799999999996,40106.53
1-g5:1300,SDU,3-6,396,2784763.5,2762038.2175
1-g5:1300,SDU,6-9,149,1016453.45,1040666.6224999999
1-g5:1300,SDU,9-12,22,159937.25,170292.91499999998
1-g5:1300,VHDU,0-3,139,616751.4,612619.3908333334
1-g5:1300,VHDU,12-15,7,27920.5,32936.737499999996
1-g5:1300,VHDU,15-18,8,30384.799999999996,34087.235
1-g5:1300,VHDU,3-6,343,1572151.2,1557655.7833333332
1-g5:1300,VHDU,6-9,132,632985.95,641321.0125
1-g5:1300,VHDU,9-12,37,180937.94999999998,182511.64083333334
1-g8:552,VDU,0-3,13,31834.5,29370.105
1-g8:552,VDU,12-15,9,19020.9,21639.29
1-g8:552,VDU,15-18,4,5191.75,9421.4825
1-g8:552,VDU,3-6,52,131159.85,126552.6825
1-g8:552,VDU,6-9,32,82908.4,83310.915
1-g8:552,VDU,9-12,12,31843.05,31663.975
1-g8:552,SDU,0-3,16,78904.15,76483.73999999999
1-g8:552,SDU,12-15,2,7798.549999999999,9738.45
1-g8:552,SDU,3-6,60,319544.85,314018.415
1-g8:552,SDU,6-9,36,180795.44999999998,184873.6575
1-g8:552,SDU,9-12,8,39796.45,41725.1875
1-g8:552,VHDU,0-3,11,34888.75,35771.775
1-g8:552,VHDU,12-15,3,9729.9,9801.387499999999
1-g8:552,VHDU,15-18,5,15573.349999999999,15494.9275
1-g8:552,VHDU,3-6,57,191406.0,189975.6325
1-g8:552,VHDU,6-9,34,118744.29999999999,119994.6425
1-g8:552,VHDU,9-12,12,42982.75,42286.685
1-g8:8429,VDU,0-3,182,317544.14999999997,294142.1825
1-g8:8429,VDU,12-15,25,32092.899999999998,39664.494999999995
1-g8:8429,VDU,15-18,6,4783.25,9608.869999999999
1-g8:8429,VDU,3-6,293,505176.75,487089.1775
1-g8:8429,VDU,6-9,152,249973.5,260691.685
1-g8:8429,VDU,9-12,70,92494.84999999999,110868.98999999999
1-g8:8429,SDU,0-3,152,600782.85,593892.3099999999
1-g8:8429,SDU,12-15,7,24381.75,27794.245
1-g8:8429,SDU,3-6,403,1732932.05,1718745.7474999998
1-g8:8429,SDU,6-9,150,612531.5,625377.115
1-g8:8429,SDU,9-12,20,87337.3,92156.0325
1-g8:8429,VHDU,0-3,163,365480.19999999995,365192.20749999996
1-g8:8429,VHDU,12-15,10,23077.399999999998,24938.212499999998
1-g8:8429,VHDU,15-18,8,15704.449999999999,16721.235
1-g8:8429,VHDU,3-6,364,884941.1499999999,877586.5824999999
1-g8:8429,VHDU,6-9,145,371441.44999999995,377099.935
1-g8:8429,VHDU,9-12,42,108931.75,108038.2275
1-h0:2806,VDU,0-3,67,101972.04999999999,96735.45999999999
1-h0:2806,VDU,12-15,2,1291.05,2256.725
1-h0:2806,VDU,15-18,1,476.9,1096.0625
1-h0:2806,VDU,3-6,107,165141.35,159440.78
1-h0:2806,VDU,6-9,52,74716.55,79679.39749999999
1-h0:2806,VDU,9-12,14,17817.25,22206.725
1-h0:2806,SDU,0-3,84,330762.45,319925.8
1-h0:2806,SDU,3-6,130,475915.8,481173.005
1-h0:2806,SDU,6-9,28,99124.9,104821.5275
1-h0:2806,SDU,9-12,2,5300.049999999999,5182.8675
1-h0:2806,VHDU,0-3,58,123861.0,123726.67
1-h0:2806,VHDU,12-15,5,11116.9,10935.734999999999
1-h0:2806,VHDU,3-6,121,272047.7,275939.70749999996
1-h0:2806,VHDU,6-9,51,125905.4,119879.36
1-h0:2806,VHDU,9-12,9,17010.699999999997,19460.2275
1-h0:2807,VDU,0-3,124,173888.94999999998,163807.74
1-h0:2807,VDU,12-15,10,7061.349999999999,11758.4825
1-h0:2807,VDU,3-6,194,264361.25,257246.985
1-h0:2807,VDU,6-9,106,128234.79999999999,129451.75
1-h0:2807,VDU,9-12,51,46850.2,58131.5925
1-h0:2807,SDU,0-3,165,576806.75,576689.8049999999
1-h0:2807,SDU,12-15,2,3592.8999999999996,4275.474999999999
1-h0:2807,SDU,3-6,262,910847.6499999999,908175.6799999999
1-h0:2807,SDU,6-9,57,190105.44999999998,190882.26499999998
1-h0:2807,SDU,9-12,2,6663.299999999999,7992.824999999999
1-h0:2807,VHDU,0-3,129,225433.09999999998,225806.7825
1-h0:2807,VHDU,12-15,5,2827.2,4807.237499999999
1-h0:2807,VHDU,3-6,241,480627.8,472203.675
1-h0:2807,VHDU,6-9,95,179194.69999999998,184680.75999999998
1-h0:2807,VHDU,9-12,18,29118.449999999997,29702.795
1-h1:8730,VDU,0-3,133,164455.44999999998,155094.29249999998
1-h1:8730,VDU,12-15,80,79011.5,86693.69083333333
1-h1:8730,VDU,15-18,46,35030.299999999996,50304.66916666667
1-h1:8730,VDU,18-21,8,4624.6,7536.365833333333
1-h1:8730,VDU,3-6,160,204051.44999999998,190821.54416666666
1-h1:8730,VDU,6-9,137,173625.8,166752.96166666667
1-h1:8730,VDU,9-12,118,133134.9,135687.66083333333
1-h1:8730,VDU,>=24,2,337.25,1380.065
1-h1:8730,SDU,0-3,87,284292.25,277467.57666666666
1-h1:8730,SDU,12-15,36,118399.45,124755.07666666666
1-h1:8730,SDU,15-18,9,18880.3,22282.1075
1-h1:8730,SDU,18-21,1,1181.8,2225.85
1-h1:8730,SDU,3-6,317,1021383.95,1008627.8724999999
1-h1:8730,SDU,6-9,177,579671.95,580280.9
1-h1:8730,SDU,9-12,90,266667.85,274838.1666666666
1-h1:8730,VHDU,0-3,143,240038.4,240059.66416666665
1-h1:8730,VHDU,12-15,37,62398.85,61503.72833333333
1-h1:8730,VHDU,15-18,26,38839.799999999996,43495.322499999995
1-h1:8730,VHDU,18-21,4,1766.05,4090.2725
1-h1:8730,VHDU,3-6,251,454437.25,444063.0283333333
1-h1:8730,VHDU,6-9,180,316105.85,316028.0133333333
1-h1:8730,VHDU,9-12,84,146117.6,150463.7708333333
1-j1:2080,VDU,0-3,77,70648.65,65637.16249999999
1-j1:2080,VDU,12-15,78,52430.5,55929.255
1-j1:2080,VDU,15-18,51,34319.7,43600.534999999996
1-j1:2080,VDU,18-21,24,7594.299999999999,15213.1575
1-j1:2080,VDU,21-24,8,2524.1499999999996,5305.037499999999
1-j1:2080,VDU,3-6,219,198337.19999999998,184673.0175
1-j1:2080,VDU,6-9,167,156944.75,149588.4725
1-j1:2080,VDU,9-12,102,88110.59999999999,90266.72
1-j1:2080,VDU,>=24,2,290.7,987.1924999999999
1-j1:2080,SDU,0-3,44,89197.4,88878.485
1-j1:2080,SDU,12-15,56,120925.5,123303.11249999999
1-j1:2080,SDU,15-18,20,44857.1,45294.385
1-j1:2080,SDU,18-21,4,5667.7,5980.9625
1-j1:2080,SDU,21-24,1,2794.9,2892.9874999999997
1-j1:2080,SDU,3-6,252,571953.2,565644.4874999999
1-j1:2080,SDU,6-9,216,497906.39999999997,495919.095
1-j1:2080,SDU,9-12,139,319365.3,324753.985
1-j1:2080,VHDU,0-3,83,97356.0,100285.98999999999
1-j1:2080,VHDU,12-15,42,53006.2,53107.9925
1-j1:2080,VHDU,15-18,23,23422.25,26594.727499999997
1-j1:2080,VHDU,18-21,11,7205.75,9024.6675
1-j1:2080,VHDU,21-24,3,1784.1,1965.0749999999998
1-j1:2080,VHDU,3-6,245,307984.3,301895.845
1-j1:2080,VHDU,6-9,220,272331.75,272784.8525
1-j1:2080,VHDU,9-12,105,142852.44999999998,140283.65
1-k2:2160,VDU,0-3,115,127991.59999999999,114494.0475
1-k2:2160,VDU,12-15,46,26928.699999999997,35986.4275
1-k2:2160,VDU,15-18,15,6572.099999999999,13236.0175
1-k2:2160,VDU,18-21,2,905.35,1784.3374999999999
1-k2:2160,VDU,21-24,1,484.5,852.34
1-k2:2160,VDU,3-6,222,211847.15,203397.13749999998
1-k2:2160,VDU,6-9,157,153877.19999999998,153344.535
1-k2:2160,VDU,9-12,86,73922.34999999999,79434.1075
1-k2:2160,SDU,0-3,79,192409.19999999998,187986.94999999998
1-k2:2160,SDU,12-15,33,73553.75,75920.95999999999
1-k2:2160,SDU,15-18,3,8419.849999999999,9860.619999999999
1-k2:2160,SDU,18-21,1,3336.3999999999996,3653.3199999999997
1-k2:2160,SDU,3-6,277,738086.35,742958.7891666667
1-k2:2160,SDU,6-9,207,554709.75,546863.13
1-k2:2160,SDU,9-12,129,360253.3,363524.8308333333
1-k2:2160,VHDU,0-3,136,176802.6,177013.62666666665
1-k2:2160,VHDU,12-15,28,30007.649999999998,34767.435
1-k2:2160,VHDU,15-18,6,3768.6499999999996,4879.295
1-k2:2160,VHDU,3-6,254,357379.55,351705.18416666664
1-k2:2160,VHDU,6-9,189,270289.25,270407.4141666666
1-k2:2160,VHDU,9-12,115,171375.25,170849.995
1-k5:3992,VDU,0-3,219,227654.19999999998,210739.06999999998
1-k5:3992,VDU,12-15,39,28215.0,35021.94
1-k5:3992,VDU,15-18,20,11647.0,18270.9225
1-k5:3992,VDU,18-21,8,3507.3999999999996,6661.875
1-k5:3992,VDU,21-24,1,206.14999999999998,569.05
1-k5:3992,VDU,3-6,209,209219.44999999998,203063.6875
1-k5:3992,VDU,6-9,145,147378.25,145063.005
1-k5:3992,VDU,9-12,85,72102.15,79625.485
1-k5:3992,VDU,>=24,2,65.55,980.115
1-k5:3992,SDU,0-3,191,504246.69999999995,495261.6
1-k5:3992,SDU,12-15,6,14019.15,14608.387499999999
1-k5:3992,SDU,15-18,1,1961.75,2690.6375
1-k5:3992,SDU,3-6,348,947233.6,946678.0241666667
1-k5:3992,SDU,6-9,150,395409.94999999995,398702.30166666664
1-k5:3992,SDU,9-12,28,59307.549999999996,64237.74916666666
1-k5:3992,VHDU,0-3,222,307998.55,308610.255
1-k5:3992,VHDU,12-15,19,24317.149999999998,25431.8325
1-k5:3992,VHDU,15-18,6,6061.95,7158.0599999999995
1-k5:3992,VHDU,18-21,1,679.25,1706.4375
1-k5:3992,VHDU,3-6,253,369896.75,361170.33499999996
1-k5:3992,VHDU,6-9,167,257998.15,257906.8075
1-k5:3992,VHDU,9-12,64,77834.45,82802.52249999999
1-k7:11448,VDU,0-3,142,134234.05,125175.24583333333
1-k7:11448,VDU,12-15,19,10004.449999999999,14568.851666666666
1-k7:11448,VDU,15-18,8,3142.6,5622.48
1-k7:11448,VDU,18-21,2,1353.7499999999998,1678.6025
1-k7:11448,VDU,21-24,1,60.8,430.92
1-k7:11448,VDU,3-6,345,334843.64999999997,322218.70416666666
1-k7:11448,VDU,6-9,165,138881.44999999998,145897.3425
1-k7:11448,VDU,9-12,36,24274.399999999998,31203.00333333333
1-k7:11448,SDU,0-3,152,361663.1,361635.4075
1-k7:11448,SDU,12-15,4,5419.75,9074.4
1-k7:11448,SDU,3-6,407,1065925.65,1058785.1175
1-k7:11448,SDU,6-9,149,399316.35,402570.9075
1-k7:11448,SDU,9-12,20,50651.15,50910.167499999996
1-k7:11448,VHDU,0-3,171,222843.4,220124.7375
1-k7:11448,VHDU,12-15,7,11131.15,11834.4825
1-k7:11448,VHDU,15-18,3,1069.6999999999998,3131.4375
1-k7:11448,VHDU,3-6,364,489234.8,489722.76749999996
1-k7:11448,VHDU,6-9,165,223199.65,223393.83
1-k7:11448,VHDU,9-12,21,28391.699999999997,27591.42
1-m0:400,VDU,0-3,105,197903.05,189525.9025
1-m0:400,VDU,12-15,46,74129.45,82600.69499999999
1-m0:400,VDU,15-18,33,45660.799999999996,52091.064999999995
1-m0:400,VDU,18-21,14,17077.2,20881.76
1-m0:400,VDU,21-24,6,6763.049999999999,9955.477499999999
1-m0:400,VDU,3-6,201,357983.75,344073.51749999996
1-m0:400,VDU,6-9,171,300019.5,294619.5575
1-m0:400,VDU,9-12,114,189409.09999999998,192148.9
1-m0:400,VDU,>=24,4,2395.8999999999996,5444.924999999999
1-m0:400,SDU,0-3,136,476830.64999999997,476129.3283333333
1-m0:400,SDU,12-15,20,67393.0,66758.4475
1-m0:400,SDU,15-18,6,18583.899999999998,19137.892499999998
1-m0:400,SDU,18-21,1,1021.25,2203.525
1-m0:400,SDU,3-6,270,990970.6499999999,978378.4316666666
1-m0:400,SDU,6-9,161,569926.85,575801.8558333333
1-m0:400,SDU,9-12,76,268171.7,274488.51916666667
1-m0:400,VHDU,0-3,141,317891.85,316099.95999999996
1-m0:400,VHDU,12-15,28,61053.649999999994,63002.6225
1-m0:400,VHDU,15-18,13,24274.399999999998,25916.3325
1-m0:400,VHDU,18-21,6,13237.3,12954.7225
1-m0:400,VHDU,21-24,1,929.0999999999999,2126.575
1-m0:400,VHDU,3-6,225,497057.1,493810.2058333333
1-m0:400,VHDU,6-9,151,348709.85,345286.7625
1-m0:400,VHDU,9-12,104,228841.69999999998,232171.71916666665
1-m0:400,VHDU,>=24,1,166.25,792.3
1-m2:1203,VDU,0-3,57,46156.7,42325.54
1-m2:1203,VDU,12-15,24,17594.0,21064.825
1-m2:1203,VDU,15-18,10,4331.049999999999,6890.1125
1-m2:1203,VDU,18-21,4,1604.55,2912.9375
1-m2:1203,VDU,21-24,1,164.35,537.225
1-m2:1203,VDU,3-6,109,83431.84999999999,80222.655
1-m2:1203,VDU,6-9,103,84895.8,82830.12
1-m2:1203,VDU,9-12,56,37861.299999999996,39256.185
1-m2:1203,SDU,0-3,79,155813.3,155704.1925
1-m2:1203,SDU,12-15,8,19493.05,18669.2575
1-m2:1203,SDU,15-18,3,4967.55,5260.34
1-m2:1203,SDU,3-6,138,297246.45,290268.13
1-m2:1203,SDU,6-9,106,219961.09999999998,222647.50999999998
1-m2:1203,SDU,9-12,32,62524.25,67456.26999999999
1-m2:1203,VHDU,0-3,91,107580.84999999999,106358.39
1-m2:1203,VHDU,12-15,20,20357.55,23788.3325
1-m2:1203,VHDU,15-18,5,4331.05,4810.657499999999
1-m2:1203,VHDU,18-21,5,5985.0,5964.195
1-m2:1203,VHDU,21-24,1,567.15,1305.7749999999999
1-m2:1203,VHDU,3-6,121,144614.69999999998,142367.1425
1-m2:1203,VHDU,6-9,81,99485.9,99016.69499999999
1-m2:1203,VHDU,9-12,42,49572.899999999994,48883.9125
1-m2:373,VDU,0-3,52,39769.85,38713.45
1-m2:373,VDU,12-15,23,12735.7,14353.4075
1-m2:373,VDU,15-18,24,12545.699999999999,14666.099999999999
1-m2:373,VDU,18-21,10,5263.0,5613.075
1-m2:373,VDU,21-24,5,2217.3,3558.2249999999995
1-m2:373,VDU,3-6,102,74469.55,70603.7625
1-m2:373,VDU,6-9,82,55272.899999999994,54425.405
1-m2:373,VDU,9-12,62,45172.5,43902.3025
1-m2:373,VDU,>=24,4,659.3,2270.0724999999998
1-m2:373,SDU,0-3,68,129082.2,127433.56999999999
1-m2:373,SDU,12-15,15,24154.699999999997,23167.317499999997
1-m2:373,SDU,15-18,4,7331.150000000001,7558.295
1-m2:373,SDU,18-21,1,293.55,921.025
1-m2:373,SDU,3-6,151,280363.05,283541.94
1-m2:373,SDU,6-9,71,127084.34999999999,127839.8375
1-m2:373,SDU,9-12,56,110222.79999999999,108069.815
1-m2:373,VHDU,0-3,63,54044.549999999996,54358.572499999995
1-m2:373,VHDU,12-15,15,13903.25,12612.057499999999
1-m2:373,VHDU,15-18,9,7190.549999999999,7821.825
1-m2:373,VHDU,18-21,1,253.64999999999998,314.925
1-m2:373,VHDU,3-6,118,100283.9,99045.5275
1-m2:373,VHDU,6-9,92,82906.5,82726.33249999999
1-m2:373,VHDU,9-12,67,62391.25,63769.7475
1-m2:373,VHDU,>=24,1,0.0,324.66249999999997
1-m3:6273,VDU,0-3,103,76912.95,74365.05
1-m3:6273,VDU,12-15,74,44366.9,51103.255
1-m3:6273,VDU,15-18,27,9260.6,16796.0475
1-m3:6273,VDU,18-21,11,2944.0499999999997,6235.23
1-m3:6273,VDU,21-24,2,154.85,848.54
1-m3:6273,VDU,3-6,188,146490.0,135844.4425
1-m3:6273,VDU,6-9,198,150393.55,145932.4925
1-m3:6273,VDU,9-12,124,88208.45,87319.2025
1-m3:6273,VDU,>=24,1,56.05,343.14
1-m3:6273,SDU,0-3,90,169260.55,167972.255
1-m3:6273,SDU,12-15,10,20236.899999999998,20399.1125
1-m3:6273,SDU,15-18,2,1417.3999999999999,2167.9
1-m3:6273,SDU,3-6,395,773126.15,768519.5525
1-m3:6273,SDU,6-9,174,334455.1,336249.175
1-m3:6273,SDU,9-12,61,104119.05,107307.155
1-m3:6273,VHDU,0-3,108,102708.29999999999,100679.3375
1-m3:6273,VHDU,12-15,34,29374.95,31783.532499999998
1-m3:6273,VHDU,15-18,10,6732.65,8677.0625
1-m3:6273,VHDU,18-21,1,495.9,626.525
1-m3:6273,VHDU,3-6,331,342055.1,340047.65499999997
1-m3:6273,VHDU,6-9,170,174969.1,174989.47749999998
1-m3:6273,VHDU,9-12,78,75702.65,75235.06
1-m4:8799,VDU,0-3,103,74849.55,72187.175
1-m4:8799,VDU,12-15,74,44073.35,49116.2825
1-m4:8799,VDU,15-18,27,9365.099999999999,16224.955
1-m4:8799,VDU,18-21,11,2794.9,6067.8875
1-m4:8799,VDU,21-24,2,107.35,746.795
1-m4:8799,VDU,3-6,188,139201.6,130575.36249999999
1-m4:8799,VDU,6-9,198,144793.3,140682.2225
1-m4:8799,VDU,9-12,124,84978.45,84295.59
1-m4:8799,VDU,>=24,1,38.949999999999996,306.28
1-m4:8799,SDU,0-3,90,168456.85,166704.4325
1-m4:8799,SDU,12-15,10,19677.35,20054.2625
1-m4:8799,SDU,15-18,2,1371.7999999999997,2185.7124999999996
1-m4:8799,SDU,3-6,395,764265.5,758603.5475
1-m4:8799,SDU,6-9,174,328817.8,331481.41
1-m4:8799,SDU,9-12,61,102595.25,106155.185
1-m4:8799,VHDU,0-3,108,100388.4,98742.33499999999
1-m4:8799,VHDU,12-15,34,28671.949999999997,31097.965
1-m4:8799,VHDU,15-18,10,7394.799999999999,8522.545
1-m4:8799,VHDU,18-21,1,429.4,594.4625
1-m4:8799,VHDU,3-6,331,333069.05,331644.0025
1-m4:8799,VHDU,6-9,170,171308.75,170394.13749999998
1-m4:8799,VHDU,9-12,78,73200.34999999999,73467.2525
1-m5:13498,VDU,0-3,175,132051.9,124342.6025
1-m5:13498,VDU,12-15,21,12312.95,14392.404999999999
1-m5:13498,VDU,15-18,8,4043.2,5297.532499999999
1-m5:13498,VDU,18-21,1,324.9,651.9375
1-m5:13498,VDU,3-6,179,129591.4,124492.37
1-m5:13498,VDU,6-9,149,104677.65,107414.79
1-m5:13498,VDU,9-12,71,38700.15,44397.0625
1-m5:13498,VDU,>=24,1,70.3,783.75
1-m5:13498,SDU,0-3,129,242244.3,241299.54083333333
1-m5:13498,SDU,12-15,2,1085.85,2492.7999999999997
1-m5:13498,SDU,3-6,287,579945.5499999999,578009.1966666667
1-m5:13498,SDU,6-9,99,205719.65,203223.25583333333
1-m5:13498,SDU,9-12,41,71824.75,75795.30666666667
1-m5:13498,VHDU,0-3,162,157791.19999999998,156249.0175
1-m5:13498,VHDU,12-15,11,11883.55,11581.2125
1-m5:13498,VHDU,15-18,3,477.84999999999997,1825.5199999999998
1-m5:13498,VHDU,3-6,252,253928.34999999998,253450.08833333332
1-m5:13498,VHDU,6-9,104,104367.0,102998.84166666666
1-m5:13498,VHDU,9-12,44,40211.6,42554.869999999995
1-m7:691,VDU,0-3,171,179414.15,169688.66749999998
1-m7:691,VDU,12-15,21,15965.699999999999,19662.0075
1-m7:691,VDU,15-18,12,7872.65,10777.845
1-m7:691,VDU,18-21,2,1444.0,1845.1374999999998
1-m7:691,VDU,3-6,184,180927.5,173866.38749999998
1-m7:691,VDU,6-9,139,131999.65,134684.065
1-m7:691,VDU,9-12,65,52250.0,58482.4275
1-m7:691,VDU,>=24,1,106.39999999999999,973.5124999999999
1-m7:691,SDU,0-3,145,329458.1,328292.02249999996
1-m7:691,SDU,12-15,6,14007.75,15271.8675
1-m7:691,SDU,3-6,348,844916.7,841035.3641666666
1-m7:691,SDU,6-9,112,272385.89999999997,269594.7683333333
1-m7:691,SDU,9-12,44,93581.65,100156.0775
1-m7:691,VHDU,0-3,180,242253.8,237960.21166666667
1-m7:691,VHDU,12-15,16,21081.449999999997,21761.7925
1-m7:691,VHDU,15-18,4,2440.55,4174.395
1-m7:691,VHDU,3-6,299,406581.0,407992.11416666664
1-m7:691,VHDU,6-9,122,167180.05,165495.01916666667
1-m7:691,VHDU,9-12,47,59196.399999999994,61349.7175
1-m9:2190,VDU,0-3,211,184523.25,173994.9225
1-m9:2190,VDU,12-15,27,17053.45,20876.0125
1-m9:2190,VDU,15-18,12,6367.849999999999,9040.675
1-m9:2190,VDU,18-21,2,1091.55,1479.15
1-m9:2190,VDU,3-6,218,177628.15,170317.995
1-m9:2190,VDU,6-9,180,142877.15,146174.4575
1-m9:2190,VDU,9-12,77,48808.15,55692.799999999996
1-m9:2190,VDU,>=24,1,64.6,838.1374999999999
1-m9:2190,SDU,0-3,163,332753.64999999997,329725.1925
1-m9:2190,SDU,12-15,7,12837.349999999999,14808.695
1-m9:2190,SDU,3-6,390,850577.75,849629.7925
1-m9:2190,SDU,6-9,124,273025.25,269096.24
1-m9:2190,SDU,9-12,48,90210.09999999999,96144.18
1-m9:2190,VHDU,0-3,201,229427.84999999998,224615.055
1-m9:2190,VHDU,12-15,16,18175.399999999998,18543.239999999998
1-m9:2190,VHDU,15-18,4,2068.15,3621.0675
1-m9:2190,VHDU,3-6,323,369176.64999999997,371375.89999999997
1-m9:2190,VHDU,6-9,134,155172.05,152968.525
1-m9:2190,VHDU,9-12,54,56200.1,59096.4125
1-p1:2433,VDU,0-3,115,90532.15,87037.3375
1-p1:2433,VDU,12-15,53,34419.45,37351.6725
1-p1:2433,VDU,15-18,26,11689.75,16899.439166666667
1-p1:2433,VDU,18-21,15,5920.4,9944.0775
1-p1:2433,VDU,21-24,4,514.9,1799.1891666666666
1-p1:2433,VDU,3-6,196,165177.44999999998,153657.06916666665
1-p1:2433,VDU,6-9,143,107942.79999999999,108358.44083333333
1-p1:2433,VDU,9-12,105,79472.25,80797.91166666667
1-p1:2433,VDU,>=24,1,132.04999999999998,382.84999999999997
1-p1:2433,SDU,0-3,66,132219.1,132947.845
1-p1:2433,SDU,12-15,9,15180.05,16579.02
1-p1:2433,SDU,15-18,2,3415.25,3219.5499999999997
1-p1:2433,SDU,3-6,409,885309.75,881890.7474999999
1-p1:2433,SDU,6-9,177,370785.95,371216.6325
1-p1:2433,SDU,9-12,39,78564.04999999999,79620.355
1-p1:2433,VHDU,0-3,125,128578.7,129788.77833333332
1-p1:2433,VHDU,12-15,34,26112.649999999998,28644.495
1-p1:2433,VHDU,15-18,8,5088.2,5430.0575
1-p1:2433,VHDU,18-21,7,3648.0,4354.0875
1-p1:2433,VHDU,3-6,277,316964.64999999997,318347.88166666665
1-p1:2433,VHDU,6-9,160,188907.5,182617.91416666665
1-p1:2433,VHDU,9-12,66,75939.2,76147.12333333332
1-p2:9730,VDU,0-3,137,56196.299999999996,55075.4425
1-p2:9730,VDU,12-15,56,20291.05,21414.1875
1-p2:9730,VDU,15-18,27,6845.7,9563.27
1-p2:9730,VDU,18-21,15,3378.2,5373.389999999999
1-p2:9730,VDU,21-24,4,340.1,1062.48
1-p2:9730,VDU,3-6,217,94328.34999999999,88619.04
1-p2:9730,VDU,6-9,158,63451.45,63132.344999999994
1-p2:9730,VDU,9-12,113,46586.1,47042.67
1-p2:9730,VDU,>=24,1,75.05,209.475
1-p2:9730,SDU,0-3,73,77973.15,78853.705
1-p2:9730,SDU,12-15,9,8313.45,8806.785
1-p2:9730,SDU,15-18,2,1873.3999999999999,1775.3125
1-p2:9730,SDU,3-6,422,494091.19999999995,491779.66
1-p2:9730,SDU,6-9,184,208333.09999999998,207896.1475
1-p2:9730,SDU,9-12,42,45183.9,46656.59
1-p2:9730,VHDU,0-3,139,75342.59999999999,76279.0625
1-p2:9730,VHDU,12-15,35,14805.75,16240.6775
1-p2:9730,VHDU,15-18,8,2873.75,3136.4725
1-p2:9730,VHDU,18-21,7,2065.2999999999997,2419.8875
1-p2:9730,VHDU,3-6,296,181015.84999999998,182259.495
1-p2:9730,VHDU,6-9,175,110800.4,106752.5925
1-p2:9730,VHDU,9-12,72,44506.549999999996,44322.0125
1-p2:9731,VDU,0-3,137,56019.6,52695.93
1-p2:9731,VDU,12-15,56,18485.1,20242.885
1-p2:9731,VDU,15-18,27,6134.15,8893.3775
1-p2:9731,VDU,18-21,15,2836.7,5032.9574999999995
1-p2:9731,VDU,21-24,4,271.7,908.9599999999999
1-p2:9731,VDU,3-6,217,94057.59999999999,87323.9525
1-p2:9731,VDU,6-9,158,60306.0,60811.447499999995
1-p2:9731,VDU,9-12,113,43407.4,45482.627499999995
1-p2:9731,VDU,>=24,1,75.05,201.1625
1-p2:9731,SDU,0-3,73,68924.4,68587.9575
1-p2:9731,SDU,12-15,9,7240.9,8207.5725
1-p2:9731,SDU,15-18,2,1631.1499999999999,1532.8249999999998
1-p2:9731,SDU,3-6,422,432967.25,431043.3575
1-p2:9731,SDU,6-9,184,182032.34999999998,183993.19749999998
1-p2:9731,SDU,9-12,42,40389.25,39820.39
1-p2:9731,VHDU,0-3,139,69802.2,69931.9225
1-p2:9731,VHDU,12-15,35,13188.849999999999,14719.109999999999
1-p2:9731,VHDU,15-18,8,2486.1499999999996,2795.09
1-p2:9731,VHDU,18-21,7,1752.75,2199.25
1-p2:9731,VHDU,3-6,296,167342.5,166848.97499999998
1-p2:9731,VHDU,6-9,175,96192.25,94348.34749999999
1-p2:9731,VHDU,9-12,72,40280.95,40202.954999999994
1-p4:10548,VDU,0-3,120,153915.19999999998,146130.6625
1-p4:10548,VDU,12-15,13,13213.55,16927.907499999998
1-p4:10548,VDU,15-18,1,383.79999999999995,925.3
1-p4:10548,VDU,18-21,1,1131.45,1017.6875
1-p4:10548,VDU,3-6,107,132369.19999999998,129706.06499999999
1-p4:10548,VDU,6-9,57,66075.34999999999,68211.66249999999
1-p4:10548,VDU,9-12,32,32660.05,36829.314999999995
1-p4:10548,SDU,0-3,149,403125.85,399522.5158333333
1-p4:10548,SDU,12-15,6,18104.149999999998,16810.915
1-p4:10548,SDU,3-6,177,485097.55,484680.29416666663
1-p4:10548,SDU,6-9,60,158883.69999999998,163987.54333333333
1-p4:10548,SDU,9-12,21,55806.799999999996,56016.78166666666
1-p4:10548,VHDU,0-3,145,251098.3,245110.4025
1-p4:10548,VHDU,12-15,12,16981.25,17205.212499999998
1-p4:10548,VHDU,15-18,3,3686.0,3857.475
1-p4:10548,VHDU,3-6,121,206081.6,209134.50416666665
1-p4:10548,VHDU,6-9,48,78476.65,79523.59749999999
1-p4:10548,VHDU,9-12,17,28775.5,30268.108333333334
1-p4:9882,VDU,0-3,66,70386.45,65560.83
1-p4:9882,VDU,12-15,16,10397.75,14864.3175
1-p4:9882,VDU,15-18,4,2526.05,3033.9199999999996
1-p4:9882,VDU,18-21,1,113.05,604.1999999999999
1-p4:9882,VDU,3-6,74,87308.79999999999,80090.5575
1-p4:9882,VDU,6-9,56,54974.6,56500.157499999994
1-p4:9882,VDU,9-12,26,19813.2,24865.9175
1-p4:9882,SDU,0-3,46,98591.95,97886.86
1-p4:9882,SDU,12-15,3,7128.799999999999,6348.375
1-p4:9882,SDU,3-6,72,168727.6,169523.44666666666
1-p4:9882,SDU,6-9,24,51183.149999999994,51943.59333333333
1-p4:9882,SDU,9-12,1,1460.1499999999999,1389.375
1-p4:9882,VHDU,0-3,85,103491.09999999999,101577.3725
1-p4:9882,VHDU,12-15,6,4502.05,4787.2875
1-p4:9882,VHDU,18-21,1,764.75,1116.4875
1-p4:9882,VHDU,3-6,77,99468.79999999999,101514.34
1-p4:9882,VHDU,6-9,27,31016.55,29410.4325
1-p4:9882,VHDU,9-12,7,5024.55,5861.879999999999
1-p5:2469,VDU,0-3,205,502346.69999999995,478181.96166666667
1-p5:2469,VDU,12-15,32,55861.899999999994,70314.25
1-p5:2469,VDU,15-18,4,6105.65,6428.9349999999995
1-p5:2469,VDU,18-21,1,323.0,1560.6125
1-p5:2469,VDU,3-6,178,431661.94999999995,414598.50916666666
1-p5:2469,VDU,6-9,118,261919.75,269818.73083333333
1-p5:2469,VDU,9-12,63,120864.7,138180.65083333332
1-p5:2469,SDU,0-3,248,1176734.5999999999,1165615.0875
1-p5:2469,SDU,12-15,9,43408.35,41430.259999999995
1-p5:2469,SDU,3-6,292,1391521.05,1400754.4324999999
1-p5:2469,SDU,6-9,102,475485.44999999995,478860.61
1-p5:2469,SDU,9-12,26,120672.79999999999,121161.85999999999
1-p5:2469,VHDU,0-3,277,858531.1499999999,846590.5208333333
1-p5:2469,VHDU,12-15,19,53071.75,52896.0
1-p5:2469,VHDU,15-18,4,9687.15,11118.135
1-p5:2469,VHDU,18-21,1,2053.9,2681.85
1-p5:2469,VHDU,3-6,239,747884.6499999999,757950.1216666666
1-p5:2469,VHDU,6-9,95,289764.25,288137.35916666663
1-p5:2469,VHDU,9-12,33,95881.59999999999,97500.46333333333
1-p6:77,VDU,0-3,170,226226.34999999998,214444.33916666664
1-p6:77,VDU,12-15,25,23890.6,30110.186666666665
1-p6:77,VDU,15-18,2,1787.8999999999999,1976.7599999999998
1-p6:77,VDU,18-21,1,142.5,803.5099999999999
1-p6:77,VDU,3-6,147,191316.69999999998,182220.13333333333
1-p6:77,VDU,6-9,97,114623.2,120991.4775
1-p6:77,VDU,9-12,53,54825.45,62266.29333333333
1-p6:77,SDU,0-3,235,586160.45,578365.225
1-p6:77,SDU,12-15,9,23083.1,21903.6275
1-p6:77,SDU,18-21,1,2410.15,2410.15
1-p6:77,SDU,3-6,277,691567.7,697295.4558333333
1-p6:77,SDU,6-9,102,247660.25,251302.01166666666
1-p6:77,SDU,9-12,23,58217.899999999994,57823.079999999994
1-p6:77,VHDU,0-3,245,406039.5,401506.6383333333
1-p6:77,VHDU,12-15,15,21147.95,21466.9125
1-p6:77,VHDU,15-18,3,3980.5,4675.9
1-p6:77,VHDU,18-21,1,1166.6,1490.3125
1-p6:77,VHDU,3-6,219,366876.69999999995,370871.86166666663
1-p6:77,VHDU,6-9,92,152109.25,150566.18083333332
1-p6:77,VHDU,9-12,28,43633.5,44376.19416666667
1-p6:78,VDU,0-3,178,241744.59999999998,230549.1825
1-p6:78,VDU,12-15,27,26781.45,33702.215833333335
1-p6:78,VDU,15-18,2,1827.8,2068.91
1-p6:78,VDU,18-21,1,154.85,813.5799999999999
1-p6:78,VDU,3-6,157,211340.8,200688.00666666665
1-p6:78,VDU,6-9,103,124789.15,130968.235
1-p6:78,VDU,9-12,56,59966.85,67815.37
1-p6:78,SDU,0-3,249,673528.15,666533.9808333333
1-p6:78,SDU,12-15,9,24116.699999999997,23162.14
1-p6:78,SDU,18-21,1,2698.95,2651.45
1-p6:78,SDU,3-6,285,764803.2,769933.7383333333
1-p6:78,SDU,6-9,106,279423.5,280511.4083333333
1-p6:78,SDU,9-12,26,67535.5,69313.2825
1-p6:78,VHDU,0-3,270,472540.44999999995,466234.0966666666
1-p6:78,VHDU,12-15,20,29534.55,30444.1275
1-p6:78,VHDU,15-18,5,7542.999999999999,8321.8575
1-p6:78,VHDU,18-21,1,1151.3999999999999,1484.6125
1-p6:78,VHDU,3-6,241,421384.85,425077.9433333333
1-p6:78,VHDU,6-9,98,165264.85,165915.3308333333
1-p6:78,VHDU,9-12,30,50894.35,50835.48166666667
1-p7:2260,VDU,0-3,105,821033.7,810418.7324999999
1-p7:2260,VDU,12-15,77,567301.0499999999,584102.6074999999
1-p7:2260,VDU,15-18,62,461499.55,458382.125
1-p7:2260,VDU,18-21,21,157086.3,158664.44
1-p7:2260,VDU,21-24,7,49987.1,49935.895
1-p7:2260,VDU,3-6,161,1249675.5999999999,1240051.7674999998
1-p7:2260,VDU,6-9,166,1252490.45,1262196.6475
1-p7:2260,VDU,9-12,127,993330.45,985957.6425
1-p7:2260,VDU,>=24,2,9830.599999999999,12524.9425
1-p7:2260,SDU,0-3,124,1294303.75,1290332.56
1-p7:2260,SDU,12-15,41,408478.14999999997,410842.51
1-p7:2260,SDU,15-18,12,119588.84999999999,121135.06999999999
1-p7:2260,SDU,18-21,4,32785.45,38619.6375
1-p7:2260,SDU,3-6,327,3511245.5999999996,3485739.1925
1-p7:2260,SDU,6-9,133,1348651.3499999999,1373811.055
1-p7:2260,SDU,9-12,91,927715.85,922288.975
1-p7:2260,VHDU,0-3,138,1167567.0999999999,1171593.6275
1-p7:2260,VHDU,12-15,49,378559.8,383785.65499999997
1-p7:2260,VHDU,15-18,25,192097.59999999998,196062.805
1-p7:2260,VHDU,18-21,8,48216.299999999996,51804.07
1-p7:2260,VHDU,21-24,1,9082.0,9368.425
1-p7:2260,VHDU,3-6,230,1968328.75,1972490.51
1-p7:2260,VHDU,6-9,187,1530317.95,1529532.0625
1-p7:2260,VHDU,9-12,93,800151.75,779227.145
1-p7:2260,VHDU,>=24,1,4495.4,4952.349999999999
1-p7:2785,VDU,0-3,15,97960.2,98698.4925
1-p7:2785,VDU,12-15,11,67650.45,73550.70999999999
1-p7:2785,VDU,15-18,7,50290.149999999994,49286.316666666666
1-p7:2785,VDU,18-21,4,27912.899999999998,28262.7375
1-p7:2785,VDU,3-6,27,190639.35,186370.28749999998
1-p7:2785,VDU,6-9,20,142177.0,138030.6775
1-p7:2785,VDU,9-12,23,165295.25,164979.31166666665
1-p7:2785,VDU,>=24,1,3325.95,6072.716666666666
1-p7:2785,SDU,3-6,4,36616.799999999996,36606.825
1-p7:2785,SDU,6-9,2,18069.949999999997,18069.949999999997
1-p7:2785,SDU,9-12,2,17710.85,17720.824999999997
1-p7:2785,VHDU,0-3,8,60971.0,63536.475
1-p7:2785,VHDU,12-15,2,16705.75,17016.637499999997
1-p7:2785,VHDU,15-18,1,8715.3,8220.92
1-p7:2785,VHDU,3-6,30,244116.75,241283.88166666665
1-p7:2785,VHDU,6-9,24,191739.44999999998,193996.42833333332
1-p7:2785,VHDU,9-12,13,106314.5,104508.4075
1-p8:189,VDU,0-3,19,107099.2,107137.76999999999
1-p8:189,VDU,12-15,13,72790.9,75807.245
1-p8:189,VDU,15-18,8,48654.25,48718.7075
1-p8:189,VDU,18-21,4,24202.199999999997,24425.735
1-p8:189,VDU,3-6,27,163899.69999999998,159564.5175
1-p8:189,VDU,6-9,23,134324.3,133575.1775
1-p8:189,VDU,9-12,26,160167.15,159899.10749999998
1-p8:189,VDU,>=24,1,2619.15,4628.589999999999
1-p8:189,SDU,0-3,1,9038.3,8522.449999999999
1-p8:189,SDU,3-6,9,79270.84999999999,79263.725
1-p8:189,SDU,6-9,3,28085.8,27365.225
1-p8:189,SDU,9-12,2,16701.0,17944.55
1-p8:189,VHDU,0-3,8,53371.95,55556.854999999996
1-p8:189,VHDU,12-15,2,14867.5,14923.3125
1-p8:189,VHDU,15-18,1,7646.549999999999,7183.139999999999
1-p8:189,VHDU,3-6,30,216414.75,213590.0833333333
1-p8:189,VHDU,6-9,24,168840.65,171177.63416666666
1-p8:189,VHDU,9-12,13,93559.79999999999,92270.17499999999
1-p9:1053,VDU,0-3,89,307043.8,298371.25
1-p9:1053,VDU,12-15,62,177790.6,186283.59999999998
1-p9:1053,VDU,15-18,46,132994.3,135758.1825
1-p9:1053,VDU,18-21,12,32528.95,35036.095
1-p9:1053,VDU,21-24,5,13833.9,14874.34
1-p9:1053,VDU,3-6,128,416872.35,411906.985
1-p9:1053,VDU,6-9,113,358037.89999999997,354172.635
1-p9:1053,VDU,9-12,101,319599.94999999995,320329.5975
1-p9:1053,VDU,>=24,2,3609.05,5578.115
1-p9:1053,SDU,0-3,124,768656.3999999999,761583.6499999999
1-p9:1053,SDU,12-15,41,221882.0,231771.7375
1-p9:1053,SDU,15-18,12,63900.799999999996,68914.9475
1-p9:1053,SDU,18-21,4,17396.399999999998,20075.875
1-p9:1053,SDU,3-6,327,1998610.0,1979072.775
1-p9:1053,SDU,6-9,133,748999.95,759073.37
1-p9:1053,SDU,9-12,91,516372.5,515325.695
1-p9:1053,VHDU,0-3,135,543080.7999999999,545820.0775
1-p9:1053,VHDU,12-15,44,176206.0,174629.285
1-p9:1053,VHDU,15-18,17,66690.0,67364.6425
1-p9:1053,VHDU,18-21,7,22964.35,24572.4625
1-p9:1053,VHDU,21-24,1,3028.6,3374.1625
1-p9:1053,VHDU,3-6,212,862048.0499999999,860708.1541666667
1-p9:1053,VHDU,6-9,176,684896.7999999999,688944.2433333333
1-p9:1053,VHDU,9-12,81,330384.35,323566.485
1-p9:1053,VHDU,>=24,1,2242.0,2561.4375
1-q0:410,VDU,0-3,105,243224.69999999998,235032.94499999998
1-q0:410,VDU,12-15,77,154510.85,162041.16749999998
1-q0:410,VDU,15-18,62,118836.45,123784.19249999999
1-q0:410,VDU,18-21,21,36582.6,40456.32
1-q0:410,VDU,21-24,7,13072.0,14107.2625
1-q0:410,VDU,3-6,161,358203.2,349774.9425
1-q0:410,VDU,6-9,166,350137.69999999995,348686.385
1-q0:410,VDU,9-12,127,271896.64999999997,271145.295
1-q0:410,VDU,>=24,2,2242.0,3677.6400000000003
1-q0:410,SDU,0-3,112,543915.85,535837.145
1-q0:410,SDU,12-15,32,132052.85,140401.16499999998
1-q0:410,SDU,15-18,11,45487.9,49446.1225
1-q0:410,SDU,18-21,3,8225.099999999999,10672.5375
1-q0:410,SDU,3-6,275,1315114.45,1302388.9625
1-q0:410,SDU,6-9,98,426132.94999999995,432646.14999999997
1-q0:410,SDU,9-12,70,311945.8,311482.8175
1-q0:410,VHDU,0-3,128,363985.85,366273.9883333333
1-q0:410,VHDU,12-15,43,119303.84999999999,119892.375
1-q0:410,VHDU,15-18,20,49379.1,51464.3975
1-q0:410,VHDU,18-21,8,17736.5,19245.4325
1-q0:410,VHDU,21-24,1,2074.7999999999997,2314.4375
1-q0:410,VHDU,3-6,200,578343.85,575944.3558333333
1-q0:410,VHDU,6-9,162,447089.95,448960.02499999997
1-q0:410,VHDU,9-12,77,221923.8,215516.1133333333
1-q0:410,VHDU,>=24,1,1548.5,1775.0749999999998
1-q3:45,VDU,0-3,47,47608.299999999996,45852.225
1-q3:45,VDU,12-15,59,51397.85,55165.2175
1-q3:45,VDU,15-18,37,32194.55,32882.144166666665
1-q3:45,VDU,18-21,11,7273.2,8924.68
1-q3:45,VDU,21-24,5,3909.25,4511.7875
1-q3:45,VDU,3-6,110,108108.09999999999,105073.24583333333
1-q3:45,VDU,6-9,117,111808.34999999999,110431.75249999999
1-q3:45,VDU,9-12,89,85757.45,84844.5475
1-q3:45,VDU,>=24,1,549.1,920.55
1-q3:45,SDU,0-3,71,159337.8,156923.7075
1-q3:45,SDU,12-15,28,57738.15,60417.1025
1-q3:45,SDU,15-18,16,34787.1,37258.1925
1-q3:45,SDU,18-21,5,10428.15,10432.1875
1-q3:45,SDU,3-6,192,440076.1,435779.20249999996
1-q3:45,SDU,6-9,104,222577.4,229110.07499999998
1-q3:45,SDU,9-12,72,156892.5,151916.73249999998
1-q3:45,VHDU,0-3,58,77133.34999999999,77720.5925
1-q3:45,VHDU,12-15,44,55253.899999999994,54851.2425
1-q3:45,VHDU,15-18,16,19775.199999999997,20117.9125
1-q3:45,VHDU,18-21,8,8336.25,9441.2425
1-q3:45,VHDU,3-6,158,203747.44999999998,206075.5675
1-q3:45,VHDU,6-9,133,167658.85,166667.43
1-q3:45,VHDU,9-12,68,89270.54999999999,86363.075
1-q3:45,VHDU,>=24,1,1122.8999999999999,1061.3875
1-q4:287,SDU,0-3,1,2243.9,2243.9
1-q4:287,SDU,3-6,8,19925.3,19754.3
1-q4:287,SDU,6-9,1,2908.9,2717.95
1-q4:287,SDU,9-12,2,4456.45,4818.4
1-q5:13666,VDU,0-3,203,187984.1,177154.65416666667
1-q5:13666,VDU,12-15,17,8636.449999999999,12269.06
1-q5:13666,VDU,15-18,2,399.0,1699.9775
1-q5:13666,VDU,18-21,1,505.4,866.4
1-q5:13666,VDU,3-6,133,116074.79999999999,114261.42416666666
1-q5:13666,VDU,6-9,91,74409.7,77249.25
1-q5:13666,VDU,9-12,34,23415.6,27924.284166666665
1-q5:13666,SDU,0-3,171,422249.35,425664.02999999997
1-q5:13666,SDU,12-15,1,2569.75,2349.825
1-q5:13666,SDU,3-6,368,969392.35,959693.6575
1-q5:13666,SDU,6-9,64,155113.15,157323.03999999998
1-q5:13666,SDU,9-12,6,8683.0,12977.0475
1-q5:13666,VHDU,0-3,188,234267.15,232534.2075
1-q5:13666,VHDU,12-15,5,4026.1,4312.2875
1-q5:13666,VHDU,3-6,224,296756.25,298197.9225
1-q5:13666,VHDU,6-9,51,63834.299999999996,62437.799999999996
1-q5:13666,VHDU,9-12,15,17053.45,18455.032499999998
1-q6:82,VDU,0-3,295,169534.15,157313.065
1-q6:82,VDU,12-15,21,5989.75,8942.571666666667
1-q6:82,VDU,15-18,2,100.69999999999999,1162.8
1-q6:82,VDU,18-21,2,355.29999999999995,821.7025
1-q6:82,VDU,3-6,192,100434.95,99500.68833333332
1-q6:82,VDU,6-9,127,62928.0,66987.69833333333
1-q6:82,VDU,9-12,48,19343.899999999998,23958.224166666667
1-q6:82,SDU,0-3,213,389595.94999999995,389560.5625
1-q6:82,SDU,12-15,1,1996.8999999999999,1809.2749999999999
1-q6:82,SDU,3-6,433,824834.65,818274.9475
1-q6:82,SDU,6-9,78,137752.85,141153.185
1-q6:82,SDU,9-12,7,7614.25,10996.63
1-q6:82,VHDU,0-3,319,266219.45,265697.5675
1-q6:82,VHDU,12-15,9,3801.8999999999996,5255.21
1-q6:82,VHDU,15-18,1,121.6,734.7299999999999
1-q6:82,VHDU,3-6,290,257542.15,254668.63749999998
1-q6:82,VHDU,6-9,67,54207.0,53950.88
1-q6:82,VHDU,9-12,23,15706.349999999999,17291.425
1-q7:2281,VDU,0-3,187,93633.9,87778.06833333333
1-q7:2281,VDU,12-15,20,3892.1499999999996,7512.077499999999
1-q7:2281,VDU,15-18,2,65.55,591.6125
1-q7:2281,VDU,18-21,2,552.9,959.975
1-q7:2281,VDU,3-6,271,130690.54999999999,125108.60333333333
1-q7:2281,VDU,6-9,182,79130.25,80231.22083333333
1-q7:2281,VDU,9-12,62,20906.649999999998,26690.392499999998
1-q7:2281,SDU,0-3,200,326047.6,324965.93
1-q7:2281,SDU,3-6,420,724603.95,715128.2224999999
1-q7:2281,SDU,6-9,100,155566.3,162643.03999999998
1-q7:2281,SDU,9-12,12,11977.6,15458.2575
1-q7:2281,VHDU,0-3,213,159315.94999999998,159836.97749999998
1-q7:2281,VHDU,12-15,6,2653.35,3039.05
1-q7:2281,VHDU,15-18,1,85.5,664.43
1-q7:2281,VHDU,3-6,394,301900.5,299668.4275
1-q7:2281,VHDU,6-9,88,64068.0,61950.924999999996
1-q7:2281,VHDU,9-12,30,15463.15,18326.64
1-q9:7296,VDU,0-3,156,56902.149999999994,53546.369999999995
1-q9:7296,VDU,12-15,34,6987.25,10097.644999999999
1-q9:7296,VDU,15-18,17,2804.3999999999996,4861.0075
1-q9:7296,VDU,18-21,2,379.04999999999995,495.80499999999995
1-q9:7296,VDU,21-24,1,170.04999999999998,311.59999999999997
1-q9:7296,VDU,3-6,227,81324.75,77933.44
1-q9:7296,VDU,6-9,180,62959.35,61085.9025
1-q9:7296,VDU,9-12,107,33360.2,36555.43
1-q9:7296,SDU,0-3,95,125184.34999999999,126200.78666666667
1-q9:7296,SDU,12-15,9,8690.6,10276.5775
1-q9:7296,SDU,15-18,2,818.9,2135.8374999999996
1-q9:7296,SDU,3-6,431,607044.2999999999,602274.1283333333
1-q9:7296,SDU,6-9,155,212231.9,212362.62
1-q9:7296,SDU,9-12,37,45707.35,46427.45
1-q9:7296,VHDU,0-3,149,80951.4,82540.655
1-q9:7296,VHDU,12-15,22,9238.75,10267.22
1-q9:7296,VHDU,15-18,3,1549.4499999999998,1692.2825
1-q9:7296,VHDU,18-21,2,539.6,1003.3425
1-q9:7296,VHDU,3-6,348,200477.55,201658.115
1-q9:7296,VHDU,6-9,164,98226.2,94483.76999999999
1-q9:7296,VHDU,9-12,44,23921.95,23259.515
1-r1:1200,VDU,0-3,176,63837.149999999994,58998.895
1-r1:1200,VDU,12-15,39,8379.949999999999,11858.5175
1-r1:1200,VDU,15-18,12,1201.75,3471.87
1-r1:1200,VDU,18-21,1,2.8499999999999996,244.3875
1-r1:1200,VDU,3-6,178,64094.6,62330.16499999999
1-r1:1200,VDU,6-9,173,61139.15,58947.4525
1-r1:1200,VDU,9-12,118,38030.4,40834.5625
1-r1:1200,SDU,0-3,117,168987.9,169929.5875
1-r1:1200,SDU,12-15,7,8710.55,9255.375
1-r1:1200,SDU,15-18,2,363.85,2307.3125
1-r1:1200,SDU,18-21,1,447.45,1215.2875
1-r1:1200,SDU,3-6,324,492156.05,487275.3933333333
1-r1:1200,SDU,6-9,146,212192.94999999998,213615.79666666666
1-r1:1200,SDU,9-12,24,32832.95,32092.9475
1-r1:1200,VHDU,0-3,153,88855.4,90564.60833333332
1-r1:1200,VHDU,12-15,21,10752.1,11942.117499999998
1-r1:1200,VHDU,15-18,1,370.5,702.81
1-r1:1200,VHDU,18-21,1,99.75,596.03
1-r1:1200,VHDU,3-6,243,155991.9,153984.88249999998
1-r1:1200,VHDU,6-9,156,95718.2,94216.28166666666
1-r1:1200,VHDU,9-12,54,29263.8,29044.92
1-r3:17550,VDU,0-3,157,34400.45,31158.1475
1-r3:17550,VDU,12-15,47,5598.349999999999,8125.0175
1-r3:17550,VDU,15-18,24,1677.6999999999998,3619.785
1-r3:17550,VDU,18-21,3,466.45,648.85
1-r3:17550,VDU,3-6,223,46808.4,43997.729999999996
1-r3:17550,VDU,6-9,158,31798.399999999998,31266.4475
1-r3:17550,VDU,9-12,114,21503.25,23437.0225
1-r3:17550,SDU,0-3,80,93992.04999999999,94866.14499999999
1-r3:17550,SDU,12-15,6,4814.599999999999,5838.7
1-r3:17550,SDU,15-18,4,639.35,2932.8875
1-r3:17550,SDU,3-6,378,451719.3,449755.69749999995
1-r3:17550,SDU,6-9,201,230867.09999999998,229649.38999999998
1-r3:17550,SDU,9-12,54,59577.35,58566.93
1-r3:17550,VHDU,0-3,155,66027.84999999999,67715.68333333333
1-r3:17550,VHDU,12-15,24,7568.65,8067.732499999999
1-r3:17550,VHDU,15-18,3,1216.0,1070.46
1-r3:17550,VHDU,18-21,2,209.0,707.6075
1-r3:17550,VHDU,21-24,1,24.7,442.51
1-r3:17550,VHDU,3-6,288,129830.79999999999,127796.88166666667
1-r3:17550,VHDU,6-9,159,71979.59999999999,72459.8725
1-r3:17550,VHDU,9-12,67,32533.699999999997,31129.552499999998
1-r4:3,VDU,0-3,157,34495.45,31244.3125
1-r4:3,VDU,12-15,47,5625.9,8157.9349999999995
1-r4:3,VDU,15-18,24,1679.6,3635.8399999999997
1-r4:3,VDU,18-21,3,471.19999999999993,655.2625
1-r4:3,VDU,3-6,225,47347.049999999996,44533.435
1-r4:3,VDU,6-9,158,31928.55,31390.802499999998
1-r4:3,VDU,9-12,114,21562.149999999998,23492.3125
1-r4:3,SDU,0-3,81,96275.84999999999,97034.70999999999
1-r4:3,SDU,12-15,6,4840.25,5876.225
1-r4:3,SDU,15-18,4,645.05,2959.9625
1-r4:3,SDU,3-6,384,465469.6,463728.20249999996
1-r4:3,SDU,6-9,202,234870.4,233305.32249999998
1-r4:3,SDU,9-12,55,61567.6,60764.3275
1-r4:3,VHDU,0-3,157,66892.34999999999,68661.88333333333
1-r4:3,VHDU,12-15,25,7728.249999999999,8181.368333333333
1-r4:3,VHDU,15-18,6,2216.35,2043.9724999999999
1-r4:3,VHDU,18-21,2,210.9,712.405
1-r4:3,VHDU,21-24,1,24.7,444.03
1-r4:3,VHDU,3-6,297,133322.05,131326.82833333334
1-r4:3,VHDU,6-9,161,73532.84999999999,73598.65333333334
1-r4:3,VHDU,9-12,69,32871.9,31830.209166666664
1-s1:1024,VDU,0-3,152,29894.6,28251.289999999997
1-s1:1024,VDU,12-15,83,14213.9,16364.984999999999
1-s1:1024,VDU,15-18,47,6616.75,8111.669999999999
1-s1:1024,VDU,18-21,15,1754.6499999999999,2656.8175
1-s1:1024,VDU,21-24,3,317.29999999999995,680.1999999999999
1-s1:1024,VDU,3-6,141,28756.5,27444.17
1-s1:1024,VDU,6-9,164,34689.25,32975.877499999995
1-s1:1024,VDU,9-12,120,22854.149999999998,22461.704999999998
1-s1:1024,VDU,>=24,1,2.8499999999999996,177.17499999999998
1-s1:1024,SDU,0-3,42,41354.45,42676.755
1-s1:1024,SDU,12-15,38,34824.15,35899.2175
1-s1:1024,SDU,15-18,12,10180.199999999999,10897.4975
1-s1:1024,SDU,18-21,2,1119.1000000000001,1743.25
1-s1:1024,SDU,21-24,1,216.6,788.2624999999999
1-s1:1024,SDU,3-6,276,289694.89999999997,286717.44166666665
1-s1:1024,SDU,6-9,244,246656.09999999998,246212.06999999998
1-s1:1024,SDU,9-12,114,109784.84999999999,108895.85583333333
1-s1:1024,VHDU,0-3,104,39465.85,40065.55333333333
1-s1:1024,VHDU,12-15,63,27010.399999999998,26253.629999999997
1-s1:1024,VHDU,15-18,21,7504.049999999999,7308.73
1-s1:1024,VHDU,18-21,6,1724.25,2036.2775
1-s1:1024,VHDU,3-6,219,85704.25,87572.82083333333
1-s1:1024,VHDU,6-9,180,75349.25,74843.3275
1-s1:1024,VHDU,9-12,126,49849.35,48527.06083333333
1-s4:8164,VDU,0-3,91,17690.899999999998,16780.8
1-s4:8164,VDU,12-15,59,7758.65,10428.8625
1-s4:8164,VDU,15-18,25,2447.2,3646.3375
1-s4:8164,VDU,18-21,12,1015.55,1900.4275
1-s4:8164,VDU,21-24,1,8.549999999999999,66.30999999999999
1-s4:8164,VDU,3-6,222,45771.0,41447.36
1-s4:8164,VDU,6-9,199,38931.95,38058.52
1-s4:8164,VDU,9-12,119,20535.2,21830.3825
1-s4:8164,SDU,0-3,76,72434.65,73483.1175
1-s4:8164,SDU,12-15,38,34176.25,36524.792499999996
1-s4:8164,SDU,15-18,6,4235.1,4816.1675
1-s4:8164,SDU,18-21,3,560.5,2099.7375
1-s4:8164,SDU,21-24,1,232.75,763.5625
1-s4:8164,SDU,3-6,341,333219.14999999997,329450.3575
1-s4:8164,SDU,6-9,197,186220.9,183631.675
1-s4:8164,SDU,9-12,70,63977.75,64287.64
1-s4:8164,VHDU,0-3,117,44044.85,45108.042499999996
1-s4:8164,VHDU,12-15,24,6876.099999999999,7986.2699999999995
1-s4:8164,VHDU,15-18,10,3322.1499999999996,3287.1425
1-s4:8164,VHDU,18-21,5,608.0,1156.6725
1-s4:8164,VHDU,21-24,1,45.599999999999994,438.14
1-s4:8164,VHDU,3-6,299,117927.29999999999,117342.67
1-s4:8164,VHDU,6-9,192,75978.15,73783.65
1-s4:8164,VHDU,9-12,84,31234.1,30933.6625
1-s5:10739,VDU,0-3,91,8805.55,8312.9275
1-s5:10739,VDU,12-15,59,3705.95,4975.6725
1-s5:10739,VDU,15-18,25,1243.55,1782.77
1-s5:10739,VDU,18-21,12,499.7,911.81
1-s5:10739,VDU,21-24,1,2.8499999999999996,35.72
1-s5:10739,VDU,3-6,222,21798.7,19890.2925
1-s5:10739,VDU,6-9,199,18223.85,17827.6525
1-s5:10739,VDU,9-12,119,9754.6,10297.904999999999
1-s5:10739,SDU,0-3,76,29905.05,30049.734999999997
1-s5:10739,SDU,12-15,38,14041.949999999999,14792.64
1-s5:10739,SDU,15-18,6,1883.85,2050.6225
1-s5:10739,SDU,18-21,3,263.15,873.525
1-s5:10739,SDU,21-24,1,95.94999999999999,312.075
1-s5:10739,SDU,3-6,341,137408.0,136605.82
1-s5:10739,SDU,6-9,197,77231.2,76164.825
1-s5:10739,SDU,9-12,70,26608.55,26588.4575
1-s5:10739,VHDU,0-3,117,18864.149999999998,19187.434999999998
1-s5:10739,VHDU,12-15,24,2888.0,3517.5649999999996
1-s5:10739,VHDU,15-18,10,1381.3,1398.3525
1-s5:10739,VHDU,18-21,5,291.65,552.4725
1-s5:10739,VHDU,21-24,1,21.849999999999998,180.68999999999997
1-s5:10739,VHDU,3-6,299,50480.149999999994,50205.695
1-s5:10739,VHDU,6-9,192,32794.0,31806.902499999997
1-s5:10739,VHDU,9-12,84,13521.349999999999,13393.3375
1-s5:10740,VDU,0-3,91,10821.449999999999,10260.6175
1-s5:10740,VDU,12-15,59,4601.8,6374.88
1-s5:10740,VDU,15-18,25,1475.35,2206.1375
1-s5:10740,VDU,18-21,12,627.0,1181.135
1-s5:10740,VDU,21-24,1,1.9,37.43
1-s5:10740,VDU,3-6,222,27660.199999999997,25100.3775
1-s5:10740,VDU,6-9,199,24350.399999999998,23484.57
1-s5:10740,VDU,9-12,119,12709.099999999999,13602.0525
1-s5:10740,SDU,0-3,76,44842.85,45563.8525
1-s5:10740,SDU,12-15,38,21357.899999999998,22860.087499999998
1-s5:10740,SDU,15-18,6,2463.35,2923.1025
1-s5:10740,SDU,18-21,3,332.5,1313.6125
1-s5:10740,SDU,21-24,1,149.15,477.375
1-s5:10740,SDU,3-6,341,205369.09999999998,202843.38249999998
1-s5:10740,SDU,6-9,197,114836.0,113187.8925
1-s5:10740,SDU,9-12,70,39681.5,39863.045
1-s5:10740,VHDU,0-3,117,27875.85,28614.997499999998
1-s5:10740,VHDU,12-15,24,4341.5,4933.5875
1-s5:10740,VHDU,15-18,10,2080.5,2051.335
1-s5:10740,VHDU,18-21,5,368.59999999999997,675.2125
1-s5:10740,VHDU,21-24,1,39.9,291.65
1-s5:10740,VHDU,3-6,299,74052.5,73690.69249999999
1-s5:10740,VHDU,6-9,192,47270.1,45976.8175
1-s5:10740,VHDU,9-12,84,19605.149999999998,19399.8075
1-s6:4997,VDU,0-3,66,11910.15,11686.9475
1-s6:4997,VDU,12-15,14,1540.8999999999999,2153.365
1-s6:4997,VDU,15-18,2,99.75,353.6375
1-s6:4997,VDU,18-21,2,23.75,353.02
1-s6:4997,VDU,3-6,184,36577.85,33591.1925
1-s6:4997,VDU,6-9,137,26183.899999999998,25455.1075
1-s6:4997,VDU,9-12,80,10491.8,13234.83
1-s6:4997,SDU,0-3,54,48310.35,48931.27
1-s6:4997,SDU,12-15,3,1492.4499999999998,1707.625
1-s6:4997,SDU,15-18,1,240.35,810.1125
1-s6:4997,SDU,3-6,300,277986.14999999997,277185.2525
1-s6:4997,SDU,6-9,109,98149.25,95943.9675
1-s6:4997,SDU,9-12,21,19090.25,20690.5725
1-s6:4997,VHDU,0-3,102,29476.6,29362.219999999998
1-s6:4997,VHDU,12-15,2,134.89999999999998,561.925
1-s6:4997,VHDU,3-6,237,85614.95,86458.9775
1-s6:4997,VHDU,6-9,123,44790.6,43807.112499999996
1-s6:4997,VHDU,9-12,24,6476.15,6302.965
1-s6:5002,VDU,0-3,38,9144.699999999999,8298.7725
1-s6:5002,VDU,12-15,6,869.25,1268.915
1-s6:5002,VDU,3-6,88,21388.3,20533.3
1-s6:5002,VDU,6-9,79,18113.649999999998,17920.23
1-s6:5002,VDU,9-12,32,6256.7,7751.3825
1-s6:5002,SDU,0-3,26,29522.199999999997,30351.8825
1-s6:5002,SDU,12-15,1,589.0,872.3375
1-s6:5002,SDU,15-18,1,8.549999999999999,809.4
1-s6:5002,SDU,3-6,140,167381.44999999998,164353.7525
1-s6:5002,SDU,6-9,61,69044.09999999999,69745.58
1-s6:5002,SDU,9-12,15,15681.65,16093.9975
1-s6:5002,VHDU,0-3,52,27167.149999999998,27903.4475
1-s6:5002,VHDU,12-15,2,1133.35,1123.28
1-s6:5002,VHDU,15-18,1,45.599999999999994,478.98999999999995
1-s6:5002,VHDU,3-6,111,59990.6,58247.112499999996
1-s6:5002,VHDU,6-9,61,32203.1,32394.2875
1-s6:5002,VHDU,9-12,17,8230.8,8623.4825
1-t1:7508,VDU,0-3,73,29081.399999999998,27257.399999999998
1-t1:7508,VDU,12-15,73,24872.899999999998,26590.927499999998
1-t1:7508,VDU,15-18,46,13484.3,16830.4375
1-t1:7508,VDU,18-21,18,4623.65,5949.375
1-t1:7508,VDU,21-24,3,516.8,950.0
1-t1:7508,VDU,3-6,196,78824.34999999999,74104.9875
1-t1:7508,VDU,6-9,185,74407.8,72268.305
1-t1:7508,VDU,9-12,132,49286.0,51209.22749999999
1-t1:7508,VDU,>=24,2,727.7,664.24
1-t1:7508,SDU,0-3,68,102557.25,103123.62416666666
1-t1:7508,SDU,12-15,22,26498.35,27778.221666666665
1-t1:7508,SDU,15-18,2,1468.6999999999998,2164.1
1-t1:7508,SDU,3-6,317,454864.75,453302.57
1-t1:7508,SDU,6-9,174,247539.59999999998,244501.94333333333
1-t1:7508,SDU,9-12,71,89620.15,91678.34083333334
1-t1:7508,VHDU,0-3,69,39549.45,39534.487499999996
1-t1:7508,VHDU,12-15,53,29326.5,30488.049166666664
1-t1:7508,VHDU,15-18,15,10186.849999999999,9533.5825
1-t1:7508,VHDU,18-21,4,1600.75,1740.3525
1-t1:7508,VHDU,21-24,1,347.7,361.0
1-t1:7508,VHDU,3-6,233,156114.44999999998,154620.30583333332
1-t1:7508,VHDU,6-9,182,119250.65,119947.23749999999
1-t1:7508,VHDU,9-12,87,55843.85,55995.185
1-t3:501,VDU,0-3,73,173043.44999999998,167363.25749999998
1-t3:501,VDU,12-15,73,159236.15,163428.12
1-t3:501,VDU,15-18,46,93434.4,102354.70999999999
1-t3:501,VDU,18-21,18,35902.4,38051.7275
1-t3:501,VDU,21-24,3,5274.4,6697.262500000001
1-t3:501,VDU,3-6,196,455331.19999999995,442736.33749999997
1-t3:501,VDU,6-9,185,428358.8,423621.4825
1-t3:501,VDU,9-12,132,301924.25,307931.8125
1-t3:501,VDU,>=24,2,4283.549999999999,4603.889999999999
1-t3:501,SDU,0-3,70,294253.95,294696.39666666667
1-t3:501,SDU,12-15,25,84535.75,88224.55249999999
1-t3:501,SDU,15-18,2,4806.049999999999,6098.287499999999
1-t3:501,SDU,3-6,341,1377172.25,1380286.8724999998
1-t3:501,SDU,6-9,182,731272.0,719885.5216666666
1-t3:501,SDU,9-12,74,277768.6,280616.9691666667
1-t3:501,VHDU,0-3,84,232099.25,231093.00999999998
1-t3:501,VHDU,12-15,54,139255.75,144104.835
1-t3:501,VHDU,15-18,15,44431.5,43099.8375
1-t3:501,VHDU,18-21,4,8951.849999999999,9306.4375
1-t3:501,VHDU,21-24,1,2282.85,2317.24
1-t3:501,VHDU,3-6,252,733009.5499999999,726523.9
1-t3:501,VHDU,6-9,194,549874.25,555284.785
1-t3:501,VHDU,9-12,94,257090.9,255265.85499999998
1-t6:7427,VDU,0-3,124,108530.84999999999,100488.53
1-t6:7427,VDU,12-15,17,9039.25,12681.6925
1-t6:7427,VDU,15-18,2,734.3499999999999,1327.53
1-t6:7427,VDU,18-21,1,72.2,620.35
1-t6:7427,VDU,3-6,189,158284.25,152248.0925
1-t6:7427,VDU,6-9,94,72591.4,74950.345
1-t6:7427,VDU,9-12,58,37616.2,44551.96
1-t6:7427,SDU,0-3,71,104402.15,104160.1375
1-t6:7427,SDU,12-15,5,4266.45,6055.0625
1-t6:7427,SDU,15-18,2,665.9499999999999,2353.8625
1-t6:7427,SDU,3-6,311,485010.14999999997,479660.69999999995
1-t6:7427,SDU,6-9,89,132758.69999999998,134058.68
1-t6:7427,SDU,9-12,10,13789.25,14604.207499999999
1-t6:7427,VHDU,0-3,132,144086.5,141119.0325
1-t6:7427,VHDU,12-15,8,5833.95,7680.085
1-t6:7427,VHDU,15-18,1,204.25,581.875
1-t6:7427,VHDU,3-6,214,226076.25,224521.9075
1-t6:7427,VHDU,6-9,98,101212.05,101251.95
1-t6:7427,VHDU,9-12,35,32406.399999999998,34664.549999999996
1-t6:8052,VDU,0-3,164,149026.5,139771.04583333334
1-t6:8052,VDU,12-15,26,15193.349999999999,20522.8975
1-t6:8052,VDU,15-18,4,1376.5500000000002,2849.62
1-t6:8052,VDU,18-21,2,93.1,1224.55
1-t6:8052,VDU,3-6,300,261876.05,251254.60666666666
1-t6:8052,VDU,6-9,147,119852.0,122964.62749999999
1-t6:8052,VDU,9-12,81,58118.149999999994,66948.3525
1-t6:8052,SDU,0-3,80,115675.79999999999,114973.4175
1-t6:8052,SDU,12-15,6,5787.4,7554.352499999999
1-t6:8052,SDU,15-18,2,721.05,2411.8125
1-t6:8052,SDU,3-6,449,676712.5499999999,669587.3758333334
1-t6:8052,SDU,6-9,147,209618.44999999998,211926.26916666667
1-t6:8052,SDU,9-12,24,31894.35,33956.3725
1-t6:8052,VHDU,0-3,187,197959.1,194164.53083333332
1-t6:8052,VHDU,12-15,10,7640.849999999999,10011.765
1-t6:8052,VHDU,15-18,2,583.3,1313.85
1-t6:8052,VHDU,3-6,318,327276.89999999997,325072.83666666667
1-t6:8052,VHDU,6-9,156,161048.75,161123.705
1-t6:8052,VHDU,9-12,51,48795.799999999996,51618.0125
1-u0:100,VDU,0-3,265,178780.5,171439.84999999998
1-u0:100,VDU,12-15,3,705.8499999999999,1376.74
1-u0:100,VDU,15-18,1,103.55,358.15
1-u0:100,VDU,3-6,234,153007.0,152528.00999999998
1-u0:100,VDU,6-9,116,70009.3,73642.7175
1-u0:100,VDU,9-12,33,17281.45,20542.1825
1-u0:100,SDU,0-3,413,474541.14999999997,465738.1175
1-u0:100,SDU,15-18,1,169.1,646.475
1-u0:100,SDU,3-6,247,263690.55,269878.67583333334
1-u0:100,SDU,6-9,30,29487.05,31049.594166666666
1-u0:100,SDU,9-12,2,1711.8999999999999,2286.8875
1-u0:100,VHDU,0-3,307,235372.0,232161.07916666666
1-u0:100,VHDU,3-6,267,203082.44999999998,204524.47083333333
1-u0:100,VHDU,6-9,80,59135.6,60141.127499999995
1-u0:100,VHDU,9-12,12,7504.049999999999,8267.4225
1-u2:5000,VDU,0-3,333,205189.55,198195.2225
1-u2:5000,VDU,12-15,6,2420.6,3319.6324999999997
1-u2:5000,VDU,15-18,2,679.2499999999999,1115.0625
1-u2:5000,VDU,18-21,1,95.94999999999999,324.9
1-u2:5000,VDU,3-6,213,125604.25,126381.825
1-u2:5000,VDU,6-9,126,67735.95,71015.54
1-u2:5000,VDU,9-12,45,25718.399999999998,27091.767499999998
1-u2:5000,SDU,0-3,226,229976.0,225865.53999999998
1-u2:5000,SDU,12-15,5,4051.75,4766.625
1-u2:5000,SDU,15-18,2,975.6500000000001,1843.7124999999999
1-u2:5000,SDU,3-6,407,410749.6,409245.46499999997
1-u2:5000,SDU,6-9,77,73245.95,76342.665
1-u2:5000,SDU,9-12,14,13323.75,13828.105
1-u2:5000,SDU,>=24,1,137.75,568.3375
1-u2:5000,VHDU,0-3,325,225180.4,223339.63249999998
1-u2:5000,VHDU,12-15,6,3343.05,3944.21
1-u2:5000,VHDU,15-18,1,439.84999999999997,559.3125
1-u2:5000,VHDU,3-6,276,196224.4,196128.35499999998
1-u2:5000,VHDU,6-9,93,65111.1,64899.1075
1-u2:5000,VHDU,9-12,31,18917.35,20345.532499999998
1-u5:3991,VDU,0-3,195,56174.45,52982.45
1-u5:3991,VDU,12-15,12,2371.2,3040.775833333333
1-u5:3991,VDU,18-21,1,38.0,190.76
1-u5:3991,VDU,21-24,1,50.349999999999994,137.75
1-u5:3991,VDU,3-6,255,71880.8,69735.52583333333
1-u5:3991,VDU,6-9,174,44781.1,46578.99083333333
1-u5:3991,VDU,9-12,87,20548.5,23178.1475
1-u5:3991,SDU,0-3,228,146946.94999999998,145017.785
1-u5:3991,SDU,12-15,3,1454.4499999999998,1465.6125
1-u5:3991,SDU,18-21,1,76.95,432.25
1-u5:3991,SDU,21-24,1,62.699999999999996,384.75
1-u5:3991,SDU,3-6,313,198907.19999999998,197820.73249999998
1-u5:3991,SDU,6-9,96,54436.899999999994,55572.719999999994
1-u5:3991,SDU,9-12,16,8185.2,9376.5
1-u5:3991,VHDU,0-3,203,67076.65,67797.51
1-u5:3991,VHDU,12-15,9,2167.9,2632.3075
1-u5:3991,VHDU,3-6,264,90495.09999999999,88837.8725
1-u5:3991,VHDU,6-9,110,35784.6,36194.715
1-u5:3991,VHDU,9-12,40,13275.3,13337.144999999999
1-u8:1652,VDU,0-3,214,49668.85,46876.815833333334
1-u8:1652,VDU,12-15,14,2618.2,3209.068333333333
1-u8:1652,VDU,15-18,8,1212.1999999999998,1832.17
1-u8:1652,VDU,18-21,1,75.05,151.7625
1-u8:1652,VDU,3-6,255,60403.85,59762.58416666667
1-u8:1652,VDU,6-9,116,26369.149999999998,27215.394166666665
1-u8:1652,VDU,9-12,64,12985.55,14285.054999999998
1-u8:1652,SDU,0-3,274,155326.9,154974.63999999998
1-u8:1652,SDU,12-15,2,717.25,985.7674999999999
1-u8:1652,SDU,3-6,326,185953.94999999998,184371.2975
1-u8:1652,SDU,6-9,111,57625.1,57717.25
1-u8:1652,SDU,9-12,19,7940.099999999999,9514.345
1-u8:1652,VHDU,0-3,250,77387.95,77524.655
1-u8:1652,VHDU,12-15,5,1198.9,1386.8574999999998
1-u8:1652,VHDU,15-18,2,366.7,468.255
1-u8:1652,VHDU,3-6,306,90201.55,89460.3125
1-u8:1652,VHDU,6-9,127,35578.45,36254.8025
1-u8:1652,VHDU,9-12,42,12858.25,12496.9175
1-v1:2501,VDU,0-3,134,22566.3,21787.2525
1-v1:2501,VDU,12-15,13,1402.1999999999998,1998.1191666666666
1-v1:2501,VDU,15-18,4,301.15,470.48749999999995
1-v1:2501,VDU,3-6,305,51779.75,50178.715
1-v1:2501,VDU,6-9,177,29414.85,29940.12083333333
1-v1:2501,VDU,9-12,65,9625.4,10714.955
1-v1:2501,SDU,0-3,212,110267.45,109505.5975
1-v1:2501,SDU,12-15,4,1240.6999999999998,1710.475
1-v1:2501,SDU,15-18,3,575.6999999999999,1296.9875
1-v1:2501,SDU,3-6,314,165571.69999999998,165113.32499999998
1-v1:2501,SDU,6-9,115,61758.549999999996,60615.0825
1-v1:2501,SDU,9-12,21,9043.05,10215.682499999999
1-v1:2501,VHDU,0-3,203,51646.75,52788.71333333333
1-v1:2501,VHDU,12-15,7,1719.5,1780.0149999999999
1-v1:2501,VHDU,3-6,306,72741.5,72201.34583333333
1-v1:2501,VHDU,6-9,153,35299.15,34782.809166666666
1-v1:2501,VHDU,9-12,33,7365.349999999999,7219.366666666666
1-v2:2469,VDU,0-3,138,23382.35,22540.206666666665
1-v2:2469,VDU,12-15,13,1602.6499999999999,2053.52
1-v2:2469,VDU,15-18,4,140.6,395.1208333333333
1-v2:2469,VDU,3-6,314,53588.549999999996,51953.884999999995
1-v2:2469,VDU,6-9,187,30363.899999999998,31027.775833333333
1-v2:2469,VDU,9-12,67,9908.5,11016.041666666666
1-v2:2469,SDU,0-3,227,118192.34999999999,117339.8675
1-v2:2469,SDU,12-15,4,1177.05,1632.5749999999998
1-v2:2469,SDU,15-18,3,518.6999999999999,1254.95
1-v2:2469,SDU,3-6,343,180375.55,179817.425
1-v2:2469,SDU,6-9,132,70358.9,69411.3225
1-v2:2469,SDU,9-12,23,10254.3,11420.71
1-v2:2469,VHDU,0-3,215,53104.049999999996,54280.0075
1-v2:2469,VHDU,12-15,7,1650.15,1732.04
1-v2:2469,VHDU,3-6,316,73142.4,72459.0175
1-v2:2469,VHDU,6-9,157,35092.049999999996,34681.27
1-v2:2469,VHDU,9-12,37,8288.75,8125.065
1-v4:10620,VDU,0-3,44,7257.049999999999,7064.865
1-v4:10620,VDU,12-15,63,11123.55,11455.6225
1-v4:10620,VDU,15-18,31,5279.15,5501.924999999999
1-v4:10620,VDU,18-21,10,1370.85,1641.79
1-v4:10620,VDU,21-24,4,160.54999999999998,366.74749999999995
1-v4:10620,VDU,3-6,165,26270.35,25329.517499999998
1-v4:10620,VDU,6-9,125,21546.95,20966.69
1-v4:10620,VDU,9-12,72,11068.449999999999,11665.762499999999
1-v4:10620,VDU,>=24,2,135.85,219.82999999999998
1-v4:10620,SDU,0-3,26,15911.55,15470.591666666667
1-v4:10620,SDU,12-15,32,17217.8,17853.714166666665
1-v4:10620,SDU,15-18,8,4102.099999999999,4342.085833333333
1-v4:10620,SDU,18-21,2,691.6,769.7375
1-v4:10620,SDU,21-24,2,351.49999999999994,909.5458333333332
1-v4:10620,SDU,3-6,228,135184.05,132867.68083333332
1-v4:10620,SDU,6-9,128,72061.3,71493.105
1-v4:10620,SDU,9-12,62,32539.399999999998,33754.81416666666
1-v4:10620,SDU,>=24,2,166.25,764.275
1-v4:10620,VHDU,0-3,70,20514.3,21377.8975
1-v4:10620,VHDU,12-15,41,11118.8,10883.453333333333
1-v4:10620,VHDU,15-18,20,4232.25,4247.434166666666
1-v4:10620,VHDU,18-21,7,1254.95,1424.715
1-v4:10620,VHDU,21-24,2,352.44999999999993,512.24
1-v4:10620,VHDU,3-6,178,46918.6,46980.159999999996
1-v4:10620,VHDU,6-9,122,32396.899999999998,31365.39
1-v4:10620,VHDU,9-12,66,18568.7,18565.66
1-v5:497,VDU,0-3,43,7695.0,7361.9775
1-v5:497,VDU,12-15,61,11089.35,11628.1425
1-v5:497,VDU,15-18,29,5389.349999999999,5369.59
1-v5:497,VDU,18-21,9,1169.45,1456.1599999999999
1-v5:497,VDU,21-24,4,171.0,398.24
1-v5:497,VDU,3-6,157,26272.25,25159.8
1-v5:497,VDU,6-9,118,20573.2,20205.122499999998
1-v5:497,VDU,9-12,70,11025.699999999999,11720.387499999999
1-v5:497,VDU,>=24,2,137.75,223.63
1-v5:497,SDU,0-3,27,27156.7,26833.129999999997
1-v5:497,SDU,12-15,31,27025.6,28165.18833333333
1-v5:497,SDU,15-18,6,5207.9,5472.19
1-v5:497,SDU,18-21,3,2024.4499999999998,2246.0375
1-v5:497,SDU,21-24,2,414.2,1534.0124999999998
1-v5:497,SDU,3-6,247,239992.8,236154.83166666667
1-v5:497,SDU,6-9,134,122197.54999999999,120436.67749999999
1-v5:497,SDU,9-12,65,55238.7,57311.22
1-v5:497,SDU,>=24,2,288.79999999999995,1393.4125
1-v5:497,VHDU,0-3,67,28115.25,29525.9525
1-v5:497,VHDU,12-15,40,14279.449999999999,14315.5975
1-v5:497,VHDU,15-18,19,5130.0,5650.077499999999
1-v5:497,VHDU,18-21,7,1515.2499999999998,1985.7849999999999
1-v5:497,VHDU,21-24,2,552.9,707.37
1-v5:497,VHDU,3-6,167,62751.299999999996,61362.969999999994
1-v5:497,VHDU,6-9,117,42224.65,41564.8275
1-v5:497,VHDU,9-12,69,26792.85,26249.07
1-v6:7095,VDU,0-3,94,21484.25,21104.946666666667
1-v6:7095,VDU,12-15,1,70.3,272.08
1-v6:7095,VDU,3-6,175,39870.549999999996,38298.50583333333
1-v6:7095,VDU,6-9,96,19733.399999999998,20939.71
1-v6:7095,VDU,9-12,20,3420.95,3964.2075
1-v6:7095,SDU,0-3,238,239775.25,235180.11583333332
1-v6:7095,SDU,12-15,3,814.15,1903.5625
1-v6:7095,SDU,15-18,1,139.65,687.0875
1-v6:7095,SDU,3-6,190,174917.8,176249.1458333333
1-v6:7095,SDU,6-9,60,55442.0,56272.98083333333
1-v6:7095,SDU,9-12,5,3547.2999999999997,4343.2575
1-v6:7095,VHDU,0-3,143,70319.95,70865.88333333333
1-v6:7095,VHDU,12-15,2,422.75,537.4625
1-v6:7095,VHDU,15-18,1,497.79999999999995,611.6099999999999
1-v6:7095,VHDU,3-6,199,91903.0,90644.89916666667
1-v6:7095,VHDU,6-9,59,23641.699999999997,24225.094999999998
1-v6:7095,VHDU,9-12,3,1092.5,992.75
1-v7:6988,VDU,0-3,182,33091.35,31646.352499999997
1-v7:6988,VDU,12-15,62,10383.5,10732.814999999999
1-v7:6988,VDU,15-18,16,2645.75,3092.25
1-v7:6988,VDU,18-21,10,1775.55,1701.6399999999999
1-v7:6988,VDU,21-24,5,623.1999999999999,853.9075
1-v7:6988,VDU,3-6,209,38565.25,38302.195
1-v7:6988,VDU,6-9,156,28156.1,28085.515
1-v7:6988,VDU,9-12,86,14133.15,14826.9825
1-v7:6988,VDU,>=24,2,112.1,244.2925
1-v7:6988,SDU,0-3,262,250310.75,245150.3025
1-v7:6988,SDU,12-15,31,27147.2,27710.5025
1-v7:6988,SDU,15-18,11,8683.0,9106.89
1-v7:6988,SDU,18-21,5,4669.25,5239.6775
1-v7:6988,SDU,21-24,2,524.4,1112.925
1-v7:6988,SDU,3-6,287,254905.9,253800.2425
1-v7:6988,SDU,6-9,78,67510.8,68497.565
1-v7:6988,SDU,9-12,52,47518.049999999996,48596.395
1-v7:6988,SDU,>=24,4,937.6499999999999,2992.5
1-v7:6988,VHDU,0-3,220,81666.75,83431.89749999999
1-v7:6988,VHDU,12-15,28,11941.5,11205.914999999999
1-v7:6988,VHDU,15-18,22,6841.9,7297.9
1-v7:6988,VHDU,18-21,8,1725.1999999999998,2235.4449999999997
1-v7:6988,VHDU,21-24,1,399.95,561.4499999999999
1-v7:6988,VHDU,3-6,263,98203.4,95929.48
1-v7:6988,VHDU,6-9,130,47135.2,46139.409999999996
1-v7:6988,VHDU,9-12,60,18096.55,19208.9525
1-x2:5434,VDU,0-3,45,7654.15,7055.365
1-x2:5434,VDU,12-15,20,3184.4,3761.3666666666663
1-x2:5434,VDU,15-18,19,2828.1499999999996,3012.0225
1-x2:5434,VDU,18-21,5,338.2,489.89916666666664
1-x2:5434,VDU,21-24,3,441.75,614.7449999999999
1-x2:5434,VDU,3-6,111,18693.149999999998,18630.893333333333
1-x2:5434,VDU,6-9,87,15051.8,14985.458333333332
1-x2:5434,VDU,9-12,53,8994.599999999999,8562.666666666666
1-x2:5434,VDU,>=24,1,25.65,99.43333333333334
1-x2:5434,SDU,0-3,50,49389.549999999996,49497.612499999996
1-x2:5434,SDU,12-15,13,13067.25,13441.787499999999
1-x2:5434,SDU,15-18,6,5432.099999999999,5417.849999999999
1-x2:5434,SDU,18-21,1,815.0999999999999,944.0625
1-x2:5434,SDU,3-6,155,152931.0,152701.5275
1-x2:5434,SDU,6-9,89,85463.9,86250.83249999999
1-x2:5434,SDU,9-12,52,52459.95,51305.1775
1-x2:5434,VHDU,0-3,47,19228.0,19710.315
1-x2:5434,VHDU,12-15,22,8383.75,7670.584999999999
1-x2:5434,VHDU,15-18,6,2593.5,2311.73
1-x2:5434,VHDU,18-21,7,3277.4999999999995,3029.2175
1-x2:5434,VHDU,21-24,1,221.35,272.41249999999997
1-x2:5434,VHDU,3-6,152,65683.0,65174.465
1-x2:5434,VHDU,6-9,82,33269.0,34611.445
1-x2:5434,VHDU,9-12,49,20228.35,20104.28
1-x2:5441,VDU,0-3,54,7101.25,6778.535
1-x2:5441,VDU,12-15,34,4442.2,4436.025
1-x2:5441,VDU,15-18,14,1359.45,1588.4475
1-x2:5441,VDU,18-21,9,1383.1999999999998,1482.2375
1-x2:5441,VDU,21-24,2,213.75,257.4025
1-x2:5441,VDU,3-6,109,14885.55,14477.0975
1-x2:5441,VDU,6-9,90,12375.65,12421.914999999999
1-x2:5441,VDU,9-12,51,7647.5,7879.965
1-x2:5441,VDU,>=24,1,62.699999999999996,149.625
1-x2:5441,SDU,0-3,40,32898.5,32355.907499999998
1-x2:5441,SDU,12-15,16,11649.85,11310.699999999999
1-x2:5441,SDU,15-18,6,3025.75,3642.49
1-x2:5441,SDU,18-21,1,497.79999999999995,676.875
1-x2:5441,SDU,3-6,152,110920.09999999999,111677.8675
1-x2:5441,SDU,6-9,104,79919.7,79222.685
1-x2:5441,SDU,9-12,47,35026.5,35051.674999999996
1-x2:5441,VHDU,0-3,54,14069.5,13320.377499999999
1-x2:5441,VHDU,12-15,22,4853.55,4815.36
1-x2:5441,VHDU,15-18,9,1753.7,1916.625
1-x2:5441,VHDU,18-21,3,130.14999999999998,243.10499999999996
1-x2:5441,VHDU,3-6,137,31426.949999999997,32495.2725
1-x2:5441,VHDU,6-9,88,21874.7,21523.295
1-x2:5441,VHDU,9-12,53,11970.0,11764.515
1-x4:2400,VDU,0-3,103,25033.449999999997,23413.2725
1-x4:2400,VDU,12-15,54,12198.0,13022.5525
1-x4:2400,VDU,15-18,33,6573.05,7355.754999999999
1-x4:2400,VDU,18-21,14,2649.55,3113.72
1-x4:2400,VDU,21-24,5,1015.55,1332.9924999999998
1-x4:2400,VDU,3-6,227,55144.649999999994,54108.4375
1-x4:2400,VDU,6-9,185,44070.5,44189.9625
1-x4:2400,VDU,9-12,105,25713.649999999998,25632.7575
1-x4:2400,VDU,>=24,2,159.6,388.54999999999995
1-x4:2400,SDU,0-3,90,96161.84999999999,95354.2075
1-x4:2400,SDU,12-15,29,28615.899999999998,29009.532499999998
1-x4:2400,SDU,15-18,12,9758.4,10624.325
1-x4:2400,SDU,18-21,2,1475.35,1867.9375
1-x4:2400,SDU,3-6,307,311278.89999999997,310952.67
1-x4:2400,SDU,6-9,193,194085.0,194580.0925
1-x4:2400,SDU,9-12,99,102391.95,101378.58499999999
1-x4:2400,VHDU,0-3,101,44466.65,43886.865
1-x4:2400,VHDU,12-15,44,17807.75,16977.26
1-x4:2400,VHDU,15-18,15,5812.099999999999,5776.4275
1-x4:2400,VHDU,18-21,10,4236.05,4273.0525
1-x4:2400,VHDU,21-24,1,278.34999999999997,362.9
1-x4:2400,VHDU,3-6,289,128384.9,129176.2975
1-x4:2400,VHDU,6-9,170,73498.65,74304.44
1-x4:2400,VHDU,9-12,102,42976.1,42703.307499999995
1-x5:9440,VDU,0-3,23,6757.349999999999,6471.02
1-x5:9440,VDU,12-15,16,3873.1499999999996,4514.969999999999
1-x5:9440,VDU,15-18,4,938.5999999999999,1146.5549999999998
1-x5:9440,VDU,18-21,1,321.09999999999997,263.15
1-x5:9440,VDU,3-6,54,15390.0,15221.9925
1-x5:9440,VDU,6-9,55,15592.35,15183.9925
1-x5:9440,VDU,9-12,41,13494.75,13565.619999999999
1-x5:9440,SDU,0-3,22,22373.45,22287.8075
1-x5:9440,SDU,12-15,6,5379.85,6440.714999999999
1-x5:9440,SDU,15-18,2,1971.25,2216.1125
1-x5:9440,SDU,18-21,2,1361.35,2343.6499999999996
1-x5:9440,SDU,3-6,84,84087.34999999999,83275.25833333333
1-x5:9440,SDU,6-9,35,35843.5,35594.06166666667
1-x5:9440,SDU,9-12,20,20792.649999999998,19651.795
1-x5:9440,VHDU,0-3,26,15569.55,16248.8475
1-x5:9440,VHDU,12-15,15,8890.1,8601.727499999999
1-x5:9440,VHDU,15-18,4,2698.95,2564.145
1-x5:9440,VHDU,18-21,1,1016.5,926.25
1-x5:9440,VHDU,3-6,69,41890.25,42806.667499999996
1-x5:9440,VHDU,6-9,49,30248.0,29826.2
1-x5:9440,VHDU,9-12,19,12088.75,11428.262499999999
1-x5:9456,VDU,0-3,14,2843.35,2620.1316666666667
1-x5:9456,VDU,12-15,13,2035.85,2291.0358333333334
1-x5:9456,VDU,15-18,2,290.7,329.20666666666665
1-x5:9456,VDU,18-21,1,142.5,142.5
1-x5:9456,VDU,3-6,19,3960.5499999999997,3512.1341666666667
1-x5:9456,VDU,6-9,18,2926.0,3215.8291666666664
1-x5:9456,VDU,9-12,11,1704.3,1792.4125
1-x5:9456,SDU,0-3,11,6368.799999999999,7393.929166666667
1-x5:9456,SDU,12-15,3,2391.15,2626.6708333333336
1-x5:9456,SDU,15-18,3,814.15,1030.2749999999999
1-x5:9456,SDU,3-6,40,31475.399999999998,30421.6125
1-x5:9456,SDU,6-9,22,17157.95,16612.8875
1-x5:9456,SDU,9-12,4,3431.3999999999996,3553.475
1-x5:9456,VHDU,0-3,15,3952.0,3416.77
1-x5:9456,VHDU,12-15,7,1088.7,1259.0825
1-x5:9456,VHDU,3-6,19,4011.85,3982.875
1-x5:9456,VHDU,6-9,13,2649.5499999999997,2834.705
1-x5:9456,VHDU,9-12,7,1044.05,1252.7175
1-x6:6167,VDU,0-3,71,29853.75,28551.015
1-x6:6167,VDU,12-15,62,19773.3,22345.8525
1-x6:6167,VDU,15-18,26,7507.849999999999,9491.4975
1-x6:6167,VDU,18-21,4,1343.3,1410.085
1-x6:6167,VDU,21-24,1,139.65,345.325
1-x6:6167,VDU,3-6,189,80122.05,77412.8875
1-x6:6167,VDU,6-9,176,73520.5,71606.06
1-x6:6167,VDU,9-12,139,58729.0,59826.6775
1-x6:6167,SDU,0-3,113,152292.6,152952.23249999998
1-x6:6167,SDU,12-15,18,22738.25,24105.489999999998
1-x6:6167,SDU,15-18,10,8609.849999999999,10110.422499999999
1-x6:6167,SDU,18-21,1,1102.0,1159.7124999999999
1-x6:6167,SDU,21-24,1,200.45,1063.05
1-x6:6167,SDU,3-6,335,447644.75,441273.51166666666
1-x6:6167,SDU,6-9,157,197248.5,198176.28583333333
1-x6:6167,SDU,9-12,56,74667.15,75662.845
1-x6:6167,VHDU,0-3,103,68324.95,67812.33
1-x6:6167,VHDU,12-15,52,30563.399999999998,32255.35
1-x6:6167,VHDU,15-18,11,6560.7,6997.4625
1-x6:6167,VHDU,18-21,1,1243.55,1108.4599999999998
1-x6:6167,VHDU,3-6,229,149726.65,148569.72416666665
1-x6:6167,VHDU,6-9,177,108418.75,109108.4025
1-x6:6167,VHDU,9-12,76,50531.45,49517.72083333333
1-x7:225,VDU,0-3,55,53796.6,52627.292499999996
1-x7:225,VDU,12-15,39,30611.85,33188.40833333333
1-x7:225,VDU,15-18,13,10425.3,11338.914999999999
1-x7:225,VDU,18-21,3,2336.0499999999997,2554.3125
1-x7:225,VDU,3-6,109,105690.34999999999,104156.08416666667
1-x7:225,VDU,6-9,98,93858.09999999999,93302.065
1-x7:225,VDU,9-12,70,71384.9,70936.0725
1-x7:225,SDU,0-3,101,218031.65,218644.36833333332
1-x7:225,SDU,12-15,18,37546.85,38584.0125
1-x7:225,SDU,15-18,9,14831.4,15982.324999999999
1-x7:225,SDU,18-21,3,5755.099999999999,6545.2625
1-x7:225,SDU,21-24,1,593.75,1685.7749999999999
1-x7:225,SDU,3-6,283,605583.2,601632.5616666666
1-x7:225,SDU,6-9,134,277975.7,277698.79083333333
1-x7:225,SDU,9-12,48,108002.65,107547.20416666666
1-x7:225,VHDU,0-3,82,113904.04999999999,113639.665
1-x7:225,VHDU,12-15,46,56390.1,58301.784999999996
1-x7:225,VHDU,15-18,9,12635.949999999999,12756.695
1-x7:225,VHDU,18-21,1,2012.1,1980.37
1-x7:225,VHDU,3-6,179,252953.65,252833.3958333333
1-x7:225,VHDU,6-9,132,180885.69999999998,179680.49833333332
1-x7:225,VHDU,9-12,62,87103.59999999999,86692.74083333333
1-y0:14370,VDU,0-3,218,81664.84999999999,76603.62999999999
1-y0:14370,VDU,12-15,15,2889.8999999999996,3885.0724999999998
1-y0:14370,VDU,15-18,3,134.9,734.2075
1-y0:14370,VDU,18-21,1,6.6499999999999995,97.09
1-y0:14370,VDU,3-6,188,75871.75,75389.72
1-y0:14370,VDU,6-9,120,43195.549999999996,44809.03
1-y0:14370,VDU,9-12,59,22858.899999999998,25016.587499999998
1-y0:14370,SDU,0-3,338,445491.1,441255.74666666664
1-y0:14370,SDU,12-15,1,1600.75,1559.1875
1-y0:14370,SDU,3-6,287,356290.85,356022.8708333333
1-y0:14370,SDU,6-9,53,67182.09999999999,69158.48
1-y0:14370,SDU,9-12,17,17030.649999999998,19599.165
1-y0:14370,VHDU,0-3,229,140240.9,139702.63
1-y0:14370,VHDU,12-15,4,2794.8999999999996,3479.0424999999996
1-y0:14370,VHDU,3-6,255,148676.9,147387.56
1-y0:14370,VHDU,6-9,86,49400.95,49549.72
1-y0:14370,VHDU,9-12,31,16378.0,16544.44
1-y5:5794,VDU,0-3,109,65673.5,59861.7325
1-y5:5794,VDU,12-15,44,28797.35,30591.852499999997
1-y5:5794,VDU,15-18,12,4686.349999999999,6374.3575
1-y5:5794,VDU,18-21,2,228.95,506.53999999999996
1-y5:5794,VDU,21-24,3,66.5,1083.0949999999998
1-y5:5794,VDU,3-6,236,148972.35,147599.1725
1-y5:5794,VDU,6-9,209,134529.5,134091.26499999998
1-y5:5794,VDU,9-12,112,66799.25,69317.035
1-y5:5794,VDU,>=24,1,10.45,339.15
1-y5:5794,SDU,0-3,152,255142.44999999998,251882.81
1-y5:5794,SDU,12-15,12,18725.45,19064.41
1-y5:5794,SDU,18-21,1,1392.7,1842.2875
1-y5:5794,SDU,3-6,375,617118.1,612259.3724999999
1-y5:5794,SDU,6-9,140,234026.8,236205.815
1-y5:5794,SDU,9-12,52,76188.09999999999,81338.905
1-y5:5794,VHDU,0-3,154,134000.35,133061.655
1-y5:5794,VHDU,12-15,22,18883.149999999998,19120.364999999998
1-y5:5794,VHDU,15-18,12,9859.1,11326.5175
1-y5:5794,VHDU,3-6,281,255202.3,257207.7975
1-y5:5794,VHDU,6-9,190,169915.1,169253.13999999998
1-y5:5794,VHDU,9-12,73,67175.45,65065.975
1-y8:2252,VDU,0-3,380,263608.85,250715.5925
1-y8:2252,VDU,12-15,17,6494.2,9043.6675
1-y8:2252,VDU,15-18,6,1586.5,2404.83
1-y8:2252,VDU,18-21,2,83.6,762.5649999999999
1-y8:2252,VDU,21-24,1,74.1,455.525
1-y8:2252,VDU,3-6,206,135239.15,135030.435
1-y8:2252,VDU,6-9,63,44231.049999999996,46955.65
1-y8:2252,VDU,9-12,50,26395.75,30694.0725
1-y8:2252,VDU,>=24,3,17.099999999999998,1667.9624999999999
1-y8:2252,SDU,0-3,386,705750.25,698862.5125
1-y8:2252,SDU,3-6,269,454216.85,452042.11
1-y8:2252,SDU,6-9,60,86728.34999999999,89925.385
1-y8:2252,SDU,9-12,17,26201.949999999997,32067.392499999998
1-y8:2252,VHDU,0-3,361,352235.3,349853.5075
1-y8:2252,VHDU,12-15,14,13408.3,15459.3975
1-y8:2252,VHDU,3-6,232,219118.44999999998,218002.865
1-y8:2252,VHDU,6-9,80,77409.8,77173.44
1-y8:2252,VHDU,9-12,44,38790.4,40371.627499999995
1-y8:2252,VHDU,>=24,1,25.65,127.0625
1-z1:12939,VDU,0-3,44,32309.5,32000.6075
1-z1:12939,VDU,12-15,16,10003.5,11048.1675
1-z1:12939,VDU,15-18,2,1268.25,1682.8300000000002
1-z1:12939,VDU,18-21,1,7.6,223.63
1-z1:12939,VDU,3-6,179,129888.75,124847.4325
1-z1:12939,VDU,6-9,81,58525.7,59086.579999999994
1-z1:12939,VDU,9-12,41,28010.75,31124.802499999998
1-z1:12939,SDU,0-3,62,116967.79999999999,115367.715
1-z1:12939,SDU,12-15,8,13531.8,14177.8
1-z1:12939,SDU,15-18,2,3439.0,3676.5949999999993
1-z1:12939,SDU,3-6,199,381569.39999999997,378550.39499999996
1-z1:12939,SDU,6-9,71,131374.55,131630.38499999998
1-z1:12939,SDU,9-12,24,40207.799999999996,43687.46
1-z1:12939,VHDU,0-3,88,104717.54999999999,103880.8375
1-z1:12939,VHDU,12-15,14,14747.8,15293.717499999999
1-z1:12939,VHDU,15-18,2,2498.5,2462.0675
1-z1:12939,VHDU,3-6,156,184154.65,184705.41249999998
1-z1:12939,VHDU,6-9,73,87156.8,84155.94
1-z1:12939,VHDU,9-12,33,34611.35,37388.674999999996
204-01:111,VDU,0-3,216,43778.85,42430.42
204-01:111,VDU,12-15,30,4738.599999999999,5154.2725
204-01:111,VDU,15-18,9,1636.85,1883.7075
204-01:111,VDU,18-21,3,482.59999999999997,601.3499999999999
204-01:111,VDU,21-24,2,139.65,304.28499999999997
204-01:111,VDU,3-6,273,54818.799999999996,54488.722499999996
204-01:111,VDU,6-9,127,24873.85,25231.05
204-01:111,VDU,9-12,68,14174.0,14549.3925
204-01:111,SDU,0-3,157,65755.2,65164.204999999994
204-01:111,SDU,12-15,10,3825.6499999999996,4158.245
204-01:111,SDU,3-6,366,149275.4,148312.86
204-01:111,SDU,6-9,132,52029.6,52825.1775
204-01:111,SDU,9-12,41,16264.0,16689.3625
204-01:111,VHDU,0-3,215,56556.35,56143.03666666667
204-01:111,VHDU,12-15,22,6134.15,6293.844999999999
204-01:111,VHDU,15-18,4,1017.4499999999999,1074.7825
204-01:111,VHDU,3-6,243,68175.8,67314.815
204-01:111,VHDU,6-9,165,44171.2,45022.28916666666
204-01:111,VHDU,9-12,78,21109.95,21316.131666666664
215-01:351,VDU,0-3,52,54594.6,48542.767499999994
215-01:351,VDU,12-15,15,13624.9,16631.934999999998
215-01:351,VDU,15-18,4,2668.55,3359.4375
215-01:351,VDU,18-21,5,1798.35,4186.365
215-01:351,VDU,3-6,76,82673.75,77438.1575
215-01:351,VDU,6-9,87,84387.55,86476.7425
215-01:351,VDU,9-12,35,30602.35,33714.645
215-01:351,SDU,0-3,38,97019.7,94363.24666666666
215-01:351,SDU,12-15,1,2157.45,2420.3624999999997
215-01:351,SDU,15-18,3,5799.75,7287.307499999999
215-01:351,SDU,3-6,94,233532.8,231207.88083333333
215-01:351,SDU,6-9,44,104506.65,104683.54
215-01:351,SDU,9-12,23,51846.25,54900.2625
215-01:351,VHDU,0-3,30,47956.0,46279.7725
215-01:351,VHDU,12-15,26,38314.45,38649.847499999996
215-01:351,VHDU,15-18,6,7566.75,8140.36
215-01:351,VHDU,3-6,70,106814.2,103003.655
215-01:351,VHDU,6-9,73,108124.25,110190.83249999999
215-01:351,VHDU,9-12,34,46955.65,49466.8325
218-01:302,VDU,0-3,21,8778.0,7380.5975
218-01:302,VDU,12-15,15,5406.45,5613.835
218-01:302,VDU,15-18,12,3121.7,4366.912499999999
218-01:302,VDU,18-21,3,785.65,1247.1125
218-01:302,VDU,21-24,1,211.85,490.67499999999995
218-01:302,VDU,3-6,49,19660.25,17519.8525
218-01:302,VDU,6-9,52,22856.05,23049.09
218-01:302,VDU,9-12,39,13798.75,14950.625
218-01:302,SDU,0-3,31,51793.049999999996,51785.1175
218-01:302,SDU,12-15,12,16661.1,18688.4475
218-01:302,SDU,15-18,2,3241.3999999999996,3783.6125
218-01:302,SDU,18-21,2,1641.6,2747.875
218-01:302,SDU,3-6,102,174164.44999999998,168239.49
218-01:302,SDU,6-9,59,94848.95,95409.64
218-01:302,SDU,9-12,36,54302.95,55999.3175
218-01:302,VHDU,0-3,27,22631.85,20959.85
218-01:302,VHDU,12-15,27,23021.35,23219.076666666664
218-01:302,VHDU,15-18,13,6568.3,7905.9
218-01:302,VHDU,18-21,6,3983.3499999999995,4717.5575
218-01:302,VHDU,21-24,1,276.45,424.8875
218-01:302,VHDU,3-6,72,62661.049999999996,60357.17333333333
218-01:302,VHDU,6-9,66,56582.95,57549.1475
218-01:302,VHDU,9-12,60,46502.5,47094.2075
249-02:726,VDU,0-3,89,4539.099999999999,4213.724999999999
249-02:726,VDU,12-15,42,2348.4,2511.8475
249-02:726,VDU,15-18,18,621.3,906.3475
249-02:726,VDU,18-21,4,83.6,205.95999999999998
249-02:726,VDU,21-24,1,15.2,52.724999999999994
249-02:726,VDU,3-6,238,12788.9,12480.023333333333
249-02:726,VDU,6-9,144,7774.799999999999,7425.801666666666
249-02:726,VDU,9-12,110,5165.15,5540.0199999999995
249-02:726,SDU,0-3,72,20537.1,19717.170833333334
249-02:726,SDU,12-15,13,2189.75,2864.9624999999996
249-02:726,SDU,3-6,337,100653.45,97701.34083333332
249-02:726,SDU,6-9,182,51655.299999999996,53532.23083333333
249-02:726,SDU,9-12,66,16777.0,17996.895
249-02:726,VHDU,0-3,119,10988.65,10878.560833333333
249-02:726,VHDU,12-15,34,2468.1,2789.690833333333
249-02:726,VHDU,15-18,10,773.3,886.8883333333333
249-02:726,VHDU,18-21,2,162.45,195.225
249-02:726,VHDU,3-6,251,25373.55,24417.39083333333
249-02:726,VHDU,6-9,169,16841.6,17011.871666666666
249-02:726,VHDU,9-12,86,7726.349999999999,8154.3724999999995
253-01:45,VDU,0-3,196,36211.15,34972.682499999995
253-01:45,VDU,12-15,28,3775.2999999999997,4604.760833333333
253-01:45,VDU,15-18,9,1152.35,1367.7625
253-01:45,VDU,18-21,1,117.8,158.17499999999998
253-01:45,VDU,3-6,237,42960.9,42360.43666666666
253-01:45,VDU,6-9,98,17156.05,17150.16
253-01:45,VDU,9-12,51,8247.9,9007.4725
253-01:45,SDU,0-3,172,46752.35,46463.9775
253-01:45,SDU,12-15,6,1298.6499999999999,1541.28
253-01:45,SDU,3-6,335,93611.09999999999,92987.995
253-01:45,SDU,6-9,78,20848.7,21034.805
253-01:45,SDU,9-12,19,4541.0,5023.7425
253-01:45,VHDU,0-3,205,44780.149999999994,44737.65333333333
253-01:45,VHDU,12-15,13,2649.5499999999997,2757.0425
253-01:45,VHDU,15-18,7,1353.75,1481.905
253-01:45,VHDU,3-6,263,60936.799999999996,59711.45833333333
253-01:45,VHDU,6-9,106,23208.5,23812.478333333333
253-01:45,VHDU,9-12,33,6473.299999999999,6901.5125
254-01:30,VDU,0-3,101,21902.25,18544.5225
254-01:30,VDU,12-15,50,5130.95,8002.799999999999
254-01:30,VDU,15-18,19,1437.35,2941.8174999999997
254-01:30,VDU,18-21,4,207.1,623.1524999999999
254-01:30,VDU,21-24,1,52.25,49.875
254-01:30,VDU,3-6,272,56157.35,49623.6775
254-01:30,VDU,6-9,159,25959.699999999997,27551.14
254-01:30,VDU,9-12,122,16014.15,19524.114999999998
254-01:30,SDU,0-3,81,68365.8,64400.975
254-01:30,SDU,12-15,13,6026.799999999999,8283.6675
254-01:30,SDU,3-6,365,319599.95,306835.7975
254-01:30,SDU,6-9,201,161985.44999999998,167775.415
254-01:30,SDU,9-12,72,47801.15,56483.295
254-01:30,VHDU,0-3,124,45309.299999999996,40855.9375
254-01:30,VHDU,12-15,35,7018.599999999999,10693.5325
254-01:30,VHDU,15-18,11,1624.5,3534.665
254-01:30,VHDU,18-21,2,128.25,688.75
254-01:30,VHDU,3-6,285,116607.75,109522.22249999999
254-01:30,VHDU,6-9,183,74295.7,74407.4675
254-01:30,VHDU,9-12,92,27682.05,32963.575
26-01:45,VDU,0-3,42,20634.0,19997.7375
26-01:45,VDU,12-15,34,15717.749999999998,17046.372499999998
26-01:45,VDU,15-18,10,3973.85,4541.9974999999995
26-01:45,VDU,18-21,1,358.15,482.59999999999997
26-01:45,VDU,3-6,156,76895.84999999999,74357.545
26-01:45,VDU,6-9,159,79359.2,78581.8625
26-01:45,VDU,9-12,83,38987.049999999996,40585.235
26-01:45,VDU,>=24,1,48.449999999999996,380.95
26-01:45,SDU,0-3,85,85198.84999999999,81366.69249999999
26-01:45,SDU,12-15,6,5149.95,5985.1900000000005
26-01:45,SDU,3-6,331,331500.6,330820.41583333333
26-01:45,SDU,6-9,137,134100.1,134170.19416666665
26-01:45,SDU,9-12,50,43319.049999999996,46926.057499999995
26-01:45,VHDU,0-3,72,46266.9,45816.33083333333
26-01:45,VHDU,12-15,21,13138.5,13784.785
26-01:45,VHDU,15-18,5,2964.0,3190.5274999999997
26-01:45,VHDU,18-21,3,691.5999999999999,1217.425
26-01:45,VHDU,3-6,218,148043.25,146034.17416666666
26-01:45,VHDU,6-9,144,93303.3,93592.68583333332
26-01:45,VHDU,9-12,68,43142.35,43913.971666666665
264-01:204,VDU,0-3,49,3239.5,3282.5191666666665
264-01:204,VDU,12-15,41,2820.5499999999997,3046.380833333333
264-01:204,VDU,15-18,8,646.9499999999999,641.5508333333333
264-01:204,VDU,18-21,1,29.45,43.225
264-01:204,VDU,3-6,156,12980.8,12594.435
264-01:204,VDU,6-9,169,12935.199999999999,12975.464166666667
264-01:204,VDU,9-12,90,6900.799999999999,6947.1125
264-01:204,VDU,>=24,1,19.95,42.512499999999996
264-01:204,SDU,0-3,81,12958.0,12517.96
264-01:204,SDU,12-15,6,964.2499999999999,1033.885
264-01:204,SDU,3-6,315,50629.299999999996,50418.70083333333
264-01:204,SDU,6-9,133,20713.8,20924.019166666665
264-01:204,SDU,9-12,49,6961.599999999999,7332.384999999999
264-01:204,VHDU,0-3,82,7700.7,7608.898333333333
264-01:204,VHDU,12-15,23,2109.95,2264.895
264-01:204,VHDU,15-18,5,398.04999999999995,482.31499999999994
264-01:204,VHDU,18-21,3,204.25,330.36249999999995
264-01:204,VHDU,3-6,241,23717.7,23629.445
264-01:204,VHDU,6-9,171,16829.25,16838.639166666664
264-01:204,VHDU,9-12,78,7691.2,7496.545
268-01:203,VDU,0-3,75,5722.799999999999,5363.7474999999995
268-01:203,VDU,12-15,48,3118.85,3620.545
268-01:203,VDU,15-18,13,930.05,904.78
268-01:203,VDU,18-21,1,62.699999999999996,68.875
268-01:203,VDU,21-24,1,40.85,70.49
268-01:203,VDU,3-6,232,16555.649999999998,16420.085
268-01:203,VDU,6-9,233,17173.149999999998,16906.3425
268-01:203,VDU,9-12,123,8758.05,8963.2975
268-01:203,VDU,>=24,1,11.399999999999999,55.3375
268-01:203,SDU,0-3,108,16301.05,15361.595
268-01:203,SDU,12-15,8,939.55,1029.99
268-01:203,SDU,3-6,388,55590.2,55616.325
268-01:203,SDU,6-9,167,23408.0,23826.285
268-01:203,SDU,9-12,61,7779.549999999999,8184.155
268-01:203,VHDU,0-3,98,9606.4,9450.41
268-01:203,VHDU,12-15,25,2269.5499999999997,2410.2925
268-01:203,VHDU,15-18,7,557.65,660.7724999999999
268-01:203,VHDU,18-21,3,98.8,217.7875
268-01:203,VHDU,3-6,306,30718.25,30274.504999999997
268-01:203,VHDU,6-9,206,20149.5,20238.2775
268-01:203,VHDU,9-12,87,8020.849999999999,8168.955
30-01:2966,VDU,0-3,82,52547.35,49424.114166666666
30-01:2966,VDU,12-15,35,17568.35,21192.4575
30-01:2966,VDU,15-18,6,2687.5499999999997,3159.7
30-01:2966,VDU,18-21,2,342.0,971.375
30-01:2966,VDU,3-6,254,162915.5,159010.55666666667
30-01:2966,VDU,6-9,208,130587.95,129187.72916666666
30-01:2966,VDU,9-12,109,63005.899999999994,66708.6675
30-01:2966,SDU,0-3,93,127959.29999999999,123655.3725
30-01:2966,SDU,12-15,5,5770.3,6388.179999999999
30-01:2966,SDU,15-18,1,1035.5,1269.9125
30-01:2966,SDU,3-6,406,556806.4,551918.46
30-01:2966,SDU,6-9,173,225040.75,229275.09
30-01:2966,SDU,9-12,54,67811.95,71917.185
30-01:2966,VHDU,0-3,107,89047.3,87918.6525
30-01:2966,VHDU,12-15,20,15877.349999999999,16691.975
30-01:2966,VHDU,15-18,3,2076.7,2238.58
30-01:2966,VHDU,18-21,1,41.8,438.9
30-01:2966,VHDU,3-6,290,238609.59999999998,237312.6125
30-01:2966,VHDU,6-9,182,148675.0,148661.06666666665
30-01:2966,VHDU,9-12,66,52895.049999999996,53961.01333333333
30-01:2967,VDU,0-3,82,52227.2,49733.65583333333
30-01:2967,VDU,12-15,35,16598.399999999998,20143.515
30-01:2967,VDU,15-18,5,2345.55,2573.075
30-01:2967,VDU,18-21,2,331.54999999999995,946.96
30-01:2967,VDU,3-6,254,154826.25,151367.83833333332
30-01:2967,VDU,6-9,208,125976.65,124381.33083333333
30-01:2967,VDU,9-12,109,62459.65,65618.875
30-01:2967,SDU,0-3,93,110735.8,108870.52249999999
30-01:2967,SDU,12-15,5,6100.9,6647.625
30-01:2967,SDU,15-18,1,892.05,1086.325
30-01:2967,SDU,3-6,406,497480.8,493076.88499999995
30-01:2967,SDU,6-9,173,201924.4,204445.50999999998
30-01:2967,SDU,9-12,54,58263.5,61270.5825
30-01:2967,VHDU,0-3,107,82780.15,81742.56
30-01:2967,VHDU,12-15,20,13677.15,14672.275
30-01:2967,VHDU,15-18,3,2023.4999999999998,2276.295
30-01:2967,VHDU,18-21,1,29.45,273.125
30-01:2967,VHDU,3-6,290,219374.94999999998,217644.46166666667
30-01:2967,VHDU,6-9,183,138267.75,138322.91333333333
30-01:2967,VHDU,9-12,66,49073.2,50294.52
30-04:130,VDU,0-3,116,89984.0,87045.53916666667
30-04:130,VDU,12-15,36,25498.0,27394.025833333333
30-04:130,VDU,15-18,9,5402.65,6432.164999999999
30-04:130,VDU,18-21,2,969.9499999999999,1564.65
30-04:130,VDU,3-6,190,147093.25,146947.45666666667
30-04:130,VDU,6-9,159,127426.34999999999,125306.1875
30-04:130,VDU,9-12,85,67353.09999999999,69037.27583333333
30-04:130,SDU,0-3,153,250106.5,241984.0158333333
30-04:130,SDU,12-15,1,1239.75,1416.2124999999999
30-04:130,SDU,3-6,333,534075.75,537795.4591666666
30-04:130,SDU,6-9,104,161370.8,165936.45249999998
30-04:130,SDU,9-12,18,24475.8,24136.46
30-04:130,VHDU,0-3,114,108535.59999999999,109968.89666666667
30-04:130,VHDU,12-15,11,10500.349999999999,11002.9
30-04:130,VHDU,15-18,4,3852.25,4289.2975
30-04:130,VHDU,18-21,1,43.699999999999996,433.91249999999997
30-04:130,VHDU,21-24,1,318.25,611.5625
30-04:130,VHDU,3-6,248,248615.94999999998,246603.65999999997
30-04:130,VHDU,6-9,148,149411.25,148067.0475
30-04:130,VHDU,9-12,48,46422.7,46722.77333333333
30-08:3501,VDU,0-3,27,5434.0,5792.197499999999
30-08:3501,VDU,12-15,13,2411.1,2747.6375
30-08:3501,VDU,15-18,4,1699.55,1433.7399999999998
30-08:3501,VDU,18-21,1,277.4,303.525
30-08:3501,VDU,21-24,1,87.39999999999999,124.925
30-08:3501,VDU,3-6,70,14043.849999999999,13930.752499999999
30-08:3501,VDU,6-9,110,24362.75,23916.25
30-08:3501,VDU,9-12,47,12508.65,12465.234999999999
30-08:3501,VDU,>=24,1,22.799999999999997,133.23749999999998
30-08:3501,SDU,0-3,44,30913.949999999997,30606.149999999998
30-08:3501,SDU,12-15,1,459.79999999999995,546.4875
30-08:3501,SDU,15-18,2,921.5,1096.3
30-08:3501,SDU,3-6,120,83946.75,83326.01999999999
30-08:3501,SDU,6-9,59,39654.9,40045.3025
30-08:3501,SDU,9-12,18,11798.05,12074.689999999999
30-08:3501,VHDU,0-3,37,13965.949999999999,14375.653333333334
30-08:3501,VHDU,12-15,11,3508.35,3684.3374999999996
30-08:3501,VHDU,15-18,3,884.45,875.5674999999999
30-08:3501,VHDU,18-21,1,369.54999999999995,372.875
30-08:3501,VHDU,3-6,112,40402.549999999996,41101.75
30-08:3501,VHDU,6-9,102,36303.299999999996,35867.9625
30-08:3501,VHDU,9-12,32,12057.4,11213.404166666665
30-08:3575,VDU,0-3,36,4221.8,3636.41
30-08:3575,VDU,12-15,22,1491.5,1700.975
30-08:3575,VDU,15-18,10,922.4499999999999,1117.3899999999999
30-08:3575,VDU,18-21,1,87.39999999999999,113.52499999999999
30-08:3575,VDU,3-6,93,9592.15,9800.690833333332
30-08:3575,VDU,6-9,104,11804.699999999999,11404.4175
30-08:3575,VDU,9-12,63,6030.599999999999,6377.191666666667
30-08:3575,SDU,0-3,43,10052.9,9679.36
30-08:3575,SDU,3-6,127,33862.75,33998.5525
30-08:3575,SDU,6-9,54,14785.8,14643.537499999999
30-08:3575,SDU,9-12,20,4266.45,4646.45
30-08:3575,VHDU,0-3,34,4028.95,4190.782499999999
30-08:3575,VHDU,12-15,6,741.0,830.5374999999999
30-08:3575,VHDU,15-18,1,56.05,76.0
30-08:3575,VHDU,18-21,1,10.45,71.25
30-08:3575,VHDU,21-24,1,0.95,45.599999999999994
30-08:3575,VHDU,3-6,101,11929.15,11450.35
30-08:3575,VHDU,6-9,80,10756.849999999999,10744.547499999999
30-08:3575,VHDU,9-12,20,2296.15,2410.4825
305-01:204,VDU,0-3,95,31751.85,30676.3075
305-01:204,VDU,12-15,12,2259.1,3340.4849999999997
305-01:204,VDU,15-18,1,227.04999999999998,263.15
305-01:204,VDU,3-6,264,86778.7,86025.73
305-01:204,VDU,6-9,216,69179.0,68961.5925
305-01:204,VDU,9-12,43,12226.5,13154.935
305-01:204,SDU,0-3,153,68163.45,67680.21666666666
305-01:204,SDU,12-15,1,447.45,367.27
305-01:204,SDU,3-6,325,141499.65,141274.15166666667
305-01:204,SDU,6-9,85,35575.6,36520.739166666666
305-01:204,SDU,9-12,15,6907.45,6751.2225
305-01:204,VHDU,0-3,105,40618.2,40348.558333333334
305-01:204,VHDU,12-15,8,2435.7999999999997,2791.8599999999997
305-01:204,VHDU,15-18,2,370.5,498.98749999999995
305-01:204,VHDU,3-6,305,117302.2,116585.69416666667
305-01:204,VHDU,6-9,138,52153.1,52143.695
305-01:204,VHDU,9-12,26,9132.35,9643.355
308-01:1342,VDU,0-3,24,1469.6499999999999,1477.25
308-01:1342,VDU,12-15,9,445.54999999999995,536.4174999999999
308-01:1342,VDU,15-18,1,50.349999999999994,57.379999999999995
308-01:1342,VDU,3-6,85,5286.75,5186.4775
308-01:1342,VDU,6-9,69,4163.849999999999,4099.9625
308-01:1342,VDU,9-12,24,1369.8999999999999,1428.5625
308-01:1342,SDU,0-3,37,3503.6,3362.7625
308-01:1342,SDU,12-15,1,112.1,126.35
308-01:1342,SDU,3-6,82,7429.0,7467.95
308-01:1342,SDU,6-9,27,2240.1,2317.0499999999997
308-01:1342,SDU,9-12,4,355.29999999999995,365.98749999999995
308-01:1342,VHDU,0-3,28,2036.8,2067.9125
308-01:1342,VHDU,12-15,4,250.79999999999998,273.21999999999997
308-01:1342,VHDU,15-18,2,57.0,130.0075
308-01:1342,VHDU,3-6,89,7374.849999999999,7205.116666666666
308-01:1342,VHDU,6-9,46,3625.2,3600.373333333333
308-01:1342,VHDU,9-12,8,541.5,609.52
31-03:2080,VDU,0-3,133,46086.399999999994,43692.97
31-03:2080,VDU,12-15,21,4706.3,6692.765833333333
31-03:2080,VDU,3-6,346,117074.2,117461.23
31-03:2080,VDU,6-9,172,60281.299999999996,59392.11583333333
31-03:2080,VDU,9-12,48,14195.849999999999,15104.968333333332
31-03:2080,SDU,0-3,230,210223.6,206330.595
31-03:2080,SDU,3-6,415,387448.95,385351.825
31-03:2080,SDU,6-9,61,46146.25,50652.1
31-03:2080,SDU,9-12,8,4148.65,5632.93
31-03:2080,VHDU,0-3,167,76194.75,77141.66249999999
31-03:2080,VHDU,12-15,6,2537.45,3012.0699999999997
31-03:2080,VHDU,15-18,1,35.15,171.95
31-03:2080,VHDU,3-6,394,198713.4,197708.4425
31-03:2080,VHDU,6-9,124,61699.649999999994,60350.06416666666
31-03:2080,VHDU,9-12,26,10582.05,11378.260833333334
32-01:24,VDU,0-3,129,49178.65,46279.82
32-01:24,VDU,12-15,37,10371.15,12227.402499999998
32-01:24,VDU,15-18,9,2617.25,2981.5274999999997
32-01:24,VDU,18-21,3,667.8499999999999,1115.2525
32-01:24,VDU,3-6,194,70817.75,69529.88249999999
32-01:24,VDU,6-9,155,54944.2,55380.725
32-01:24,VDU,9-12,79,28128.55,29210.789999999997
32-01:24,SDU,0-3,189,194686.34999999998,187551.4225
32-01:24,SDU,12-15,1,832.1999999999999,921.9749999999999
32-01:24,SDU,3-6,398,407799.85,406449.70999999996
32-01:24,SDU,6-9,124,116463.34999999999,123620.41249999999
32-01:24,SDU,9-12,20,15842.199999999999,17080.43
32-01:24,VHDU,0-3,156,80858.3,81491.30083333333
32-01:24,VHDU,12-15,12,5869.1,6312.465
32-01:24,VHDU,15-18,3,1330.0,1588.9699999999998
32-01:24,VHDU,18-21,1,47.5,229.6625
32-01:24,VHDU,21-24,1,156.75,337.0125
32-01:24,VHDU,3-6,293,159752.94999999998,158302.37916666665
32-01:24,VHDU,6-9,183,97546.0,96887.87166666666
32-01:24,VHDU,9-12,57,28343.25,28754.18833333333
34-02:5967,VDU,0-3,30,60395.299999999996,58631.0075
34-02:5967,VDU,12-15,11,18741.6,20340.829999999998
34-02:5967,VDU,15-18,1,1219.8,1690.81
34-02:5967,VDU,3-6,85,161743.19999999998,160413.91249999998
34-02:5967,VDU,6-9,82,154895.6,154460.975
34-02:5967,VDU,9-12,34,64403.35,65861.315
34-02:5967,SDU,0-3,59,160101.6,159808.81
34-02:5967,SDU,12-15,1,3121.7,3076.48
34-02:5967,SDU,3-6,140,386015.39999999997,384596.4325
34-02:5967,SDU,6-9,34,85647.25,87811.5875
34-02:5967,SDU,9-12,5,13273.4,12866.04
34-02:5967,VHDU,0-3,57,130035.04999999999,127612.6925
34-02:5967,VHDU,12-15,4,8030.349999999999,8977.025
34-02:5967,VHDU,15-18,1,107.35,1177.7625
34-02:5967,VHDU,3-6,110,245804.9,242625.6775
34-02:5967,VHDU,6-9,65,140769.1,143192.5025
34-02:5967,VHDU,9-12,7,14768.7,15929.79
34-02:5994,VDU,0-3,20,21606.8,20617.2325
34-02:5994,VDU,3-6,56,62917.549999999996,61444.6225
34-02:5994,VDU,6-9,39,42696.799999999996,44139.2325
34-02:5994,VDU,9-12,7,6774.45,7794.5125
34-02:5994,SDU,0-3,28,40412.049999999996,40157.4025
34-02:5994,SDU,12-15,1,1340.45,1423.8125
34-02:5994,SDU,3-6,69,98675.54999999999,98060.66249999999
34-02:5994,SDU,6-9,18,23930.5,24739.567499999997
34-02:5994,SDU,9-12,6,8677.3,8654.404999999999
34-02:5994,VHDU,0-3,24,32386.449999999997,32213.644999999997
34-02:5994,VHDU,12-15,2,2307.55,2712.4399999999996
34-02:5994,VHDU,3-6,67,87128.3,86416.13249999999
34-02:5994,VHDU,6-9,24,29335.05,29744.1675
34-02:5994,VHDU,9-12,5,5998.299999999999,6069.264999999999
34-02:5997,VDU,0-3,82,162910.75,154991.16999999998
34-02:5997,VDU,12-15,7,9419.25,13509.807499999999
34-02:5997,VDU,3-6,209,403631.25,396116.89249999996
34-02:5997,VDU,6-9,157,289616.05,295379.32
34-02:5997,VDU,9-12,30,49144.45,54724.56
34-02:5997,SDU,0-3,130,374829.14999999997,374360.08749999997
34-02:5997,SDU,12-15,1,1360.3999999999999,1439.9624999999999
34-02:5997,SDU,3-6,276,771211.9,766147.5449999999
34-02:5997,SDU,6-9,68,177043.9,183411.75
34-02:5997,SDU,9-12,13,34256.049999999996,33342.055
34-02:5997,VHDU,0-3,96,232299.69999999998,227199.10249999998
34-02:5997,VHDU,12-15,5,8289.7,10629.93
34-02:5997,VHDU,3-6,264,610869.0,607656.5275
34-02:5997,VHDU,6-9,103,235365.35,238381.3625
34-02:5997,VHDU,9-12,20,43541.35,46498.1775
34-05:11783,VDU,0-3,80,97917.45,93351.37
34-05:11783,VDU,12-15,48,49028.549999999996,54213.8875
34-05:11783,VDU,15-18,10,7427.099999999999,10388.06
34-05:11783,VDU,18-21,1,815.0999999999999,1191.5375
34-05:11783,VDU,3-6,167,209859.75,205096.75083333332
34-05:11783,VDU,6-9,172,212977.65,209234.57083333333
34-05:11783,VDU,9-12,108,121550.59999999999,126100.02333333333
34-05:11783,SDU,0-3,69,140012.9,138085.00166666665
34-05:11783,SDU,12-15,13,27764.699999999997,27450.725
34-05:11783,SDU,15-18,1,2377.85,2547.14
34-05:11783,SDU,3-6,282,603926.4,598104.9266666666
34-05:11783,SDU,6-9,107,219241.94999999998,223017.18666666665
34-05:11783,SDU,9-12,47,92834.0,96952.81999999999
34-05:11783,VHDU,0-3,86,137211.35,134940.185
34-05:11783,VHDU,12-15,18,25361.199999999997,27588.427499999998
34-05:11783,VHDU,15-18,3,2827.2,3686.6175000000003
34-05:11783,VHDU,18-21,1,44.65,526.3
34-05:11783,VHDU,3-6,225,363627.69999999995,356480.9608333333
34-05:11783,VHDU,6-9,131,201945.3,203951.11416666667
34-05:11783,VHDU,9-12,68,98164.45,102008.245
35-01:1245,VDU,0-3,46,138131.9,129943.86583333333
35-01:1245,VDU,12-15,27,79519.75,82577.48333333332
35-01:1245,VDU,15-18,6,12737.599999999999,13519.576666666666
35-01:1245,VDU,3-6,104,301172.8,301981.0916666667
35-01:1245,VDU,6-9,87,265661.8,266977.43916666665
35-01:1245,VDU,9-12,74,219988.65,222213.04333333333
35-01:1245,SDU,0-3,76,477589.69999999995,471311.4666666667
35-01:1245,SDU,12-15,2,10926.9,12046.2375
35-01:1245,SDU,3-6,187,1193435.5999999999,1184838.9391666667
35-01:1245,SDU,6-9,56,334733.45,344427.4558333333
35-01:1245,SDU,9-12,17,99275.95,103337.50083333332
35-01:1245,VHDU,0-3,48,199016.44999999998,201240.82749999998
35-01:1245,VHDU,12-15,10,40515.6,41313.4575
35-01:1245,VHDU,3-6,134,594081.5499999999,589453.6883333334
35-01:1245,VHDU,6-9,106,433494.5,437971.91333333333
35-01:1245,VHDU,9-12,58,226105.69999999998,223233.91333333333
35-01:152,VDU,0-3,29,75636.15,71179.47833333333
35-01:152,VDU,12-15,24,53501.15,56389.814999999995
35-01:152,VDU,3-6,74,188550.3,184372.97583333333
35-01:152,VDU,6-9,64,154569.75,156440.4583333333
35-01:152,VDU,9-12,50,118104.95,121979.5725
35-01:152,SDU,0-3,92,500598.69999999995,487723.4925
35-01:152,SDU,3-6,177,946704.45,952956.3999999999
35-01:152,SDU,6-9,30,153197.94999999998,155934.995
35-01:152,SDU,9-12,6,24129.05,28015.262499999997
35-01:152,VHDU,0-3,50,166472.3,164269.10749999998
35-01:152,VHDU,12-15,10,27613.649999999998,32121.875
35-01:152,VHDU,18-21,1,76.95,2125.15
35-01:152,VHDU,3-6,96,343589.35,341598.5775
35-01:152,VHDU,6-9,64,220886.4,212841.5625
35-01:152,VHDU,9-12,23,71780.09999999999,77462.4775
35-07:11217,VDU,0-3,65,34889.7,34979.807499999995
35-07:11217,VDU,12-15,23,11035.199999999999,11966.7225
35-07:11217,VDU,15-18,6,3481.75,3743.19
35-07:11217,VDU,18-21,2,1486.75,1483.2825
35-07:11217,VDU,21-24,2,353.4,842.65
35-07:11217,VDU,3-6,162,87953.84999999999,85536.955
35-07:11217,VDU,6-9,174,91684.5,90473.8675
35-07:11217,VDU,9-12,81,43292.45,45092.415
35-07:11217,VDU,>=24,1,377.15,435.86
35-07:11217,SDU,0-3,147,192355.05,187725.0825
35-07:11217,SDU,12-15,1,1099.1499999999999,1230.4875
35-07:11217,SDU,15-18,1,1145.7,1230.4875
35-07:11217,SDU,3-6,268,360229.55,363692.79083333333
35-07:11217,SDU,6-9,112,145154.3,144820.88166666665
35-07:11217,SDU,9-12,30,35686.75,36970.77
35-07:11217,VHDU,0-3,80,54190.85,54482.642499999994
35-07:11217,VHDU,12-15,12,8725.75,8830.25
35-07:11217,VHDU,15-18,6,4154.349999999999,4114.6875
35-07:11217,VHDU,18-21,1,767.5999999999999,796.0999999999999
35-07:11217,VHDU,3-6,221,158878.0,161409.75
35-07:11217,VHDU,6-9,150,115507.65,114052.3925
35-07:11217,VHDU,9-12,45,34528.7,33067.0775
35-08:193,VDU,0-3,67,68230.9,63534.511666666665
35-08:193,VDU,12-15,25,17453.399999999998,22303.149999999998
35-08:193,VDU,15-18,10,7928.699999999999,9083.994999999999
35-08:193,VDU,18-21,4,4644.549999999999,5401.9375
35-08:193,VDU,21-24,2,382.84999999999997,1621.4125
35-08:193,VDU,3-6,159,153852.5,143440.46833333332
35-08:193,VDU,6-9,161,141202.3,140864.9075
35-08:193,VDU,9-12,84,70851.95,78326.0275
35-08:193,VDU,>=24,1,854.05,824.79
35-08:193,SDU,0-3,171,415506.25,410059.45666666667
35-08:193,SDU,12-15,3,7942.95,8631.89
35-08:193,SDU,15-18,1,2350.2999999999997,2549.325
35-08:193,SDU,3-6,329,845773.6,844490.5458333333
35-08:193,SDU,6-9,147,367280.45,367787.37
35-08:193,SDU,9-12,44,100665.8,106000.7625
35-08:193,VHDU,0-3,98,125791.4,127459.45749999999
35-08:193,VHDU,12-15,8,10102.3,10264.9875
35-08:193,VHDU,15-18,5,5948.9,6139.945
35-08:193,VHDU,18-21,2,1608.35,2124.2
35-08:193,VHDU,21-24,1,247.95,646.2375
35-08:193,VHDU,3-6,233,299142.64999999997,297663.5158333333
35-08:193,VHDU,6-9,167,221608.4,220815.34
35-08:193,VHDU,9-12,44,57003.799999999996,56340.066666666666
35-09:1041,VDU,0-3,35,39805.0,40138.354999999996
35-09:1041,VDU,12-15,15,16185.15,19009.5475
35-09:1041,VDU,15-18,6,7981.9,8090.532499999999
35-09:1041,VDU,18-21,3,2472.85,2788.0125
35-09:1041,VDU,21-24,1,288.8,639.35
35-09:1041,VDU,3-6,97,107519.09999999999,104386.095
35-09:1041,VDU,6-9,148,164930.44999999998,160246.5225
35-09:1041,VDU,9-12,57,67988.65,71045.8925
35-09:1041,VDU,>=24,2,633.65,1461.2424999999998
35-09:1041,SDU,0-3,77,225486.3,224238.6175
35-09:1041,SDU,12-15,1,2248.65,2551.9375
35-09:1041,SDU,15-18,2,4130.6,5021.225
35-09:1041,SDU,3-6,176,530257.7,525628.9199999999
35-09:1041,SDU,6-9,86,252074.9,254109.32499999998
35-09:1041,SDU,9-12,24,67928.8,70576.925
35-09:1041,VHDU,0-3,45,77301.5,79866.4525
35-09:1041,VHDU,12-15,13,18896.449999999997,20039.965
35-09:1041,VHDU,15-18,3,4440.299999999999,4297.4675
35-09:1041,VHDU,18-21,1,1553.25,1667.4875
35-09:1041,VHDU,3-6,147,248367.05,252048.585
35-09:1041,VHDU,6-9,119,203975.44999999998,199774.26499999998
35-09:1041,VHDU,9-12,38,64508.799999999996,61348.5775
35-09:941,VDU,0-3,40,32700.899999999998,29996.155
35-09:941,VDU,12-15,24,14267.099999999999,15428.189999999999
35-09:941,VDU,15-18,10,7396.7,9398.73
35-09:941,VDU,18-21,1,969.9499999999999,1197.7124999999999
35-09:941,VDU,3-6,106,86267.59999999999,86072.89749999999
35-09:941,VDU,6-9,118,102999.95,99259.5625
35-09:941,VDU,9-12,65,48526.95,51775.9025
35-09:941,SDU,0-3,76,129515.4,124054.65749999999
35-09:941,SDU,3-6,186,340746.0,343812.41
35-09:941,SDU,6-9,75,137070.75,136434.725
35-09:941,SDU,9-12,29,40734.1,43764.4575
35-09:941,VHDU,0-3,54,44286.149999999994,45206.1775
35-09:941,VHDU,12-15,8,8321.05,8644.43
35-09:941,VHDU,15-18,4,3691.7,3607.055
35-09:941,VHDU,18-21,1,83.6,431.775
35-09:941,VHDU,21-24,1,1.9,256.2625
35-09:941,VHDU,3-6,147,119153.75,115875.11
35-09:941,VHDU,6-9,120,109233.84999999999,109360.57999999999
35-09:941,VHDU,9-12,31,21645.75,23036.36
35-11:1000,VDU,0-3,71,3580.5499999999997,3240.9725
35-11:1000,VDU,12-15,39,1091.55,1507.175
35-11:1000,VDU,15-18,15,469.29999999999995,839.6891666666667
35-11:1000,VDU,18-21,4,67.45,190.475
35-11:1000,VDU,21-24,1,1.9,42.512499999999996
35-11:1000,VDU,3-6,195,10181.15,9295.512499999999
35-11:1000,VDU,6-9,259,12135.3,11815.878333333332
35-11:1000,VDU,9-12,120,4971.349999999999,5467.155
35-11:1000,VDU,>=24,2,0.0,99.18
35-11:1000,SDU,0-3,148,44690.85,43269.365
35-11:1000,SDU,12-15,1,207.1,273.3625
35-11:1000,SDU,15-18,2,219.45,431.775
35-11:1000,SDU,3-6,345,105113.7,103907.2
35-11:1000,SDU,6-9,152,42473.549999999996,43718.24
35-11:1000,SDU,9-12,52,12464.0,13568.7075
35-11:1000,VHDU,0-3,96,6923.599999999999,7370.7175
35-11:1000,VHDU,12-15,21,1196.05,1571.0149999999999
35-11:1000,VHDU,15-18,7,520.6,612.56
35-11:1000,VHDU,18-21,2,59.849999999999994,64.3625
35-11:1000,VHDU,21-24,1,0.0,17.099999999999998
35-11:1000,VHDU,3-6,290,22339.25,22039.9525
35-11:1000,VHDU,6-9,229,17735.55,17033.2625
35-11:1000,VHDU,9-12,64,4161.95,4227.88
35-16:25894,VDU,0-3,43,84.55,65.70833333333333
35-16:25894,VDU,12-15,93,85.5,118.8925
35-16:25894,VDU,15-18,42,40.849999999999994,49.9225
35-16:25894,VDU,18-21,33,21.849999999999998,29.877499999999998
35-16:25894,VDU,21-24,6,6.6499999999999995,5.7475
35-16:25894,VDU,3-6,157,253.64999999999998,212.42
35-16:25894,VDU,6-9,189,227.04999999999998,251.0533333333333
35-16:25894,VDU,9-12,125,153.9,140.47333333333333
35-16:25894,VDU,>=24,4,3.8,3.705
35-16:25894,SDU,0-3,37,2812.0,2765.355
35-16:25894,SDU,12-15,48,3318.35,3367.290833333333
35-16:25894,SDU,15-18,15,836.0,989.2824999999999
35-16:25894,SDU,3-6,299,26501.199999999997,25811.135833333334
35-16:25894,SDU,6-9,223,16587.0,16972.399166666666
35-16:25894,SDU,9-12,106,7952.45,8101.536666666666
35-16:25894,VHDU,0-3,61,259.34999999999997,288.45166666666665
35-16:25894,VHDU,12-15,59,276.45,274.93
35-16:25894,VHDU,15-18,23,75.05,116.7075
35-16:25894,VHDU,18-21,11,29.45,46.4075
35-16:25894,VHDU,21-24,2,10.45,10.497499999999999
35-16:25894,VHDU,3-6,226,1361.35,1292.9341666666667
35-16:25894,VHDU,6-9,182,990.8499999999999,984.6591666666666
35-16:25894,VHDU,9-12,106,509.2,497.5625
354-01:192,VDU,0-3,138,31762.3,30142.977499999997
354-01:192,VDU,12-15,21,2771.15,4024.4849999999997
354-01:192,VDU,3-6,347,76734.34999999999,75625.985
354-01:192,VDU,6-9,174,36328.0,37039.502499999995
354-01:192,VDU,9-12,48,8839.75,9602.6
354-01:192,SDU,0-3,210,84826.45,82718.66916666666
354-01:192,SDU,3-6,351,143094.69999999998,143388.36083333334
354-01:192,SDU,6-9,61,21208.75,22264.01
354-01:192,SDU,9-12,8,2214.45,2973.3099999999995
354-01:192,VHDU,0-3,163,50758.5,50268.1575
354-01:192,VHDU,12-15,6,1504.8,1798.7616666666665
354-01:192,VHDU,15-18,1,9.5,124.21249999999999
354-01:192,VHDU,3-6,364,121055.65,119923.50333333333
354-01:192,VHDU,6-9,123,40001.65,40139.19416666667
354-01:192,VHDU,9-12,29,8765.65,9841.920833333334
359-01:2900,VDU,0-3,151,70262.0,66697.64749999999
359-01:2900,VDU,12-15,26,10249.55,11534.092499999999
359-01:2900,VDU,15-18,8,2156.5,3553.5699999999997
359-01:2900,VDU,3-6,249,114231.79999999999,114868.0625
359-01:2900,VDU,6-9,209,97745.5,97948.0875
359-01:2900,VDU,9-12,85,39028.85,39072.74
359-01:2900,SDU,0-3,193,214026.44999999998,206280.29249999998
359-01:2900,SDU,12-15,1,908.1999999999999,1040.25
359-01:2900,SDU,3-6,371,411064.05,414234.0575
359-01:2900,SDU,6-9,141,151379.65,151910.3675
359-01:2900,SDU,9-12,26,23432.7,27346.082499999997
359-01:2900,VHDU,0-3,164,94459.45,96016.595
359-01:2900,VHDU,12-15,11,6200.65,6535.62
359-01:2900,VHDU,15-18,1,480.7,501.97999999999996
359-01:2900,VHDU,18-21,2,247.95,665.95
359-01:2900,VHDU,3-6,334,206485.34999999998,205043.345
359-01:2900,VHDU,6-9,174,105078.54999999999,104025.47499999999
359-01:2900,VHDU,9-12,46,26800.45,26964.135
36-01:259,VDU,0-3,29,16029.349999999999,14552.48
36-01:259,VDU,12-15,24,11014.3,11903.0725
36-01:259,VDU,3-6,67,37087.049999999996,36143.7475
36-01:259,VDU,6-9,70,35565.15,36490.4025
36-01:259,VDU,9-12,53,26451.8,27057.9475
36-01:259,SDU,0-3,67,90439.05,87475.28749999999
36-01:259,SDU,3-6,142,187857.75,188874.6775
36-01:259,SDU,6-9,33,38015.2,38981.635
36-01:259,SDU,9-12,2,1983.6,2964.0
36-01:259,VHDU,0-3,51,39274.9,38402.182499999995
36-01:259,VHDU,12-15,7,4147.7,4733.09
36-01:259,VHDU,18-21,1,52.25,603.4875
36-01:259,VHDU,3-6,91,78945.0,78319.9
36-01:259,VHDU,6-9,70,51829.15,50702.07
36-01:259,VHDU,9-12,24,14625.25,16113.52
36-01:301,VDU,0-3,59,36644.35,34115.7825
36-01:301,VDU,12-15,29,15163.9,16804.8825
36-01:301,VDU,15-18,4,1601.7,1813.6924999999999
36-01:301,VDU,3-6,106,62120.5,61068.564999999995
36-01:301,VDU,6-9,84,49510.2,49435.244999999995
36-01:301,VDU,9-12,81,46655.45,48457.932499999995
36-01:301,SDU,0-3,78,113704.54999999999,109411.405
36-01:301,SDU,12-15,1,1568.4499999999998,1768.6625
36-01:301,SDU,3-6,162,230089.05,231992.62833333333
36-01:301,SDU,6-9,44,62170.85,63625.17333333333
36-01:301,SDU,9-12,12,16637.35,17372.380833333333
36-01:301,VHDU,0-3,49,44670.899999999994,44544.835
36-01:301,VHDU,12-15,9,6990.099999999999,7753.9
36-01:301,VHDU,3-6,144,136347.8,135905.66999999998
36-01:301,VHDU,6-9,95,86338.84999999999,86606.275
36-01:301,VHDU,9-12,50,43372.25,42909.22
36-02:12620,VDU,0-3,170,31357.6,28412.03
36-02:12620,VDU,12-15,33,3996.6499999999996,5220.3925
36-02:12620,VDU,15-18,10,833.15,1552.4424999999999
36-02:12620,VDU,18-21,1,125.39999999999999,184.29999999999998
36-02:12620,VDU,3-6,240,43927.049999999996,43184.625
36-02:12620,VDU,6-9,190,33515.049999999996,33575.185
36-02:12620,VDU,9-12,82,12371.849999999999,13997.775
36-02:12620,SDU,0-3,148,92804.54999999999,87515.86833333333
36-02:12620,SDU,12-15,2,783.75,875.425
36-02:12620,SDU,3-6,356,208988.59999999998,207996.02416666667
36-02:12620,SDU,6-9,116,59753.1,63810.74
36-02:12620,SDU,9-12,34,16915.7,19047.642499999998
36-02:12620,VHDU,0-3,158,48118.45,46324.72333333333
36-02:12620,VHDU,12-15,23,5011.25,6117.287499999999
36-02:12620,VHDU,15-18,2,210.89999999999998,445.78749999999997
36-02:12620,VHDU,18-21,1,19.0,275.2625
36-02:12620,VHDU,3-6,331,103495.84999999999,102013.83416666667
36-02:12620,VHDU,6-9,157,46550.0,46933.42
36-02:12620,VHDU,9-12,55,15400.449999999999,16695.585
36-03:724,VDU,0-3,66,55888.5,50415.549999999996
36-03:724,VDU,12-15,16,8933.8,11275.977499999999
36-03:724,VDU,15-18,5,1978.85,3507.21
36-03:724,VDU,18-21,1,475.0,951.9
36-03:724,VDU,3-6,107,89186.0,86427.1525
36-03:724,VDU,6-9,93,70327.55,72805.00749999999
36-03:724,VDU,9-12,45,31988.399999999998,33395.3025
36-03:724,SDU,0-3,76,158349.8,148900.625
36-03:724,SDU,12-15,1,1613.1,1676.2749999999999
36-03:724,SDU,3-6,202,400656.8,398598.625
36-03:724,SDU,6-9,71,120774.45,128888.06749999999
36-03:724,SDU,9-12,16,28042.1,31372.657499999998
36-03:724,VHDU,0-3,59,60817.1,59638.149999999994
36-03:724,VHDU,12-15,16,14782.949999999999,16518.695
36-03:724,VHDU,15-18,2,656.45,1181.5625
36-03:724,VHDU,18-21,1,20.9,694.2125
36-03:724,VHDU,3-6,151,158676.6,153076.3975
36-03:724,VHDU,6-9,66,68483.59999999999,70702.98999999999
36-03:724,VHDU,9-12,17,14630.949999999999,16256.5425
36-04:2814,VDU,0-3,145,133641.25,121230.545
36-04:2814,VDU,12-15,29,15019.5,21173.695
36-04:2814,VDU,15-18,9,2979.2,5781.6525
36-04:2814,VDU,3-6,200,179174.75,174766.0375
36-04:2814,VDU,6-9,154,129848.84999999999,128351.17499999999
36-04:2814,VDU,9-12,70,46418.899999999994,55779.345
36-04:2814,SDU,0-3,146,360983.85,344991.01166666666
36-04:2814,SDU,12-15,3,5406.45,6050.5975
36-04:2814,SDU,3-6,320,743503.25,744589.0366666666
36-04:2814,SDU,6-9,105,238637.15,245349.50166666665
36-04:2814,SDU,9-12,35,76962.34999999999,84512.9025
36-04:2814,VHDU,0-3,124,175291.15,170328.52416666667
36-04:2814,VHDU,12-15,15,14660.4,17050.916666666664
36-04:2814,VHDU,15-18,2,667.8499999999999,1220.0375
36-04:2814,VHDU,18-21,1,21.849999999999998,713.2125
36-04:2814,VHDU,3-6,271,355660.05,353727.4333333333
36-04:2814,VHDU,6-9,124,162838.55,163410.95666666667
36-04:2814,VHDU,9-12,46,62727.549999999996,65416.31916666666
36-07:5070,VDU,0-3,159,188917.94999999998,170892.85583333333
36-07:5070,VDU,12-15,68,55799.2,68000.88916666666
36-07:5070,VDU,15-18,27,15998.0,25837.434999999998
36-07:5070,VDU,18-21,9,2964.95,6813.969999999999
36-07:5070,VDU,21-24,2,241.3,968.7625
36-07:5070,VDU,3-6,192,226468.59999999998,213602.51249999998
36-07:5070,VDU,6-9,152,174313.6,170241.13999999998
36-07:5070,VDU,9-12,97,91958.09999999999,100304.135
36-07:5070,SDU,0-3,56,144911.1,141904.16
36-07:5070,SDU,12-15,19,35708.6,42057.782499999994
36-07:5070,SDU,15-18,1,3914.95,3984.7749999999996
36-07:5070,SDU,3-6,362,959814.45,936334.3608333333
36-07:5070,SDU,6-9,205,517737.64999999997,525907.2066666667
36-07:5070,SDU,9-12,83,206499.59999999998,218398.065
36-07:5070,VHDU,0-3,139,238576.34999999998,229761.66416666665
36-07:5070,VHDU,12-15,29,45365.35,48775.4225
36-07:5070,VHDU,15-18,19,21089.05,26810.045
36-07:5070,VHDU,18-21,1,1356.6,1460.1499999999999
36-07:5070,VHDU,3-6,274,452295.0,441301.3308333333
36-07:5070,VHDU,6-9,189,299904.55,307896.89999999997
36-07:5070,VHDU,9-12,73,106252.75,108834.1375
36-12:5213,VDU,0-3,165,373205.6,349690.74083333334
36-12:5213,VDU,12-15,8,12966.55,14740.484999999999
36-12:5213,VDU,15-18,3,3024.7999999999997,5408.8724999999995
36-12:5213,VDU,18-21,1,1516.1999999999998,1833.69
36-12:5213,VDU,21-24,2,1178.0,3291.75
36-12:5213,VDU,3-6,206,449253.1,443210.5933333333
36-12:5213,VDU,6-9,145,281932.45,295927.29583333334
36-12:5213,VDU,9-12,31,50716.7,59689.972499999996
36-12:5213,SDU,0-3,397,1770634.7,1721112.6724999999
36-12:5213,SDU,15-18,1,3918.75,3697.6375
36-12:5213,SDU,3-6,227,903876.5499999999,932114.825
36-12:5213,SDU,6-9,53,197236.15,219082.1125
36-12:5213,SDU,9-12,3,11761.95,11420.8525
36-12:5213,VHDU,0-3,267,811475.75,776523.7141666666
36-12:5213,VHDU,12-15,4,10442.4,11539.175
36-12:5213,VHDU,3-6,280,802572.35,815695.2383333333
36-12:5213,VHDU,6-9,119,308498.25,323160.10666666663
36-12:5213,VHDU,9-12,26,60753.45,66823.96583333334
365-01:3298,VDU,0-3,165,122276.4,111668.17749999999
365-01:3298,VDU,12-15,45,19351.5,24975.832499999997
365-01:3298,VDU,15-18,17,8246.0,11892.9075
365-01:3298,VDU,18-21,6,1283.4499999999998,3498.4224999999997
365-01:3298,VDU,21-24,1,15.2,483.54999999999995
365-01:3298,VDU,3-6,164,128250.95,123162.03749999999
365-01:3298,VDU,6-9,155,112122.79999999999,109986.2025
365-01:3298,VDU,9-12,84,51930.799999999996,57809.97
365-01:3298,SDU,0-3,111,209413.25,201849.1758333333
365-01:3298,SDU,12-15,7,9736.55,11475.0975
365-01:3298,SDU,3-6,345,656370.2,653899.9941666666
365-01:3298,SDU,6-9,139,237077.25,242700.18916666665
365-01:3298,SDU,9-12,25,39067.799999999996,41740.59333333333
365-01:3298,VHDU,0-3,143,142820.15,143233.44749999998
365-01:3298,VHDU,12-15,22,20370.85,22087.69
365-01:3298,VHDU,15-18,7,6275.7,7581.902499999999
365-01:3298,VHDU,18-21,2,995.5999999999999,1351.7075
365-01:3298,VHDU,21-24,1,7.6,466.92499999999995
365-01:3298,VHDU,3-6,260,276103.25,271675.5375
365-01:3298,VHDU,6-9,179,188955.94999999998,189486.0025
365-01:3298,VHDU,9-12,57,53232.299999999996,52878.1875
365-01:3299,VDU,0-3,11,4615.099999999999,4395.174999999999
365-01:3299,VDU,12-15,2,309.7,560.9749999999999
365-01:3299,VDU,3-6,6,2251.5,2373.7174999999997
365-01:3299,VDU,6-9,11,3600.5,3580.4075
365-01:3299,VDU,9-12,1,438.9,305.425
365-01:3299,SDU,0-3,7,5223.099999999999,5160.5583333333325
365-01:3299,SDU,3-6,9,7561.049999999999,7636.258333333333
365-01:3299,SDU,6-9,1,796.0999999999999,747.3333333333333
365-01:3299,SDU,9-12,1,646.0,682.1
365-01:3299,VHDU,0-3,13,7566.75,7581.1425
365-01:3299,VHDU,12-15,3,1399.35,1553.2024999999999
365-01:3299,VHDU,3-6,23,13694.25,13264.755
365-01:3299,VHDU,6-9,18,8968.0,9104.42
365-01:3299,VHDU,9-12,4,2202.1,2326.93
37-01:1739,VDU,0-3,98,42506.799999999996,41014.159999999996
37-01:1739,VDU,12-15,13,3868.3999999999996,5016.379999999999
37-01:1739,VDU,3-6,239,100580.29999999999,100258.48749999999
37-01:1739,VDU,6-9,115,50785.1,50936.34
37-01:1739,VDU,9-12,25,9488.6,10003.832499999999
37-01:1739,SDU,0-3,212,184644.85,178477.37083333332
37-01:1739,SDU,3-6,375,333359.75,334765.56
37-01:1739,SDU,6-9,64,47285.299999999996,50634.79416666667
37-01:1739,SDU,9-12,9,4919.1,6331.275
37-01:1739,VHDU,0-3,139,71278.5,71760.2925
37-01:1739,VHDU,12-15,5,2513.7,3086.3599999999997
37-01:1739,VHDU,3-6,326,186295.0,183497.6775
37-01:1739,VHDU,6-9,95,51433.0,52293.7
37-01:1739,VHDU,9-12,25,11853.15,12735.32
37-04:9552,VDU,0-3,80,50309.15,49578.85333333333
37-04:9552,VDU,12-15,30,12761.349999999999,16888.6725
37-04:9552,VDU,15-18,9,4200.9,4821.82
37-04:9552,VDU,18-21,4,2656.2,3084.935
37-04:9552,VDU,21-24,2,102.6,911.7624999999999
37-04:9552,VDU,3-6,190,119401.7,112424.51999999999
37-04:9552,VDU,6-9,199,118444.09999999999,117541.14083333332
37-04:9552,VDU,9-12,94,55425.85,58072.37583333333
37-04:9552,VDU,>=24,1,518.6999999999999,496.46999999999997
37-04:9552,SDU,0-3,166,244714.3,240526.6525
37-04:9552,SDU,12-15,2,3331.6499999999996,3490.8225
37-04:9552,SDU,15-18,1,1346.1499999999999,1477.0124999999998
37-04:9552,SDU,3-6,339,525136.25,526708.405
37-04:9552,SDU,6-9,141,212350.65,211815.9425
37-04:9552,SDU,9-12,41,55413.5,58273.665
37-04:9552,VHDU,0-3,96,75248.55,74516.48
37-04:9552,VHDU,12-15,12,10546.9,10450.1425
37-04:9552,VHDU,15-18,6,3947.2499999999995,4459.87
37-04:9552,VHDU,18-21,2,977.55,1171.35
37-04:9552,VHDU,21-24,1,166.25,406.36249999999995
37-04:9552,VHDU,3-6,270,224601.84999999998,227572.45249999998
37-04:9552,VHDU,6-9,202,174620.44999999998,173065.4425
37-04:9552,VHDU,9-12,46,39851.549999999996,38318.25
370-01:1346,VDU,0-3,4,1427.85,848.1125
370-01:1346,VDU,12-15,3,309.7,628.9
370-01:1346,VDU,3-6,7,1853.45,1422.435
370-01:1346,VDU,6-9,9,2356.0,2552.7925
370-01:1346,VDU,9-12,8,928.15,1422.9099999999999
370-01:1346,SDU,0-3,7,1713.7999999999997,1727.4166666666667
370-01:1346,SDU,3-6,11,2484.25,2462.7166666666667
370-01:1346,SDU,6-9,4,679.25,687.1666666666667
370-01:1346,VHDU,0-3,9,2449.1,2368.635
370-01:1346,VHDU,12-15,2,560.5,516.99
370-01:1346,VHDU,3-6,13,2359.7999999999997,2237.725
370-01:1346,VHDU,6-9,17,4940.0,5022.9349999999995
370-01:1346,VHDU,9-12,20,5035.95,5199.065
370-01:956,VDU,0-3,12,3526.4,3196.465
370-01:956,VDU,12-15,9,1943.6999999999998,2061.1675
370-01:956,VDU,15-18,2,302.09999999999997,485.2125
370-01:956,VDU,3-6,25,5833.95,5658.9125
370-01:956,VDU,6-9,21,5576.5,5867.96
370-01:956,VDU,9-12,21,5075.849999999999,4988.7825
370-01:956,SDU,3-6,1,76.0,76.0
370-01:956,VHDU,0-3,4,1374.6499999999999,1235.9499999999998
370-01:956,VHDU,12-15,2,673.55,810.4925
370-01:956,VHDU,3-6,33,11383.849999999999,11657.83
370-01:956,VHDU,6-9,16,5631.599999999999,5249.795
370-01:956,VHDU,9-12,6,1582.6999999999998,1692.2824999999998
38-02:3775,VDU,0-3,74,123265.34999999999,116324.935
38-02:3775,VDU,12-15,44,57115.899999999994,66117.055
38-02:3775,VDU,15-18,10,9219.75,13316.8625
38-02:3775,VDU,18-21,1,935.75,1466.5625
38-02:3775,VDU,3-6,148,255542.4,248634.66499999998
38-02:3775,VDU,6-9,163,276649.5,271623.2875
38-02:3775,VDU,9-12,96,145797.44999999998,151042.73249999998
38-02:3775,SDU,0-3,81,186893.5,190555.0375
38-02:3775,SDU,12-15,15,38045.6,38288.847499999996
38-02:3775,SDU,15-18,1,3114.1,3294.98
38-02:3775,SDU,3-6,346,842936.8999999999,833036.38
38-02:3775,SDU,6-9,142,335834.5,338556.6775
38-02:3775,SDU,9-12,61,144276.5,147369.1775
38-02:3775,VHDU,0-3,94,187171.85,183985.6133333333
38-02:3775,VHDU,12-15,19,34765.25,37758.30416666667
38-02:3775,VHDU,15-18,3,3042.85,4168.9325
38-02:3775,VHDU,18-21,1,46.55,856.9
38-02:3775,VHDU,3-6,267,545139.45,535750.2041666666
38-02:3775,VHDU,6-9,159,317993.5,320634.57916666666
38-02:3775,VHDU,9-12,78,144165.35,149170.26666666666
38-03:200,VDU,0-3,16,30908.25,29248.75833333333
38-03:200,VDU,12-15,12,18147.85,20986.244166666667
38-03:200,VDU,3-6,37,71785.8,69217.7125
38-03:200,VDU,6-9,46,84906.25,84229.31166666666
38-03:200,VDU,9-12,23,42309.2,44375.323333333334
38-03:200,SDU,0-3,62,160018.94999999998,159005.0625
38-03:200,SDU,12-15,8,20081.1,20983.6
38-03:200,SDU,15-18,1,3107.45,3134.24
38-03:200,SDU,3-6,222,597447.4,591967.7208333333
38-03:200,SDU,6-9,95,243808.0,247707.38583333333
38-03:200,SDU,9-12,38,96840.15,98505.04083333333
38-03:200,VHDU,0-3,40,103263.09999999999,101622.70333333332
38-03:200,VHDU,12-15,4,10145.05,10355.807499999999
38-03:200,VHDU,15-18,1,1498.1499999999999,2000.4624999999999
38-03:200,VHDU,3-6,147,385264.89999999997,379781.9433333333
38-03:200,VHDU,6-9,78,196904.6,199706.68833333332
38-03:200,VHDU,9-12,28,61476.399999999994,65084.594999999994
39-01:6209,VDU,0-3,28,41469.4,38864.975
39-01:6209,VDU,12-15,18,17133.25,21869.253333333334
39-01:6209,VDU,18-21,1,367.65,936.2249999999999
39-01:6209,VDU,3-6,74,109960.59999999999,106229.37999999999
39-01:6209,VDU,6-9,82,128206.29999999999,125488.36583333333
39-01:6209,VDU,9-12,39,52491.299999999996,56240.300833333335
39-01:6209,SDU,0-3,15,33021.049999999996,35880.3125
39-01:6209,SDU,12-15,5,15721.55,11850.252499999999
39-01:6209,SDU,15-18,1,3261.35,2892.9399999999996
39-01:6209,SDU,3-6,58,134293.9,135942.38749999998
39-01:6209,SDU,6-9,35,74840.05,76852.055
39-01:6209,SDU,9-12,17,41501.7,39221.6525
39-01:6209,VHDU,0-3,28,55087.65,53516.255
39-01:6209,VHDU,12-15,7,13312.349999999999,13121.305
39-01:6209,VHDU,3-6,74,148138.25,147125.6925
39-01:6209,VHDU,6-9,63,121379.59999999999,122615.2175
39-01:6209,VHDU,9-12,23,42705.35,44244.729999999996
39-01:6212,VDU,0-3,52,67943.05,66591.2
39-01:6212,VDU,12-15,33,36034.45,42267.21
39-01:6212,VDU,15-18,8,7814.7,9117.34
39-01:6212,VDU,3-6,91,128347.84999999999,122416.14499999999
39-01:6212,VDU,6-9,108,139033.44999999998,138061.03
39-01:6212,VDU,9-12,72,89551.75,90272.325
39-01:6212,SDU,0-3,50,88431.7,90255.12999999999
39-01:6212,SDU,12-15,8,11995.65,12893.019999999999
39-01:6212,SDU,3-6,192,339231.7,348486.2833333333
39-01:6212,SDU,6-9,84,150699.44999999998,146307.01416666666
39-01:6212,SDU,9-12,28,56485.1,48902.1525
39-01:6212,VHDU,0-3,60,87045.65,86641.805
39-01:6212,VHDU,12-15,9,13804.449999999999,13546.715
39-01:6212,VHDU,15-18,2,1501.95,2062.925
39-01:6212,VHDU,18-21,1,25.65,706.0875
39-01:6212,VHDU,3-6,164,244185.15,242193.94999999998
39-01:6212,VHDU,6-9,74,105520.29999999999,105737.65999999999
39-01:6212,VHDU,9-12,56,78589.7,79783.70749999999
40-00:1215,VDU,0-3,189,482814.69999999995,472324.70499999996
40-00:1215,VDU,12-15,9,17615.85,19763.7525
40-00:1215,VDU,15-18,1,1689.1,1737.55
40-00:1215,VDU,3-6,228,560390.75,575364.0325
40-00:1215,VDU,6-9,104,269604.3,265837.93
40-00:1215,VDU,9-12,36,87033.29999999999,90221.785
40-00:1215,SDU,0-3,322,796881.85,811724.46
40-00:1215,SDU,3-6,276,689049.25,676611.9291666666
40-00:1215,SDU,6-9,86,222907.05,221318.0483333333
40-00:1215,SDU,9-12,15,39021.25,38204.9625
40-00:1215,VHDU,0-3,237,619509.25,609843.3008333333
40-00:1215,VHDU,12-15,7,16931.85,18405.0625
40-00:1215,VHDU,3-6,256,658762.2999999999,657928.6433333333
40-00:1215,VHDU,6-9,113,279447.25,282483.81416666665
40-00:1215,VHDU,9-12,27,68760.05,70967.3275
40-00:1216,VDU,0-3,189,1094049.45,1072276.4475
40-00:1216,VDU,12-15,9,41276.549999999996,46047.45
40-00:1216,VDU,15-18,1,4183.8,4157.2
40-00:1216,VDU,3-6,228,1269064.15,1299597.9575
40-00:1216,VDU,6-9,104,605033.15,599331.8674999999
40-00:1216,VDU,9-12,36,196251.0,201192.13999999998
40-00:1216,SDU,0-3,333,1870813.15,1897873.4249999998
40-00:1216,SDU,3-6,291,1665350.0,1643710.9
40-00:1216,SDU,6-9,90,530845.75,527820.5225
40-00:1216,SDU,9-12,16,93537.0,91141.05249999999
40-00:1216,VHDU,0-3,237,1377446.7999999998,1357599.7325
40-00:1216,VHDU,12-15,7,37684.6,41269.805
40-00:1216,VHDU,3-6,256,1483802.15,1479314.1916666667
40-00:1216,VHDU,6-9,113,626147.85,635271.0483333333
40-00:1216,VHDU,9-12,27,154971.6,158627.10499999998
40-00:1217,VDU,0-3,189,1391923.8499999999,1362346.4549999998
40-00:1217,VDU,12-15,9,50299.649999999994,57607.097499999996
40-00:1217,VDU,15-18,1,5002.7,5091.287499999999
40-00:1217,VDU,3-6,228,1605419.25,1644321.1324999998
40-00:1217,VDU,6-9,104,758452.45,753185.9824999999
40-00:1217,VDU,9-12,36,251646.44999999998,256315.6525
40-00:1217,SDU,0-3,333,2311281.6,2347537.035833333
40-00:1217,SDU,3-6,291,2041493.95,2005890.0241666667
40-00:1217,SDU,6-9,90,640608.75,642881.1024999999
40-00:1217,SDU,9-12,16,114576.65,111652.78749999999
40-00:1217,VHDU,0-3,237,1726139.5499999998,1701616.3133333332
40-00:1217,VHDU,12-15,7,45485.05,50923.4675
40-00:1217,VHDU,3-6,256,1860513.25,1850276.4141666666
40-00:1217,VHDU,6-9,113,778107.0,792163.2158333333
40-00:1217,VHDU,9-12,27,193483.65,198750.25999999998
40-00:1523,VDU,0-3,170,1615252.7,1590858.125
40-00:1523,VDU,12-15,6,46201.35,53456.737499999996
40-00:1523,VDU,3-6,201,1844295.7999999998,1891199.3424999998
40-00:1523,VDU,6-9,85,818515.25,816706.4974999999
40-00:1523,VDU,9-12,35,313289.1,322118.97
40-00:1523,SDU,0-3,300,2706402.75,2734824.4699999997
40-00:1523,SDU,3-6,249,2336711.1999999997,2300696.6525
40-00:1523,SDU,6-9,78,750473.4,750523.275
40-00:1523,SDU,9-12,13,124757.79999999999,124715.19249999999
40-00:1523,VHDU,0-3,215,2043226.75,2018242.89
40-00:1523,VHDU,12-15,5,48497.5,48232.64
40-00:1523,VHDU,3-6,221,2158857.9,2132964.0666666664
40-00:1523,VHDU,6-9,93,862418.5499999999,869531.2949999999
40-00:1523,VHDU,9-12,16,163760.05,159895.925
40-00:1524,VDU,0-3,170,661392.85,648876.8375
40-00:1524,VDU,12-15,6,17170.3,20192.4875
40-00:1524,VDU,3-6,201,698531.2,723707.9575
40-00:1524,VDU,6-9,85,323229.89999999997,321974.19
40-00:1524,VDU,9-12,35,121889.75,123885.9375
40-00:1524,SDU,0-3,300,1043730.7999999999,1061917.125
40-00:1524,SDU,3-6,249,893608.0,874462.2224999999
40-00:1524,SDU,6-9,78,288352.55,287297.4325
40-00:1524,SDU,9-12,13,52822.85,48601.715
40-00:1524,VHDU,0-3,215,795036.95,784039.0058333334
40-00:1524,VHDU,12-15,5,17414.45,17933.53
40-00:1524,VHDU,3-6,221,806049.35,795375.1816666666
40-00:1524,VHDU,6-9,93,317954.55,320333.255
40-00:1524,VHDU,9-12,16,61218.0,59389.63
40-00:283,VDU,0-3,192,842791.5499999999,822768.7008333333
40-00:283,VDU,12-15,10,36562.65,39928.642499999994
40-00:283,VDU,15-18,1,3347.7999999999997,3298.875
40-00:283,VDU,3-6,234,1009227.75,1033323.6449999999
40-00:283,VDU,6-9,112,504468.05,502297.75916666666
40-00:283,VDU,9-12,43,176663.9,180862.615
40-00:283,SDU,0-3,334,1430972.65,1451669.5241666667
40-00:283,SDU,3-6,291,1297704.75,1279263.9833333334
40-00:283,SDU,6-9,90,410801.85,410188.1025
40-00:283,SDU,9-12,16,74218.75,72576.39
40-00:283,VHDU,0-3,238,1064557.65,1046881.4116666666
40-00:283,VHDU,12-15,7,29982.949999999997,32708.832499999997
40-00:283,VHDU,3-6,258,1159253.65,1158706.7666666666
40-00:283,VHDU,6-9,116,498645.5,501843.4375
40-00:283,VHDU,9-12,28,127254.4,130334.53749999999
40-00:284,VDU,0-3,192,799842.0499999999,784829.3424999999
40-00:284,VDU,12-15,10,34565.75,38489.63
40-00:284,VDU,15-18,1,3154.95,3127.6375
40-00:284,VDU,3-6,234,978319.5,994321.3949999999
40-00:284,VDU,6-9,112,479094.5,477814.89749999996
40-00:284,VDU,9-12,43,171365.75,174993.4675
40-00:284,SDU,0-3,334,1363331.7,1382762.9525
40-00:284,SDU,3-6,291,1242357.75,1224688.7
40-00:284,SDU,6-9,90,390461.39999999997,390182.4325
40-00:284,SDU,9-12,16,70011.2,68527.965
40-00:284,VHDU,0-3,238,1022618.95,1007328.8741666666
40-00:284,VHDU,12-15,7,28287.2,31384.0575
40-00:284,VHDU,3-6,258,1119376.45,1116922.9958333333
40-00:284,VHDU,6-9,116,479307.3,485261.70999999996
40-00:284,VHDU,9-12,28,122514.84999999999,125369.0775
40-00:708,VDU,0-3,189,875828.75,858014.825
40-00:708,VDU,12-15,8,34646.5,38122.74
40-00:708,VDU,15-18,1,3636.6,3508.033333333333
40-00:708,VDU,3-6,228,1064700.15,1090135.2758333334
40-00:708,VDU,6-9,101,488708.5,483346.28833333333
40-00:708,VDU,9-12,35,164007.05,168098.415
40-00:708,SDU,0-3,334,1448363.3499999999,1470015.655
40-00:708,SDU,3-6,292,1368299.25,1347154.1025
40-00:708,SDU,6-9,90,431957.39999999997,432735.26
40-00:708,SDU,9-12,16,78824.34999999999,77539.3325
40-00:708,VHDU,0-3,237,1111599.75,1095517.675
40-00:708,VHDU,12-15,7,33894.1,36082.947499999995
40-00:708,VHDU,3-6,256,1248300.0,1245964.8208333333
40-00:708,VHDU,6-9,113,530099.0499999999,536074.1224999999
40-00:708,VHDU,9-12,27,130869.15,134024.6225
40-00:709,VDU,0-3,189,762151.75,751481.5875
40-00:709,VDU,12-15,8,25377.35,28070.837499999998
40-00:709,VDU,15-18,1,2856.65,2895.9166666666665
40-00:709,VDU,3-6,228,848172.35,867787.0158333333
40-00:709,VDU,6-9,101,400544.7,397166.975
40-00:709,VDU,9-12,35,128256.65,132073.0375
40-00:709,SDU,0-3,334,1239497.3,1253296.24
40-00:709,SDU,3-6,292,1097938.75,1084581.4175
40-00:709,SDU,6-9,90,341347.35,342059.2325
40-00:709,SDU,9-12,16,61351.0,60197.509999999995
40-00:709,VHDU,0-3,237,945115.1,935071.4941666666
40-00:709,VHDU,12-15,7,25319.399999999998,26783.254999999997
40-00:709,VHDU,3-6,256,977711.5,976116.7191666666
40-00:709,VHDU,6-9,113,415998.35,419359.22833333333
40-00:709,VHDU,9-12,27,101155.04999999999,103207.43
40-01:135,VDU,0-3,54,220387.65,222862.73249999998
40-01:135,VDU,12-15,1,1957.9499999999998,4102.575
40-01:135,VDU,3-6,106,433231.35,451547.57166666666
40-01:135,VDU,6-9,37,156309.2,156705.54
40-01:135,VDU,9-12,13,48683.7,49221.21
40-01:135,SDU,0-3,70,313988.3,315082.3675
40-01:135,SDU,3-6,150,658489.65,655772.1908333333
40-01:135,SDU,6-9,57,255298.25,256474.80916666664
40-01:135,SDU,9-12,11,52020.1,50689.149999999994
40-01:135,VHDU,0-3,99,456934.8,458309.38666666666
40-01:135,VHDU,12-15,4,17649.1,17989.01
40-01:135,VHDU,3-6,171,778745.4,767839.8591666666
40-01:135,VHDU,6-9,76,331837.85,330514.86416666664
40-01:135,VHDU,9-12,12,52947.299999999996,53806.9075
40-01:136,VDU,0-3,70,675380.65,668978.7899999999
40-01:136,VDU,12-15,1,4848.8,9329.7125
40-01:136,VDU,3-6,109,955883.35,965593.1575
40-01:136,VDU,6-9,39,351007.89999999997,356316.1675
40-01:136,VDU,9-12,14,108289.54999999999,111521.63999999998
40-01:136,SDU,0-3,70,588932.5499999999,588061.2575
40-01:136,SDU,3-6,156,1341037.0999999999,1314146.9541666666
40-01:136,SDU,6-9,61,535287.95,536543.1375
40-01:136,SDU,9-12,11,101993.9,98375.1125
40-01:136,VHDU,0-3,104,954070.75,954201.7391666666
40-01:136,VHDU,12-15,4,35152.85,36396.7325
40-01:136,VHDU,3-6,173,1556501.8499999999,1532518.8308333333
40-01:136,VHDU,6-9,76,643314.35,641522.0325
40-01:136,VHDU,9-12,12,104781.2,105296.8125
40-01:137,VDU,0-3,70,469626.8,465964.9775
40-01:137,VDU,12-15,1,2389.25,6735.974999999999
40-01:137,VDU,3-6,109,718510.65,734046.1425
40-01:137,VDU,6-9,39,262179.1,265118.0675
40-01:137,VDU,9-12,14,85736.55,87201.3075
40-01:137,SDU,0-3,79,521996.5,538188.4425
40-01:137,SDU,3-6,160,1069821.5999999999,1069736.3375
40-01:137,SDU,6-9,61,421315.5,429543.21249999997
40-01:137,SDU,9-12,11,81580.3,79276.59749999999
40-01:137,VHDU,0-3,104,745068.85,746061.6475
40-01:137,VHDU,12-15,4,26870.75,28392.6975
40-01:137,VHDU,3-6,173,1240311.45,1218792.905
40-01:137,VHDU,6-9,76,508631.89999999997,509147.845
40-01:137,VHDU,9-12,12,82041.04999999999,82814.9675
40-01:1518,VDU,0-3,31,2292946.6,2282442.2125
40-01:1518,VDU,12-15,1,41213.85,41400.049999999996
40-01:1518,VDU,3-6,18,1168718.5,1253268.3733333333
40-01:1518,VDU,6-9,7,440296.5,470348.9425
40-01:1518,VDU,9-12,6,317427.3,327101.625
40-01:1518,SDU,0-3,40,2415390.1999999997,2496777.46
40-01:1518,SDU,3-6,77,4961727.45,4914963.415
40-01:1518,SDU,6-9,23,1695647.4,1663592.6424999998
40-01:1518,SDU,9-12,4,294090.55,295745.21249999997
40-01:1518,VHDU,0-3,29,2088542.7,2112139.259166667
40-01:1518,VHDU,12-15,1,36266.25,65110.72
40-01:1518,VHDU,3-6,76,5339832.2,5227407.87
40-01:1518,VHDU,6-9,29,1911588.0999999999,1908550.095
40-01:1518,VHDU,9-12,8,457467.75,498235.24249999993
40-01:339,VDU,0-3,70,1053155.75,1052557.06
40-01:339,VDU,12-15,1,5713.3,15296.9
40-01:339,VDU,3-6,109,1602357.4,1649157.9625
40-01:339,VDU,6-9,39,592945.35,595530.11
40-01:339,VDU,9-12,14,191062.09999999998,192891.135
40-01:339,SDU,0-3,79,1197854.05,1221761.0374999999
40-01:339,SDU,3-6,160,2473378.1999999997,2437348.5475
40-01:339,SDU,6-9,61,970710.95,973580.0924999999
40-01:339,SDU,9-12,11,187114.84999999998,180400.345
40-01:339,VHDU,0-3,105,1718744.75,1720388.7725
40-01:339,VHDU,12-15,4,62966.0,64201.52249999999
40-01:339,VHDU,3-6,173,2789763.35,2748798.0675
40-01:339,VHDU,6-9,77,1169692.25,1163037.0725
40-01:339,VHDU,9-12,12,187649.69999999998,188480.9025
40-01:598,VDU,0-3,66,467344.89999999997,462870.58999999997
40-01:598,VDU,12-15,1,1619.75,7297.9
40-01:598,VDU,3-6,109,750162.75,771665.335
40-01:598,VDU,6-9,38,266662.14999999997,271706.1275
40-01:598,VDU,9-12,14,90560.65,91645.93
40-01:598,SDU,0-3,76,489263.3,507831.33499999996
40-01:598,SDU,3-6,157,1045952.85,1035014.2966666666
40-01:598,SDU,6-9,61,422732.89999999997,422391.6758333333
40-01:598,SDU,9-12,11,82541.7,79167.44249999999
40-01:598,VHDU,0-3,99,724963.0499999999,724054.5016666666
40-01:598,VHDU,12-15,4,26679.8,27988.519999999997
40-01:598,VHDU,3-6,171,1242613.3,1217247.1916666667
40-01:598,VHDU,6-9,77,519332.69999999995,519585.38416666666
40-01:598,VHDU,9-12,12,82892.25,84098.08499999999
40-01:599,VDU,0-3,70,428105.14999999997,427616.94499999995
40-01:599,VDU,12-15,1,2326.5499999999997,6037.25
40-01:599,VDU,3-6,109,626866.0499999999,643137.1749999999
40-01:599,VDU,6-9,39,232029.9,232859.44
40-01:599,VDU,9-12,14,72423.25,74820.29
40-01:599,SDU,0-3,76,451976.75,459948.42166666663
40-01:599,SDU,3-6,156,935058.3999999999,924951.5241666667
40-01:599,SDU,6-9,61,376074.6,377044.9775
40-01:599,SDU,9-12,11,72072.7,69904.61
40-01:599,VHDU,0-3,105,673522.45,675869.615
40-01:599,VHDU,12-15,4,24575.55,25230.195
40-01:599,VHDU,3-6,172,1083892.05,1066550.7816666667
40-01:599,VHDU,6-9,77,457536.14999999997,454817.1233333333
40-01:599,VHDU,9-12,12,73780.8,74194.28749999999
40-01:600,VDU,0-3,70,474687.44999999995,475512.43
40-01:600,VDU,12-15,1,3465.6,6866.8375
40-01:600,VDU,3-6,109,726984.6499999999,742042.0075
40-01:600,VDU,6-9,39,266334.39999999997,268804.8275
40-01:600,VDU,9-12,14,87866.45,88766.385
40-01:600,SDU,0-3,76,524519.7,535187.155
40-01:600,SDU,3-6,156,1088204.0999999999,1078753.8483333334
40-01:600,SDU,6-9,61,437908.19999999995,440119.4041666666
40-01:600,SDU,9-12,11,82478.05,80637.75749999999
40-01:600,VHDU,0-3,105,757454.95,759493.3333333333
40-01:600,VHDU,12-15,4,28118.1,28912.6325
40-01:600,VHDU,3-6,172,1232866.3,1217642.455
40-01:600,VHDU,6-9,77,527466.6,525507.3041666667
40-01:600,VHDU,9-12,12,84146.25,84446.26
40-03:1775,VDU,0-3,212,3642685.6999999997,3576528.3175
40-03:1775,VDU,12-15,3,39893.35,42448.042499999996
40-03:1775,VDU,3-6,209,3427806.15,3447086.1625
40-03:1775,VDU,6-9,94,1587528.8499999999,1606247.7766666666
40-03:1775,VDU,9-12,34,536598.95,562202.7008333333
40-03:1775,SDU,0-3,260,4477523.85,4480152.3575
40-03:1775,SDU,3-6,302,5136147.45,5120676.5575
40-03:1775,SDU,6-9,47,760313.5,773368.6849999999
40-03:1775,SDU,9-12,1,19238.45,19025.649999999998
40-03:1775,VHDU,0-3,216,3761449.0,3735713.5316666663
40-03:1775,VHDU,12-15,1,21785.399999999998,18545.425
40-03:1775,VHDU,3-6,248,4207687.75,4171107.730833333
40-03:1775,VHDU,6-9,70,1106336.75,1142549.0875
40-03:1775,VHDU,9-12,20,315878.8,345221.925
40-03:279,VDU,0-3,272,6899403.5,6792467.13
40-03:279,VDU,12-15,3,55489.49999999999,57850.487499999996
40-03:279,VDU,3-6,284,6992877.8,6975136.9775
40-03:279,VDU,6-9,132,3270639.0999999996,3320832.0174999996
40-03:279,VDU,9-12,37,804092.35,876215.6375
40-03:279,SDU,0-3,301,6960787.75,7048603.533333333
40-03:279,SDU,3-6,361,8739463.25,8637987.796666667
40-03:279,SDU,6-9,58,1404923.65,1418583.3199999998
40-03:279,VHDU,0-3,287,7529938.449999999,7489459.1875
40-03:279,VHDU,12-15,2,62757.0,57541.2625
40-03:279,VHDU,3-6,327,8336142.649999999,8271117.05
40-03:279,VHDU,6-9,92,2149699.9,2220948.3325
40-03:279,VHDU,9-12,24,579969.2999999999,619441.4674999999
40-03:280,VDU,0-3,272,4241970.399999999,4194860.28
40-03:280,VDU,12-15,3,37573.45,38667.09
40-03:280,VDU,3-6,284,4344991.25,4335939.7924999995
40-03:280,VDU,6-9,132,2016021.5999999999,2036134.2874999999
40-03:280,VDU,9-12,37,515723.64999999997,550678.8999999999
40-03:280,SDU,0-3,305,4802428.6,4855534.882499999
40-03:280,SDU,3-6,366,5852304.0,5802171.3125
40-03:280,SDU,6-9,58,901872.0499999999,898062.2649999999
40-03:280,SDU,9-12,1,16822.6,17658.79
40-03:280,VHDU,0-3,287,4597259.0,4587360.38
40-03:280,VHDU,12-15,2,36210.2,33741.862499999996
40-03:280,VHDU,3-6,327,5158930.35,5120226.495
40-03:280,VHDU,6-9,92,1361474.45,1393620.835
40-03:280,VHDU,9-12,24,360110.8,379035.2275
40-04:173,VDU,0-3,143,330080.35,328464.6533333333
40-04:173,VDU,12-15,3,11330.65,14920.699999999999
40-04:173,VDU,3-6,146,393105.25,381455.2891666666
40-04:173,VDU,6-9,55,142610.19999999998,148339.19083333333
40-04:173,VDU,9-12,21,70299.04999999999,74245.66666666667
40-04:173,SDU,0-3,143,429258.45,416401.4983333333
40-04:173,SDU,3-6,156,317040.64999999997,336269.5366666666
40-04:173,SDU,6-9,28,55169.35,48795.134999999995
40-04:173,SDU,9-12,1,498.75,501.03
40-04:173,VHDU,0-3,145,446192.19999999995,437747.11166666663
40-04:173,VHDU,3-6,168,415262.1,410532.5883333333
40-04:173,VHDU,6-9,43,88949.45,97608.89
40-04:173,VHDU,9-12,12,12612.199999999999,17127.36
40-04:174,VDU,0-3,217,3286804.3,3239947.8616666663
40-04:174,VDU,12-15,3,22506.45,24958.542499999996
40-04:174,VDU,3-6,218,3047509.75,3062341.783333333
40-04:174,VDU,6-9,99,1413644.65,1433139.3624999998
40-04:174,VDU,9-12,35,459088.45,469166.05
40-04:174,SDU,0-3,254,4018856.25,4030629.315
40-04:174,SDU,3-6,288,4481157.6,4456619.2425
40-04:174,SDU,6-9,47,698110.35,710891.7925
40-04:174,SDU,9-12,1,18271.35,18255.2
40-04:174,VHDU,0-3,212,3182022.15,3164044.223333333
40-04:174,VHDU,12-15,1,20670.1,17884.462499999998
40-04:174,VHDU,3-6,250,3751389.4499999997,3715460.7191666667
40-04:174,VHDU,6-9,70,984476.45,1023393.96
40-04:174,VHDU,9-12,22,321477.14999999997,339251.935
40-04:944,VDU,0-3,252,3793769.9,3732996.88
40-04:944,VDU,12-15,3,32637.25,34641.655
40-04:944,VDU,3-6,265,3815675.9499999997,3818425.5349999997
40-04:944,VDU,6-9,122,1763743.4,1779059.6324999998
40-04:944,VDU,9-12,37,487386.1,528088.8975
40-04:944,SDU,0-3,258,3919775.05,3958787.9875
40-04:944,SDU,3-6,307,4754599.899999999,4713429.654999999
40-04:944,SDU,6-9,42,610229.65,612552.8275
40-04:944,SDU,9-12,1,18500.3,18334.43
40-04:944,VHDU,0-3,272,4192637.8499999996,4159317.138333333
40-04:944,VHDU,12-15,1,18827.1,16287.512499999999
40-04:944,VHDU,3-6,292,4413230.7,4386649.0825
40-04:944,VHDU,6-9,84,1190783.2,1229935.5341666667
40-04:944,VHDU,9-12,22,311387.19999999995,334676.7825
40-06:1101,VDU,0-3,243,3027919.8,3010990.61
40-06:1101,VDU,12-15,9,89588.79999999999,100193.0325
40-06:1101,VDU,15-18,1,4908.65,5252.3125
40-06:1101,VDU,3-6,227,2775670.1,2741471.905
40-06:1101,VDU,6-9,87,1007005.7,1027915.1525
40-06:1101,VDU,9-12,28,336269.6,355539.63749999995
40-06:1101,SDU,0-3,292,3778823.55,3792635.7899999996
40-06:1101,SDU,3-6,290,3850595.0999999996,3829326.5475
40-06:1101,SDU,6-9,89,1211698.4,1217796.4024999999
40-06:1101,SDU,9-12,13,168654.44999999998,170012.76
40-06:1101,VHDU,0-3,297,3743997.5,3733767.4091666667
40-06:1101,VHDU,12-15,3,38234.649999999994,39029.5625
40-06:1101,VHDU,3-6,252,3265572.75,3251805.065
40-06:1101,VHDU,6-9,75,872753.6,892141.0416666666
40-06:1101,VHDU,9-12,19,204744.94999999998,208560.37166666667
40-06:975,VDU,0-3,243,2767235.05,2748135.585
40-06:975,VDU,12-15,9,68054.2,76595.0325
40-06:975,VDU,15-18,1,7069.9,7448.237499999999
40-06:975,VDU,3-6,227,2343559.75,2318653.6475
40-06:975,VDU,6-9,87,842465.7,855615.0299999999
40-06:975,VDU,9-12,28,253811.5,275748.5675
40-06:975,SDU,0-3,292,3425501.4499999997,3468568.7341666664
40-06:975,SDU,3-6,291,3294603.8,3254993.3125
40-06:975,SDU,6-9,89,1062211.15,1061595.3283333334
40-06:975,SDU,9-12,13,187448.3,184607.32499999998
40-06:975,VHDU,0-3,297,3604700.9,3587022.0966666667
40-06:975,VHDU,12-15,3,33912.149999999994,35235.2625
40-06:975,VHDU,3-6,252,2826605.3,2810682.35
40-06:975,VHDU,6-9,75,885008.6,905496.3949999999
40-06:975,VHDU,9-12,19,205893.5,217684.34583333333
41-02:1315,VDU,0-3,101,2102170.4499999997,2051584.9925
41-02:1315,VDU,12-15,10,170454.69999999998,187701.5225
41-02:1315,VDU,15-18,1,19085.5,18829.712499999998
41-02:1315,VDU,3-6,191,3928132.1999999997,3961418.8699999996
41-02:1315,VDU,6-9,83,1720259.0499999998,1707744.415
41-02:1315,VDU,9-12,38,707013.75,722845.2625
41-02:1315,SDU,0-3,145,3007159.4499999997,3046716.31
41-02:1315,SDU,3-6,243,5170058.649999999,5105666.6525
41-02:1315,SDU,6-9,84,1765588.2999999998,1793067.43
41-02:1315,SDU,9-12,16,344545.05,341901.0575
41-02:1315,VHDU,0-3,127,2849238.0999999996,2819788.1316666664
41-02:1315,VHDU,12-15,7,140342.55,153980.37
41-02:1315,VHDU,3-6,226,4887623.649999999,4866661.9158333335
41-02:1315,VHDU,6-9,100,2072747.0499999998,2091257.7525
41-02:1315,VHDU,9-12,25,528108.7999999999,546371.98
41-02:646,VDU,0-3,31,163337.3,157862.70333333334
41-02:646,VDU,12-15,5,22909.25,23517.25
41-02:646,VDU,3-6,58,286039.3,289668.3475
41-02:646,VDU,6-9,23,111203.2,109539.97166666666
41-02:646,VDU,9-12,18,82271.9,84765.84
41-02:646,SDU,0-3,47,240564.69999999998,246310.395
41-02:646,SDU,3-6,80,419287.25,410498.3725
41-02:646,SDU,6-9,31,163762.9,165799.79499999998
41-02:646,SDU,9-12,5,25312.75,26319.0375
41-02:646,VHDU,0-3,41,224968.55,223148.23916666667
41-02:646,VHDU,12-15,1,4997.95,4956.3875
41-02:646,VHDU,3-6,88,471368.14999999997,472344.82916666666
41-02:646,VHDU,6-9,38,200677.05,198293.00916666666
41-02:646,VHDU,9-12,5,23846.899999999998,27116.135000000002
41-02:647,VDU,0-3,8,41515.0,39473.67166666667
41-02:647,VDU,3-6,12,60518.799999999996,63308.77583333333
41-02:647,VDU,6-9,1,5206.95,5361.61
41-02:647,VDU,9-12,4,18752.05,19022.8475
41-02:647,SDU,0-3,45,231646.09999999998,239565.60083333333
41-02:647,SDU,3-6,73,388521.5,381742.55333333334
41-02:647,SDU,6-9,31,175128.69999999998,172858.35833333334
41-02:647,SDU,9-12,5,27818.85,28948.637499999997
41-02:647,VHDU,0-3,20,107924.75,109763.23749999999
41-02:647,VHDU,12-15,1,4106.849999999999,4382.825
41-02:647,VHDU,3-6,51,268066.25,267489.3625
41-02:647,VHDU,6-9,25,131547.44999999998,131085.94
41-02:647,VHDU,9-12,2,11638.449999999999,10562.384999999998
41-02:649,VDU,0-3,123,876711.2999999999,864562.3991666667
41-02:649,VDU,12-15,8,61646.45,62619.2975
41-02:649,VDU,15-18,1,4109.7,4930.2625
41-02:649,VDU,3-6,167,1240009.3499999999,1254274.2966666666
41-02:649,VDU,6-9,70,501569.6,497434.94666666666
41-02:649,VDU,9-12,35,261125.55,270733.85
41-02:649,SDU,0-3,167,1150863.25,1147183.7574999998
41-02:649,SDU,3-6,171,1219996.65,1227421.9449999998
41-02:649,SDU,6-9,59,451649.94999999995,446902.46749999997
41-02:649,SDU,9-12,8,61810.799999999996,62812.479999999996
41-02:649,VHDU,0-3,127,986374.5499999999,988772.5399999999
41-02:649,VHDU,12-15,2,13087.199999999999,16162.349999999999
41-02:649,VHDU,3-6,192,1572502.7,1572011.9616666667
41-02:649,VHDU,6-9,68,572759.75,561482.9808333333
41-02:649,VHDU,9-12,18,128279.45,134573.8175
41-02:903,VDU,0-3,133,1477858.0,1451894.025
41-02:903,VDU,12-15,8,70780.7,75076.9325
41-02:903,VDU,15-18,1,9909.449999999999,9755.3125
41-02:903,VDU,3-6,171,1891296.0999999999,1895764.615
41-02:903,VDU,6-9,72,789503.2,789349.4425
41-02:903,VDU,9-12,35,336300.0,355071.33499999996
41-02:903,SDU,0-3,203,2304718.05,2324791.3125
41-02:903,SDU,3-6,206,2277210.8,2250237.4499999997
41-02:903,SDU,6-9,70,797548.75,802093.5974999999
41-02:903,SDU,9-12,9,95855.95,98211.19
41-02:903,VHDU,0-3,156,1866671.15,1852219.4649999999
41-02:903,VHDU,12-15,2,15354.85,21506.8125
41-02:903,VHDU,3-6,218,2487419.1999999997,2490401.645833333
41-02:903,VHDU,6-9,83,918467.6,914319.3616666666
41-02:903,VHDU,9-12,24,260657.19999999998,270122.71499999997
41-03:203,VDU,0-3,192,757573.7,738452.9075
41-03:203,VDU,12-15,10,30531.1,34185.322499999995
41-03:203,VDU,15-18,1,3475.1,3420.2374999999997
41-03:203,VDU,3-6,235,892547.7999999999,905455.2124999999
41-03:203,VDU,6-9,112,429282.19999999995,432067.6
41-03:203,VDU,9-12,43,149551.85,155604.49
41-03:203,SDU,0-3,334,1338696.3,1345035.365
41-03:203,SDU,3-6,292,1209264.5,1195855.9625
41-03:203,SDU,6-9,90,371745.45,378096.2475
41-03:203,SDU,9-12,16,65557.59999999999,66276.275
41-03:203,VHDU,0-3,236,972641.35,957536.2074999999
41-03:203,VHDU,12-15,7,25921.699999999997,28654.9925
41-03:203,VHDU,3-6,257,1043192.1499999999,1043580.8583333333
41-03:203,VHDU,6-9,116,453389.39999999997,458400.1433333333
41-03:203,VHDU,9-12,28,110385.25,114872.48
41-03:204,VDU,0-3,192,990417.75,964805.845
41-03:204,VDU,12-15,10,39879.1,45371.47749999999
41-03:204,VDU,15-18,1,3458.0,3502.1749999999997
41-03:204,VDU,3-6,235,1178441.75,1203990.9075
41-03:204,VDU,6-9,112,585182.9,582910.7849999999
41-03:204,VDU,9-12,43,203665.75,210221.985
41-03:204,SDU,0-3,334,1683451.2999999998,1711487.605
41-03:204,SDU,3-6,292,1542622.3499999999,1514528.5225
41-03:204,SDU,6-9,90,476913.3,478098.615
41-03:204,SDU,9-12,16,85909.45,84781.6575
41-03:204,VHDU,0-3,238,1261243.75,1241565.4024999999
41-03:204,VHDU,12-15,7,33751.6,37781.975
41-03:204,VHDU,3-6,258,1371293.65,1365433.9866666666
41-03:204,VHDU,6-9,116,577783.35,588487.76
41-03:204,VHDU,9-12,28,148392.85,152918.84
41-03:585,VDU,0-3,192,1824244.15,1777666.0141666667
41-03:585,VDU,12-15,10,72545.8,81830.6725
41-03:585,VDU,15-18,1,7137.349999999999,7233.537499999999
41-03:585,VDU,3-6,234,2107704.1999999997,2150374.495
41-03:585,VDU,6-9,112,1039424.45,1039473.5333333333
41-03:585,VDU,9-12,43,363603.0,376266.02499999997
41-03:585,SDU,0-3,334,3064188.9,3096161.1975
41-03:585,SDU,3-6,292,2751267.4499999997,2707610.295
41-03:585,SDU,6-9,90,842727.9,855905.635
41-03:585,SDU,9-12,16,151405.3,149912.4225
41-03:585,VHDU,0-3,226,2190009.35,2155546.643333333
41-03:585,VHDU,12-15,7,61446.95,67486.09999999999
41-03:585,VHDU,3-6,257,2471339.5,2459319.4191666665
41-03:585,VHDU,6-9,115,1040882.7,1063260.0766666667
41-03:585,VHDU,9-12,28,260879.5,270151.21499999997
41-03:935,VDU,0-3,192,1602614.8499999999,1559433.7241666666
41-03:935,VDU,12-15,10,65161.45,73963.39
41-03:935,VDU,15-18,1,6753.549999999999,6772.549999999999
41-03:935,VDU,3-6,234,1894420.65,1930773.4449999998
41-03:935,VDU,6-9,112,930700.75,931061.5283333333
41-03:935,VDU,9-12,43,325987.75,337927.01749999996
41-03:935,SDU,0-3,334,2705893.55,2738214.5925
41-03:935,SDU,3-6,292,2470188.1,2430788.085
41-03:935,SDU,6-9,90,760346.75,770486.2424999999
41-03:935,SDU,9-12,16,139432.44999999998,136371.93
41-03:935,VHDU,0-3,226,1947898.0499999998,1919274.5975
41-03:935,VHDU,12-15,7,54799.8,60519.75
41-03:935,VHDU,3-6,257,2220342.85,2210690.945
41-03:935,VHDU,6-9,115,944043.5,960468.4616666667
41-03:935,VHDU,9-12,28,237722.3,245586.685
41-04:1256,VDU,0-3,239,3546937.0999999996,3475307.2424999997
41-04:1256,VDU,12-15,1,10940.199999999999,11431.824999999999
41-04:1256,VDU,3-6,211,3048738.1,3070042.7049999996
41-04:1256,VDU,6-9,105,1533547.0,1529930.7774999999
41-04:1256,VDU,9-12,33,409754.0,456658.54
41-04:1256,SDU,0-3,225,3533664.65,3568656.19
41-04:1256,SDU,3-6,317,5066305.35,5019286.05
41-04:1256,SDU,6-9,68,1036687.5,1046519.715
41-04:1256,SDU,9-12,1,18516.45,18735.899999999998
41-04:1256,VHDU,0-3,207,3331297.55,3296321.3366666664
41-04:1256,VHDU,3-6,273,4277347.45,4271264.251666667
41-04:1256,VHDU,6-9,76,1147424.25,1172007.0675
41-04:1256,VHDU,9-12,17,248512.4,264988.99416666664
41-04:1518,VDU,0-3,239,1285267.3499999999,1266506.0374999999
41-04:1518,VDU,12-15,1,3318.35,3484.3624999999997
41-04:1518,VDU,3-6,210,1094469.3499999999,1102493.335
41-04:1518,VDU,6-9,105,557355.5,549121.47
41-04:1518,VDU,9-12,33,144205.25,159540.9575
41-04:1518,SDU,0-3,225,1203978.7,1229547.19
41-04:1518,SDU,3-6,317,1747430.95,1721496.4725
41-04:1518,SDU,6-9,68,359421.1,359513.25
41-04:1518,SDU,9-12,1,7237.099999999999,7019.787499999999
41-04:1518,VHDU,0-3,207,1166449.9,1160086.7683333333
41-04:1518,VHDU,3-6,272,1481277.0499999998,1471546.7383333333
41-04:1518,VHDU,6-9,76,386004.95,395292.14999999997
41-04:1518,VHDU,9-12,17,83671.25,90477.49333333333
41-04:1519,VDU,0-3,239,1221658.2,1212872.2675
41-04:1519,VDU,12-15,1,4423.2,4590.4
41-04:1519,VDU,3-6,210,1065487.7,1067976.0825
41-04:1519,VDU,6-9,105,532380.0,528558.91
41-04:1519,VDU,9-12,33,150057.25,159039.215
41-04:1519,SDU,0-3,225,1169098.5,1182837.8275
41-04:1519,SDU,3-6,317,1675469.4,1661094.3325
41-04:1519,SDU,6-9,68,351004.1,351201.5575
41-04:1519,SDU,9-12,1,6221.549999999999,6066.224999999999
41-04:1519,VHDU,0-3,208,1101712.15,1095145.5125
41-04:1519,VHDU,3-6,273,1442737.45,1439763.6966666665
41-04:1519,VHDU,6-9,76,381473.45,387289.54
41-04:1519,VHDU,9-12,17,85469.59999999999,89193.90083333333
41-04:1520,VDU,0-3,238,1728358.75,1703454.0091666665
41-04:1520,VDU,12-15,1,4975.15,5285.8
41-04:1520,VDU,3-6,210,1503126.0999999999,1508463.865
41-04:1520,VDU,6-9,105,741186.2,743889.3775
41-04:1520,VDU,9-12,33,198299.19999999998,217124.305
41-04:1520,SDU,0-3,225,1735895.0999999999,1768511.2125
41-04:1520,SDU,3-6,314,2509337.6,2470381.2824999997
41-04:1520,SDU,6-9,68,521131.05,525723.92
41-04:1520,SDU,9-12,1,9639.65,9533.4875
41-04:1520,VHDU,0-3,205,1586405.95,1573243.1458333333
41-04:1520,VHDU,3-6,271,2052454.0999999999,2047567.5216666665
41-04:1520,VHDU,6-9,75,536231.2999999999,546867.2625
41-04:1520,VHDU,9-12,18,124925.95,132339.37
41-04:616,VDU,0-3,205,1056189.0999999999,1032880.1375
41-04:616,VDU,12-15,1,3477.95,3487.6875
41-04:616,VDU,3-6,198,975410.6,980177.0824999999
41-04:616,VDU,6-9,103,498669.25,499746.02749999997
41-04:616,VDU,9-12,33,131949.3,146623.8075
41-04:616,SDU,0-3,225,1171946.5999999999,1185698.7841666667
41-04:616,SDU,3-6,316,1682243.8499999999,1663500.0966666667
41-04:616,SDU,6-9,68,341671.3,345544.57666666666
41-04:616,SDU,9-12,1,6651.9,6664.724999999999
41-04:616,VHDU,0-3,207,1112304.65,1101158.68
41-04:616,VHDU,3-6,272,1421452.7,1416343.6475
41-04:616,VHDU,6-9,76,368359.64999999997,378453.85916666663
41-04:616,VHDU,9-12,17,80356.7,86517.51333333334
41-04:617,VDU,0-3,205,1358302.4,1336082.2325
41-04:617,VDU,12-15,1,5344.7,5522.349999999999
41-04:617,VDU,3-6,198,1268237.65,1268407.0825
41-04:617,VDU,6-9,103,649361.1,653638.095
41-04:617,VDU,9-12,33,183249.3,198794.815
41-04:617,SDU,0-3,225,1499269.0999999999,1508288.5583333333
41-04:617,SDU,3-6,316,2125617.4,2112691.098333333
41-04:617,SDU,6-9,68,443993.89999999997,446868.85333333333
41-04:617,SDU,9-12,1,7515.45,7613.299999999999
41-04:617,VHDU,0-3,207,1399306.3,1389926.8866666667
41-04:617,VHDU,3-6,272,1809503.95,1804389.9575
41-04:617,VHDU,6-9,76,482899.25,491808.79333333333
41-04:617,VHDU,9-12,17,105207.75,110791.61249999999
41-04:825,VDU,0-3,25,49495.0,47919.947499999995
41-04:825,VDU,3-6,37,77906.65,78590.45999999999
41-04:825,VDU,6-9,12,27377.1,26570.075
41-04:825,VDU,9-12,3,3436.1499999999996,5134.4175
41-04:825,SDU,0-3,39,85863.84999999999,87232.94249999999
41-04:825,SDU,3-6,60,128444.75,128484.12749999999
41-04:825,SDU,6-9,23,51791.15,50382.68
41-04:825,VHDU,0-3,40,93347.95,92404.36249999999
41-04:825,VHDU,3-6,65,149182.3,148720.22
41-04:825,VHDU,6-9,15,30971.899999999998,32229.795
41-04:825,VHDU,9-12,2,4650.25,4798.0225
41-04:874,VDU,0-3,197,3061475.6999999997,3001337.4225
41-04:874,VDU,12-15,1,9848.65,10209.887499999999
41-04:874,VDU,3-6,172,2556190.65,2565844.4074999997
41-04:874,VDU,6-9,94,1382441.9,1389833.9925
41-04:874,VDU,9-12,32,403791.8,440761.3825
41-04:874,SDU,0-3,172,2696192.15,2732587.663333333
41-04:874,SDU,3-6,230,3770559.5,3715511.3858333332
41-04:874,SDU,6-9,43,632831.1,649337.2708333333
41-04:874,SDU,9-12,1,17821.05,17492.825
41-04:874,VHDU,0-3,195,3133692.8,3107256.8649999998
41-04:874,VHDU,3-6,232,3637220.35,3630829.525833333
41-04:874,VHDU,6-9,68,1036223.8999999999,1054084.3908333334
41-04:874,VHDU,9-12,16,226541.75,241508.0183333333
41-11:1127,VDU,0-3,268,1784255.7999999998,1763330.1183333332
41-11:1127,VDU,12-15,1,8210.85,8418.1875
41-11:1127,VDU,3-6,234,1508038.5499999998,1514115.5574999999
41-11:1127,VDU,6-9,94,627259.35,627277.5741666666
41-11:1127,VDU,9-12,34,206674.4,221297.51249999998
41-11:1127,SDU,0-3,302,2043193.5,2066295.7425
41-11:1127,SDU,3-6,375,2575748.3,2559867.7199999997
41-11:1127,SDU,6-9,51,333979.14999999997,328243.4775
41-11:1127,SDU,9-12,4,28459.15,26973.16
41-11:1127,VHDU,0-3,273,1902958.2999999998,1898349.1375
41-11:1127,VHDU,12-15,4,31325.3,31762.774999999998
41-11:1127,VHDU,3-6,319,2185571.9,2175137.7175
41-11:1127,VHDU,6-9,83,560151.35,559868.5825
41-11:1127,VHDU,9-12,19,115059.24999999999,129947.8875
41-11:1143,VDU,0-3,245,5848794.699999999,5717626.331666666
41-11:1143,VDU,12-15,1,22263.25,26921.337499999998
41-11:1143,VDU,3-6,230,5300323.6,5273908.929166666
41-11:1143,VDU,6-9,103,2316727.9499999997,2353238.1758333333
41-11:1143,VDU,9-12,35,670207.9,786622.6258333332
41-11:1143,SDU,0-3,292,7560196.899999999,7589384.098333333
41-11:1143,SDU,3-6,362,9233149.75,9163973.853333334
41-11:1143,SDU,6-9,49,1122217.9,1159043.1458333333
41-11:1143,SDU,9-12,4,96273.95,99437.4025
41-11:1143,VHDU,0-3,263,6822570.35,6739824.4158333335
41-11:1143,VHDU,12-15,4,76806.54999999999,100282.0
41-11:1143,VHDU,3-6,300,7668438.0,7574565.016666667
41-11:1143,VHDU,6-9,78,1810077.75,1892287.9475
41-11:1143,VHDU,9-12,18,332199.8,403133.07
41-11:1144,VDU,0-3,268,5363686.7,5291986.716666667
41-11:1144,VDU,12-15,1,21318.95,21399.462499999998
41-11:1144,VDU,3-6,234,4534054.55,4533201.655833333
41-11:1144,VDU,6-9,95,1817735.7,1835576.1775
41-11:1144,VDU,9-12,34,578567.1,633198.9874999999
41-11:1144,SDU,0-3,302,6298143.75,6358341.3075
41-11:1144,SDU,3-6,375,7785823.8,7728439.8575
41-11:1144,SDU,6-9,51,1002270.8999999999,1001065.73
41-11:1144,SDU,9-12,4,81463.45,79855.005
41-11:1144,VHDU,0-3,273,5685408.95,5661559.785833333
41-11:1144,VHDU,12-15,4,76523.45,85936.62
41-11:1144,VHDU,3-6,319,6489169.75,6449488.4875
41-11:1144,VHDU,6-9,83,1619974.2,1633361.1091666666
41-11:1144,VHDU,9-12,19,326393.39999999997,367123.7475
41-11:1145,VDU,0-3,268,1851265.0,1813544.3791666667
41-11:1145,VDU,12-15,1,7764.349999999999,8296.1125
41-11:1145,VDU,3-6,234,1524898.2,1535233.63
41-11:1145,VDU,6-9,94,623346.2999999999,622166.6058333333
41-11:1145,VDU,9-12,34,181861.34999999998,209894.4725
41-11:1145,SDU,0-3,302,2091618.7999999998,2113757.6475
41-11:1145,SDU,3-6,375,2575492.75,2555160.945
41-11:1145,SDU,6-9,51,332837.25,331591.04
41-11:1145,SDU,9-12,4,27873.0,27312.1675
41-11:1145,VHDU,0-3,273,1971240.5,1963142.7316666667
41-11:1145,VHDU,12-15,4,26746.3,30971.329999999998
41-11:1145,VHDU,3-6,318,2212935.6999999997,2194355.505
41-11:1145,VHDU,6-9,83,552699.5499999999,554847.1833333333
41-11:1145,VHDU,9-12,19,103761.84999999999,124067.15
41-11:140,VDU,0-3,207,1680775.15,1673709.0975
41-11:140,VDU,12-15,1,6486.599999999999,6250.525
41-11:140,VDU,3-6,204,1641391.0,1634515.4541666666
41-11:140,VDU,6-9,98,802652.15,799520.19
41-11:140,VDU,9-12,31,210401.25,225145.6458333333
41-11:140,SDU,0-3,217,1824606.0999999999,1845725.8033333332
41-11:140,SDU,3-6,304,2588929.55,2565321.955
41-11:140,SDU,6-9,66,533057.35,535529.1866666666
41-11:140,SDU,9-12,1,10062.4,9920.279999999999
41-11:140,VHDU,0-3,237,2075214.2,2065619.105
41-11:140,VHDU,3-6,269,2314839.35,2299603.0283333333
41-11:140,VHDU,6-9,78,629893.7,641999.8191666666
41-11:140,VHDU,9-12,19,144445.6,157170.8975
41-12:100,VDU,0-3,30,215003.05,207964.215
41-12:100,VDU,3-6,36,256607.34999999998,254064.91249999998
41-12:100,VDU,6-9,18,124325.54999999999,130279.48499999999
41-12:100,VDU,9-12,6,40169.799999999996,43797.1375
41-12:100,SDU,0-3,56,421357.3,418988.2375
41-12:100,SDU,3-6,60,447377.8,450697.14749999996
41-12:100,SDU,6-9,5,34683.55,33989.5275
41-12:100,SDU,9-12,1,5709.5,5453.2375
41-12:100,VHDU,0-3,41,297822.14999999997,299350.25666666665
41-12:100,VHDU,12-15,2,16238.349999999999,15181.5225
41-12:100,VHDU,3-6,43,328150.89999999997,322342.2833333333
41-12:100,VHDU,6-9,16,115185.59999999999,119069.2
41-12:100,VHDU,9-12,4,24827.3,26281.0375
41-12:897,VDU,0-3,293,8589246.4,8471343.5625
41-12:897,VDU,3-6,290,8223214.25,8196515.212499999
41-12:897,VDU,6-9,113,3069058.5999999996,3145242.7575
41-12:897,VDU,9-12,32,808467.1,876884.8175
41-12:897,SDU,0-3,336,10389633.2,10453332.647499999
41-12:897,SDU,3-6,347,10802865.15,10718421.5025
41-12:897,SDU,6-9,44,1279129.4,1302293.9625
41-12:897,SDU,9-12,5,138586.0,136165.6375
41-12:897,VHDU,0-3,286,8882237.799999999,8858727.9125
41-12:897,VHDU,12-15,5,147292.75,163804.88999999998
41-12:897,VHDU,3-6,330,10030148.45,9946398.2075
41-12:897,VHDU,6-9,92,2684258.25,2730751.25
41-12:897,VHDU,9-12,19,475045.6,519300.58999999997
41-12:898,VDU,0-3,293,9138697.9,9022427.59
41-12:898,VDU,3-6,290,8766528.75,8736391.8525
41-12:898,VDU,6-9,113,3279049.4499999997,3355255.5999999996
41-12:898,VDU,9-12,32,868785.45,938986.5075
41-12:898,SDU,0-3,336,10917906.35,11003342.8425
41-12:898,SDU,3-6,347,11359936.6,11262257.979999999
41-12:898,SDU,6-9,44,1362528.95,1378654.44
41-12:898,SDU,9-12,5,147862.75,143979.3875
41-12:898,VHDU,0-3,286,9364004.65,9347380.7425
41-12:898,VHDU,12-15,5,158824.8,175013.75
41-12:898,VHDU,3-6,330,10600498.049999999,10505576.709999999
41-12:898,VHDU,6-9,92,2828132.9,2880579.55
41-12:898,VHDU,9-12,19,507068.19999999995,549977.8475
41-13:1779,VDU,0-3,246,1938453.15,1908047.4974999998
41-13:1779,VDU,12-15,9,51646.75,59522.725
41-13:1779,VDU,15-18,1,5472.0,6136.7625
41-13:1779,VDU,3-6,230,1703464.0,1685309.405
41-13:1779,VDU,6-9,91,647402.2,667136.4075
41-13:1779,VDU,9-12,30,197771.94999999998,218057.25249999997
41-13:1779,SDU,0-3,278,2334571.8,2354823.7575
41-13:1779,SDU,3-6,286,2401727.3,2375504.6399999997
41-13:1779,SDU,6-9,94,783979.9,786617.86
41-13:1779,SDU,9-12,15,111581.3,114914.0425
41-13:1779,VHDU,0-3,297,2459290.65,2440033.785833333
41-13:1779,VHDU,12-15,3,21315.149999999998,22573.425
41-13:1779,VHDU,3-6,251,1995683.0499999998,1984339.9549999998
41-13:1779,VHDU,6-9,75,571324.2999999999,591573.2016666667
41-13:1779,VHDU,9-12,19,145214.15,154306.9325
41-13:1780,VDU,0-3,246,2770014.75,2754788.815
41-13:1780,VDU,12-15,9,85643.45,92770.065
41-13:1780,VDU,15-18,1,9492.4,9982.8375
41-13:1780,VDU,3-6,230,2523593.3,2501842.3375
41-13:1780,VDU,6-9,91,982676.2,997925.0775
41-13:1780,VDU,9-12,30,312343.85,326454.8175
41-13:1780,SDU,0-3,278,3311564.15,3327160.2049999996
41-13:1780,SDU,3-6,286,3409466.4,3388270.4749999996
41-13:1780,SDU,6-9,94,1114392.75,1116980.93
41-13:1780,SDU,9-12,15,165427.3,168438.99
41-13:1780,VHDU,0-3,297,3483030.5999999996,3471628.985
41-13:1780,VHDU,12-15,3,33134.1,33921.174999999996
41-13:1780,VHDU,3-6,251,2883794.35,2870562.9716666667
41-13:1780,VHDU,6-9,75,839558.7,855866.0833333333
41-13:1780,VHDU,9-12,19,213530.55,221069.085
41-13:1783,VDU,0-3,246,4872898.649999999,4814052.2775
41-13:1783,VDU,12-15,9,137791.8,155057.3375
41-13:1783,VDU,15-18,1,14323.15,16150.474999999999
41-13:1783,VDU,3-6,230,4345810.149999999,4307189.5625
41-13:1783,VDU,6-9,91,1676461.2,1715947.2375
41-13:1783,VDU,9-12,30,521499.64999999997,560387.71
41-13:1783,SDU,0-3,278,5831688.05,5881288.547499999
41-13:1783,SDU,3-6,286,6032944.6,5968402.645
41-13:1783,SDU,6-9,94,1960554.9,1973228.66
41-13:1783,SDU,9-12,15,290576.5,292844.1975
41-13:1783,VHDU,0-3,297,6161686.7,6128135.93
41-13:1783,VHDU,12-15,3,55981.6,58407.1875
41-13:1783,VHDU,3-6,252,5047919.05,5025554.514166666
41-13:1783,VHDU,6-9,75,1456232.2,1494578.5541666665
41-13:1783,VHDU,9-12,19,369978.45,385121.81416666665
41-13:579,VDU,0-3,255,13117180.1,12913923.388333332
41-13:579,VDU,12-15,3,112048.7,123209.25249999999
41-13:579,VDU,3-6,275,13880231.5,13807919.6375
41-13:579,VDU,6-9,129,6334330.199999999,6458577.786666666
41-13:579,VDU,9-12,34,1481396.75,1621557.1849999998
41-13:579,SDU,0-3,306,15304938.899999999,15615127.817499999
41-13:579,SDU,3-6,367,19228137.75,18915247.412499998
41-13:579,SDU,6-9,58,2922270.3,2924136.67
41-13:579,SDU,9-12,1,63918.85,64753.899999999994
41-13:579,VHDU,0-3,285,14698375.299999999,14639928.671666667
41-13:579,VHDU,12-15,2,72175.29999999999,99555.25
41-13:579,VHDU,3-6,326,16976401.2,16765650.904166667
41-13:579,VHDU,6-9,92,4374757.6,4527555.014166666
41-13:579,VHDU,9-12,24,1104042.5,1193062.06
41-14:1283,VDU,0-3,294,9929564.35,9805168.69
41-14:1283,VDU,12-15,10,273657.95,305912.065
41-14:1283,VDU,15-18,1,27161.449999999997,30947.199999999997
41-14:1283,VDU,3-6,278,9010856.4,8936527.83
41-14:1283,VDU,6-9,107,3449338.8499999996,3534290.8899999997
41-14:1283,VDU,9-12,38,1165967.3,1243699.625
41-14:1283,SDU,0-3,300,10525193.45,10587483.049999999
41-14:1283,SDU,3-6,322,11362532.95,11272057.5625
41-14:1283,SDU,6-9,95,3181683.0,3197846.11
41-14:1283,SDU,9-12,15,428400.6,440423.27749999997
41-14:1283,VHDU,0-3,322,11295019.299999999,11235864.9375
41-14:1283,VHDU,12-15,3,86485.15,89788.5375
41-14:1283,VHDU,3-6,298,10024296.45,9957763.0575
41-14:1283,VHDU,6-9,85,2737273.0,2817336.245
41-14:1283,VHDU,9-12,24,798203.2999999999,840524.4225
41-14:152,VDU,0-3,206,9074213.799999999,8972320.6
41-14:152,VDU,12-15,7,239470.3,269169.6275
41-14:152,VDU,3-6,192,7960585.8,7916706.4399999995
41-14:152,VDU,6-9,69,2802122.85,2851443.9525
41-14:152,VDU,9-12,25,962470.65,1029222.78
41-14:152,SDU,0-3,251,11619548.799999999,11740926.895833332
41-14:152,SDU,3-6,251,11510751.95,11397733.157499999
41-14:152,SDU,6-9,81,3744810.6999999997,3730252.0291666663
41-14:152,SDU,9-12,13,596729.2,602928.5675
41-14:152,VHDU,0-3,276,12732383.549999999,12589849.888333334
41-14:152,VHDU,12-15,3,101753.54999999999,117241.16249999999
41-14:152,VHDU,3-6,229,9812092.1,9891883.375833333
41-14:152,VHDU,6-9,65,2778975.15,2851368.8074999996
41-14:152,VHDU,9-12,13,569779.6,544640.7158333333
41-16:1160,VDU,0-3,103,785520.7999999999,758352.6683333333
41-16:1160,VDU,12-15,62,378824.85,409796.56
41-16:1160,VDU,15-18,28,150690.9,181311.47416666665
41-16:1160,VDU,18-21,5,26323.55,33180.46
41-16:1160,VDU,3-6,222,1586839.15,1550589.6833333333
41-16:1160,VDU,6-9,166,1203181.65,1197302.2425
41-16:1160,VDU,9-12,129,908694.95,909542.7616666666
41-16:1160,SDU,0-3,76,643636.4,648074.6416666666
41-16:1160,SDU,12-15,31,190248.9,198176.01666666666
41-16:1160,SDU,15-18,1,11229.0,11618.69
41-16:1160,SDU,3-6,313,2590571.15,2579411.8641666668
41-16:1160,SDU,6-9,193,1588649.8499999999,1586473.5741666665
41-16:1160,SDU,9-12,89,688471.65,689052.1633333333
41-16:1160,VHDU,0-3,121,947488.2,934876.095
41-16:1160,VHDU,12-15,41,303191.55,320243.33749999997
41-16:1160,VHDU,15-18,13,82093.3,86561.00749999999
41-16:1160,VHDU,18-21,4,30617.55,33866.3125
41-16:1160,VHDU,21-24,1,7199.099999999999,7737.275
41-16:1160,VHDU,3-6,258,1975050.0,1965353.92
41-16:1160,VHDU,6-9,189,1431264.3,1417504.8325
41-16:1160,VHDU,9-12,105,738967.95,749729.1699999999
41-16:1161,VDU,0-3,102,157984.05,149023.68166666667
41-16:1161,VDU,12-15,61,63847.6,73199.3525
41-16:1161,VDU,15-18,26,25276.649999999998,33239.565833333334
41-16:1161,VDU,18-21,5,4083.1,5779.42
41-16:1161,VDU,3-6,205,303957.25,294637.56
41-16:1161,VDU,6-9,164,230863.3,230208.94
41-16:1161,VDU,9-12,121,172788.85,172712.28
41-16:1161,SDU,0-3,67,124593.45,126654.18999999999
41-16:1161,SDU,12-15,21,31166.649999999998,33060.3325
41-16:1161,SDU,15-18,1,2944.0499999999997,2800.22
41-16:1161,SDU,3-6,272,502854.94999999995,500160.9083333333
41-16:1161,SDU,6-9,162,311387.2,310193.2241666667
41-16:1161,SDU,9-12,72,129030.9,129108.325
41-16:1161,VHDU,0-3,108,185436.19999999998,183237.805
41-16:1161,VHDU,12-15,38,57698.25,62241.10249999999
41-16:1161,VHDU,15-18,9,12464.0,14498.662499999999
41-16:1161,VHDU,18-21,4,5585.049999999999,6437.2
41-16:1161,VHDU,21-24,1,1121.95,1323.1125
41-16:1161,VHDU,3-6,234,368815.64999999997,365403.15499999997
41-16:1161,VHDU,6-9,166,261193.94999999998,256930.9675
41-16:1161,VHDU,9-12,92,133580.44999999998,135823.495
41-16:1162,VDU,0-3,102,623093.6,606662.78
41-16:1162,VDU,12-15,61,313832.5,333945.1875
41-16:1162,VDU,15-18,26,124181.15,143814.99
41-16:1162,VDU,18-21,5,22359.2,27035.1475
41-16:1162,VDU,3-6,205,1238591.0,1218886.4166666665
41-16:1162,VDU,6-9,164,968177.2999999999,962652.1
41-16:1162,VDU,9-12,121,717656.6,714894.7283333333
41-16:1162,SDU,0-3,67,488237.3,491233.02999999997
41-16:1162,SDU,12-15,21,133917.69999999998,138898.5025
41-16:1162,SDU,15-18,1,8550.0,8833.48
41-16:1162,SDU,3-6,272,1964138.2999999998,1954681.6516666666
41-16:1162,SDU,6-9,162,1191395.0,1188658.3508333333
41-16:1162,SDU,9-12,72,504593.44999999995,508526.735
41-16:1162,VHDU,0-3,108,721998.1,717060.19
41-16:1162,VHDU,12-15,38,232207.55,243627.405
41-16:1162,VHDU,15-18,9,51700.899999999994,55893.91499999999
41-16:1162,VHDU,18-21,4,25412.5,27070.25
41-16:1162,VHDU,21-24,1,5708.55,6151.9625
41-16:1162,VHDU,3-6,234,1490353.3499999999,1482932.6624999999
41-16:1162,VHDU,6-9,166,1045085.5,1034613.745
41-16:1162,VHDU,9-12,92,562109.2999999999,567225.62
41-21:3246,VDU,0-3,50,512619.05,490184.61
41-21:3246,VDU,12-15,79,781076.7,797744.9724999999
41-21:3246,VDU,15-18,33,291024.89999999997,332774.64499999996
41-21:3246,VDU,18-21,10,71910.25,100311.545
41-21:3246,VDU,21-24,1,7805.2,10074.75
41-21:3246,VDU,3-6,212,2403174.15,2379885.6599999997
41-21:3246,VDU,6-9,201,2196122.6,2176916.6875
41-21:3246,VDU,9-12,142,1538121.25,1513961.23
41-21:3246,SDU,0-3,48,690391.6,694406.9175
41-21:3246,SDU,12-15,34,462887.5,472536.4125
41-21:3246,SDU,15-18,4,54773.2,55642.354999999996
41-21:3246,SDU,3-6,287,4132700.4499999997,4117821.4074999997
41-21:3246,SDU,6-9,244,3506772.05,3501459.4124999996
41-21:3246,SDU,9-12,115,1670945.5,1676603.795
41-21:3246,VHDU,0-3,60,750015.5,747652.3275
41-21:3246,VHDU,12-15,48,576720.2999999999,587162.7
41-21:3246,VHDU,15-18,16,191597.9,197711.245
41-21:3246,VHDU,18-21,5,49104.549999999996,47329.38
41-21:3246,VHDU,3-6,255,3091469.0999999996,3082701.2649999997
41-21:3246,VHDU,6-9,217,2501234.1,2496066.29
41-21:3246,VHDU,9-12,131,1541217.3,1542735.5425
41-22:252,VDU,0-3,44,326193.89999999997,308201.185
41-22:252,VDU,12-15,63,453335.25,459313.9008333333
41-22:252,VDU,15-18,29,191909.5,215724.38499999998
41-22:252,VDU,18-21,8,43733.25,58531.19416666667
41-22:252,VDU,21-24,1,6333.65,7953.6375
41-22:252,VDU,3-6,185,1589536.2,1575730.8
41-22:252,VDU,6-9,177,1450324.15,1448804.4349999998
41-22:252,VDU,9-12,125,1012228.7999999999,999335.1625
41-22:252,SDU,0-3,35,434313.39999999997,435435.1283333333
41-22:252,SDU,12-15,20,232094.5,233686.985
41-22:252,SDU,15-18,3,32146.1,32515.46
41-22:252,SDU,3-6,208,2572528.75,2574072.325833333
41-22:252,SDU,6-9,172,2118614.0,2117567.1316666664
41-22:252,SDU,9-12,81,998292.2999999999,994712.0191666667
41-22:252,VHDU,0-3,37,355373.14999999997,355050.79916666663
41-22:252,VHDU,12-15,36,343409.8,339437.70749999996
41-22:252,VHDU,15-18,11,106134.0,105280.75749999999
41-22:252,VHDU,18-21,5,36655.75,33054.347499999996
41-22:252,VHDU,3-6,177,1632851.45,1639938.2758333334
41-22:252,VHDU,6-9,138,1208646.05,1215217.7225
41-22:252,VHDU,9-12,92,815237.75,810328.34
413-01:2879,VDU,0-3,157,539637.0499999999,530895.9099999999
413-01:2879,VDU,3-6,237,781476.65,777819.4824999999
413-01:2879,VDU,6-9,87,277527.3,284539.55083333334
413-01:2879,VDU,9-12,22,63776.35,69162.40666666666
413-01:2879,SDU,0-3,291,1101507.9,1103991.0891666666
413-01:2879,SDU,3-6,322,1242338.75,1235984.5166666666
413-01:2879,SDU,6-9,51,203931.75,207161.44916666666
413-01:2879,SDU,9-12,6,20808.8,21450.144999999997
413-01:2879,VHDU,0-3,200,739104.75,735344.1433333333
413-01:2879,VHDU,12-15,4,15529.65,16261.909999999998
413-01:2879,VHDU,3-6,258,1021197.75,1009030.5299999999
413-01:2879,VHDU,6-9,68,236131.05,248136.69083333333
413-01:2879,VHDU,9-12,15,48066.2,51256.12583333333
413-01:2880,VDU,0-3,179,984547.7,965563.3116666666
413-01:2880,VDU,12-15,4,20251.149999999998,20472.104166666664
413-01:2880,VDU,3-6,275,1467038.45,1466012.6083333334
413-01:2880,VDU,6-9,104,529459.7,540143.78
413-01:2880,VDU,9-12,29,144725.85,153831.04583333334
413-01:2880,SDU,0-3,242,1379196.7,1378983.52
413-01:2880,SDU,3-6,268,1535236.0999999999,1532428.9925
413-01:2880,SDU,6-9,33,181155.5,183951.8725
413-01:2880,SDU,9-12,5,26783.35,27007.265
413-01:2880,VHDU,0-3,208,1153009.3,1145334.8675
413-01:2880,VHDU,12-15,4,20653.0,22373.07
413-01:2880,VHDU,3-6,243,1368019.95,1359556.6849999998
413-01:2880,VHDU,6-9,75,404572.7,416034.4975
413-01:2880,VHDU,9-12,16,79819.0,82774.83
413-01:2900,VDU,0-3,219,3768186.4,3663176.3449999997
413-01:2900,VDU,12-15,4,52426.7,58466.325
413-01:2900,VDU,3-6,323,5394812.5,5386850.835
413-01:2900,VDU,6-9,118,1861550.65,1924702.2325
413-01:2900,VDU,9-12,32,476243.55,520024.0625
413-01:2900,SDU,0-3,264,4825678.899999999,4828573.265
413-01:2900,SDU,3-6,302,5584575.0,5565977.705
413-01:2900,SDU,6-9,39,679169.25,694398.13
413-01:2900,SDU,9-12,5,82805.8,83279.84999999999
413-01:2900,VHDU,0-3,232,4134893.05,4100278.8975
413-01:2900,VHDU,12-15,4,66419.25,75010.9075
413-01:2900,VHDU,3-6,286,5121148.85,5078750.650833333
413-01:2900,VHDU,6-9,92,1568845.2,1614119.1916666667
413-01:2900,VHDU,9-12,21,317290.5,340437.20249999996
413-02:1262,VDU,0-3,245,1580874.0999999999,1559020.6324999998
413-02:1262,VDU,3-6,267,1681410.7,1681297.2225
413-02:1262,VDU,6-9,108,657171.0499999999,665477.1375
413-02:1262,VDU,9-12,31,175753.8,189414.6575
413-02:1262,SDU,0-3,315,2074928.25,2088240.9324999999
413-02:1262,SDU,3-6,316,2113657.85,2099211.485
413-02:1262,SDU,6-9,37,238372.09999999998,240305.9675
413-02:1262,SDU,9-12,5,30369.6,29569.414999999997
413-02:1262,VHDU,0-3,235,1564679.45,1557784.255
413-02:1262,VHDU,12-15,4,25134.149999999998,28420.674999999996
413-02:1262,VHDU,3-6,260,1718786.5499999998,1704281.3483333332
413-02:1262,VHDU,6-9,78,495368.0,505030.38666666666
413-02:1262,VHDU,9-12,16,88015.59999999999,96467.08499999999
413-02:1263,VDU,0-3,245,1978831.0,1956175.2574999998
413-02:1263,VDU,3-6,267,2104784.85,2105971.6374999997
413-02:1263,VDU,6-9,108,824946.75,830828.8175
413-02:1263,VDU,9-12,31,219693.19999999998,235280.0875
413-02:1263,SDU,0-3,315,2563260.55,2577191.4924999997
413-02:1263,SDU,3-6,316,2597191.6999999997,2582121.6125
413-02:1263,SDU,6-9,37,292735.85,294764.765
413-02:1263,SDU,9-12,5,38707.75,37817.979999999996
413-02:1263,VHDU,0-3,235,1930733.45,1922938.0825
413-02:1263,VHDU,12-15,4,31434.549999999996,34243.4625
413-02:1263,VHDU,3-6,260,2112975.75,2098055.540833333
413-02:1263,VHDU,6-9,78,610238.2,621203.3216666667
413-02:1263,VHDU,9-12,16,110599.0,119540.5425
413-02:127,VDU,0-3,171,1644790.0999999999,1593794.4958333333
413-02:127,VDU,12-15,4,30971.899999999998,33394.6375
413-02:127,VDU,3-6,236,2067594.25,2073077.1591666667
413-02:127,VDU,6-9,97,840123.95,860576.9908333333
413-02:127,VDU,9-12,30,246055.69999999998,268692.61666666664
413-02:127,SDU,0-3,241,2386169.15,2392291.425
413-02:127,SDU,3-6,270,2649811.25,2639777.223333333
413-02:127,SDU,6-9,41,394612.89999999997,399015.75416666665
413-02:127,SDU,9-12,5,45044.25,44553.1475
413-02:127,VHDU,0-3,198,1868187.3499999999,1848321.7416666667
413-02:127,VHDU,12-15,4,33820.0,35379.899999999994
413-02:127,VHDU,3-6,239,2123717.4,2114949.9291666667
413-02:127,VHDU,6-9,71,600085.5499999999,625818.6591666667
413-02:127,VHDU,9-12,14,104338.5,105678.56999999999
413-02:1287,VDU,0-3,249,4028581.4,3986690.5166666666
413-02:1287,VDU,3-6,268,4328592.35,4324755.68
413-02:1287,VDU,6-9,108,1761598.3,1781689.66
413-02:1287,VDU,9-12,31,417288.44999999995,442924.6433333333
413-02:1287,SDU,0-3,336,5479145.899999999,5509258.9525
413-02:1287,SDU,3-6,347,5595949.35,5568267.109999999
413-02:1287,SDU,6-9,44,634430.9,633566.4
413-02:1287,SDU,9-12,5,68962.4,67396.0875
413-02:1287,VHDU,0-3,275,4432132.85,4411693.4575
413-02:1287,VHDU,12-15,5,70326.59999999999,77489.55249999999
413-02:1287,VHDU,3-6,318,4866790.149999999,4831028.571666666
413-02:1287,VHDU,6-9,89,1384453.05,1416590.7108333332
413-02:1287,VHDU,9-12,17,237759.35,254659.7075
413-02:205,VDU,0-3,123,943839.25,916525.0558333333
413-02:205,VDU,12-15,3,20134.3,21511.404166666667
413-02:205,VDU,3-6,193,1319407.5,1306614.325
413-02:205,VDU,6-9,85,581275.5499999999,612835.7691666667
413-02:205,VDU,9-12,21,140391.94999999998,147561.99583333332
413-02:205,SDU,0-3,166,1003494.5,999302.3083333333
413-02:205,SDU,3-6,186,1204313.0999999999,1196658.2691666665
413-02:205,SDU,6-9,36,159103.15,165193.88499999998
413-02:205,SDU,9-12,4,11559.6,17315.8875
413-02:205,VHDU,0-3,124,996356.2,999159.4916666666
413-02:205,VHDU,12-15,4,38246.049999999996,31189.545
413-02:205,VHDU,3-6,147,1107035.0,1096501.6058333332
413-02:205,VHDU,6-9,46,375625.25,387084.14999999997
413-02:205,VHDU,9-12,8,59204.95,62532.6575
413-03:2066,VDU,0-3,125,701965.45,698395.5558333333
413-03:2066,VDU,3-6,111,618624.7999999999,621613.6425
413-03:2066,VDU,6-9,32,169916.05,169249.435
413-03:2066,VDU,9-12,12,63458.1,64654.08666666666
413-03:2066,SDU,0-3,171,1054840.0999999999,1059297.9433333334
413-03:2066,SDU,3-6,168,1004246.8999999999,1002711.1933333332
413-03:2066,SDU,6-9,29,180683.34999999998,178890.985
413-03:2066,SDU,9-12,4,26783.35,25976.894999999997
413-03:2066,VHDU,0-3,163,1015223.2,1007010.3866666666
413-03:2066,VHDU,12-15,1,2997.25,6139.612499999999
413-03:2066,VHDU,3-6,182,1057091.5999999999,1053388.3258333332
413-03:2066,VHDU,6-9,50,283443.89999999997,284390.2425
413-03:2066,VHDU,9-12,10,51729.399999999994,57314.735
413-03:2240,VDU,0-3,118,514628.3,504193.87999999995
413-03:2240,VDU,3-6,108,412803.5,406302.745
413-03:2240,VDU,6-9,28,109030.55,112514.38999999998
413-03:2240,VDU,9-12,13,57131.1,63095.77
413-03:2240,SDU,0-3,123,425806.14999999997,441363.82499999995
413-03:2240,SDU,3-6,125,593389.0,583899.5925
413-03:2240,SDU,6-9,26,229524.75,227897.305
413-03:2240,SDU,9-12,3,24227.85,24187.664999999997
413-03:2240,VHDU,0-3,134,696021.2999999999,692012.5216666666
413-03:2240,VHDU,12-15,1,0.0,0.0
413-03:2240,VHDU,3-6,159,839894.0499999999,831608.1658333333
413-03:2240,VHDU,6-9,42,232104.0,229633.76249999998
413-03:2240,VHDU,9-12,9,50791.75,57268.7075
413-03:2326,VDU,0-3,153,940801.1499999999,933148.5833333333
413-03:2326,VDU,3-6,140,860548.0,862743.0066666666
413-03:2326,VDU,6-9,43,256106.69999999998,256237.22999999998
413-03:2326,VDU,9-12,14,76822.7,79469.59
413-03:2326,SDU,0-3,196,1245257.15,1256247.415
413-03:2326,SDU,3-6,205,1255665.3499999999,1250049.3299999998
413-03:2326,SDU,6-9,36,226936.0,224514.44999999998
413-03:2326,SDU,9-12,4,28075.35,27417.902499999997
413-03:2326,VHDU,0-3,178,1182099.25,1176841.2375
413-03:2326,VHDU,12-15,2,9580.75,13592.932499999999
413-03:2326,VHDU,3-6,222,1381035.9,1369682.3074999999
413-03:2326,VHDU,6-9,54,321285.25,325920.58499999996
413-03:2326,VHDU,9-12,10,56182.049999999996,61882.43
413-03:293,VDU,0-3,181,1117708.25,1113959.4549999998
413-03:293,VDU,3-6,175,1070261.45,1071715.7574999998
413-03:293,VDU,6-9,63,377320.05,373972.01249999995
413-03:293,VDU,9-12,20,106804.7,112447.22499999999
413-03:293,SDU,0-3,202,1263988.3,1275239.5775
413-03:293,SDU,3-6,198,1248554.5999999999,1235615.885
413-03:293,SDU,6-9,23,142680.5,145039.9675
413-03:293,SDU,9-12,2,14239.55,13567.519999999999
413-03:293,VHDU,0-3,178,1178752.4,1171651.0708333333
413-03:293,VHDU,12-15,1,2985.85,6411.3125
413-03:293,VHDU,3-6,188,1196998.0999999999,1195603.8166666667
413-03:293,VHDU,6-9,47,293127.25,292896.115
413-03:293,VHDU,9-12,8,45814.7,51115.985
413-03:405,VDU,0-3,176,1014407.1499999999,982301.9316666666
413-03:405,VDU,3-6,171,975787.75,980907.0625
413-03:405,VDU,6-9,59,293882.5,312750.1333333333
413-03:405,VDU,9-12,20,111227.9,119346.1725
413-03:405,SDU,0-3,225,1605599.75,1596021.0425
413-03:405,SDU,3-6,231,1649303.5499999998,1653295.4024999999
413-03:405,SDU,6-9,30,195983.09999999998,201222.82499999998
413-03:405,SDU,9-12,2,16700.05,17047.18
413-03:405,VHDU,0-3,167,1108862.8,1066036.04
413-03:405,VHDU,12-15,1,800.8499999999999,1885.18
413-03:405,VHDU,3-6,208,1319288.75,1329331.8175
413-03:405,VHDU,6-9,41,254149.69999999998,273665.455
413-03:405,VHDU,9-12,7,40009.25,52192.8575
413-03:672,VDU,0-3,177,499681.94999999995,495448.44916666666
413-03:672,VDU,3-6,172,486960.5,488584.2241666666
413-03:672,VDU,6-9,59,170759.65,171081.92166666666
413-03:672,VDU,9-12,19,43789.299999999996,46076.805
413-03:672,SDU,0-3,225,680758.6,686366.2124999999
413-03:672,SDU,3-6,231,684617.5,678621.2899999999
413-03:672,SDU,6-9,30,84501.55,85407.70749999999
413-03:672,SDU,9-12,2,7563.9,7046.339999999999
413-03:672,VHDU,0-3,192,593693.95,591919.3341666666
413-03:672,VHDU,12-15,2,4733.85,7123.195
413-03:672,VHDU,3-6,226,671560.7,667750.5191666667
413-03:672,VHDU,6-9,50,141405.6,142374.15666666665
413-03:672,VHDU,9-12,8,20406.0,22632.895
413-03:673,VDU,0-3,166,597476.85,593799.0041666667
413-03:673,VDU,3-6,156,554340.2,555761.1783333333
413-03:673,VDU,6-9,56,200059.55,200576.5875
413-03:673,VDU,9-12,16,47636.799999999996,49376.63
413-03:673,SDU,0-3,224,822700.0,828488.1599999999
413-03:673,SDU,3-6,231,840877.2999999999,834049.6975
413-03:673,SDU,6-9,30,105422.45,106676.5925
413-03:673,SDU,9-12,2,8231.75,8017.05
413-03:673,VHDU,0-3,177,671370.7,673375.1683333333
413-03:673,VHDU,12-15,2,6237.700000000001,8100.9349999999995
413-03:673,VHDU,3-6,203,753813.6,748823.0441666666
413-03:673,VHDU,6-9,44,159134.5,159699.70249999998
413-03:673,VHDU,9-12,6,21387.35,21945.0
417-01:3511,VDU,0-3,109,97548.84999999999,67356.20333333332
417-01:3511,VDU,12-15,47,1845.85,20379.352499999997
417-01:3511,VDU,15-18,17,475.0,6537.71
417-01:3511,VDU,18-21,3,22.799999999999997,832.9124999999999
417-01:3511,VDU,3-6,172,158369.75,110437.42083333332
417-01:3511,VDU,6-9,141,69927.59999999999,83893.62916666667
417-01:3511,VDU,9-12,116,16367.55,55120.17166666666
417-01:3511,SDU,0-3,102,17081.95,16156.7925
417-01:3511,SDU,12-15,15,1425.0,2030.5141666666666
417-01:3511,SDU,15-18,1,154.85,155.23
417-01:3511,SDU,3-6,323,51688.549999999996,50452.77416666666
417-01:3511,SDU,6-9,148,21207.8,22001.461666666666
417-01:3511,SDU,9-12,48,5661.05,6422.4275
417-01:3511,VHDU,0-3,118,24069.2,20675.499166666665
417-01:3511,VHDU,12-15,27,1413.6,3936.4674999999997
417-01:3511,VHDU,15-18,10,291.65,1119.6383333333333
417-01:3511,VHDU,18-21,2,142.5,195.22499999999997
417-01:3511,VHDU,3-6,242,41894.049999999996,36764.049999999996
417-01:3511,VHDU,6-9,151,19037.05,22199.267499999998
417-01:3511,VHDU,9-12,72,8164.3,10122.2025
418-01:1622,VDU,0-3,109,1214169.3499999999,1198291.0975
418-01:1622,VDU,12-15,1,6468.549999999999,7088.662499999999
418-01:1622,VDU,3-6,73,752823.7,784911.6124999999
418-01:1622,VDU,6-9,36,400337.6,401109.19
418-01:1622,VDU,9-12,10,105009.2,109927.6825
418-01:1622,SDU,0-3,208,2113716.75,2131353.6425
418-01:1622,SDU,3-6,103,1020015.0,1012012.2949999999
418-01:1622,SDU,6-9,29,308726.25,299143.125
418-01:1622,SDU,9-12,4,38457.9,38406.8375
418-01:1622,VHDU,0-3,126,1269991.3499999999,1251948.6491666667
418-01:1622,VHDU,12-15,1,4429.849999999999,7296.0
418-01:1622,VHDU,3-6,96,966910.0,967305.4691666666
418-01:1622,VHDU,6-9,42,402330.69999999995,411286.7458333333
418-01:1622,VHDU,9-12,6,65677.3,62892.2325
418-01:1672,VDU,0-3,83,927801.35,907691.7975
418-01:1672,VDU,12-15,9,85842.95,93396.8275
418-01:1672,VDU,15-18,1,8918.6,9341.824999999999
418-01:1672,VDU,3-6,162,1790384.25,1800612.2825
418-01:1672,VDU,6-9,76,847312.6,841687.8875
418-01:1672,VDU,9-12,33,333925.95,341455.07999999996
418-01:1672,SDU,0-3,106,1193603.75,1213018.805
418-01:1672,SDU,3-6,187,2120549.15,2113595.1975
418-01:1672,SDU,6-9,61,705193.5499999999,697518.5
418-01:1672,SDU,9-12,12,144736.3,139950.2475
418-01:1672,VHDU,0-3,100,1220134.4,1205698.8966666667
418-01:1672,VHDU,12-15,6,67093.75,72523.9025
418-01:1672,VHDU,3-6,161,1886785.5,1876438.2108333332
418-01:1672,VHDU,6-9,73,825450.25,833085.3999999999
418-01:1672,VHDU,9-12,22,250605.25,262322.74
418-01:223,VDU,0-3,17,315637.5,309320.665
418-01:223,VDU,3-6,4,73375.15,72857.7325
418-01:223,VDU,6-9,1,17793.5,18600.62
418-01:223,VDU,9-12,1,7436.599999999999,11468.4
418-01:223,SDU,0-3,19,233466.3,254800.925
418-01:223,SDU,3-6,39,538647.15,519950.485
418-01:223,SDU,6-9,18,311475.55,289775.365
418-01:223,SDU,9-12,2,38109.25,37321.7
418-01:223,VHDU,0-3,18,288097.95,293715.0941666667
418-01:223,VHDU,3-6,52,822413.1,826262.0883333333
418-01:223,VHDU,6-9,21,329414.39999999997,337390.3308333333
418-01:223,VHDU,9-12,3,44296.6,45072.369999999995
418-01:273,VDU,0-3,45,554971.95,542526.0
418-01:273,VDU,12-15,1,0.0,9297.887499999999
418-01:273,VDU,3-6,91,998259.0499999999,1073069.175
418-01:273,VDU,6-9,32,397251.05,390995.4425
418-01:273,VDU,9-12,9,87392.4,85286.62999999999
418-01:273,SDU,0-3,55,1244489.55,1214400.1524999999
418-01:273,SDU,3-6,124,2511770.55,2524468.0124999997
418-01:273,SDU,6-9,44,924491.5499999999,883761.3925
418-01:273,SDU,9-12,9,173350.3,188564.36
418-01:273,VHDU,0-3,70,1281141.5,1263378.5899999999
418-01:273,VHDU,12-15,4,53984.7,55868.36
418-01:273,VHDU,3-6,105,1561321.2,1565887.755
418-01:273,VHDU,6-9,42,676788.5499999999,687642.4425
418-01:273,VHDU,9-12,11,134396.5,135770.4375
42-02:11387,VDU,0-3,42,9096.25,8794.640833333333
42-02:11387,VDU,12-15,47,8413.199999999999,8974.7925
42-02:11387,VDU,15-18,28,5803.549999999999,6272.375
42-02:11387,VDU,18-21,13,2345.55,2786.5875
42-02:11387,VDU,21-24,2,423.7,742.6624999999999
42-02:11387,VDU,3-6,143,33857.049999999996,31705.553333333333
42-02:11387,VDU,6-9,133,29395.85,29388.756666666664
42-02:11387,VDU,9-12,77,14395.349999999999,15065.131666666666
42-02:11387,SDU,0-3,14,9424.949999999999,9924.65
42-02:11387,SDU,12-15,27,19924.35,21558.619166666667
42-02:11387,SDU,15-18,14,10133.65,11833.865
42-02:11387,SDU,18-21,6,4023.25,4528.2225
42-02:11387,SDU,21-24,1,989.9,880.84
42-02:11387,SDU,3-6,103,77272.05,74944.67666666667
42-02:11387,SDU,6-9,99,75413.84999999999,72223.73416666666
42-02:11387,SDU,9-12,58,40394.95,41605.0125
42-02:11387,SDU,>=24,1,420.84999999999997,498.17999999999995
42-02:11387,VHDU,0-3,48,16177.55,14704.353333333333
42-02:11387,VHDU,12-15,46,17037.3,18691.2975
42-02:11387,VHDU,15-18,16,4187.599999999999,5906.245
42-02:11387,VHDU,18-21,12,4007.1,5052.48
42-02:11387,VHDU,21-24,3,646.95,878.75
42-02:11387,VHDU,3-6,157,60839.899999999994,58133.7775
42-02:11387,VHDU,6-9,149,55632.95,56439.04083333333
42-02:11387,VHDU,9-12,85,36140.85,34810.29583333333
42-02:11387,VHDU,>=24,1,400.9,454.86
425-02:10026,VDU,0-3,9,2626.75,3477.0316666666668
425-02:10026,VDU,12-15,11,3830.3999999999996,5264.820833333333
425-02:10026,VDU,3-6,44,20661.55,21564.239999999998
425-02:10026,VDU,6-9,30,19107.35,15415.301666666666
425-02:10026,VDU,9-12,17,7376.75,7881.405833333332
425-02:10026,SDU,0-3,8,1316.7,1311.76
425-02:10026,SDU,12-15,1,116.85,326.22999999999996
425-02:10026,SDU,3-6,65,38918.65,35750.494999999995
425-02:10026,SDU,6-9,32,20188.45,20997.754999999997
425-02:10026,SDU,9-12,16,7509.749999999999,9664.16
425-02:10026,VHDU,0-3,9,1990.25,2175.88
425-02:10026,VHDU,12-15,4,1230.25,1632.195
425-02:10026,VHDU,15-18,1,120.64999999999999,117.5625
425-02:10026,VHDU,3-6,48,13347.5,12414.505
425-02:10026,VHDU,6-9,46,12688.199999999999,12434.4075
425-02:10026,VHDU,9-12,14,3209.1,3811.4
427-04:3430,VDU,0-3,3,451.25,314.07
427-04:3430,VDU,12-15,8,1765.1,1850.22
427-04:3430,VDU,15-18,6,878.75,1108.555
427-04:3430,VDU,18-21,2,1072.55,793.4875
427-04:3430,VDU,3-6,46,8766.6,8447.5425
427-04:3430,VDU,6-9,33,6365.0,6724.1475
427-04:3430,VDU,9-12,24,4942.849999999999,5004.077499999999
427-04:3430,SDU,0-3,5,543.4,555.6075
427-04:3430,SDU,12-15,10,1264.4499999999998,1862.6174999999998
427-04:3430,SDU,15-18,3,342.0,322.715
427-04:3430,SDU,18-21,1,63.65,92.53
427-04:3430,SDU,3-6,45,10333.15,9319.6425
427-04:3430,SDU,6-9,37,5707.599999999999,5816.66
427-04:3430,SDU,9-12,21,4188.55,4473.0275
427-04:3430,VHDU,0-3,10,1482.0,2240.9075000000003
427-04:3430,VHDU,12-15,8,2146.0499999999997,2838.8375
427-04:3430,VHDU,15-18,3,535.8,646.0474999999999
427-04:3430,VHDU,3-6,41,7870.749999999999,8727.5075
427-04:3430,VHDU,6-9,34,9176.05,8157.6025
427-04:3430,VHDU,9-12,26,8263.099999999999,6862.8475
427-04:3450,VDU,0-3,10,4625.549999999999,4135.2074999999995
427-04:3450,VDU,12-15,14,5187.0,5973.2675
427-04:3450,VDU,15-18,5,2171.7,2424.7799999999997
427-04:3450,VDU,18-21,1,456.0,718.1999999999999
427-04:3450,VDU,21-24,1,363.84999999999997,560.975
427-04:3450,VDU,3-6,40,19810.35,19052.8675
427-04:3450,VDU,6-9,30,13654.349999999999,13873.8
427-04:3450,VDU,9-12,20,11756.25,11285.9525
427-04:3450,SDU,0-3,13,24434.949999999997,24165.8625
427-04:3450,SDU,12-15,7,9548.45,12029.755
427-04:3450,SDU,15-18,2,4237.0,3985.5824999999995
427-04:3450,SDU,3-6,56,100734.2,98345.28249999999
427-04:3450,SDU,6-9,32,59623.899999999994,58239.0375
427-04:3450,SDU,9-12,12,21171.699999999997,22984.68
427-04:3450,VHDU,0-3,14,11875.949999999999,12022.63
427-04:3450,VHDU,12-15,7,5995.45,6401.004999999999
427-04:3450,VHDU,15-18,5,3729.7,4542.045
427-04:3450,VHDU,3-6,54,48678.95,46276.399999999994
427-04:3450,VHDU,6-9,27,22320.25,24919.26
427-04:3450,VHDU,9-12,15,14741.15,13180.109999999999
427-04:3526,VDU,0-3,37,20169.449999999997,15948.695
427-04:3526,VDU,12-15,56,20940.85,23732.9475
427-04:3526,VDU,15-18,29,10122.25,12172.682499999999
427-04:3526,VDU,18-21,8,1742.3,3241.7325
427-04:3526,VDU,21-24,2,957.5999999999999,941.6875
427-04:3526,VDU,3-6,137,65018.95,64595.29749999999
427-04:3526,VDU,6-9,130,57590.899999999994,56445.295
427-04:3526,VDU,9-12,86,34278.85,33742.8125
427-04:3526,SDU,0-3,32,43348.5,42367.862499999996
427-04:3526,SDU,12-15,19,22444.7,25663.5375
427-04:3526,SDU,15-18,8,12055.5,16028.732499999998
427-04:3526,SDU,3-6,236,353761.95,340345.67
427-04:3526,SDU,6-9,127,205766.19999999998,199758.875
427-04:3526,SDU,9-12,66,77205.55,90417.7225
427-04:3526,VHDU,0-3,50,41396.25,39368.0
427-04:3526,VHDU,12-15,24,18488.899999999998,21755.6175
427-04:3526,VHDU,15-18,7,2713.2,4453.22
427-04:3526,VHDU,18-21,3,448.4,755.25
427-04:3526,VHDU,3-6,209,188356.5,177727.6625
427-04:3526,VHDU,6-9,134,100399.8,107903.28
427-04:3526,VHDU,9-12,61,43768.399999999994,43608.42
427-11:12116,VDU,0-3,67,21989.649999999998,19887.3475
427-11:12116,VDU,12-15,56,16004.65,17212.337499999998
427-11:12116,VDU,15-18,20,6073.349999999999,6075.155
427-11:12116,VDU,18-21,3,1900.0,2017.7999999999997
427-11:12116,VDU,3-6,225,68942.45,67702.89
427-11:12116,VDU,6-9,225,70751.25,71332.9825
427-11:12116,VDU,9-12,132,37686.5,39119.3375
427-11:12116,SDU,0-3,125,116722.7,112681.01999999999
427-11:12116,SDU,12-15,4,2427.25,3169.5325
427-11:12116,SDU,3-6,404,366277.25,358659.57999999996
427-11:12116,SDU,6-9,156,131602.55,138723.70249999998
427-11:12116,SDU,9-12,43,30591.899999999998,34387.814999999995
427-11:12116,VHDU,0-3,82,38602.299999999996,39572.6775
427-11:12116,VHDU,12-15,22,8389.45,9456.869999999999
427-11:12116,VHDU,15-18,8,2831.0,4109.8425
427-11:12116,VHDU,18-21,1,8.549999999999999,289.275
427-11:12116,VHDU,3-6,318,172225.5,165743.98249999998
427-11:12116,VHDU,6-9,224,110463.15,110989.545
427-11:12116,VHDU,9-12,77,37957.25,40315.0075
429-01:253,VDU,0-3,47,99124.9,92713.52416666667
429-01:253,VDU,12-15,72,138924.19999999998,144671.19333333333
429-01:253,VDU,15-18,30,52076.149999999994,60003.805
429-01:253,VDU,18-21,9,11247.05,16977.9725
429-01:253,VDU,21-24,1,1314.8,1633.05
429-01:253,VDU,3-6,201,440683.14999999997,431859.3283333333
429-01:253,VDU,6-9,190,398843.25,393064.495
429-01:253,VDU,9-12,137,284225.75,285515.88166666665
429-01:253,SDU,0-3,48,105483.25,109073.9175
429-01:253,SDU,12-15,34,73967.0,76495.14
429-01:253,SDU,15-18,4,9665.3,10018.035
429-01:253,SDU,3-6,286,667627.7,660799.765
429-01:253,SDU,6-9,244,562107.4,561513.46
429-01:253,SDU,9-12,115,265228.6,266178.9325
429-01:253,VHDU,0-3,59,138982.15,136047.97999999998
429-01:253,VHDU,12-15,47,99251.25,105498.4975
429-01:253,VHDU,15-18,16,30967.149999999998,34543.615
429-01:253,VHDU,18-21,4,8344.8,8759.664999999999
429-01:253,VHDU,3-6,245,568625.35,562048.975
429-01:253,VHDU,6-9,210,484011.69999999995,479821.06
429-01:253,VHDU,9-12,127,285108.3,288570.9075
429-02:3423,VDU,0-3,10,29777.75,28423.05
429-02:3423,VDU,12-15,109,311406.19999999995,315711.98
429-02:3423,VDU,15-18,55,139775.4,148146.8475
429-02:3423,VDU,18-21,17,40814.85,47385.92083333333
429-02:3423,VDU,21-24,5,7987.599999999999,11599.025
429-02:3423,VDU,3-6,110,336038.75,325733.3875
429-02:3423,VDU,6-9,156,455489.85,448762.5991666666
429-02:3423,VDU,9-12,127,359809.64999999997,354540.19
429-02:3423,VDU,>=24,1,1239.75,2036.8
429-02:3423,SDU,0-3,66,209435.09999999998,215811.7058333333
429-02:3423,SDU,12-15,39,123426.84999999999,121145.10833333332
429-02:3423,SDU,15-18,12,41325.0,42190.924999999996
429-02:3423,SDU,18-21,1,3282.25,3418.575
429-02:3423,SDU,3-6,182,607959.15,601617.1083333333
429-02:3423,SDU,6-9,140,457949.39999999997,457159.33249999996
429-02:3423,SDU,9-12,76,249755.94999999998,251790.94499999998
429-02:3423,VHDU,0-3,18,58929.45,57804.127499999995
429-02:3423,VHDU,12-15,57,177469.5,181743.645
429-02:3423,VHDU,15-18,26,75299.84999999999,77563.5575
429-02:3423,VHDU,18-21,7,18463.25,20792.649999999998
429-02:3423,VHDU,3-6,113,358269.69999999995,353045.64999999997
429-02:3423,VHDU,6-9,130,410096.95,407370.5133333333
429-02:3423,VHDU,9-12,91,284042.39999999997,284250.95666666667
43-01:10729,VDU,0-3,116,323458.85,308451.5416666666
43-01:10729,VDU,12-15,39,98660.34999999999,103879.07999999999
43-01:10729,VDU,15-18,16,40070.049999999996,47240.222499999996
43-01:10729,VDU,18-21,7,12730.0,15902.9525
43-01:10729,VDU,3-6,205,585458.4,573663.9125
43-01:10729,VDU,6-9,134,364379.14999999997,367485.9825
43-01:10729,VDU,9-12,87,234634.8,242767.90833333333
43-01:10729,SDU,0-3,55,212478.9,210504.6733333333
43-01:10729,SDU,12-15,23,78353.15,84333.14666666667
43-01:10729,SDU,15-18,7,25412.5,25849.927499999998
43-01:10729,SDU,18-21,1,3990.0,4304.639999999999
43-01:10729,SDU,3-6,280,1059062.8499999999,1046658.6208333332
43-01:10729,SDU,6-9,157,610108.0499999999,609451.2041666666
43-01:10729,SDU,9-12,78,282470.14999999997,290773.3875
43-01:10729,VHDU,0-3,102,321518.0,313603.7558333333
43-01:10729,VHDU,12-15,34,95752.4,105220.7175
43-01:10729,VHDU,15-18,8,21042.5,24854.945
43-01:10729,VHDU,3-6,241,813365.2999999999,795600.0625
43-01:10729,VHDU,6-9,132,410167.25,411182.9741666666
43-01:10729,VHDU,9-12,92,286312.89999999997,297695.895
43-01:1201,VDU,0-3,32,111358.05,104303.25499999999
43-01:1201,VDU,12-15,55,152877.8,155526.76416666666
43-01:1201,VDU,15-18,29,66674.8,79634.27249999999
43-01:1201,VDU,18-21,12,22034.3,25732.46
43-01:1201,VDU,21-24,2,5261.1,5106.724999999999
43-01:1201,VDU,3-6,131,422881.1,411505.26166666666
43-01:1201,VDU,6-9,121,381278.7,378618.68416666664
43-01:1201,VDU,9-12,79,234518.9,236457.32749999998
43-01:1201,SDU,0-3,21,107810.75,108756.9975
43-01:1201,SDU,12-15,36,169842.9,168469.77
43-01:1201,SDU,15-18,11,45926.799999999996,43843.307499999995
43-01:1201,SDU,18-21,4,9531.35,10784.494999999999
43-01:1201,SDU,21-24,1,2413.95,3784.23
43-01:1201,SDU,3-6,171,914056.75,900524.5225
43-01:1201,SDU,6-9,161,868837.7,869585.3025
43-01:1201,SDU,9-12,82,382572.6,395006.105
43-01:1201,SDU,>=24,1,5982.15,6220.22
43-01:1201,VHDU,0-3,31,136251.85,134183.47833333333
43-01:1201,VHDU,12-15,36,130161.4,135147.82333333333
43-01:1201,VHDU,15-18,9,20063.05,29532.46
43-01:1201,VHDU,18-21,8,33006.799999999996,35403.42833333333
43-01:1201,VHDU,21-24,1,4344.349999999999,5469.3875
43-01:1201,VHDU,3-6,161,706125.5,689332.1441666667
43-01:1201,VHDU,6-9,134,552074.45,549539.5491666667
43-01:1201,VHDU,9-12,87,325805.35,329789.1591666666
43-01:1201,VHDU,>=24,1,2979.2,2414.52
43-01:329,VDU,0-3,14,55013.549999999996,51789.962499999994
43-01:329,VDU,12-15,20,70321.84999999999,72687.5875
43-01:329,VDU,15-18,9,25889.399999999998,30781.6625
43-01:329,VDU,18-21,2,5249.7,6591.289999999999
43-01:329,VDU,3-6,47,185095.15,184299.65166666667
43-01:329,VDU,6-9,50,184402.6,179864.67166666666
43-01:329,VDU,9-12,44,169564.55,169521.97416666665
43-01:329,SDU,0-3,17,85621.59999999999,87217.03
43-01:329,SDU,12-15,4,19445.55,18749.9125
43-01:329,SDU,3-6,52,261315.55,260407.8725
43-01:329,SDU,6-9,40,204270.9,203303.705
43-01:329,SDU,9-12,20,103541.45,104516.53
43-01:329,VHDU,0-3,14,55062.95,54039.182499999995
43-01:329,VHDU,12-15,13,46149.1,48975.33416666666
43-01:329,VHDU,15-18,7,21143.2,23954.392499999998
43-01:329,VHDU,18-21,3,8634.55,9180.5625
43-01:329,VHDU,3-6,63,246236.19999999998,243686.14666666667
43-01:329,VHDU,6-9,43,146010.25,143335.17666666667
43-01:329,VHDU,9-12,36,126313.9,126379.355
45-00:233,VDU,0-3,30,83289.34999999999,81605.52249999999
45-00:233,VDU,12-15,43,112789.7,115406.95
45-00:233,VDU,15-18,14,35288.7,40192.6475
45-00:233,VDU,18-21,3,6877.049999999999,8806.642499999998
45-00:233,VDU,3-6,119,350129.14999999997,347089.70416666666
45-00:233,VDU,6-9,117,332956.0,329319.4791666666
45-00:233,VDU,9-12,93,262977.1,261886.10416666666
45-00:233,SDU,0-3,28,97562.15,96488.935
45-00:233,SDU,12-15,15,44595.85,45949.916666666664
45-00:233,SDU,15-18,2,5890.95,6268.195
45-00:233,SDU,3-6,128,411567.55,409419.9958333333
45-00:233,SDU,6-9,109,347591.69999999995,347942.63
45-00:233,SDU,9-12,56,185607.19999999998,186745.72749999998
45-00:233,VHDU,0-3,36,116985.84999999999,114625.35333333333
45-00:233,VHDU,12-15,19,53270.299999999996,57232.05333333333
45-00:233,VHDU,15-18,11,30565.3,33035.252499999995
45-00:233,VHDU,18-21,2,6283.299999999999,5943.674999999999
45-00:233,VHDU,3-6,98,294592.14999999997,292062.8225
45-00:233,VHDU,6-9,94,273163.95,271733.42416666663
45-00:233,VHDU,9-12,48,139747.85,139976.11916666667
47-01:2035,VDU,0-3,99,73088.25,68139.9375
47-01:2035,VDU,12-15,21,10641.9,12845.5675
47-01:2035,VDU,15-18,8,3011.5,4846.1875
47-01:2035,VDU,18-21,1,63.65,237.2625
47-01:2035,VDU,3-6,145,103189.0,99548.8375
47-01:2035,VDU,6-9,116,81159.45,80394.795
47-01:2035,VDU,9-12,67,40102.35,45243.5125
47-01:2035,SDU,0-3,144,186557.19999999998,180715.84
47-01:2035,SDU,12-15,1,841.6999999999999,1001.775
47-01:2035,SDU,3-6,217,274660.2,274404.365
47-01:2035,SDU,6-9,104,129187.65,132461.1125
47-01:2035,SDU,9-12,22,24427.35,27091.0075
47-01:2035,VHDU,0-3,134,126677.75,124221.28749999999
47-01:2035,VHDU,12-15,9,6671.849999999999,7616.4349999999995
47-01:2035,VHDU,15-18,1,616.55,856.52
47-01:2035,VHDU,3-6,183,176527.1,171715.065
47-01:2035,VHDU,6-9,114,106004.79999999999,109050.1675
47-01:2035,VHDU,9-12,47,37395.799999999996,40434.375
47-01:397,VDU,0-3,42,26723.5,25146.879999999997
47-01:397,VDU,12-15,27,13810.15,15947.5075
47-01:397,VDU,15-18,3,591.85,1289.9099999999999
47-01:397,VDU,3-6,51,32978.299999999996,31024.672499999997
47-01:397,VDU,6-9,68,41159.7,39705.345
47-01:397,VDU,9-12,52,27412.25,29561.434999999998
47-01:397,SDU,0-3,85,105569.7,101712.7475
47-01:397,SDU,12-15,2,1627.35,2477.6
47-01:397,SDU,3-6,87,106112.15,103735.62999999999
47-01:397,SDU,6-9,44,50586.549999999996,53082.865
47-01:397,SDU,9-12,26,26732.05,29618.9575
47-01:397,VHDU,0-3,69,61118.25,57622.9625
47-01:397,VHDU,12-15,9,5344.7,7093.6025
47-01:397,VHDU,15-18,3,1178.9499999999998,2046.0625
47-01:397,VHDU,3-6,81,74774.5,71370.1275
47-01:397,VHDU,6-9,51,42769.0,44689.377499999995
47-01:397,VHDU,9-12,31,22065.649999999998,24428.9175
47-04:2602,VDU,0-3,122,11263.199999999999,10739.56
47-04:2602,VDU,12-15,56,3368.7,4218.38
47-04:2602,VDU,15-18,21,1215.05,1959.2325
47-04:2602,VDU,18-21,11,284.05,701.48
47-04:2602,VDU,21-24,8,186.2,362.47249999999997
47-04:2602,VDU,3-6,244,23937.149999999998,21966.4225
47-04:2602,VDU,6-9,172,15864.05,15613.2025
47-04:2602,VDU,9-12,94,7495.5,8053.15
47-04:2602,SDU,0-3,95,39311.95,37056.66583333333
47-04:2602,SDU,12-15,13,2576.3999999999996,3861.3224999999998
47-04:2602,SDU,3-6,413,168033.15,163519.43083333332
47-04:2602,SDU,6-9,142,50626.45,52997.808333333334
47-04:2602,SDU,9-12,32,9077.25,12189.9725
47-04:2602,VHDU,0-3,126,21720.8,19871.2925
47-04:2602,VHDU,12-15,26,3226.2,4728.751666666666
47-04:2602,VHDU,15-18,12,1069.7,1470.1883333333333
47-04:2602,VHDU,18-21,3,294.5,382.23249999999996
47-04:2602,VHDU,3-6,277,54665.85,51167.3325
47-04:2602,VHDU,6-9,168,27494.899999999998,28995.314166666663
47-04:2602,VHDU,9-12,75,11554.85,13411.688333333334
47-12:12058,VDU,0-3,130,46973.7,44784.20333333333
47-12:12058,VDU,12-15,30,7796.65,9511.115
47-12:12058,VDU,15-18,6,1317.6499999999999,1590.5849999999998
47-12:12058,VDU,3-6,202,71393.45,70267.85833333332
47-12:12058,VDU,6-9,159,56759.649999999994,56355.440833333334
47-12:12058,VDU,9-12,82,25786.8,27518.6975
47-12:12058,SDU,0-3,199,155982.4,155456.60666666666
47-12:12058,SDU,12-15,1,693.5,747.84
47-12:12058,SDU,3-6,291,231699.3,228822.38333333333
47-12:12058,SDU,6-9,109,84723.84999999999,86241.33249999999
47-12:12058,SDU,9-12,20,13510.9,15341.787499999999
47-12:12058,VHDU,0-3,130,62767.45,61691.73333333333
47-12:12058,VHDU,12-15,17,7195.299999999999,7664.885
47-12:12058,VHDU,15-18,1,433.2,579.2624999999999
47-12:12058,VHDU,18-21,1,103.55,349.8375
47-12:12058,VHDU,3-6,252,128729.75,126412.73166666666
47-12:12058,VHDU,6-9,151,70984.95,71720.0125
47-12:12058,VHDU,9-12,43,18941.1,20736.837499999998
470-02:500,VDU,0-3,24,202589.4,192671.63749999998
470-02:500,VDU,12-15,1,5515.7,6023.19
470-02:500,VDU,3-6,15,119248.75,124137.355
470-02:500,VDU,6-9,8,65439.799999999996,63535.84166666666
470-02:500,VDU,9-12,3,19841.7,26267.32583333333
470-02:500,SDU,0-3,49,424266.2,434927.2425
470-02:500,SDU,3-6,47,396578.44999999995,389260.5525
470-02:500,SDU,6-9,21,186961.9,184287.745
470-02:500,SDU,9-12,5,40030.15,39361.16
470-02:500,VHDU,0-3,40,359721.3,354053.9325
470-02:500,VHDU,12-15,1,9670.05,9870.7375
470-02:500,VHDU,3-6,33,294900.89999999997,295978.12083333335
470-02:500,VHDU,6-9,14,120359.29999999999,124036.73416666666
470-02:500,VHDU,9-12,3,25050.55,25762.575
48-11:4847,VDU,0-3,144,23473.55,20262.8825
48-11:4847,VDU,12-15,64,5862.45,7510.224999999999
48-11:4847,VDU,15-18,24,1439.25,2665.9849999999997
48-11:4847,VDU,18-21,10,478.79999999999995,848.35
48-11:4847,VDU,21-24,2,46.55,137.75
48-11:4847,VDU,3-6,170,24983.1,24246.6125
48-11:4847,VDU,6-9,140,19160.55,18735.52
48-11:4847,VDU,9-12,83,9997.8,11034.724999999999
48-11:4847,SDU,0-3,56,21884.2,21763.819166666664
48-11:4847,SDU,12-15,19,5600.25,6446.367499999999
48-11:4847,SDU,15-18,1,536.75,566.1999999999999
48-11:4847,SDU,3-6,363,146206.9,141641.32666666666
48-11:4847,SDU,6-9,205,78025.4,79769.06166666666
48-11:4847,SDU,9-12,83,30197.649999999998,32264.375
48-11:4847,VHDU,0-3,138,33737.35,32319.57
48-11:4847,VHDU,12-15,29,6322.25,6979.46
48-11:4847,VHDU,15-18,19,2949.75,3756.87
48-11:4847,VHDU,18-21,1,193.79999999999998,185.25
48-11:4847,VHDU,3-6,274,67372.09999999999,65380.5675
48-11:4847,VHDU,6-9,190,45018.6,46258.92
48-11:4847,VHDU,9-12,71,14832.349999999999,15545.5625
49-01:578,VDU,0-3,282,15179043.95,14894624.004166666
49-01:578,VDU,12-15,2,100445.4,105218.9125
49-01:578,VDU,3-6,264,13978628.7,13951848.880833333
49-01:578,VDU,6-9,134,6851867.399999999,6956754.5725
49-01:578,VDU,9-12,43,1942991.2999999998,2144530.38
49-01:578,SDU,0-3,256,15274694.7,15360773.3925
49-01:578,SDU,3-6,391,23380157.4,23255242.8025
49-01:578,SDU,6-9,78,4549237.45,4599466.8475
49-01:578,SDU,9-12,3,174980.5,163587.0075
49-01:578,VHDU,0-3,261,14718278.75,14569160.464166665
49-01:578,VHDU,12-15,2,117012.44999999998,113923.85749999998
49-01:578,VHDU,3-6,336,18959744.7,18871256.538333334
49-01:578,VHDU,6-9,97,5168832.2,5310738.101666667
49-01:578,VHDU,9-12,25,1247994.0999999999,1346783.2383333333
49-02:1465,VDU,0-3,242,8541908.85,8380265.97
49-02:1465,VDU,12-15,1,27970.85,30605.9125
49-02:1465,VDU,3-6,227,7562452.199999999,7589941.7325
49-02:1465,VDU,6-9,115,3837664.65,3860377.82
49-02:1465,VDU,9-12,33,998295.15,1087086.9
49-02:1465,SDU,0-3,224,7383376.25,7454361.263333333
49-02:1465,SDU,3-6,317,10673967.25,10554421.466666667
49-02:1465,SDU,6-9,68,2112059.9499999997,2156229.2025
49-02:1465,SDU,9-12,1,30230.899999999998,30526.73
49-02:1465,VHDU,0-3,222,8083424.6,8008326.149999999
49-02:1465,VHDU,3-6,286,10081063.7,10032083.2675
49-02:1465,VHDU,6-9,80,2715836.25,2787446.8699999996
49-02:1465,VHDU,9-12,20,664867.0,717335.2625
49-02:1466,VDU,0-3,258,12805536.399999999,12646549.292499999
49-02:1466,VDU,12-15,1,48350.25,51350.35
49-02:1466,VDU,3-6,237,11612758.2,11591166.8375
49-02:1466,VDU,6-9,118,5923303.2,5968431.0975
49-02:1466,VDU,9-12,35,1611088.8499999999,1733529.315
49-02:1466,SDU,0-3,227,11643943.85,11767951.0075
49-02:1466,SDU,3-6,318,16905516.95,16741256.3925
49-02:1466,SDU,6-9,68,3077651.3499999996,3110796.5174999996
49-02:1466,SDU,9-12,1,28533.25,29292.3
49-02:1466,VHDU,0-3,250,12431783.6,12332412.998333333
49-02:1466,VHDU,3-6,311,15323906.6,15264346.334166666
49-02:1466,VHDU,6-9,87,4148748.8,4232127.83
49-02:1466,VHDU,9-12,21,1012650.6,1088202.4375
49-03:1242,VDU,0-3,127,2989414.4,2994424.3674999997
49-03:1242,VDU,3-6,78,1839199.0499999998,1875923.4849999999
49-03:1242,VDU,6-9,24,553501.35,563932.065
49-03:1242,VDU,9-12,4,66774.55,76561.64
49-03:1242,SDU,0-3,129,3215554.3,3230913.8525
49-03:1242,SDU,3-6,162,4025641.15,3999016.26
49-03:1242,SDU,6-9,18,449353.8,453437.0425
49-03:1242,SDU,9-12,2,55693.75,53918.58
49-03:1242,VHDU,0-3,151,3897760.6999999997,3888662.3125
49-03:1242,VHDU,12-15,1,27276.399999999998,28201.319999999996
49-03:1242,VHDU,3-6,173,4315374.05,4265479.575
49-03:1242,VHDU,6-9,42,999025.7,997716.315
49-03:1242,VHDU,9-12,4,83008.15,85914.4375
49-03:1569,VDU,0-3,70,541057.2999999999,535947.2975
49-03:1569,VDU,12-15,1,3888.35,7529.224999999999
49-03:1569,VDU,3-6,109,832493.5499999999,845741.1575
49-03:1569,VDU,6-9,39,296121.64999999997,301414.385
49-03:1569,VDU,9-12,14,97728.4,100893.61
49-03:1569,SDU,0-3,79,601297.75,610002.5525
49-03:1569,SDU,3-6,160,1243012.3,1232567.81
49-03:1569,SDU,6-9,61,482811.85,483595.125
49-03:1569,SDU,9-12,11,90564.45,88504.185
49-03:1569,VHDU,0-3,105,850619.5499999999,852628.8633333333
49-03:1569,VHDU,12-15,4,31026.05,32237.11
49-03:1569,VHDU,3-6,173,1390391.5,1372687.4583333333
49-03:1569,VHDU,6-9,77,590125.75,589383.6733333333
49-03:1569,VHDU,9-12,12,94711.2,96122.425
49-03:1570,VDU,0-3,70,1106955.2,1094411.115
49-03:1570,VDU,12-15,1,5030.25,15325.162499999999
49-03:1570,VDU,3-6,109,1698252.3,1734082.3575
49-03:1570,VDU,6-9,39,612367.15,622764.0449999999
49-03:1570,VDU,9-12,14,193887.4,202621.3675
49-03:1570,SDU,0-3,79,1264277.0999999999,1276931.765
49-03:1570,SDU,3-6,160,2618016.65,2595236.2675
49-03:1570,SDU,6-9,61,1018126.3999999999,1025484.625
49-03:1570,SDU,9-12,11,191692.9,188251.1925
49-03:1570,VHDU,0-3,105,1769356.0,1775045.7083333333
49-03:1570,VHDU,12-15,4,64378.649999999994,67529.0875
49-03:1570,VHDU,3-6,173,2900371.85,2858260.8358333334
49-03:1570,VHDU,6-9,77,1215576.3,1214153.7383333333
49-03:1570,VHDU,9-12,12,196131.3,199113.82499999998
49-03:2408,VDU,0-3,70,1127746.9,1114208.545
49-03:2408,VDU,12-15,1,7124.049999999999,14831.637499999999
49-03:2408,VDU,3-6,109,1667035.2999999998,1693637.0574999999
49-03:2408,VDU,6-9,39,604494.5,610693.1549999999
49-03:2408,VDU,9-12,14,191159.0,198661.90999999997
49-03:2408,SDU,0-3,79,1278229.75,1281055.8099999998
49-03:2408,SDU,3-6,160,2610012.9,2592232.5575
49-03:2408,SDU,6-9,61,1008172.2999999999,1012651.0275
49-03:2408,SDU,9-12,11,188675.69999999998,186447.5225
49-03:2408,VHDU,0-3,104,1753456.8,1745096.6733333333
49-03:2408,VHDU,12-15,4,63904.59999999999,66262.92749999999
49-03:2408,VHDU,3-6,173,2848724.15,2819879.8066666666
49-03:2408,VHDU,6-9,76,1194821.65,1197090.9625
49-03:2408,VHDU,9-12,12,194157.19999999998,196738.5875
49-03:2409,VDU,0-3,54,219763.5,214764.03
49-03:2409,VDU,12-15,1,1553.25,4126.0875
49-03:2409,VDU,3-6,109,419557.05,427021.4375
49-03:2409,VDU,6-9,38,145569.44999999998,149949.85249999998
49-03:2409,VDU,9-12,14,48864.2,51541.917499999996
49-03:2409,SDU,0-3,76,311645.6,319577.8625
49-03:2409,SDU,3-6,160,671922.65,660528.5083333333
49-03:2409,SDU,6-9,61,258513.05,261642.2075
49-03:2409,SDU,9-12,11,48822.4,47841.619999999995
49-03:2409,VHDU,0-3,98,432431.45,430443.4641666666
49-03:2409,VHDU,12-15,4,16084.45,17046.847499999996
49-03:2409,VHDU,3-6,168,729955.2999999999,718047.0658333333
49-03:2409,VHDU,6-9,71,287128.95,286533.58499999996
49-03:2409,VHDU,9-12,11,47136.15,47390.18
49-03:538,VDU,0-3,203,3457538.3,3448014.4074999997
49-03:538,VDU,12-15,1,11779.05,13040.65
49-03:538,VDU,3-6,185,3190054.4,3146756.3925
49-03:538,VDU,6-9,91,1486361.45,1503541.2025
49-03:538,VDU,9-12,32,452938.14999999997,487318.69749999995
49-03:538,SDU,0-3,217,3937302.55,3991364.105
49-03:538,SDU,3-6,302,5564415.05,5505303.754166666
49-03:538,SDU,6-9,67,1196170.65,1204292.8808333334
49-03:538,SDU,9-12,1,23201.85,20668.4375
49-03:538,VHDU,0-3,208,3821184.05,3800029.7983333333
49-03:538,VHDU,3-6,259,4748537.0,4701995.534166667
49-03:538,VHDU,6-9,75,1277274.05,1320696.6183333332
49-03:538,VHDU,9-12,18,299100.85,323373.99916666665
49-03:539,VDU,0-3,202,3405355.75,3355193.4225
49-03:539,VDU,12-15,1,13064.4,13663.137499999999
49-03:539,VDU,3-6,186,3099993.4499999997,3079161.8183333334
49-03:539,VDU,6-9,92,1509654.5,1545290.4091666667
49-03:539,VDU,9-12,32,485788.19999999995,520547.51249999995
49-03:539,SDU,0-3,217,3675031.3,3732841.6975
49-03:539,SDU,3-6,302,5244344.85,5189394.95
49-03:539,SDU,6-9,67,1125434.5999999999,1126250.3175
49-03:539,SDU,9-12,1,17646.25,15382.162499999999
49-03:539,VHDU,0-3,211,3842334.8499999996,3814315.138333333
49-03:539,VHDU,3-6,262,4609773.35,4597006.189166666
49-03:539,VHDU,6-9,76,1266061.2,1295098.5516666665
49-03:539,VHDU,9-12,18,315692.6,327442.1208333333
49-03:540,VDU,0-3,160,2763072.15,2717898.0191666665
49-03:540,VDU,12-15,1,16281.099999999999,15684.7375
49-03:540,VDU,3-6,150,2520630.25,2530445.9033333333
49-03:540,VDU,6-9,77,1340375.9,1330000.665
49-03:540,VDU,9-12,25,355083.39999999997,400142.6125
49-03:540,SDU,0-3,183,3287294.5,3276969.425
49-03:540,SDU,3-6,250,4463048.7,4449326.3774999995
49-03:540,SDU,6-9,57,983052.3999999999,999441.7999999999
49-03:540,SDU,9-12,1,9567.449999999999,17961.175
49-03:540,VHDU,0-3,197,3604929.85,3565717.6025
49-03:540,VHDU,3-6,228,4049490.9,4048770.04
49-03:540,VHDU,6-9,66,1122179.9,1135812.2733333332
49-03:540,VHDU,9-12,17,267514.3,293815.0341666667
49-03:541,VDU,0-3,161,2444823.1,2417694.5675
49-03:541,VDU,12-15,1,11571.949999999999,11708.037499999999
49-03:541,VDU,3-6,151,2228459.65,2250144.2391666668
49-03:541,VDU,6-9,78,1200924.45,1179029.7208333332
49-03:541,VDU,9-12,25,332251.1,357782.4766666666
49-03:541,SDU,0-3,183,2851440.1999999997,2899294.9775
49-03:541,SDU,3-6,250,3950523.6999999997,3906904.925
49-03:541,SDU,6-9,57,906535.6,902117.4824999999
49-03:541,VHDU,0-3,208,3298848.4,3295739.8575
49-03:541,VHDU,3-6,230,3658017.75,3656908.0549999997
49-03:541,VHDU,6-9,64,979465.2,984027.3058333333
49-03:541,VHDU,9-12,15,230215.4,229871.53166666665
49-04:1609,VDU,0-3,224,1018079.85,1001126.1499999999
49-04:1609,VDU,12-15,8,29866.1,32350.872499999998
49-04:1609,VDU,15-18,1,3201.5,3628.7625
49-04:1609,VDU,3-6,218,1000983.6499999999,1010471.2525
49-04:1609,VDU,6-9,101,468578.0,468369.855
49-04:1609,VDU,9-12,40,162330.3,177545.595
49-04:1609,SDU,0-3,386,1763438.45,1782594.6775
49-04:1609,SDU,3-6,241,1136635.0999999999,1125651.8175
49-04:1609,SDU,6-9,69,364388.64999999997,354973.295
49-04:1609,SDU,9-12,9,41146.399999999994,42388.81
49-04:1609,VHDU,0-3,267,1302073.8,1282033.6133333333
49-04:1609,VHDU,12-15,2,6246.25,9014.55
49-04:1609,VHDU,3-6,252,1248172.7,1248471.3008333333
49-04:1609,VHDU,6-9,98,462727.89999999997,468877.535
49-04:1609,VHDU,9-12,27,127317.09999999999,134458.44
49-04:1610,VDU,0-3,224,3707251.5,3661994.0225
49-04:1610,VDU,12-15,8,113973.4,117455.00749999999
49-04:1610,VDU,15-18,1,14554.949999999999,14904.3125
49-04:1610,VDU,3-6,219,3522877.4,3564013.4924999997
49-04:1610,VDU,6-9,101,1656487.45,1657307.5374999999
49-04:1610,VDU,9-12,40,594402.65,628605.2625
49-04:1610,SDU,0-3,386,6408679.1,6456071.085
49-04:1610,SDU,3-6,241,3959845.0999999996,3935426.6799999997
49-04:1610,SDU,6-9,69,1196820.45,1173646.0075
49-04:1610,SDU,9-12,9,146622.05,146822.9275
49-04:1610,VHDU,0-3,267,4571986.149999999,4518742.940833333
49-04:1610,VHDU,12-15,2,23362.4,31039.824999999997
49-04:1610,VHDU,3-6,252,4232409.6,4240692.159166667
49-04:1610,VHDU,6-9,98,1604560.45,1617427.5825
49-04:1610,VHDU,9-12,27,440500.75,454012.98
49-04:167,VDU,0-3,101,1027531.3999999999,1009319.8524999999
49-04:167,VDU,12-15,10,87392.4,94652.39499999999
49-04:167,VDU,15-18,1,8892.949999999999,9381.25
49-04:167,VDU,3-6,191,1932254.4,1943647.5599999998
49-04:167,VDU,6-9,83,844632.65,838435.3724999999
49-04:167,VDU,9-12,38,360499.35,366857.32
49-04:167,SDU,0-3,244,2508177.65,2517644.5425
49-04:167,SDU,3-6,264,2763239.35,2753901.1825
49-04:167,SDU,6-9,86,908990.3999999999,910143.7949999999
49-04:167,SDU,9-12,16,170856.55,169574.43
49-04:167,VHDU,0-3,138,1483926.5999999999,1459958.1158333332
49-04:167,VHDU,12-15,7,69949.45,74043.285
49-04:167,VHDU,3-6,228,2395709.05,2386338.3608333333
49-04:167,VHDU,6-9,103,1048091.2999999999,1064170.0658333332
49-04:167,VHDU,9-12,25,254724.44999999998,263206.43
49-04:168,VDU,0-3,101,995474.6,970037.02
49-04:168,VDU,12-15,10,78010.2,88571.6825
49-04:168,VDU,15-18,1,8223.199999999999,8710.7875
49-04:168,VDU,3-6,191,1872337.9,1882984.835
49-04:168,VDU,6-9,83,818395.5499999999,811969.6074999999
49-04:168,VDU,9-12,38,334950.05,347034.4775
49-04:168,SDU,0-3,244,2422743.1999999997,2435298.4475
49-04:168,SDU,3-6,264,2705876.4499999997,2691101.67
49-04:168,SDU,6-9,86,891049.6499999999,894754.4125
49-04:168,SDU,9-12,16,168432.15,166946.91999999998
49-04:168,VHDU,0-3,138,1457858.5999999999,1429373.9583333333
49-04:168,VHDU,12-15,7,65932.84999999999,72069.84999999999
49-04:168,VHDU,3-6,227,2341952.35,2330837.5875
49-04:168,VHDU,6-9,103,1017774.8999999999,1034536.3516666666
49-04:168,VHDU,9-12,25,246336.9,257541.72249999997
49-04:169,VDU,0-3,192,3505315.6999999997,3463461.9775
49-04:169,VDU,12-15,10,151672.25,167434.46
49-04:169,VDU,15-18,1,14961.55,15895.162499999999
49-04:169,VDU,3-6,235,4209472.8,4260304.26
49-04:169,VDU,6-9,112,2056053.65,2035807.7725
49-04:169,VDU,9-12,43,725916.85,754709.735
49-04:169,SDU,0-3,334,6259901.5,6304245.7425
49-04:169,SDU,3-6,292,5473491.5,5431482.405
49-04:169,SDU,6-9,90,1700372.7,1700755.075
49-04:169,SDU,9-12,16,304227.05,301509.52749999997
49-04:169,VHDU,0-3,232,4402513.75,4329366.22
49-04:169,VHDU,12-15,7,118212.29999999999,130096.89499999999
49-04:169,VHDU,3-6,257,4773588.5,4762547.948333333
49-04:169,VHDU,6-9,113,2018503.95,2061163.6683333332
49-04:169,VHDU,9-12,27,491970.8,506955.95749999996
49-04:177,VDU,0-3,140,1255786.95,1230811.6875
49-04:177,VDU,12-15,10,74642.45,82392.3125
49-04:177,VDU,15-18,1,7628.5,7879.0625
49-04:177,VDU,3-6,213,1861193.45,1885153.4949999999
49-04:177,VDU,6-9,100,879696.2,876915.1699999999
49-04:177,VDU,9-12,41,331664.0,344566.995
49-04:177,SDU,0-3,219,1888544.9,1911093.1975
49-04:177,SDU,3-6,259,2335500.9,2321136.6625
49-04:177,SDU,6-9,86,797016.75,790471.9149999999
49-04:177,SDU,9-12,16,150560.75,148921.525
49-04:177,VHDU,0-3,166,1499111.4,1480800.0866666667
49-04:177,VHDU,12-15,7,60165.399999999994,66111.26
49-04:177,VHDU,3-6,239,2201303.9,2196049.1016666666
49-04:177,VHDU,6-9,108,981912.3999999999,986337.8324999999
49-04:177,VHDU,9-12,26,235796.65,245646.06
49-04:2037,VDU,0-3,224,1613044.9,1597655.0899999999
49-04:2037,VDU,12-15,8,52137.899999999994,52662.68
49-04:2037,VDU,15-18,1,6816.25,6874.2
49-04:2037,VDU,3-6,219,1526446.7,1540910.8299999998
49-04:2037,VDU,6-9,101,705875.65,709546.355
49-04:2037,VDU,9-12,40,258240.4,270748.385
49-04:2037,SDU,0-3,309,2200508.75,2219078.3525
49-04:2037,SDU,3-6,245,1709203.9,1697432.64
49-04:2037,SDU,6-9,75,542835.7,535400.4774999999
49-04:2037,SDU,9-12,9,61410.85,62047.729999999996
49-04:2037,VHDU,0-3,264,1885358.5999999999,1865546.6033333333
49-04:2037,VHDU,12-15,2,10082.349999999999,13029.962499999998
49-04:2037,VHDU,3-6,250,1751910.2,1757159.1875
49-04:2037,VHDU,6-9,98,670234.5,675085.6908333333
49-04:2037,VHDU,9-12,27,187225.05,190944.0625
49-04:2038,VDU,0-3,224,1862738.15,1839236.8125
49-04:2038,VDU,12-15,8,58029.799999999996,59078.362499999996
49-04:2038,VDU,15-18,1,7045.2,7254.4375
49-04:2038,VDU,3-6,219,1766425.25,1788763.5025
49-04:2038,VDU,6-9,101,831402.95,830255.9199999999
49-04:2038,VDU,9-12,40,300196.2,318485.02999999997
49-04:2038,SDU,0-3,309,2586102.35,2610693.385
49-04:2038,SDU,3-6,245,2011328.5999999999,1996284.21
49-04:2038,SDU,6-9,75,648537.45,638403.7525
49-04:2038,SDU,9-12,9,73580.34999999999,74167.4025
49-04:2038,VHDU,0-3,264,2268231.4,2243491.990833333
49-04:2038,VHDU,12-15,2,11978.55,15575.4875
49-04:2038,VHDU,3-6,250,2109277.4,2113771.5966666667
49-04:2038,VHDU,6-9,98,809388.6,816134.5816666667
49-04:2038,VHDU,9-12,27,221107.75,227500.965
49-04:2039,VDU,0-3,224,692968.0,679994.0875
49-04:2039,VDU,12-15,8,20358.5,22657.3575
49-04:2039,VDU,15-18,1,1745.1499999999999,2178.825
49-04:2039,VDU,3-6,219,696878.2,701612.9049999999
49-04:2039,VDU,6-9,101,324506.7,324695.2275
49-04:2039,VDU,9-12,40,112087.65,124049.3375
49-04:2039,SDU,0-3,308,1005236.7999999999,1021413.0199999999
49-04:2039,SDU,3-6,244,789054.7999999999,780355.5075
49-04:2039,SDU,6-9,74,269984.3,261810.87999999998
49-04:2039,SDU,9-12,9,26903.05,27599.5425
49-04:2039,VHDU,0-3,264,872613.0,858809.5316666666
49-04:2039,VHDU,12-15,2,3386.75,5818.0375
49-04:2039,VHDU,3-6,249,841505.25,843922.2558333332
49-04:2039,VHDU,6-9,97,310397.3,313272.72833333333
49-04:2039,VHDU,9-12,26,83902.09999999999,88279.9375
49-04:464,VDU,0-3,192,3669590.65,3600845.1824999996
49-04:464,VDU,12-15,10,158227.25,174912.0525
49-04:464,VDU,15-18,1,16633.55,17602.7875
49-04:464,VDU,3-6,235,4391414.899999999,4449539.225
49-04:464,VDU,6-9,112,2116561.05,2116368.8649999998
49-04:464,VDU,9-12,43,751052.9,779554.23
49-04:464,SDU,0-3,334,6479972.8,6500155.7875
49-04:464,SDU,3-6,292,5783301.7,5741423.5625
49-04:464,SDU,6-9,90,1777571.5999999999,1799912.0374999999
49-04:464,SDU,9-12,16,321199.75,320554.4625
49-04:464,VHDU,0-3,236,4564967.55,4515159.05
49-04:464,VHDU,12-15,7,129337.75,138051.815
49-04:464,VHDU,3-6,258,4999993.45,4996860.587499999
49-04:464,VHDU,6-9,116,2195959.1999999997,2216343.3816666664
49-04:464,VHDU,9-12,28,535743.0,550274.485
49-04:806,VDU,0-3,166,1485481.75,1449310.785
49-04:806,VDU,12-15,7,50470.649999999994,53374.04
49-04:806,VDU,15-18,1,7354.9,7798.549999999999
49-04:806,VDU,3-6,166,1425789.45,1459841.1391666667
49-04:806,VDU,6-9,82,725918.75,719481.0908333333
49-04:806,VDU,9-12,32,258866.44999999998,272190.0416666666
49-04:806,SDU,0-3,291,2612496.1999999997,2626417.405
49-04:806,SDU,3-6,222,2101191.0,2081539.9175
49-04:806,SDU,6-9,66,637328.4,642421.825
49-04:806,SDU,9-12,9,85954.09999999999,86590.55249999999
49-04:806,VHDU,0-3,178,1663838.5499999998,1631802.7608333332
49-04:806,VHDU,12-15,5,40396.85,46052.1525
49-04:806,VHDU,3-6,199,1845245.7999999998,1845209.5891666666
49-04:806,VHDU,6-9,84,755047.65,761044.5883333333
49-04:806,VHDU,9-12,24,217381.84999999998,227792.2825
49-04:807,VDU,0-3,192,3628591.5,3552152.505
49-04:807,VDU,12-15,10,152726.75,168863.925
49-04:807,VDU,15-18,1,15352.0,16165.912499999999
49-04:807,VDU,3-6,235,4525021.95,4594999.52
49-04:807,VDU,6-9,112,2194850.55,2198207.9924999997
49-04:807,VDU,9-12,43,741113.0499999999,760787.075
49-04:807,SDU,0-3,334,6230927.45,6261878.545
49-04:807,SDU,3-6,292,5840499.3,5791733.899999999
49-04:807,SDU,6-9,90,1851531.0,1867472.1424999998
49-04:807,SDU,9-12,16,344443.39999999997,346316.5625
49-04:807,VHDU,0-3,237,4371302.45,4315507.43
49-04:807,VHDU,12-15,7,133780.9,148251.82249999998
49-04:807,VHDU,3-6,258,5030558.75,5028548.5024999995
49-04:807,VHDU,6-9,116,2203442.35,2222288.9883333333
49-04:807,VHDU,9-12,28,525117.25,541963.505
49-04:808,VDU,0-3,119,951723.2999999999,938210.4366666666
49-04:808,VDU,12-15,3,20148.55,19916.908333333333
49-04:808,VDU,3-6,92,685915.2,707766.6725
49-04:808,VDU,6-9,46,353244.2,354306.5375
49-04:808,VDU,9-12,21,146935.55,152653.6475
49-04:808,SDU,0-3,228,1831624.7,1842039.5025
49-04:808,SDU,3-6,105,859720.5499999999,849295.1549999999
49-04:808,SDU,6-9,29,250089.4,249198.91749999998
49-04:808,SDU,9-12,4,32340.85,33241.925
49-04:808,VHDU,0-3,138,1064700.15,1056721.3691666666
49-04:808,VHDU,12-15,1,7118.349999999999,7448.95
49-04:808,VHDU,3-6,97,757856.7999999999,762303.4966666666
49-04:808,VHDU,6-9,43,330676.95,333267.83749999997
49-04:808,VHDU,9-12,6,48625.75,47429.795
49-05:1009,VDU,0-3,182,880413.45,870678.3883333333
49-05:1009,VDU,12-15,8,31651.149999999998,32689.816666666666
49-05:1009,VDU,15-18,1,4195.2,4270.4875
49-05:1009,VDU,3-6,190,899804.85,904822.2908333333
49-05:1009,VDU,6-9,79,377111.05,378503.94
49-05:1009,VDU,9-12,34,145662.55,155271.07166666666
49-05:1009,SDU,0-3,392,1904616.0499999998,1920282.88
49-05:1009,SDU,3-6,255,1229035.9,1221404.8825
49-05:1009,SDU,6-9,76,382117.55,374167.9975
49-05:1009,SDU,9-12,9,42473.549999999996,42387.29
49-05:1009,VHDU,0-3,246,1204726.3499999999,1193713.0
49-05:1009,VHDU,12-15,2,6977.75,9035.925
49-05:1009,VHDU,15-18,1,3624.25,3777.39
49-05:1009,VHDU,3-6,245,1189958.5999999999,1191113.99
49-05:1009,VHDU,6-9,96,457649.2,457748.8233333333
49-05:1009,VHDU,9-12,29,134257.8,138649.65
49-05:1010,VDU,0-3,183,1046225.5,1035107.4283333332
49-05:1010,VDU,12-15,8,39596.95,40379.59166666667
49-05:1010,VDU,15-18,1,5154.7,5196.974999999999
49-05:1010,VDU,3-6,191,1081269.0999999999,1085687.2808333333
49-05:1010,VDU,6-9,79,447436.69999999995,450450.98666666663
49-05:1010,VDU,9-12,34,176054.94999999998,186288.91999999998
49-05:1010,SDU,0-3,392,2317759.65,2331028.1574999997
49-05:1010,SDU,3-6,255,1512611.8499999999,1501018.24
49-05:1010,SDU,6-9,76,463813.75,461199.92
49-05:1010,SDU,9-12,9,51965.95,52904.8825
49-05:1010,VHDU,0-3,246,1448798.45,1433731.26
49-05:1010,VHDU,12-15,2,8807.449999999999,10948.275
49-05:1010,VHDU,15-18,1,4365.25,4661.46
49-05:1010,VHDU,3-6,244,1430235.45,1431713.3966666665
49-05:1010,VHDU,6-9,96,553392.1,556499.8666666667
49-05:1010,VHDU,9-12,30,167555.3,172475.255
49-05:1049,VDU,0-3,50,522820.14999999997,517191.305
49-05:1049,VDU,3-6,48,515987.75,508522.7925
49-05:1049,VDU,6-9,18,183401.3,189477.9275
49-05:1049,VDU,9-12,6,55043.95,62061.125
49-05:1049,SDU,0-3,53,574616.0499999999,578990.5625
49-05:1049,SDU,3-6,49,506928.55,510566.33749999997
49-05:1049,SDU,6-9,19,214156.59999999998,205733.425
49-05:1049,SDU,9-12,1,10163.1,10573.975
49-05:1049,VHDU,0-3,47,511291.89999999997,515391.245
49-05:1049,VHDU,3-6,51,556298.15,555302.1699999999
49-05:1049,VHDU,6-9,18,197099.34999999998,193926.3025
49-05:1049,VHDU,9-12,5,54169.95,54239.6325
49-05:1302,VDU,0-3,50,252855.8,249403.97499999998
49-05:1302,VDU,3-6,48,249995.35,246220.19249999998
49-05:1302,VDU,6-9,18,88106.8,91693.28749999999
49-05:1302,VDU,9-12,6,26519.25,30159.744999999995
49-05:1302,SDU,0-3,53,270325.35,272473.49
49-05:1302,SDU,3-6,49,234977.75,238298.66499999998
49-05:1302,SDU,6-9,19,101624.34999999999,96537.9075
49-05:1302,SDU,9-12,1,5297.2,4914.5875
49-05:1302,VHDU,0-3,47,242918.8,244130.525
49-05:1302,VHDU,3-6,51,264563.6,263654.59249999997
49-05:1302,VHDU,6-9,18,92731.4,92295.9675
49-05:1302,VHDU,9-12,5,25680.4,25813.114999999998
49-05:1303,VDU,0-3,50,218735.59999999998,215513.77
49-05:1303,VDU,3-6,48,215055.3,212528.2525
49-05:1303,VDU,6-9,18,76950.0,79401.33249999999
49-05:1303,VDU,9-12,6,22605.25,25902.795
49-05:1303,SDU,0-3,53,239538.69999999998,240260.60499999998
49-05:1303,SDU,3-6,49,215215.84999999998,214252.5975
49-05:1303,SDU,6-9,19,85991.15,85743.95999999999
49-05:1303,SDU,9-12,1,3912.1,4400.6375
49-05:1303,VHDU,0-3,47,210326.19999999998,211623.94749999998
49-05:1303,VHDU,3-6,51,229738.5,229161.7075
49-05:1303,VHDU,6-9,18,80728.15,79918.37
49-05:1303,VHDU,9-12,5,22512.15,22600.975
49-05:1442,VDU,0-3,50,363082.39999999997,359287.815
49-05:1442,VDU,3-6,48,363015.89999999997,356259.2625
49-05:1442,VDU,6-9,18,127271.5,132257.8125
49-05:1442,VDU,9-12,6,37433.799999999996,42998.71
49-05:1442,SDU,0-3,53,600231.85,595983.5925
49-05:1442,SDU,3-6,49,545506.15,562411.6375
49-05:1442,SDU,6-9,19,223949.19999999998,213359.645
49-05:1442,SDU,9-12,1,16481.55,14413.875
49-05:1442,VHDU,0-3,44,358766.55,367355.9433333333
49-05:1442,VHDU,3-6,49,419835.39999999997,425724.48166666663
49-05:1442,VHDU,6-9,18,154409.19999999998,143749.06
49-05:1442,VHDU,9-12,4,37927.799999999996,34109.465
49-05:167,VDU,0-3,194,3245556.25,3185658.1799999997
49-05:167,VDU,12-15,8,108496.65,112513.48749999999
49-05:167,VDU,15-18,1,13354.15,13938.162499999999
49-05:167,VDU,3-6,195,3101716.75,3153076.188333333
49-05:167,VDU,6-9,93,1505579.0,1509064.6608333332
49-05:167,VDU,9-12,36,529393.2,556456.4358333333
49-05:167,SDU,0-3,293,4806050.0,4866383.3125
49-05:167,SDU,3-6,234,3750143.05,3717802.96
49-05:167,SDU,6-9,74,1262036.05,1233310.71
49-05:167,SDU,9-12,9,141070.25,141802.3675
49-05:167,VHDU,0-3,243,4098886.15,4070661.428333333
49-05:167,VHDU,12-15,2,22559.649999999998,29863.4875
49-05:167,VHDU,3-6,241,3946769.3,3963083.3016666668
49-05:167,VHDU,6-9,89,1449638.25,1448205.6816666666
49-05:167,VHDU,9-12,26,421045.7,428075.5258333333
49-05:990,VDU,0-3,183,1966520.9,1941908.8066666666
49-05:990,VDU,12-15,7,63487.549999999996,65631.9375
49-05:990,VDU,15-18,1,9124.75,9257.275
49-05:990,VDU,3-6,187,1925800.0999999999,1933687.2374999998
49-05:990,VDU,6-9,81,841893.7999999999,849213.5499999999
49-05:990,VDU,9-12,33,305156.14999999997,324469.3808333333
49-05:990,SDU,0-3,392,4302362.85,4326321.3275
49-05:990,SDU,3-6,254,2753911.3,2733683.0925
49-05:990,SDU,6-9,76,844511.0499999999,838254.6825
49-05:990,SDU,9-12,9,91713.95,94240.0475
49-05:990,VHDU,0-3,246,2669989.25,2644224.5375
49-05:990,VHDU,12-15,1,5559.4,9818.9625
49-05:990,VHDU,15-18,1,8615.55,9011.13
49-05:990,VHDU,3-6,217,2294417.1999999997,2291696.700833333
49-05:990,VHDU,6-9,81,836784.7,839761.3508333333
49-05:990,VHDU,9-12,30,296998.5,311420.76666666666
50-01:149,VDU,0-3,182,207699.44999999998,194810.32499999998
50-01:149,VDU,12-15,25,24317.149999999998,26900.6275
50-01:149,VDU,15-18,6,4006.1499999999996,6106.9325
50-01:149,VDU,3-6,293,322169.7,315015.63
50-01:149,VDU,6-9,152,165501.4,170541.625
50-01:149,VDU,9-12,70,64112.649999999994,74431.36
50-01:149,SDU,0-3,150,286301.5,279361.9716666667
50-01:149,SDU,12-15,6,9429.699999999999,11353.6875
50-01:149,SDU,3-6,372,734139.1,728748.3883333333
50-01:149,SDU,6-9,140,269075.14999999997,275815.5425
50-01:149,SDU,9-12,22,40817.7,44483.56
50-01:149,VHDU,0-3,162,219016.8,216278.71
50-01:149,VHDU,12-15,10,12720.5,14121.75
50-01:149,VHDU,15-18,8,8769.45,10255.297499999999
50-01:149,VHDU,3-6,359,499870.05,497735.01999999996
50-01:149,VHDU,6-9,143,202461.15,203744.77416666667
50-01:149,VHDU,9-12,42,57838.85,58541.24833333333
50-03:1480,VDU,0-3,115,62528.049999999996,58898.384999999995
50-03:1480,VDU,12-15,52,22533.05,26404.489999999998
50-03:1480,VDU,15-18,8,2456.7,3714.9275
50-03:1480,VDU,18-21,3,801.8,1156.1499999999999
50-03:1480,VDU,3-6,215,119327.59999999999,115164.73166666666
50-03:1480,VDU,6-9,165,90068.54999999999,90213.59916666667
50-03:1480,VDU,9-12,105,52212.95,54376.416666666664
50-03:1480,SDU,0-3,84,97261.0,94739.5575
50-03:1480,SDU,12-15,10,9440.15,10075.2725
50-03:1480,SDU,3-6,360,419016.5,415877.225
50-03:1480,SDU,6-9,215,243294.05,246945.8025
50-03:1480,SDU,9-12,63,71713.59999999999,73087.44249999999
50-03:1480,VHDU,0-3,95,66405.0,66607.2075
50-03:1480,VHDU,12-15,22,13779.75,15257.57
50-03:1480,VHDU,15-18,4,2133.7,2275.345
50-03:1480,VHDU,18-21,2,320.15,748.5999999999999
50-03:1480,VHDU,3-6,290,212227.15,210931.44499999998
50-03:1480,VHDU,6-9,214,159596.19999999998,159940.19499999998
50-03:1480,VHDU,9-12,85,63462.85,62164.4375
50-04:5440,VDU,0-3,128,28034.5,26767.7225
50-04:5440,VDU,12-15,54,10336.0,11392.4475
50-04:5440,VDU,15-18,8,1187.5,1632.1
50-04:5440,VDU,18-21,3,491.15,595.4125
50-04:5440,VDU,3-6,238,54578.45,53464.575
50-04:5440,VDU,6-9,184,42060.299999999996,42141.2875
50-04:5440,VDU,9-12,113,23751.899999999998,24446.254999999997
50-04:5440,SDU,0-3,77,41269.899999999994,40418.52583333333
50-04:5440,SDU,12-15,10,4432.7,4668.157499999999
50-04:5440,SDU,3-6,323,172521.9,172442.97083333333
50-04:5440,SDU,6-9,184,96644.45,97143.59583333333
50-04:5440,SDU,9-12,57,30494.999999999996,30690.699999999997
50-04:5440,VHDU,0-3,97,27418.899999999998,28004.574999999997
50-04:5440,VHDU,12-15,19,5389.349999999999,5592.6975
50-04:5440,VHDU,15-18,4,919.5999999999999,966.8625
50-04:5440,VHDU,18-21,2,119.69999999999999,246.2875
50-04:5440,VHDU,3-6,270,80103.05,79896.61499999999
50-04:5440,VHDU,6-9,184,57173.85,57340.005
50-04:5440,VHDU,9-12,78,24477.699999999997,23555.1075
503-01:194,VDU,0-3,127,95017.09999999999,91521.765
503-01:194,VDU,12-15,28,15130.65,18143.2425
503-01:194,VDU,15-18,7,3148.3,3914.8075
503-01:194,VDU,3-6,191,139426.75,137182.565
503-01:194,VDU,6-9,150,110010.95,109285.15
503-01:194,VDU,9-12,80,53322.549999999996,56008.77
503-01:194,SDU,0-3,216,188264.34999999998,190592.8633333333
503-01:194,SDU,12-15,1,826.5,924.3499999999999
503-01:194,SDU,3-6,315,284616.2,282531.69416666665
503-01:194,SDU,6-9,114,101442.9,100552.92416666666
503-01:194,SDU,9-12,28,23080.25,23628.368333333332
503-01:194,VHDU,0-3,135,109799.09999999999,108903.55083333333
503-01:194,VHDU,12-15,19,13925.099999999999,14969.7675
503-01:194,VHDU,15-18,1,446.5,779.2375
503-01:194,VHDU,18-21,1,172.9,458.84999999999997
503-01:194,VHDU,3-6,252,206004.65,203848.51416666666
503-01:194,VHDU,6-9,153,123252.04999999999,123240.91916666666
503-01:194,VHDU,9-12,50,37630.45,39029.910833333335
509-01:155,VDU,0-3,98,397780.19999999995,387438.5
509-01:155,VDU,12-15,22,72257.0,80823.2925
509-01:155,VDU,15-18,3,8125.349999999999,9456.3
509-01:155,VDU,3-6,159,626272.2999999999,619807.2175
509-01:155,VDU,6-9,118,467904.44999999995,466042.6875
509-01:155,VDU,9-12,73,268171.7,276943.0025
509-01:155,SDU,0-3,143,686470.0,692038.4883333333
509-01:155,SDU,3-6,207,1028166.95,1023934.3516666666
509-01:155,SDU,6-9,87,424417.25,420188.08749999997
509-01:155,SDU,9-12,13,56370.149999999994,59263.4225
509-01:155,VHDU,0-3,92,416331.8,412229.84249999997
509-01:155,VHDU,12-15,11,45097.45,48353.6225
509-01:155,VHDU,18-21,1,937.65,2217.0625
509-01:155,VHDU,3-6,191,850980.5499999999,843495.7849999999
509-01:155,VHDU,6-9,104,454255.8,456318.06
509-01:155,VHDU,9-12,28,110275.04999999999,115263.92749999999
51-01:2633,VDU,0-3,98,315628.94999999995,306101.20999999996
51-01:2633,VDU,12-15,28,68314.5,80711.43
51-01:2633,VDU,15-18,5,12057.4,13046.1125
51-01:2633,VDU,3-6,154,477566.89999999997,473329.6625
51-01:2633,VDU,6-9,103,307880.75,304956.5075
51-01:2633,VDU,9-12,66,191380.34999999998,194683.9275
51-01:2633,SDU,0-3,160,577448.0,584372.36
51-01:2633,SDU,3-6,230,875874.35,864073.5924999999
51-01:2633,SDU,6-9,82,300259.85,301239.8225
51-01:2633,SDU,9-12,16,48193.5,52089.925
51-01:2633,VHDU,0-3,102,350564.25,346624.98
51-01:2633,VHDU,12-15,12,35862.5,39140.284999999996
51-01:2633,VHDU,18-21,1,532.9499999999999,1433.075
51-01:2633,VHDU,3-6,200,664070.9,658641.9349999999
51-01:2633,VHDU,6-9,114,384372.85,384729.48
51-01:2633,VHDU,9-12,30,90208.2,95041.89499999999
51-01:2634,VDU,0-3,22,89743.65,83062.11
51-01:2634,VDU,12-15,2,5423.549999999999,7745.16
51-01:2634,VDU,3-6,43,161986.4,160121.455
51-01:2634,VDU,6-9,40,148865.0,151285.2675
51-01:2634,VDU,9-12,15,51378.85,55183.4575
51-01:2634,SDU,0-3,31,134665.35,135980.53
51-01:2634,SDU,3-6,59,252217.4,254311.19999999998
51-01:2634,SDU,6-9,27,119330.45,115895.2975
51-01:2634,SDU,9-12,5,20313.85,20340.0225
51-01:2634,VHDU,0-3,27,115275.84999999999,115774.26749999999
51-01:2634,VHDU,12-15,2,8516.75,8911.7125
51-01:2634,VHDU,3-6,53,224279.8,221742.15999999997
51-01:2634,VHDU,6-9,34,138738.94999999998,139162.46
51-01:2634,VHDU,9-12,6,22246.149999999998,23466.9
51-02:11001,VDU,0-3,146,143198.25,137163.53333333333
51-02:11001,VDU,12-15,32,23103.05,27896.797499999997
51-02:11001,VDU,15-18,6,3592.8999999999996,4309.01
51-02:11001,VDU,3-6,238,227934.44999999998,223054.61666666667
51-02:11001,VDU,6-9,176,165116.65,165309.405
51-02:11001,VDU,9-12,94,79498.84999999999,84710.78749999999
51-02:11001,SDU,0-3,171,247083.59999999998,248004.46666666665
51-02:11001,SDU,12-15,1,1393.6499999999999,1564.84
51-02:11001,SDU,3-6,241,362743.25,357006.2158333333
51-02:11001,SDU,6-9,95,137687.3,139592.1925
51-02:11001,SDU,9-12,27,33337.4,36077.485
51-02:11001,VHDU,0-3,120,139410.6,136023.85
51-02:11001,VHDU,12-15,16,15398.55,17347.475
51-02:11001,VHDU,15-18,1,710.6,1249.9624999999999
51-02:11001,VHDU,18-21,1,190.95,654.0749999999999
51-02:11001,VHDU,3-6,221,253301.34999999998,250507.115
51-02:11001,VHDU,6-9,143,159074.65,159617.005
51-02:11001,VHDU,9-12,47,48943.049999999996,51630.2675
518-01:1600,VDU,0-3,90,41022.9,39302.7825
518-01:1600,VDU,12-15,41,15292.15,17431.5025
518-01:1600,VDU,15-18,7,1690.9999999999998,2614.7325
518-01:1600,VDU,18-21,3,850.25,1110.0749999999998
518-01:1600,VDU,3-6,155,74383.09999999999,71751.2675
518-01:1600,VDU,6-9,129,58777.45,58605.689999999995
518-01:1600,VDU,9-12,81,34456.5,35657.299999999996
518-01:1600,SDU,0-3,68,81277.25,78223.95
518-01:1600,SDU,12-15,9,8525.3,9384.765
518-01:1600,SDU,3-6,308,366927.05,363708.925
518-01:1600,SDU,6-9,171,197337.8,202402.74083333332
518-01:1600,SDU,9-12,53,62731.35,63078.369166666664
518-01:1600,VHDU,0-3,79,49514.95,49686.91583333333
518-01:1600,VHDU,12-15,16,9728.0,10293.63
518-01:1600,VHDU,15-18,3,1495.3,1579.0425
518-01:1600,VHDU,18-21,2,332.5,711.075
518-01:1600,VHDU,3-6,228,149610.75,149387.9275
518-01:1600,VHDU,6-9,180,124604.84999999999,123989.74083333333
518-01:1600,VHDU,9-12,66,45125.95,44763.96833333333
518-03:701,VDU,0-3,226,52108.45,48478.31
518-03:701,VDU,12-15,13,1674.85,2485.1524999999997
518-03:701,VDU,15-18,2,269.8,364.5625
518-03:701,VDU,3-6,190,46160.5,45396.0825
518-03:701,VDU,6-9,104,21850.0,22983.6825
518-03:701,VDU,9-12,49,8076.9,10432.71
518-03:701,SDU,0-3,245,208154.5,204188.535
518-03:701,SDU,3-6,339,279790.2,279995.77999999997
518-03:701,SDU,6-9,61,43672.45,46377.86
518-03:701,SDU,9-12,7,4454.55,5509.525
518-03:701,VHDU,0-3,240,87374.34999999999,88386.03666666667
518-03:701,VHDU,12-15,3,543.4,625.5749999999999
518-03:701,VHDU,3-6,277,106540.59999999999,105763.72166666666
518-03:701,VHDU,6-9,88,32544.149999999998,31939.981666666667
518-03:701,VHDU,9-12,32,10115.6,10286.568333333333
520-01:463,VDU,0-3,83,3147.35,2773.525
520-01:463,VDU,12-15,37,1152.35,1224.7875
520-01:463,VDU,15-18,15,408.5,583.2524999999999
520-01:463,VDU,18-21,9,145.35,221.39749999999998
520-01:463,VDU,21-24,8,119.69999999999999,180.5
520-01:463,VDU,3-6,162,5877.65,5664.612499999999
520-01:463,VDU,6-9,117,3807.6,4206.1725
520-01:463,VDU,9-12,64,2343.65,2147.9024999999997
520-01:463,SDU,0-3,78,14379.199999999999,12755.602499999999
520-01:463,SDU,12-15,10,905.3499999999999,1039.49
520-01:463,SDU,3-6,342,60605.25,59271.57666666666
520-01:463,SDU,6-9,122,17832.45,19798.728333333333
520-01:463,SDU,9-12,25,2904.15,3761.0024999999996
520-01:463,VHDU,0-3,99,6481.849999999999,6216.514999999999
520-01:463,VHDU,12-15,19,980.4,1187.0725
520-01:463,VHDU,15-18,10,486.4,639.35
520-01:463,VHDU,18-21,3,169.1,162.07
520-01:463,VHDU,3-6,241,18793.85,18150.573333333334
520-01:463,VHDU,6-9,136,9455.35,9597.248333333333
520-01:463,VHDU,9-12,60,3858.8999999999996,4273.020833333333
520-01:464,VDU,0-3,15,502.54999999999995,450.585
520-01:464,VDU,12-15,7,103.55,143.7825
520-01:464,VDU,15-18,4,117.8,159.125
520-01:464,VDU,3-6,52,1615.0,1646.73
520-01:464,VDU,6-9,29,971.85,949.3825
520-01:464,VDU,9-12,15,604.1999999999999,565.345
520-01:464,SDU,0-3,9,1318.6,1362.1574999999998
520-01:464,SDU,12-15,3,230.85,467.68499999999995
520-01:464,SDU,3-6,63,8145.299999999999,7747.6775
520-01:464,SDU,6-9,19,2280.0,2380.3199999999997
520-01:464,SDU,9-12,10,1222.6499999999999,1239.56
520-01:464,VHDU,0-3,18,1154.25,1111.2466666666667
520-01:464,VHDU,12-15,4,213.75,203.10999999999999
520-01:464,VHDU,15-18,2,86.44999999999999,100.9375
520-01:464,VHDU,3-6,42,2498.5,2480.8141666666666
520-01:464,VHDU,6-9,35,2252.45,2281.5041666666666
520-01:464,VHDU,9-12,13,653.6,681.3874999999999
533-03:10291,VDU,0-3,54,2822.45,2661.8999999999996
533-03:10291,VDU,12-15,54,2608.7,2811.8575
533-03:10291,VDU,15-18,15,514.9,679.8199999999999
533-03:10291,VDU,18-21,4,191.89999999999998,221.35
533-03:10291,VDU,3-6,244,13074.849999999999,12600.99
533-03:10291,VDU,6-9,187,9560.8,9537.5725
533-03:10291,VDU,9-12,113,5328.55,5588.66
533-03:10291,SDU,0-3,74,6660.45,6496.115833333333
533-03:10291,SDU,12-15,14,1061.1499999999999,1190.1125
533-03:10291,SDU,15-18,1,70.3,66.2625
533-03:10291,SDU,3-6,341,30216.649999999998,29976.790833333333
533-03:10291,SDU,6-9,193,16401.75,16501.23083333333
533-03:10291,SDU,9-12,95,8140.549999999999,8320.3375
533-03:10291,VHDU,0-3,88,6170.25,5981.58
533-03:10291,VHDU,12-15,37,2230.6,2440.3125
533-03:10291,VHDU,15-18,6,316.34999999999997,341.1925
533-03:10291,VHDU,18-21,1,29.45,50.349999999999994
533-03:10291,VHDU,3-6,294,20324.3,20041.1525
533-03:10291,VHDU,6-9,191,12927.599999999999,13004.787499999999
533-03:10291,VHDU,9-12,85,5528.049999999999,5667.224999999999
54-02:563,VDU,0-3,169,174595.75,165199.99666666664
54-02:563,VDU,12-15,22,20587.45,23584.0825
54-02:563,VDU,15-18,2,987.05,1388.6625
54-02:563,VDU,3-6,270,286107.7,275224.2783333333
54-02:563,VDU,6-9,140,145347.15,150898.60166666665
54-02:563,VDU,9-12,66,54381.799999999996,65711.27833333334
54-02:563,SDU,0-3,159,362703.35,355324.5575
54-02:563,SDU,12-15,6,13094.8,14825.4625
54-02:563,SDU,3-6,396,954191.3999999999,946116.3524999999
54-02:563,SDU,6-9,149,351401.19999999995,360739.7475
54-02:563,SDU,9-12,22,51872.85,56257.479999999996
54-02:563,VHDU,0-3,161,220605.19999999998,220547.01249999998
54-02:563,VHDU,12-15,10,14079.949999999999,15293.005
54-02:563,VHDU,15-18,4,4688.25,5730.115
54-02:563,VHDU,3-6,346,517818.39999999997,513730.4708333333
54-02:563,VHDU,6-9,139,214914.69999999998,216526.54916666666
54-02:563,VHDU,9-12,37,57055.1,57334.447499999995
54-06:10325,VDU,0-3,133,99680.65,93257.14583333333
54-06:10325,VDU,12-15,55,33125.549999999996,37317.71
54-06:10325,VDU,15-18,16,9515.199999999999,10732.941666666666
54-06:10325,VDU,18-21,3,1561.8,2034.425
54-06:10325,VDU,3-6,210,159507.85,154840.16749999998
54-06:10325,VDU,6-9,178,125534.9,127156.24916666666
54-06:10325,VDU,9-12,123,84185.2,87772.51083333333
54-06:10325,SDU,0-3,236,444962.89999999997,432905.69
54-06:10325,SDU,12-15,11,15738.65,16512.71
54-06:10325,SDU,15-18,1,1724.25,1862.475
54-06:10325,SDU,18-21,1,1684.35,1558.9499999999998
54-06:10325,SDU,3-6,314,557129.4,559215.8375
54-06:10325,SDU,6-9,120,210770.8,215428.84
54-06:10325,SDU,9-12,49,87168.2,91694.0475
54-06:10325,VHDU,0-3,196,205778.55,205855.975
54-06:10325,VHDU,12-15,35,35694.35,35917.6475
54-06:10325,VHDU,15-18,5,5879.549999999999,5038.3724999999995
54-06:10325,VHDU,3-6,240,251448.84999999998,249314.5325
54-06:10325,VHDU,6-9,162,158424.85,160131.525
54-06:10325,VHDU,9-12,94,92943.25,93911.34749999999
54-06:2215,VDU,0-3,136,93825.79999999999,87432.58499999999
54-06:2215,VDU,12-15,57,31822.149999999998,35745.84
54-06:2215,VDU,15-18,17,9184.6,10161.5325
54-06:2215,VDU,18-21,3,1462.0499999999997,1892.3525
54-06:2215,VDU,3-6,211,147148.35,143205.66
54-06:2215,VDU,6-9,181,116889.9,118522.665
54-06:2215,VDU,9-12,123,77491.5,80863.715
54-06:2215,SDU,0-3,236,427562.69999999995,416161.6075
54-06:2215,SDU,12-15,11,15046.099999999999,15790.994999999999
54-06:2215,SDU,15-18,1,1629.25,1765.5749999999998
54-06:2215,SDU,18-21,1,1620.6999999999998,1496.4875
54-06:2215,SDU,3-6,314,536774.7,538309.33
54-06:2215,SDU,6-9,120,202112.5,206752.3
54-06:2215,SDU,9-12,49,83385.3,87854.95499999999
54-06:2215,VHDU,0-3,196,196329.85,196341.8675
54-06:2215,VHDU,12-15,35,33806.7,34080.8225
54-06:2215,VHDU,15-18,5,5497.65,4700.2675
54-06:2215,VHDU,3-6,240,240501.05,238398.31999999998
54-06:2215,VHDU,6-9,162,151242.85,152588.24
54-06:2215,VHDU,9-12,94,87835.09999999999,89103.6825
54-09:364,VDU,0-3,100,29720.75,26320.3675
54-09:364,VDU,12-15,75,16018.9,17425.945
54-09:364,VDU,15-18,49,7046.15,10587.227499999999
54-09:364,VDU,18-21,15,1705.25,3157.7525
54-09:364,VDU,21-24,9,632.7,1443.8574999999998
54-09:364,VDU,3-6,189,53980.899999999994,49601.621666666666
54-09:364,VDU,6-9,187,52295.6,51141.191666666666
54-09:364,VDU,9-12,98,23757.6,25358.049166666664
54-09:364,VDU,>=24,1,10.45,132.2875
54-09:364,SDU,0-3,161,167026.15,162423.495
54-09:364,SDU,12-15,14,11799.95,12569.307499999999
54-09:364,SDU,15-18,7,4197.1,5152.404166666666
54-09:364,SDU,18-21,3,1759.3999999999999,2343.6499999999996
54-09:364,SDU,3-6,321,318555.89999999997,314146.74416666664
54-09:364,SDU,6-9,160,157262.05,161056.1125
54-09:364,SDU,9-12,64,60330.7,63239.53666666667
54-09:364,VHDU,0-3,138,70692.34999999999,69994.6225
54-09:364,VHDU,12-15,33,14440.0,15254.435
54-09:364,VHDU,15-18,16,5750.349999999999,6974.805
54-09:364,VHDU,18-21,8,2959.25,3954.8025
54-09:364,VHDU,21-24,1,284.05,328.12999999999994
54-09:364,VHDU,3-6,255,127680.0,126117.56666666667
54-09:364,VHDU,6-9,172,79602.4,79560.20416666666
54-09:364,VHDU,9-12,98,44078.1,43163.23416666666
54-09:364,VHDU,>=24,1,5.699999999999999,144.4
54-10:4775,VDU,0-3,90,14434.3,12618.723333333333
54-10:4775,VDU,12-15,86,10035.8,11948.91
54-10:4775,VDU,15-18,40,4291.15,5683.153333333333
54-10:4775,VDU,18-21,21,1523.8,2201.6724999999997
54-10:4775,VDU,21-24,7,304.0,896.8
54-10:4775,VDU,3-6,185,33847.549999999996,30691.048333333332
54-10:4775,VDU,6-9,155,25479.949999999997,24476.655
54-10:4775,VDU,9-12,113,15682.599999999999,16976.7375
54-10:4775,VDU,>=24,2,102.6,208.05
54-10:4775,SDU,0-3,46,23114.449999999997,22377.059999999998
54-10:4775,SDU,12-15,41,17789.7,19508.5825
54-10:4775,SDU,15-18,14,5080.599999999999,5908.8099999999995
54-10:4775,SDU,18-21,5,1425.0,1778.1625
54-10:4775,SDU,21-24,2,506.34999999999997,810.3974999999998
54-10:4775,SDU,3-6,278,129960.95,126451.26999999999
54-10:4775,SDU,6-9,242,109944.45,109551.4825
54-10:4775,SDU,9-12,104,48051.95,49487.685
54-10:4775,VHDU,0-3,94,25643.35,25619.03
54-10:4775,VHDU,12-15,59,12582.75,14189.5325
54-10:4775,VHDU,15-18,29,5744.65,6707.902499999999
54-10:4775,VHDU,18-21,10,1961.75,2311.8725
54-10:4775,VHDU,21-24,1,367.65,472.90999999999997
54-10:4775,VHDU,3-6,252,71804.8,69157.6725
54-10:4775,VHDU,6-9,184,51233.5,50065.759999999995
54-10:4775,VHDU,9-12,103,23698.7,24512.469999999998
54-11:7199,VDU,0-3,79,30954.8,28339.212499999998
54-11:7199,VDU,12-15,52,14177.8,18161.8625
54-11:7199,VDU,15-18,25,6135.099999999999,8290.5075
54-11:7199,VDU,18-21,6,1556.1,2008.7275
54-11:7199,VDU,21-24,4,518.6999999999999,1125.2275
54-11:7199,VDU,3-6,198,80582.8,74994.14
54-11:7199,VDU,6-9,235,89875.7,88476.065
54-11:7199,VDU,9-12,129,43833.0,46238.2575
54-11:7199,SDU,0-3,193,188441.05,181445.01249999998
54-11:7199,SDU,12-15,18,12441.199999999999,14406.939999999999
54-11:7199,SDU,15-18,12,7228.549999999999,10030.195
54-11:7199,SDU,18-21,1,872.0999999999999,1043.1
54-11:7199,SDU,3-6,279,259964.65,256770.655
54-11:7199,SDU,6-9,172,149624.05,152306.09
54-11:7199,SDU,9-12,57,45770.049999999996,48339.657499999994
54-11:7199,VHDU,0-3,122,64810.899999999994,63689.947499999995
54-11:7199,VHDU,12-15,30,11800.9,12934.82
54-11:7199,VHDU,15-18,10,4439.349999999999,5166.67
54-11:7199,VHDU,18-21,8,2740.75,3686.475
54-11:7199,VHDU,21-24,1,408.5,509.2
54-11:7199,VHDU,3-6,274,149134.8,145985.3125
54-11:7199,VHDU,6-9,225,114645.04999999999,114114.6175
54-11:7199,VHDU,9-12,62,29681.8,31575.0075
54-15:4201,VDU,0-3,112,51115.7,47672.235
54-15:4201,VDU,12-15,65,23326.3,26791.045
54-15:4201,VDU,15-18,48,16809.3,19934.135
54-15:4201,VDU,18-21,11,1843.9499999999998,3730.935
54-15:4201,VDU,21-24,3,373.34999999999997,1047.5175
54-15:4201,VDU,3-6,190,88683.45,83661.845
54-15:4201,VDU,6-9,165,74517.05,72504.1425
54-15:4201,VDU,9-12,134,57148.2,58475.445
54-15:4201,SDU,0-3,117,129692.09999999999,125341.6225
54-15:4201,SDU,12-15,31,26429.95,28708.9525
54-15:4201,SDU,15-18,11,8509.15,10271.922499999999
54-15:4201,SDU,18-21,2,1266.35,1376.6924999999999
54-15:4201,SDU,3-6,322,336766.45,331965.1025
54-15:4201,SDU,6-9,169,170056.65,172507.935
54-15:4201,SDU,9-12,80,76683.05,79231.4725
54-15:4201,VHDU,0-3,121,72557.2,72975.7225
54-15:4201,VHDU,12-15,48,27508.199999999997,28088.1275
54-15:4201,VHDU,15-18,16,6832.4,7871.415
54-15:4201,VHDU,18-21,7,3464.65,4083.4799999999996
54-15:4201,VHDU,21-24,2,742.8999999999999,787.0749999999999
54-15:4201,VHDU,3-6,249,152355.3,150780.865
54-15:4201,VHDU,6-9,178,107913.34999999999,105908.84999999999
54-15:4201,VHDU,9-12,111,61873.5,62751.965
54-16:7367,VDU,0-3,123,56972.45,52934.237499999996
54-16:7367,VDU,12-15,70,22968.149999999998,27775.1975
54-16:7367,VDU,15-18,16,3922.5499999999997,5973.885
54-16:7367,VDU,18-21,6,970.8999999999999,2183.67
54-16:7367,VDU,21-24,1,166.25,409.64
54-16:7367,VDU,3-6,213,100386.5,95200.83
54-16:7367,VDU,6-9,179,82692.75,80850.08249999999
54-16:7367,VDU,9-12,94,37417.65,40169.6575
54-16:7367,SDU,0-3,142,153551.35,148697.61
54-16:7367,SDU,12-15,24,18869.85,20711.71
54-16:7367,SDU,15-18,11,9122.849999999999,10656.7675
54-16:7367,SDU,18-21,1,1007.0,1117.4375
54-16:7367,SDU,3-6,339,350735.25,346124.1875
54-16:7367,SDU,6-9,156,155545.4,158233.1875
54-16:7367,SDU,9-12,59,51563.149999999994,54853.95
54-16:7367,VHDU,0-3,139,80551.45,80166.22499999999
54-16:7367,VHDU,12-15,22,9808.75,10607.225
54-16:7367,VHDU,15-18,8,3479.85,3996.9824999999996
54-16:7367,VHDU,18-21,3,1059.25,1333.0874999999999
54-16:7367,VHDU,21-24,2,976.5999999999999,1187.0724999999998
54-16:7367,VHDU,3-6,312,193560.6,190455.905
54-16:7367,VHDU,6-9,177,102437.54999999999,102571.83249999999
54-16:7367,VHDU,9-12,69,38505.4,40061.119999999995
54-17:4639,VDU,0-3,129,58218.85,53505.947499999995
54-17:4639,VDU,12-15,71,22269.899999999998,26925.565
54-17:4639,VDU,15-18,17,4096.4,6187.6825
54-17:4639,VDU,18-21,6,1122.9,2156.5475
54-17:4639,VDU,21-24,1,209.0,378.86
54-17:4639,VDU,3-6,222,100833.95,95209.52249999999
54-17:4639,VDU,6-9,183,79754.4,79059.9025
54-17:4639,VDU,9-12,99,37051.9,40133.2725
54-17:4639,SDU,0-3,140,165244.9,158247.3425
54-17:4639,SDU,12-15,24,20217.899999999998,22479.184999999998
54-17:4639,SDU,15-18,11,9641.55,11484.645
54-17:4639,SDU,18-21,1,995.5999999999999,1033.3625
54-17:4639,SDU,3-6,334,373262.6,367952.385
54-17:4639,SDU,6-9,154,165193.6,169497.195
54-17:4639,SDU,9-12,59,55517.049999999996,59379.085
54-17:4639,VHDU,0-3,134,78140.34999999999,77258.9875
54-17:4639,VHDU,12-15,22,10192.55,10924.9525
54-17:4639,VHDU,15-18,8,3633.75,4245.929999999999
54-17:4639,VHDU,18-21,3,1105.8,1327.3875
54-17:4639,VHDU,21-24,2,971.85,1256.28
54-17:4639,VHDU,3-6,292,181017.75,177228.675
54-17:4639,VHDU,6-9,174,103548.09999999999,104606.97
54-17:4639,VHDU,9-12,68,38188.1,39949.0675
54-18:304,VDU,0-3,91,7002.45,6326.715
54-18:304,VDU,12-15,35,2269.5499999999997,2524.355833333333
54-18:304,VDU,15-18,13,556.6999999999999,765.6683333333333
54-18:304,VDU,21-24,1,17.099999999999998,49.779999999999994
54-18:304,VDU,3-6,147,11302.15,10907.076666666666
54-18:304,VDU,6-9,116,9139.949999999999,9113.840833333334
54-18:304,VDU,9-12,50,3135.95,3736.413333333333
54-18:304,SDU,0-3,77,29902.199999999997,29721.525833333333
54-18:304,SDU,12-15,10,2565.95,2899.3366666666666
54-18:304,SDU,15-18,7,2118.5,2503.8675
54-18:304,SDU,18-21,1,390.45,394.9625
54-18:304,SDU,3-6,218,80557.15,79304.65416666666
54-18:304,SDU,6-9,96,34214.25,34444.56166666667
54-18:304,SDU,9-12,36,11907.3,12386.891666666666
54-18:304,VHDU,0-3,81,11799.0,11619.9725
54-18:304,VHDU,12-15,16,1655.85,1732.2458333333332
54-18:304,VHDU,15-18,6,611.8,698.4875
54-18:304,VHDU,18-21,1,77.89999999999999,115.425
54-18:304,VHDU,21-24,2,227.05,278.9041666666667
54-18:304,VHDU,3-6,196,30750.55,30250.533333333333
54-18:304,VHDU,6-9,110,15340.599999999999,15203.340833333334
54-18:304,VHDU,9-12,39,4773.75,5337.590833333333
552-01:56,VDU,0-3,34,5529.0,5768.969999999999
552-01:56,VDU,12-15,3,413.25,522.1675
552-01:56,VDU,3-6,26,5040.7,5071.242499999999
552-01:56,VDU,6-9,20,3920.6499999999996,3619.7374999999997
552-01:56,VDU,9-12,7,1226.45,1147.9325
552-01:56,VHDU,0-3,6,1559.8999999999999,1740.0833333333333
552-01:56,VHDU,12-15,1,251.75,322.05
552-01:56,VHDU,3-6,9,2099.5,2170.116666666667
552-01:56,VHDU,6-9,4,1407.9,1042.15
552-01:56,VHDU,9-12,2,439.84999999999997,484.5
56-01:8953,VDU,0-3,85,37467.049999999996,35457.182499999995
56-01:8953,VDU,12-15,66,23683.5,27346.462499999998
56-01:8953,VDU,15-18,17,4670.2,6089.405
56-01:8953,VDU,18-21,4,562.4,1525.4624999999999
56-01:8953,VDU,21-24,1,100.69999999999999,519.175
56-01:8953,VDU,3-6,183,88206.55,84128.02583333333
56-01:8953,VDU,6-9,161,73683.9,71013.52916666666
56-01:8953,VDU,9-12,155,63121.799999999996,65416.8575
56-01:8953,SDU,0-3,64,63592.049999999996,61720.075
56-01:8953,SDU,12-15,30,24512.85,26842.535
56-01:8953,SDU,15-18,4,2531.75,3084.1749999999997
56-01:8953,SDU,3-6,355,359910.35,351875.61416666664
56-01:8953,SDU,6-9,176,163778.1,167206.69749999998
56-01:8953,SDU,9-12,63,56859.399999999994,60455.40333333333
56-01:8953,VHDU,0-3,90,52651.85,52808.932499999995
56-01:8953,VHDU,12-15,42,22601.449999999997,23385.9125
56-01:8953,VHDU,15-18,2,276.45,478.79999999999995
56-01:8953,VHDU,21-24,1,42.75,232.75
56-01:8953,VHDU,3-6,279,164799.35,163566.7725
56-01:8953,VHDU,6-9,180,102999.95,103221.1575
56-01:8953,VHDU,9-12,77,43693.35,43370.825
574-01:109,VDU,0-3,94,18243.8,16421.985
574-01:109,VDU,12-15,90,16451.149999999998,18139.9175
574-01:109,VDU,15-18,40,6104.7,7207.1275
574-01:109,VDU,18-21,22,2417.75,3307.615
574-01:109,VDU,21-24,7,491.15,1039.5375
574-01:109,VDU,3-6,195,45764.35,43309.549999999996
574-01:109,VDU,6-9,160,35246.9,34546.7025
574-01:109,VDU,9-12,118,24529.0,25226.015
574-01:109,VDU,>=24,2,94.99999999999999,145.35
574-01:109,SDU,0-3,46,45683.6,44437.77
574-01:109,SDU,12-15,41,35570.85,38344.7075
574-01:109,SDU,15-18,14,9722.3,11492.672499999999
574-01:109,SDU,18-21,5,2748.3499999999995,3249.0
574-01:109,SDU,21-24,2,1084.8999999999999,1514.6324999999997
574-01:109,SDU,3-6,278,258459.84999999998,252842.6425
574-01:109,SDU,6-9,242,216980.94999999998,216189.59999999998
574-01:109,SDU,9-12,104,92592.7,94772.47499999999
574-01:109,VHDU,0-3,94,41061.85,41902.7425
574-01:109,VHDU,12-15,59,20213.149999999998,22116.6175
574-01:109,VHDU,15-18,29,9562.699999999999,10301.6575
574-01:109,VHDU,18-21,10,3408.6,3886.8774999999996
574-01:109,VHDU,21-24,1,563.35,693.5
574-01:109,VHDU,3-6,252,112101.9,108268.12749999999
574-01:109,VHDU,6-9,184,77816.4,75754.9475
574-01:109,VHDU,9-12,103,35976.5,37779.979999999996
574-07:3169,VDU,0-3,132,132649.44999999998,127284.42
574-07:3169,VDU,12-15,36,32720.85,35410.1575
574-07:3169,VDU,15-18,19,15872.599999999999,18531.9825
574-07:3169,VDU,18-21,4,3731.6,4138.77
574-07:3169,VDU,21-24,2,1456.35,1807.2799999999997
574-07:3169,VDU,3-6,281,295020.6,287194.83249999996
574-07:3169,VDU,6-9,172,166416.25,168164.5825
574-07:3169,VDU,9-12,81,75335.95,80503.2375
574-07:3169,VDU,>=24,1,342.95,511.3375
574-07:3169,SDU,0-3,248,405698.44999999995,396344.845
574-07:3169,SDU,12-15,18,22061.85,24738.949999999997
574-07:3169,SDU,15-18,5,5799.75,7098.637499999999
574-07:3169,SDU,18-21,2,2257.2,2782.2650000000003
574-07:3169,SDU,3-6,311,486099.8,484923.9375
574-07:3169,SDU,6-9,82,121464.15,125272.5575
574-07:3169,SDU,9-12,33,46364.75,48584.7575
574-07:3169,VHDU,0-3,211,259815.5,254506.75749999998
574-07:3169,VHDU,12-15,25,24308.6,25632.14
574-07:3169,VHDU,15-18,11,11485.5,13233.6425
574-07:3169,VHDU,18-21,3,3171.1,3459.1875
574-07:3169,VHDU,21-24,3,2931.7,3962.2124999999996
574-07:3169,VHDU,3-6,293,360435.7,354372.1825
574-07:3169,VHDU,6-9,120,134094.4,138297.1525
574-07:3169,VHDU,9-12,63,70183.15,72962.375
58-01:401,VDU,0-3,129,65292.549999999996,60176.752499999995
58-01:401,VDU,12-15,71,25204.45,30312.4575
58-01:401,VDU,15-18,17,4751.9,7008.577499999999
58-01:401,VDU,18-21,6,1341.4,2427.1075
58-01:401,VDU,21-24,1,227.04999999999998,417.42999999999995
58-01:401,VDU,3-6,222,113174.45,106865.78499999999
58-01:401,VDU,6-9,183,89136.59999999999,88517.76999999999
58-01:401,VDU,9-12,99,41552.049999999996,44954.57
58-01:401,SDU,0-3,142,185414.35,177782.62
58-01:401,SDU,12-15,24,22391.5,25135.289999999997
58-01:401,SDU,15-18,11,10385.4,12459.535
58-01:401,SDU,18-21,1,992.75,1065.8999999999999
58-01:401,SDU,3-6,339,423328.55,417006.3
58-01:401,SDU,6-9,156,186001.44999999998,190670.88999999998
58-01:401,SDU,9-12,59,61764.25,66157.715
58-01:401,VHDU,0-3,138,91583.79999999999,90028.36499999999
58-01:401,VHDU,12-15,22,11588.099999999999,12546.65
58-01:401,VHDU,15-18,8,4114.45,4816.88
58-01:401,VHDU,18-21,3,1211.25,1479.3874999999998
58-01:401,VHDU,21-24,2,1070.65,1415.975
58-01:401,VHDU,3-6,311,221234.09999999998,216803.49
58-01:401,VHDU,6-9,173,116428.2,117807.2675
58-01:401,VHDU,9-12,69,43319.049999999996,45651.585
59-02:11781,VDU,0-3,69,3136.8999999999996,3211.095
59-02:11781,VDU,12-15,92,5238.3,4554.6325
59-02:11781,VDU,15-18,50,2419.65,2232.785
59-02:11781,VDU,18-21,29,1242.6,1449.2724999999998
59-02:11781,VDU,21-24,9,337.24999999999994,406.69499999999994
59-02:11781,VDU,3-6,203,8664.949999999999,9234.332499999999
59-02:11781,VDU,6-9,160,7765.299999999999,7702.315
59-02:11781,VDU,9-12,114,5459.65,5435.33
59-02:11781,VDU,>=24,2,4.75,42.8925
59-02:11781,SDU,0-3,39,10535.5,10278.588333333333
59-02:11781,SDU,12-15,48,11622.3,11945.9175
59-02:11781,SDU,15-18,16,3881.7,4272.054999999999
59-02:11781,SDU,18-21,2,499.7,490.67499999999995
59-02:11781,SDU,3-6,285,76627.0,75693.73583333332
59-02:11781,SDU,6-9,203,51682.85,51905.149999999994
59-02:11781,SDU,9-12,137,34938.15,35201.07833333333
59-02:11781,VHDU,0-3,80,7683.599999999999,8167.1025
59-02:11781,VHDU,12-15,54,5000.8,4994.2925
59-02:11781,VHDU,15-18,31,3406.7,3327.9925
59-02:11781,VHDU,18-21,12,786.5999999999999,785.6025
59-02:11781,VHDU,3-6,243,23713.899999999998,23592.015
59-02:11781,VHDU,6-9,188,20368.0,20306.25
59-02:11781,VHDU,9-12,124,13357.949999999999,13144.295
590-01:87,VDU,0-3,116,5144.25,4899.5616666666665
590-01:87,VDU,12-15,23,682.0999999999999,840.75
590-01:87,VDU,15-18,11,347.7,409.355
590-01:87,VDU,3-6,184,7802.349999999999,7553.529166666666
590-01:87,VDU,6-9,129,5360.849999999999,5330.956666666666
590-01:87,VDU,9-12,67,2412.0499999999997,2715.1475
590-01:87,SDU,0-3,109,12446.9,12014.143333333333
590-01:87,SDU,12-15,2,117.8,178.64749999999998
590-01:87,SDU,15-18,1,41.8,71.96249999999999
590-01:87,SDU,3-6,287,33231.0,33123.84
590-01:87,SDU,6-9,118,12654.949999999999,13024.721666666666
590-01:87,SDU,9-12,25,2622.95,2702.085
590-01:87,VHDU,0-3,120,7426.15,7363.513333333333
590-01:87,VHDU,12-15,6,311.59999999999997,367.3175
590-01:87,VHDU,15-18,1,32.3,33.4875
590-01:87,VHDU,18-21,1,4.75,35.8625
590-01:87,VHDU,3-6,218,13833.9,13601.957499999999
590-01:87,VHDU,6-9,137,8407.5,8462.536666666667
590-01:87,VHDU,9-12,38,2116.6,2268.125
60-01:372,VDU,0-3,141,39745.149999999994,36715.79
60-01:372,VDU,12-15,84,19267.899999999998,20687.105
60-01:372,VDU,15-18,48,7600.0,11523.404999999999
60-01:372,VDU,18-21,10,1225.5,2009.915
60-01:372,VDU,21-24,1,40.85,161.975
60-01:372,VDU,3-6,173,47645.35,44961.8375
60-01:372,VDU,6-9,140,38321.1,37120.775
60-01:372,VDU,9-12,128,31521.0,31830.5575
60-01:372,VDU,>=24,3,78.85,434.34
60-01:372,SDU,0-3,87,81901.4,77552.58499999999
60-01:372,SDU,12-15,34,28131.399999999998,32125.817499999997
60-01:372,SDU,15-18,8,3879.7999999999997,5016.807499999999
60-01:372,SDU,18-21,1,443.65,662.3874999999999
60-01:372,SDU,3-6,302,270140.1,266276.26
60-01:372,SDU,6-9,163,149171.85,148232.63249999998
60-01:372,SDU,9-12,85,66656.75,70458.45999999999
60-01:372,VHDU,0-3,144,61867.799999999996,61115.969999999994
60-01:372,VHDU,12-15,36,14699.35,15035.9825
60-01:372,VHDU,15-18,26,9381.25,10932.6
60-01:372,VHDU,18-21,4,549.0999999999999,1065.235
60-01:372,VHDU,3-6,253,114920.54999999999,112840.33499999999
60-01:372,VHDU,6-9,181,80269.3,80705.39749999999
60-01:372,VHDU,9-12,85,37240.95,37232.78
60-01:373,VDU,0-3,141,14621.449999999999,13407.73
60-01:373,VDU,12-15,84,7157.299999999999,7675.62
60-01:373,VDU,15-18,48,2893.7,4124.71
60-01:373,VDU,18-21,10,499.7,819.66
60-01:373,VDU,21-24,1,23.75,79.325
60-01:373,VDU,3-6,173,17807.75,16760.375
60-01:373,VDU,6-9,140,13629.65,13142.869999999999
60-01:373,VDU,9-12,128,11170.1,11654.695
60-01:373,VDU,>=24,3,47.5,185.915
60-01:373,SDU,0-3,87,14334.55,13675.154999999999
60-01:373,SDU,12-15,34,5528.049999999999,5408.8724999999995
60-01:373,SDU,15-18,8,1035.5,1092.215
60-01:373,SDU,18-21,1,121.6,140.36249999999998
60-01:373,SDU,3-6,302,47217.85,47814.972499999996
60-01:373,SDU,6-9,162,25359.3,25336.0725
60-01:373,SDU,9-12,85,13244.9,13374.099999999999
60-01:373,VHDU,0-3,144,17147.5,16803.219999999998
60-01:373,VHDU,12-15,36,3778.1499999999996,3828.9275
60-01:373,VHDU,15-18,26,2829.1,3026.2725
60-01:373,VHDU,18-21,4,214.7,350.40749999999997
60-01:373,VHDU,3-6,253,30689.75,30116.71
60-01:373,VHDU,6-9,181,21083.35,21464.0625
60-01:373,VHDU,9-12,85,10308.449999999999,10461.4
60-02:208,VDU,0-3,79,24169.899999999998,22525.0225
60-02:208,VDU,12-15,50,13678.1,13753.324166666665
60-02:208,VDU,15-18,34,6294.7,8798.234999999999
60-02:208,VDU,18-21,7,957.5999999999999,1557.9524999999999
60-02:208,VDU,21-24,1,57.0,200.6875
60-02:208,VDU,3-6,88,26788.1,25768.639166666664
60-02:208,VDU,6-9,70,20765.1,19719.34
60-02:208,VDU,9-12,85,22891.2,22973.881666666664
60-02:208,VDU,>=24,2,23.75,328.3675
60-02:208,SDU,0-3,44,40557.4,38829.682499999995
60-02:208,SDU,12-15,17,14058.099999999999,15549.3625
60-02:208,SDU,15-18,5,2510.85,3177.4175
60-02:208,SDU,3-6,163,149092.05,147649.57
60-02:208,SDU,6-9,82,73070.2,72861.295
60-02:208,SDU,9-12,55,43918.5,45139.7725
60-02:208,VHDU,0-3,65,27943.3,27520.2175
60-02:208,VHDU,12-15,22,9424.949999999999,9336.172499999999
60-02:208,VHDU,15-18,11,3506.45,4402.537499999999
60-02:208,VHDU,18-21,3,393.29999999999995,644.3375
60-02:208,VHDU,3-6,132,60163.5,58978.564999999995
60-02:208,VHDU,6-9,95,41016.25,41711.4125
60-02:208,VHDU,9-12,38,16381.8,16236.307499999999
60-02:213,VDU,0-3,48,17201.649999999998,16815.475
60-02:213,VDU,12-15,31,8770.4,10003.9275
60-02:213,VDU,15-18,12,2972.5499999999997,4284.12
60-02:213,VDU,18-21,2,467.4,670.8425
60-02:213,VDU,3-6,57,19836.0,18387.155
60-02:213,VDU,6-9,52,18730.2,17936.2375
60-02:213,VDU,9-12,37,13101.449999999999,12844.6175
60-02:213,VDU,>=24,1,80.75,218.02499999999998
60-02:213,SDU,0-3,29,31671.1,29918.7775
60-02:213,SDU,12-15,19,17605.399999999998,19583.774999999998
60-02:213,SDU,15-18,3,2250.5499999999997,2519.3050000000003
60-02:213,SDU,18-21,1,464.54999999999995,693.025
60-02:213,SDU,3-6,102,97953.54999999999,96291.19249999999
60-02:213,SDU,6-9,64,64003.399999999994,62865.299999999996
60-02:213,SDU,9-12,26,22708.8,24785.975
60-02:213,VHDU,0-3,58,28691.899999999998,28467.8425
60-02:213,VHDU,12-15,10,5063.5,5179.7325
60-02:213,VHDU,15-18,15,7001.5,7691.1525
60-02:213,VHDU,3-6,59,32864.299999999996,33068.2175
60-02:213,VHDU,6-9,61,33628.1,33066.84
60-02:213,VHDU,9-12,41,22121.7,21897.215
60-05:1361,VDU,0-3,114,58254.0,53815.125
60-05:1361,VDU,12-15,23,7507.849999999999,10202.129166666666
60-05:1361,VDU,15-18,12,2571.65,4706.8225
60-05:1361,VDU,3-6,197,96501.0,92620.42416666666
60-05:1361,VDU,6-9,145,68935.8,69404.7675
60-05:1361,VDU,9-12,64,26422.35,28721.761666666665
60-05:1361,SDU,0-3,121,163863.6,160295.685
60-05:1361,SDU,12-15,4,4280.7,5460.6
60-05:1361,SDU,15-18,1,993.6999999999999,1009.1374999999999
60-05:1361,SDU,3-6,316,438383.19999999995,436741.41
60-05:1361,SDU,6-9,139,182440.85,186623.225
60-05:1361,SDU,9-12,25,31459.25,30813.297499999997
60-05:1361,VHDU,0-3,117,82284.25,82391.79
60-05:1361,VHDU,12-15,7,4329.15,4980.66
60-05:1361,VHDU,15-18,2,595.65,1009.375
60-05:1361,VHDU,18-21,1,62.699999999999996,269.325
60-05:1361,VHDU,3-6,217,167814.65,165315.4375
60-05:1361,VHDU,6-9,146,109758.25,108218.205
60-05:1361,VHDU,9-12,46,30469.35,33799.2425
60-08:8269,VDU,0-3,112,31243.6,27872.0975
60-08:8269,VDU,12-15,45,6713.65,9934.625
60-08:8269,VDU,15-18,15,1216.0,3026.89
60-08:8269,VDU,18-21,5,452.2,1069.225
60-08:8269,VDU,21-24,2,25.65,249.0425
60-08:8269,VDU,3-6,221,61537.2,56955.9675
60-08:8269,VDU,6-9,173,42950.45,42538.244999999995
60-08:8269,VDU,9-12,97,21259.1,23751.7575
60-08:8269,SDU,0-3,111,100996.4,98958.26999999999
60-08:8269,SDU,12-15,8,4444.099999999999,5520.26
60-08:8269,SDU,15-18,2,1134.3,1364.1999999999998
60-08:8269,SDU,3-6,367,340735.55,335359.2625
60-08:8269,SDU,6-9,182,160341.94999999998,165482.73249999998
60-08:8269,SDU,9-12,62,51438.7,52406.274999999994
60-08:8269,VHDU,0-3,145,58747.049999999996,59356.665
60-08:8269,VHDU,12-15,29,8635.5,11231.3275
60-08:8269,VHDU,15-18,4,890.15,1212.865
60-08:8269,VHDU,21-24,1,0.0,147.725
60-08:8269,VHDU,3-6,313,137650.25,134250.1525
60-08:8269,VHDU,6-9,180,78917.45,78844.44249999999
60-08:8269,VHDU,9-12,60,25469.5,25266.7225
60-23:7320,VDU,0-3,173,23081.199999999997,20560.09
60-23:7320,VDU,12-15,52,4144.849999999999,5126.389999999999
60-23:7320,VDU,15-18,16,1217.9,1647.3
60-23:7320,VDU,18-21,7,308.75,692.5975
60-23:7320,VDU,21-24,2,40.849999999999994,140.3625
60-23:7320,VDU,3-6,225,27159.55,25974.805
60-23:7320,VDU,6-9,159,17365.05,18183.0475
60-23:7320,VDU,9-12,94,9384.1,10377.6575
60-23:7320,SDU,0-3,209,105674.2,102993.015
60-23:7320,SDU,12-15,7,3109.35,3282.7725
60-23:7320,SDU,18-21,1,309.7,383.79999999999995
60-23:7320,SDU,3-6,347,168762.75,171005.4625
60-23:7320,SDU,6-9,128,62176.549999999996,61864.38
60-23:7320,SDU,9-12,40,17481.899999999998,17985.02
60-23:7320,VHDU,0-3,175,35972.7,35817.375
60-23:7320,VHDU,12-15,17,2854.75,3388.555
60-23:7320,VHDU,15-18,2,385.69999999999993,449.0174999999999
60-23:7320,VHDU,18-21,1,18.05,77.6625
60-23:7320,VHDU,3-6,275,62490.049999999996,61909.695
60-23:7320,VHDU,6-9,181,39343.299999999996,38829.682499999995
60-23:7320,VHDU,9-12,80,17106.649999999998,17627.4875
60-23:7320,VHDU,>=24,1,0.0,71.725
60-26:5545,VDU,0-3,44,2857.6,2639.5275
60-26:5545,VDU,12-15,87,4924.799999999999,5158.0725
60-26:5545,VDU,15-18,54,2147.0,2737.33
60-26:5545,VDU,18-21,42,1509.55,2077.65
60-26:5545,VDU,21-24,13,265.04999999999995,641.2025
60-26:5545,VDU,3-6,102,6945.45,6159.9425
60-26:5545,VDU,6-9,112,7340.65,6611.0025
60-26:5545,VDU,9-12,113,7571.5,7309.2525
60-26:5545,VDU,>=24,9,125.39999999999999,353.02
60-26:5545,SDU,0-3,73,23845.949999999997,23014.288333333334
60-26:5545,SDU,12-15,46,14093.25,14041.4275
60-26:5545,SDU,15-18,13,3688.85,3658.608333333333
60-26:5545,SDU,18-21,6,1006.05,1237.8024999999998
60-26:5545,SDU,21-24,2,399.95,486.875
60-26:5545,SDU,3-6,169,50684.399999999994,51487.260833333334
60-26:5545,SDU,6-9,120,36341.299999999996,36626.585
60-26:5545,SDU,9-12,87,27552.85,27059.7525
60-26:5545,VHDU,0-3,65,7699.75,7820.115
60-26:5545,VHDU,12-15,78,9210.25,9400.439999999999
60-26:5545,VHDU,15-18,32,3479.85,3668.5199999999995
60-26:5545,VHDU,18-21,18,1754.6499999999999,2070.4775
60-26:5545,VHDU,21-24,6,418.95,599.64
60-26:5545,VHDU,3-6,160,19683.05,19392.1125
60-26:5545,VHDU,6-9,137,19501.6,18921.245
60-26:5545,VHDU,9-12,113,15322.55,15159.387499999999
60-26:5545,VHDU,>=24,1,0.0,38.7125
60-30:6128,VDU,0-3,94,5870.049999999999,5254.83
60-30:6128,VDU,12-15,84,4233.2,4358.9325
60-30:6128,VDU,15-18,66,2623.9,3187.725
60-30:6128,VDU,18-21,33,680.1999999999999,1415.405
60-30:6128,VDU,21-24,16,261.25,622.155
60-30:6128,VDU,3-6,134,7902.099999999999,7012.1875
60-30:6128,VDU,6-9,157,9271.05,8597.689999999999
60-30:6128,VDU,9-12,136,7436.599999999999,7494.787499999999
60-30:6128,VDU,>=24,8,16.15,350.7875
60-30:6128,SDU,0-3,144,53113.549999999996,50990.72749999999
60-30:6128,SDU,12-15,60,21209.7,21021.695
60-30:6128,SDU,15-18,17,4205.65,4374.844999999999
60-30:6128,SDU,18-21,5,884.4499999999999,1018.875
60-30:6128,SDU,21-24,2,39.9,353.6375
60-30:6128,SDU,3-6,213,73194.65,73638.63249999999
60-30:6128,SDU,6-9,176,56925.899999999994,57682.432499999995
60-30:6128,SDU,9-12,115,38592.799999999996,39085.755
60-30:6128,VHDU,0-3,105,11963.35,12013.414999999999
60-30:6128,VHDU,12-15,77,8630.75,8887.725
60-30:6128,VHDU,15-18,35,3499.7999999999997,3701.0099999999998
60-30:6128,VHDU,18-21,15,1539.9499999999998,1842.3825
60-30:6128,VHDU,21-24,5,289.75,457.28249999999997
60-30:6128,VHDU,3-6,189,24643.0,24198.305
60-30:6128,VHDU,6-9,161,20376.55,20222.5075
60-30:6128,VHDU,9-12,144,19620.35,19208.0975
60-30:6128,VHDU,>=24,1,0.0,32.775
60-40:45,VDU,0-3,131,5071.099999999999,4269.3475
60-40:45,VDU,12-15,35,625.1,1037.8274999999999
60-40:45,VDU,15-18,13,93.1,359.385
60-40:45,VDU,18-21,2,53.199999999999996,49.97
60-40:45,VDU,21-24,1,8.549999999999999,28.974999999999998
60-40:45,VDU,3-6,159,6004.95,5425.0225
60-40:45,VDU,6-9,106,2797.75,3091.4424999999997
60-40:45,VDU,9-12,69,1746.1,2137.88
60-40:45,SDU,0-3,118,20171.35,19685.9475
60-40:45,SDU,12-15,17,1770.8,2223.0
60-40:45,SDU,15-18,2,168.14999999999998,218.73749999999998
60-40:45,SDU,3-6,209,37400.549999999996,36624.305
60-40:45,SDU,6-9,106,17675.7,17862.754999999997
60-40:45,SDU,9-12,36,5599.3,6171.105
60-40:45,VHDU,0-3,150,9177.0,8757.0525
60-40:45,VHDU,12-15,18,1302.45,1494.635
60-40:45,VHDU,15-18,4,159.6,213.17999999999998
60-40:45,VHDU,3-6,185,12045.05,12075.9725
60-40:45,VHDU,6-9,120,7361.549999999999,7377.795
60-40:45,VHDU,9-12,52,3203.3999999999996,3330.415
60-40:46,VDU,0-3,131,4229.4,3548.44
60-40:46,VDU,12-15,35,506.34999999999997,800.755
60-40:46,VDU,15-18,13,80.75,265.47749999999996
60-40:46,VDU,18-21,2,12.35,28.5
60-40:46,VDU,21-24,1,7.6,22.325
60-40:46,VDU,3-6,159,4784.2,4433.3175
60-40:46,VDU,6-9,106,2294.25,2544.7174999999997
60-40:46,VDU,9-12,69,1447.8,1719.1675
60-40:46,SDU,0-3,118,20177.05,19585.0575
60-40:46,SDU,12-15,17,1799.3,2247.7475
60-40:46,SDU,15-18,2,169.1,228.23749999999998
60-40:46,SDU,3-6,209,36746.0,36364.6225
60-40:46,SDU,6-9,106,17708.0,17710.0425
60-40:46,SDU,9-12,36,5480.55,5944.2925
60-40:46,VHDU,0-3,150,8727.65,8514.0425
60-40:46,VHDU,12-15,18,1084.9,1355.2224999999999
60-40:46,VHDU,15-18,4,135.85,205.48499999999999
60-40:46,VHDU,3-6,185,12100.15,11910.244999999999
60-40:46,VHDU,6-9,120,7237.099999999999,7260.754999999999
60-40:46,VHDU,9-12,52,2963.0499999999997,3002.95
60-44:5475,VDU,0-3,177,26955.3,24293.21
60-44:5475,VDU,12-15,51,4580.9,6138.3775
60-44:5475,VDU,15-18,23,1290.1,2617.4874999999997
60-44:5475,VDU,18-21,4,134.9,397.28999999999996
60-44:5475,VDU,21-24,1,28.5,106.875
60-44:5475,VDU,3-6,210,31754.699999999997,29626.984999999997
60-44:5475,VDU,6-9,153,19316.35,19614.84
60-44:5475,VDU,9-12,109,12711.949999999999,13977.634999999998
60-44:5475,SDU,0-3,179,86628.59999999999,84489.3425
60-44:5475,SDU,12-15,19,6388.75,7739.5075
60-44:5475,SDU,15-18,3,729.5999999999999,911.9999999999999
60-44:5475,SDU,3-6,323,159904.94999999998,158411.4075
60-44:5475,SDU,6-9,158,74551.25,74760.67749999999
60-44:5475,SDU,9-12,50,21306.6,23196.815
60-44:5475,VHDU,0-3,221,47478.15,46820.0375
60-44:5475,VHDU,12-15,23,3802.85,4234.91
60-44:5475,VHDU,15-18,4,506.35,763.9425
60-44:5475,VHDU,21-24,1,0.0,75.2875
60-44:5475,VHDU,3-6,265,61343.399999999994,61023.82
60-44:5475,VHDU,6-9,154,33152.15,32846.0125
60-44:5475,VHDU,9-12,64,12940.9,13459.789999999999
60-46:5673,VDU,0-3,31,11182.449999999999,10029.15
60-46:5673,VDU,12-15,109,30978.55,33694.4575
60-46:5673,VDU,15-18,43,10117.5,11694.689999999999
60-46:5673,VDU,18-21,32,6575.9,9053.262499999999
60-46:5673,VDU,21-24,10,2145.1,2961.2925
60-46:5673,VDU,3-6,148,51190.75,47206.6875
60-46:5673,VDU,6-9,187,64134.5,60762.189999999995
60-46:5673,VDU,9-12,163,53163.899999999994,53323.119999999995
60-46:5673,VDU,>=24,4,532.0,1073.7375
60-46:5673,SDU,0-3,112,97870.9,94053.98999999999
60-46:5673,SDU,12-15,34,23890.6,24410.44
60-46:5673,SDU,15-18,10,5178.45,6300.6849999999995
60-46:5673,SDU,18-21,5,1702.3999999999999,2740.5125
60-46:5673,SDU,21-24,1,449.34999999999997,578.0749999999999
60-46:5673,SDU,3-6,212,176272.5,173516.5025
60-46:5673,SDU,6-9,158,124325.54999999999,125576.03499999999
60-46:5673,SDU,9-12,113,86722.65,89236.16
60-46:5673,VHDU,0-3,58,26122.149999999998,26135.212499999998
60-46:5673,VHDU,12-15,80,33574.9,33764.377499999995
60-46:5673,VHDU,15-18,27,10707.449999999999,10993.4475
60-46:5673,VHDU,18-21,15,5216.45,5975.5
60-46:5673,VHDU,21-24,6,1775.55,2347.4024999999997
60-46:5673,VHDU,3-6,198,94311.25,93250.14749999999
60-46:5673,VHDU,6-9,200,93190.25,91861.295
60-46:5673,VHDU,9-12,146,63496.1,64025.392499999994
60-46:5673,VHDU,>=24,2,865.45,906.7749999999999
60-47:197,VDU,0-3,24,12416.5,11235.08
60-47:197,VDU,12-15,106,45199.1,48950.744999999995
60-47:197,VDU,15-18,60,24265.85,26088.282499999998
60-47:197,VDU,18-21,33,11196.699999999999,14263.4425
60-47:197,VDU,21-24,9,2831.0,4150.264999999999
60-47:197,VDU,3-6,136,70050.15,64867.85249999999
60-47:197,VDU,6-9,183,92883.4,88780.0175
60-47:197,VDU,9-12,168,83989.5,82950.91249999999
60-47:197,VDU,>=24,8,2075.75,3256.3149999999996
60-47:197,SDU,0-3,123,134588.4,131505.0325
60-47:197,SDU,12-15,40,37342.6,38014.534999999996
60-47:197,SDU,15-18,10,7182.0,8181.9225
60-47:197,SDU,18-21,7,4258.849999999999,5674.255
60-47:197,SDU,21-24,2,1285.35,1566.0749999999998
60-47:197,SDU,3-6,227,240048.84999999998,234644.49
60-47:197,SDU,6-9,191,194556.19999999998,195939.4
60-47:197,SDU,9-12,132,130644.0,134380.53999999998
60-47:197,VHDU,0-3,53,33602.45,33557.847499999996
60-47:197,VHDU,12-15,87,51530.85,52467.645
60-47:197,VHDU,15-18,31,17507.55,17937.6625
60-47:197,VHDU,18-21,15,7551.55,8635.832499999999
60-47:197,VHDU,21-24,6,2566.8999999999996,3337.7299999999996
60-47:197,VHDU,3-6,192,127657.2,126229.06499999999
60-47:197,VHDU,6-9,195,127288.59999999999,125388.03
60-47:197,VHDU,9-12,150,93006.9,93159.61249999999
60-47:197,VHDU,>=24,3,1949.4,1947.975
61-02:6,VDU,0-3,98,17354.6,16622.34
61-02:6,VDU,12-15,98,15744.349999999999,16390.35
61-02:6,VDU,15-18,65,7184.849999999999,10027.471666666666
61-02:6,VDU,18-21,26,1956.05,3889.87
61-02:6,VDU,21-24,9,268.84999999999997,1267.5375
61-02:6,VDU,3-6,145,26675.05,23982.211666666666
61-02:6,VDU,6-9,145,26644.649999999998,25123.826666666664
61-02:6,VDU,9-12,132,24050.199999999997,22264.7225
61-02:6,VDU,>=24,4,125.39999999999999,435.66999999999996
61-02:6,SDU,0-3,59,28533.25,27495.1375
61-02:6,SDU,12-15,44,17522.75,18875.407499999998
61-02:6,SDU,15-18,17,6437.2,6824.99
61-02:6,SDU,18-21,6,1544.6999999999998,2203.715
61-02:6,SDU,3-6,282,139562.6,135622.19
61-02:6,SDU,6-9,205,99029.9,101265.3925
61-02:6,SDU,9-12,119,56607.649999999994,56951.2175
61-02:6,VHDU,0-3,103,24087.25,24192.6525
61-02:6,VHDU,12-15,74,16382.75,17341.3475
61-02:6,VHDU,15-18,33,6002.099999999999,6854.1075
61-02:6,VHDU,18-21,8,1043.1,1423.86
61-02:6,VHDU,21-24,2,231.79999999999998,285.475
61-02:6,VHDU,3-6,218,55476.2,53505.377499999995
61-02:6,VHDU,6-9,157,40753.1,39997.8025
61-02:6,VHDU,9-12,136,33379.2,33651.564999999995
61-02:6,VHDU,>=24,1,0.0,103.3125
61-03:2642,VDU,0-3,121,29519.35,27759.205833333333
61-03:2642,VDU,12-15,23,3422.85,4923.5175
61-03:2642,VDU,15-18,11,1260.6499999999999,2307.9616666666666
61-03:2642,VDU,3-6,91,21527.95,20295.135
61-03:2642,VDU,6-9,77,18333.1,17831.8325
61-03:2642,VDU,9-12,32,6362.15,7308.3975
61-03:2642,SDU,0-3,78,50396.549999999996,49955.465
61-03:2642,SDU,12-15,5,1842.05,2555.5
61-03:2642,SDU,15-18,3,1159.9499999999998,1669.625
61-03:2642,SDU,3-6,164,118403.25,116249.40999999999
61-03:2642,SDU,6-9,91,61692.049999999996,62520.782499999994
61-03:2642,SDU,9-12,25,15080.3,15623.367499999998
61-03:2642,VHDU,0-3,137,44538.85,42922.64666666667
61-03:2642,VHDU,12-15,20,4533.4,5572.969166666667
61-03:2642,VHDU,15-18,4,936.6999999999999,1104.1374999999998
61-03:2642,VHDU,3-6,126,43940.35,43315.5825
61-03:2642,VHDU,6-9,115,36337.5,37405.2525
61-03:2642,VHDU,9-12,32,10178.3,10144.511666666665
61-23:5199,VDU,0-3,58,5956.5,5707.900833333333
61-23:5199,VDU,12-15,72,6677.549999999999,7016.1775
61-23:5199,VDU,15-18,51,3260.4,4704.130833333333
61-23:5199,VDU,18-21,28,1670.1,2619.6408333333334
61-23:5199,VDU,21-24,10,258.4,799.615
61-23:5199,VDU,3-6,166,18775.8,17468.536666666667
61-23:5199,VDU,6-9,188,21938.35,19824.346666666665
61-23:5199,VDU,9-12,125,13590.699999999999,13882.001666666667
61-23:5199,VDU,>=24,2,110.19999999999999,215.64999999999998
61-23:5199,SDU,0-3,43,16116.75,16215.249166666666
61-23:5199,SDU,12-15,31,10139.35,10344.3125
61-23:5199,SDU,15-18,5,1515.25,1585.55
61-23:5199,SDU,18-21,4,765.6999999999999,858.0875
61-23:5199,SDU,3-6,280,110865.0,108598.93333333333
61-23:5199,SDU,6-9,223,87981.4,89461.08833333333
61-23:5199,SDU,9-12,120,44193.049999999996,44513.27916666667
61-23:5199,VHDU,0-3,73,10739.75,11671.2725
61-23:5199,VHDU,12-15,51,7929.65,8177.03
61-23:5199,VHDU,15-18,19,2293.2999999999997,2472.755
61-23:5199,VHDU,18-21,15,1578.8999999999999,1799.1575
61-23:5199,VHDU,21-24,1,54.15,84.7875
61-23:5199,VHDU,3-6,218,36651.0,35540.0225
61-23:5199,VHDU,6-9,217,38573.799999999996,38201.685
61-23:5199,VHDU,9-12,137,23313.0,23124.3775
61-23:5199,VHDU,>=24,1,0.0,62.4625
61-24:19333,VDU,0-3,59,6270.95,5961.867499999999
61-24:19333,VDU,12-15,74,6867.55,7503.907499999999
61-24:19333,VDU,15-18,51,3436.1499999999996,5168.0475
61-24:19333,VDU,18-21,31,1947.5,3137.185
61-24:19333,VDU,21-24,10,302.1,868.9174999999999
61-24:19333,VDU,3-6,170,20656.8,18857.12
61-24:19333,VDU,6-9,192,22989.05,20582.731666666667
61-24:19333,VDU,9-12,131,14557.8,14824.385833333332
61-24:19333,VDU,>=24,2,145.35,269.0875
61-24:19333,SDU,0-3,46,18684.6,18236.7225
61-24:19333,SDU,12-15,32,10971.55,11427.55
61-24:19333,SDU,15-18,6,1680.55,1849.9191666666666
61-24:19333,SDU,18-21,4,754.3,875.1874999999999
61-24:19333,SDU,3-6,286,119053.04999999999,116234.08333333333
61-24:19333,SDU,6-9,229,93888.5,95645.77833333334
61-24:19333,SDU,9-12,125,48030.1,48459.769166666665
61-24:19333,VHDU,0-3,73,11450.349999999999,12226.135833333332
61-24:19333,VHDU,12-15,51,7908.749999999999,8190.4725
61-24:19333,VHDU,15-18,19,2318.0,2644.04
61-24:19333,VHDU,18-21,15,1560.85,1860.1633333333334
61-24:19333,VHDU,21-24,1,53.199999999999996,87.6375
61-24:19333,VHDU,3-6,216,38554.799999999996,36954.39833333333
61-24:19333,VHDU,6-9,217,39751.799999999996,39547.72416666667
61-24:19333,VHDU,9-12,137,23781.35,23803.45333333333
61-24:19333,VHDU,>=24,1,0.0,65.075
61-30:2773,VDU,0-3,77,8186.15,7482.4375
61-30:2773,VDU,12-15,50,3711.6499999999996,4598.6175
61-30:2773,VDU,15-18,25,1359.4499999999998,2056.94
61-30:2773,VDU,18-21,9,225.14999999999998,752.4
61-30:2773,VDU,21-24,2,5.699999999999999,114.94999999999999
61-30:2773,VDU,3-6,244,26430.899999999998,24575.17
61-30:2773,VDU,6-9,201,21372.149999999998,20394.552499999998
61-30:2773,VDU,9-12,119,10184.949999999999,11419.57
61-30:2773,VDU,>=24,1,2.8499999999999996,84.3125
61-30:2773,SDU,0-3,72,26425.199999999997,26099.1125
61-30:2773,SDU,12-15,15,3682.2,4273.780833333333
61-30:2773,SDU,15-18,1,268.84999999999997,238.07
61-30:2773,SDU,3-6,347,131104.75,129734.07416666666
61-30:2773,SDU,6-9,229,86014.9,86405.03333333333
61-30:2773,SDU,9-12,53,20066.85,20812.679166666665
61-30:2773,VHDU,0-3,118,19038.95,19093.2425
61-30:2773,VHDU,12-15,30,3095.1,3680.015
61-30:2773,VHDU,15-18,3,299.25,348.4125
61-30:2773,VHDU,18-21,4,325.85,419.4725
61-30:2773,VHDU,3-6,330,55692.799999999996,54124.017499999994
61-30:2773,VHDU,6-9,165,27803.649999999998,28014.977499999997
61-30:2773,VHDU,9-12,82,11392.4,11967.8625
61-35:11232,VDU,0-3,248,27694.399999999998,25787.3225
61-35:11232,VDU,12-15,24,938.6,2137.88
61-35:11232,VDU,15-18,5,151.99999999999997,409.54499999999996
61-35:11232,VDU,18-21,2,71.25,167.01
61-35:11232,VDU,3-6,219,24981.199999999997,23279.9875
61-35:11232,VDU,6-9,146,15090.75,15294.002499999999
61-35:11232,VDU,9-12,84,6674.7,8527.1525
61-35:11232,SDU,0-3,254,103640.25,101519.70749999999
61-35:11232,SDU,12-15,7,2086.2,2598.1549999999997
61-35:11232,SDU,15-18,1,125.39999999999999,237.5
61-35:11232,SDU,18-21,1,13.299999999999999,184.29999999999998
61-35:11232,SDU,3-6,344,137003.3,136004.32749999998
61-35:11232,SDU,6-9,98,35378.0,36825.182499999995
61-35:11232,SDU,9-12,27,8400.85,9278.127499999999
61-35:11232,VHDU,0-3,335,58499.1,57810.064999999995
61-35:11232,VHDU,12-15,12,991.8,1382.9624999999999
61-35:11232,VHDU,15-18,2,139.65,229.7575
61-35:11232,VHDU,3-6,231,41819.95,41145.64
61-35:11232,VHDU,6-9,117,19550.05,20059.629999999997
61-35:11232,VHDU,9-12,35,4829.8,5202.295
61-38:2763,VDU,0-3,179,47274.85,44083.847499999996
61-38:2763,VDU,12-15,13,1712.85,2884.6749999999997
61-38:2763,VDU,15-18,3,435.09999999999997,609.6624999999999
61-38:2763,VDU,3-6,158,40474.75,39124.05583333333
61-38:2763,VDU,6-9,95,22779.1,23268.555833333332
61-38:2763,VDU,9-12,54,9717.55,12423.403333333334
61-38:2763,SDU,0-3,151,101244.34999999999,99600.65999999999
61-38:2763,SDU,12-15,6,2849.0499999999997,3290.6099999999997
61-38:2763,SDU,15-18,1,256.5,421.79999999999995
61-38:2763,SDU,18-21,1,45.599999999999994,353.6375
61-38:2763,SDU,3-6,248,164346.19999999998,162621.5225
61-38:2763,SDU,6-9,62,37914.5,39327.53
61-38:2763,SDU,9-12,19,10526.0,11566.439999999999
61-38:2763,VHDU,0-3,213,78271.45,76805.98
61-38:2763,VHDU,12-15,5,1364.2,1574.3874999999998
61-38:2763,VHDU,15-18,2,417.04999999999995,548.5775
61-38:2763,VHDU,3-6,154,57341.049999999996,57452.104999999996
61-38:2763,VHDU,6-9,90,30521.6,30938.7925
61-38:2763,VHDU,9-12,23,6793.45,7388.9574999999995
61-40:576,VDU,0-3,242,173189.75,159973.53999999998
61-40:576,VDU,12-15,11,3623.2999999999997,6084.465
61-40:576,VDU,15-18,3,930.05,1477.6299999999999
61-40:576,VDU,3-6,278,185222.44999999998,181323.65
61-40:576,VDU,6-9,133,73206.05,82225.825
61-40:576,VDU,9-12,61,30875.0,35961.49
61-40:576,SDU,0-3,383,484819.19999999995,476468.65249999997
61-40:576,SDU,3-6,300,361774.25,365630.87
61-40:576,SDU,6-9,38,41382.0,43555.362499999996
61-40:576,SDU,9-12,11,7870.75,10191.314999999999
61-40:576,VHDU,0-3,315,271424.5,265300.42
61-40:576,VHDU,12-15,6,3002.0,3918.9874999999997
61-40:576,VHDU,3-6,302,259455.44999999998,259112.6425
61-40:576,VHDU,6-9,83,63723.149999999994,66268.3425
61-40:576,VHDU,9-12,26,15328.25,18332.9575
61-43:1658,VDU,0-3,247,342390.44999999995,329966.20749999996
61-43:1658,VDU,12-15,19,18379.649999999998,23037.69
61-43:1658,VDU,15-18,3,3041.9,4199.379999999999
61-43:1658,VDU,18-21,2,1018.4,2468.7174999999997
61-43:1658,VDU,3-6,275,367802.94999999995,367315.1725
61-43:1658,VDU,6-9,134,173466.19999999998,173610.4575
61-43:1658,VDU,9-12,48,54079.7,59581.625
61-43:1658,SDU,0-3,307,567853.95,562963.1599999999
61-43:1658,SDU,12-15,6,9349.9,10624.61
61-43:1658,SDU,18-21,2,2185.95,3130.25
61-43:1658,SDU,3-6,314,575377.0,575645.945
61-43:1658,SDU,6-9,86,150604.44999999998,151031.19
61-43:1658,SDU,9-12,17,27241.25,29217.344999999998
61-43:1658,VHDU,0-3,312,475987.05,472510.43
61-43:1658,VHDU,12-15,2,2986.8,3088.6875
61-43:1658,VHDU,3-6,274,418511.1,416494.15499999997
61-43:1658,VHDU,6-9,110,159907.8,163156.61
61-43:1658,VHDU,9-12,34,46562.35,48705.2175
61-45:1480,VDU,0-3,247,109915.0,105747.98333333332
61-45:1480,VDU,12-15,18,5522.349999999999,7055.9349999999995
61-45:1480,VDU,15-18,3,965.2,1298.3174999999999
61-45:1480,VDU,18-21,1,140.6,345.61
61-45:1480,VDU,3-6,269,116033.95,116087.7675
61-45:1480,VDU,6-9,133,54956.549999999996,55248.706666666665
61-45:1480,VDU,9-12,47,16989.8,18739.129999999997
61-45:1480,SDU,0-3,307,200336.94999999998,197636.4325
61-45:1480,SDU,12-15,6,3085.6,3560.0299999999997
61-45:1480,SDU,18-21,2,451.25,964.4875
61-45:1480,SDU,3-6,314,199115.25,199411.935
61-45:1480,SDU,6-9,86,50886.75,51576.1175
61-45:1480,SDU,9-12,17,8969.9,9696.6975
61-45:1480,VHDU,0-3,312,155178.69999999998,153617.375
61-45:1480,VHDU,12-15,2,904.4,968.05
61-45:1480,VHDU,3-6,274,135687.55,135554.5025
61-45:1480,VHDU,6-9,110,51968.799999999996,52824.322499999995
61-45:1480,VHDU,9-12,34,14883.65,15658.85
61-45:1481,VDU,0-3,247,109600.54999999999,105622.8525
61-45:1481,VDU,12-15,18,5517.599999999999,7036.745
61-45:1481,VDU,15-18,3,949.05,1292.7125
61-45:1481,VDU,18-21,1,135.85,343.71
61-45:1481,VDU,3-6,269,115841.09999999999,115967.33916666666
61-45:1481,VDU,6-9,133,54955.6,55233.53833333333
61-45:1481,VDU,9-12,46,16904.3,18407.1525
61-45:1481,SDU,0-3,307,200082.34999999998,197647.5
61-45:1481,SDU,12-15,6,3058.05,3568.865
61-45:1481,SDU,18-21,2,446.5,962.8249999999999
61-45:1481,SDU,3-6,314,199302.4,199459.57749999998
61-45:1481,SDU,6-9,86,51111.899999999994,51638.39
61-45:1481,SDU,9-12,17,9011.699999999999,9735.7425
61-45:1481,VHDU,0-3,312,154987.75,153500.145
61-45:1481,VHDU,12-15,2,916.75,977.55
61-45:1481,VHDU,3-6,274,135405.4,135353.15
61-45:1481,VHDU,6-9,110,52064.75,52817.53
61-45:1481,VHDU,9-12,34,14959.65,15685.925
612-02:399,VDU,0-3,170,2261.95,2064.6825
612-02:399,VDU,12-15,22,182.39999999999998,246.62
612-02:399,VDU,15-18,2,13.3,25.8875
612-02:399,VDU,3-6,203,2445.2999999999997,2453.4225
612-02:399,VDU,6-9,102,1159.9499999999998,1135.8516666666667
612-02:399,VDU,9-12,54,474.99999999999994,611.4358333333333
612-02:399,SDU,0-3,257,59711.299999999996,59720.61
612-02:399,SDU,12-15,2,103.55,171.57
612-02:399,SDU,3-6,270,67237.2,66262.80083333333
612-02:399,SDU,6-9,63,12825.949999999999,13572.254166666666
612-02:399,SDU,9-12,6,499.7,650.4649999999999
612-02:399,VHDU,0-3,222,10031.05,10721.209166666666
612-02:399,VHDU,12-15,8,209.0,254.17249999999999
612-02:399,VHDU,3-6,204,13107.15,12244.074999999999
612-02:399,VHDU,6-9,86,3249.0,3323.543333333333
612-02:399,VHDU,9-12,41,1261.6,1314.8
62-04:5628,VDU,0-3,63,5886.2,5336.15
62-04:5628,VDU,12-15,71,4914.349999999999,6065.655
62-04:5628,VDU,15-18,24,1566.55,1816.2099999999998
62-04:5628,VDU,18-21,7,460.75,580.1175
62-04:5628,VDU,21-24,2,77.9,170.05
62-04:5628,VDU,3-6,215,20607.399999999998,19436.2875
62-04:5628,VDU,6-9,203,18582.95,17841.5225
62-04:5628,VDU,9-12,143,11117.85,11967.957499999999
62-04:5628,SDU,0-3,109,45162.049999999996,42414.9825
62-04:5628,SDU,12-15,18,5237.349999999999,6129.0199999999995
62-04:5628,SDU,15-18,4,950.9499999999999,1196.8574999999998
62-04:5628,SDU,18-21,2,567.15,514.6624999999999
62-04:5628,SDU,21-24,1,16.15,204.725
62-04:5628,SDU,3-6,338,125396.2,124751.4825
62-04:5628,SDU,6-9,192,65496.799999999996,66526.55249999999
62-04:5628,SDU,9-12,68,22813.3,23901.6675
62-04:5628,VHDU,0-3,111,15425.15,15176.82
62-04:5628,VHDU,12-15,27,3192.0,3338.7275
62-04:5628,VHDU,15-18,12,1156.1499999999999,1382.06
62-04:5628,VHDU,18-21,6,991.8,1012.5574999999999
62-04:5628,VHDU,3-6,263,39821.15,39426.377499999995
62-04:5628,VHDU,6-9,215,30826.55,30736.395
62-04:5628,VHDU,9-12,98,12445.949999999999,12785.8125
62-05:11708,VDU,0-3,202,28869.55,26621.7075
62-05:11708,VDU,12-15,26,2588.75,3166.5874999999996
62-05:11708,VDU,15-18,2,167.2,286.9
62-05:11708,VDU,18-21,1,12.35,99.27499999999999
62-05:11708,VDU,3-6,251,32648.649999999998,32765.5
62-05:11708,VDU,6-9,123,15200.949999999999,15478.064999999999
62-05:11708,VDU,9-12,71,7263.7,8333.115
62-05:11708,SDU,0-3,327,152268.85,151384.4
62-05:11708,SDU,12-15,2,415.15,531.335
62-05:11708,SDU,3-6,328,151851.8,150803.9025
62-05:11708,SDU,6-9,68,26855.55,28318.977499999997
62-05:11708,SDU,9-12,7,2089.0499999999997,2441.785
62-05:11708,VHDU,0-3,281,58327.149999999994,57386.27
62-05:11708,VHDU,12-15,10,1544.6999999999998,1871.1674999999998
62-05:11708,VHDU,15-18,1,14.25,150.1
62-05:11708,VHDU,3-6,275,61556.2,60818.097499999996
62-05:11708,VHDU,6-9,114,21555.5,22108.7325
62-05:11708,VHDU,9-12,48,8065.5,8728.932499999999
622-00:976,VDU,0-3,229,29515.55,27469.535
622-00:976,VDU,12-15,22,1490.55,2304.035
622-00:976,VDU,15-18,10,901.55,1109.3625
622-00:976,VDU,18-21,2,43.699999999999996,197.79
622-00:976,VDU,3-6,274,32876.65,32239.864999999998
622-00:976,VDU,6-9,128,13655.3,14690.5625
622-00:976,VDU,9-12,63,6454.299999999999,6926.45
622-00:976,SDU,0-3,176,65507.25,65059.752499999995
622-00:976,SDU,12-15,4,1368.0,1697.5074999999997
622-00:976,SDU,15-18,1,230.85,224.2
622-00:976,SDU,18-21,1,29.45,180.73749999999998
622-00:976,SDU,3-6,395,152479.75,151824.25
622-00:976,SDU,6-9,134,50378.5,50634.145
622-00:976,SDU,9-12,21,6801.049999999999,7174.2575
622-00:976,VHDU,0-3,226,40568.799999999996,39980.0375
622-00:976,VHDU,12-15,10,1632.1,1611.2475
622-00:976,VHDU,21-24,1,2.8499999999999996,78.375
622-00:976,VHDU,3-6,338,62354.2,61995.384999999995
622-00:976,VHDU,6-9,104,18187.75,18738.7975
622-00:976,VHDU,9-12,29,4928.599999999999,5270.4574999999995
63-02:6367,VDU,0-3,36,9297.65,8574.795
63-02:6367,VDU,12-15,28,5681.0,6457.9574999999995
63-02:6367,VDU,15-18,15,2976.35,3469.495
63-02:6367,VDU,18-21,13,2616.2999999999997,3389.41
63-02:6367,VDU,21-24,4,667.8499999999999,869.3925
63-02:6367,VDU,3-6,119,32911.799999999996,31444.905
63-02:6367,VDU,6-9,95,24366.55,23939.43
63-02:6367,VDU,9-12,50,12165.699999999999,12731.852499999999
63-02:6367,VDU,>=24,3,1036.4499999999998,842.4125
63-02:6367,SDU,0-3,104,50336.7,48998.292499999996
63-02:6367,SDU,12-15,22,8417.949999999999,9144.699999999999
63-02:6367,SDU,15-18,5,3004.85,2059.3149999999996
63-02:6367,SDU,18-21,2,836.0,844.0749999999999
63-02:6367,SDU,3-6,132,59945.95,60476.715
63-02:6367,SDU,6-9,62,27853.05,28238.4175
63-02:6367,SDU,9-12,38,16821.649999999998,17378.3975
63-02:6367,SDU,>=24,1,190.95,267.1875
63-02:6367,VHDU,0-3,79,25446.699999999997,24896.887499999997
63-02:6367,VHDU,12-15,22,6487.55,6949.139166666666
63-02:6367,VHDU,15-18,11,2884.2,3365.47
63-02:6367,VHDU,18-21,3,944.3,957.9799999999999
63-02:6367,VHDU,21-24,3,1246.3999999999999,1123.945
63-02:6367,VHDU,3-6,123,38323.95,38701.575
63-02:6367,VHDU,6-9,81,24947.0,24441.995833333334
63-02:6367,VHDU,9-12,43,12872.5,12715.6075
63-02:6384,VDU,0-3,22,4056.5,4356.7474999999995
63-02:6384,VDU,12-15,27,4711.05,5031.01
63-02:6384,VDU,15-18,17,2987.75,3399.765
63-02:6384,VDU,18-21,11,2329.3999999999996,2296.1974999999998
63-02:6384,VDU,21-24,4,606.1,849.1099999999999
63-02:6384,VDU,3-6,74,16536.649999999998,15669.205
63-02:6384,VDU,6-9,48,9917.05,9400.5825
63-02:6384,VDU,9-12,32,6683.25,6279.6425
63-02:6384,VDU,>=24,8,755.25,1300.74
63-02:6384,SDU,0-3,67,30779.05,30254.602499999997
63-02:6384,SDU,12-15,9,3917.7999999999997,3895.475
63-02:6384,SDU,15-18,1,376.2,367.17499999999995
63-02:6384,SDU,18-21,1,197.6,207.33749999999998
63-02:6384,SDU,3-6,98,40932.65,41400.049999999996
63-02:6384,SDU,6-9,41,16362.8,16527.815
63-02:6384,SDU,9-12,27,11105.5,11019.145
63-02:6384,VHDU,0-3,51,14352.599999999999,13835.6575
63-02:6384,VHDU,12-15,10,2871.85,2712.4874999999997
63-02:6384,VHDU,15-18,8,2039.6499999999999,2064.8725
63-02:6384,VHDU,18-21,2,355.29999999999995,500.4125
63-02:6384,VHDU,21-24,3,650.75,777.5749999999999
63-02:6384,VHDU,3-6,97,24353.25,24199.92
63-02:6384,VHDU,6-9,43,11721.1,12035.074999999999
63-02:6384,VHDU,9-12,27,6967.299999999999,6999.362499999999
63-02:6384,VHDU,>=24,3,442.7,629.1374999999999
63-03:6659,VDU,0-3,63,8722.9,8352.178333333333
63-03:6659,VDU,12-15,62,8993.65,9027.390833333333
63-03:6659,VDU,15-18,43,4971.349999999999,5879.011666666666
63-03:6659,VDU,18-21,21,2085.25,2489.4116666666664
63-03:6659,VDU,21-24,17,1490.55,2300.8683333333333
63-03:6659,VDU,3-6,150,24032.149999999998,22417.767499999998
63-03:6659,VDU,6-9,112,16032.199999999999,15511.109166666665
63-03:6659,VDU,9-12,111,15872.599999999999,15562.2825
63-03:6659,VDU,>=24,15,1042.1499999999999,1702.78
63-03:6659,SDU,0-3,115,38465.5,37505.24
63-03:6659,SDU,12-15,26,8268.8,7757.605
63-03:6659,SDU,15-18,16,3636.6,4124.282499999999
63-03:6659,SDU,18-21,2,581.4,665.4749999999999
63-03:6659,SDU,21-24,2,388.54999999999995,485.6875
63-03:6659,SDU,3-6,203,65059.799999999996,64572.22833333333
63-03:6659,SDU,6-9,111,33728.799999999996,34323.183333333334
63-03:6659,SDU,9-12,76,22310.75,22984.41083333333
63-03:6659,SDU,>=24,1,219.45,241.5375
63-03:6659,VHDU,0-3,100,20256.85,19574.3225
63-03:6659,VHDU,12-15,42,7383.4,7289.8724999999995
63-03:6659,VHDU,15-18,20,3284.1499999999996,3528.2524999999996
63-03:6659,VHDU,18-21,6,1156.15,1355.2225
63-03:6659,VHDU,21-24,3,456.0,488.775
63-03:6659,VHDU,3-6,151,29103.25,28974.192499999997
63-03:6659,VHDU,6-9,115,21402.55,21650.3575
63-03:6659,VHDU,9-12,55,10781.55,10928.9425
63-03:6659,VHDU,>=24,4,685.9,719.8625
63-04:9900,VDU,0-3,130,1631.1499999999999,1370.1374999999998
63-04:9900,VDU,12-15,9,101.64999999999999,119.32
63-04:9900,VDU,15-18,4,5.699999999999999,22.229999999999997
63-04:9900,VDU,3-6,125,1165.6499999999999,1367.0341666666666
63-04:9900,VDU,6-9,34,316.34999999999997,314.8616666666666
63-04:9900,VDU,9-12,20,133.95,160.86666666666665
63-04:9900,SDU,0-3,65,8253.6,8053.339999999999
63-04:9900,SDU,12-15,2,118.75,158.8875
63-04:9900,SDU,3-6,49,5575.55,5530.5199999999995
63-04:9900,SDU,6-9,6,367.65,497.75249999999994
63-04:9900,SDU,9-12,4,332.5,407.54999999999995
63-04:9900,VHDU,0-3,140,5547.05,5363.430833333333
63-04:9900,VHDU,12-15,5,53.2,107.1125
63-04:9900,VHDU,15-18,4,38.95,59.375
63-04:9900,VHDU,3-6,80,3047.6,2969.810833333333
63-04:9900,VHDU,6-9,33,1077.3,1232.8308333333332
63-04:9900,VHDU,9-12,8,338.2,369.73999999999995
643-02:256,VDU,0-3,169,15992.3,14098.554166666667
643-02:256,VDU,12-15,42,2197.35,3202.8775
643-02:256,VDU,15-18,20,986.0999999999999,1446.1216666666667
643-02:256,VDU,18-21,2,14.25,126.1125
643-02:256,VDU,21-24,1,3.8,59.66
643-02:256,VDU,3-6,176,16382.75,15246.3125
643-02:256,VDU,6-9,145,12139.099999999999,12228.574166666665
643-02:256,VDU,9-12,75,4659.75,5967.1875
643-02:256,SDU,0-3,117,39512.4,38226.2425
643-02:256,SDU,12-15,5,925.3,1260.6499999999999
643-02:256,SDU,15-18,5,1143.8,1637.99
643-02:256,SDU,3-6,273,101449.54999999999,98813.63249999999
643-02:256,SDU,6-9,167,55831.5,57897.322499999995
643-02:256,SDU,9-12,43,13648.65,14675.3625
643-02:256,VHDU,0-3,209,25591.1,25397.68
643-02:256,VHDU,12-15,24,1858.1999999999998,2288.2174999999997
643-02:256,VHDU,15-18,6,449.34999999999997,575.035
643-02:256,VHDU,18-21,1,0.0,63.175
643-02:256,VHDU,3-6,212,30400.0,29453.895
643-02:256,VHDU,6-9,155,19666.899999999998,19679.4875
643-02:256,VHDU,9-12,39,4273.099999999999,4781.16
65-01:994,VDU,0-3,24,4740.5,4392.23
65-01:994,VDU,12-15,106,18097.5,19188.004999999997
65-01:994,VDU,15-18,60,9557.949999999999,10357.2325
65-01:994,VDU,18-21,33,4606.55,5640.197499999999
65-01:994,VDU,21-24,9,1190.35,1641.22
65-01:994,VDU,3-6,136,26941.05,25362.815
65-01:994,VDU,6-9,183,36162.7,34860.2975
65-01:994,VDU,9-12,168,33275.65,32585.047499999997
65-01:994,VDU,>=24,8,896.8,1283.355
65-01:994,SDU,0-3,102,38399.0,37429.43
65-01:994,SDU,12-15,36,11242.3,11537.322499999998
65-01:994,SDU,15-18,9,2154.6,2442.165
65-01:994,SDU,18-21,6,1058.3,1459.9125
65-01:994,SDU,21-24,2,446.5,560.5
65-01:994,SDU,3-6,199,71537.84999999999,70139.4975
65-01:994,SDU,6-9,165,57968.049999999996,58230.2975
65-01:994,SDU,9-12,124,42161.95,43169.424999999996
65-01:994,VHDU,0-3,53,12540.0,12442.814999999999
65-01:994,VHDU,12-15,87,18927.8,19182.305
65-01:994,VHDU,15-18,31,6589.2,6718.59
65-01:994,VHDU,18-21,15,2867.1,3170.1025
65-01:994,VHDU,21-24,6,901.55,1197.9975
65-01:994,VHDU,3-6,192,46062.649999999994,45846.335
65-01:994,VHDU,6-9,195,46857.799999999996,45985.985
65-01:994,VHDU,9-12,150,33803.85,34023.869999999995
65-01:994,VHDU,>=24,3,745.75,727.6999999999999
68-01:3361,VDU,0-3,119,16188.0,16145.154999999999
68-01:3361,VDU,12-15,57,6331.75,6836.485
68-01:3361,VDU,15-18,19,2648.6,2506.0525
68-01:3361,VDU,18-21,3,171.95,294.30999999999995
68-01:3361,VDU,21-24,1,120.64999999999999,135.28
68-01:3361,VDU,3-6,248,32285.75,31925.699999999997
68-01:3361,VDU,6-9,176,24453.949999999997,23385.4375
68-01:3361,VDU,9-12,104,12386.099999999999,13302.47
68-01:3361,VDU,>=24,1,24.7,80.55999999999999
68-01:3361,SDU,0-3,79,38979.45,38302.432499999995
68-01:3361,SDU,12-15,34,14649.0,15324.164999999999
68-01:3361,SDU,15-18,3,1572.25,1942.3224999999998
68-01:3361,SDU,18-21,1,635.55,698.06
68-01:3361,SDU,3-6,278,141803.65,141795.005
68-01:3361,SDU,6-9,208,108121.4,106997.9775
68-01:3361,SDU,9-12,129,65540.5,66241.8375
68-01:3361,VHDU,0-3,136,27962.3,28015.594999999998
68-01:3361,VHDU,12-15,28,5635.4,5968.849999999999
68-01:3361,VHDU,15-18,6,597.55,786.125
68-01:3361,VHDU,3-6,254,55481.899999999994,55314.0825
68-01:3361,VHDU,6-9,189,41031.45,41556.6575
68-01:3361,VHDU,9-12,119,26755.8,25823.09
68-07:12550,VDU,0-3,74,1312.8999999999999,1357.2175
68-07:12550,VDU,12-15,78,1586.5,1395.36
68-07:12550,VDU,15-18,36,952.8499999999999,691.6474999999999
68-07:12550,VDU,18-21,20,304.0,354.4291666666667
68-07:12550,VDU,21-24,6,72.19999999999999,74.6225
68-07:12550,VDU,3-6,183,2890.85,3087.6425
68-07:12550,VDU,6-9,188,3186.2999999999997,3302.358333333333
68-07:12550,VDU,9-12,135,2417.75,2453.47
68-07:12550,VDU,>=24,2,14.249999999999998,20.8525
68-07:12550,SDU,0-3,108,15995.15,15676.234999999999
68-07:12550,SDU,12-15,25,2618.2,2953.74
68-07:12550,SDU,15-18,6,435.09999999999997,542.2125
68-07:12550,SDU,21-24,1,15.2,93.33749999999999
68-07:12550,SDU,3-6,248,36669.049999999996,35786.70583333333
68-07:12550,SDU,6-9,230,33451.4,33665.5775
68-07:12550,SDU,9-12,113,16126.25,16592.541666666664
68-07:12550,VHDU,0-3,96,3225.25,3620.2441666666664
68-07:12550,VHDU,12-15,46,2557.3999999999996,2036.7841666666666
68-07:12550,VHDU,15-18,18,484.5,584.8675
68-07:12550,VHDU,18-21,3,67.45,82.4125
68-07:12550,VHDU,21-24,1,21.849999999999998,21.849999999999998
68-07:12550,VHDU,3-6,230,9470.55,9103.691666666666
68-07:12550,VHDU,6-9,209,9014.55,9256.609999999999
68-07:12550,VHDU,9-12,122,4782.3,4903.615
68-07:12550,VHDU,>=24,1,0.0,13.774999999999999
68-10:13163,VDU,0-3,117,9763.15,9264.922499999999
68-10:13163,VDU,12-15,26,1612.1499999999999,1901.5674999999999
68-10:13163,VDU,15-18,9,513.0,665.38
68-10:13163,VDU,3-6,130,10383.5,9989.3925
68-10:13163,VDU,6-9,91,7169.65,7190.8825
68-10:13163,VDU,9-12,48,3400.0499999999997,3829.355
68-10:13163,SDU,0-3,76,18476.55,18198.3425
68-10:13163,SDU,12-15,4,694.4499999999999,872.5749999999999
68-10:13163,SDU,15-18,4,719.15,879.6524999999999
68-10:13163,SDU,3-6,181,46393.25,45388.65666666666
68-10:13163,SDU,6-9,107,25704.149999999998,26429.031666666666
68-10:13163,SDU,9-12,29,6325.099999999999,6544.391666666666
68-10:13163,VHDU,0-3,133,15425.15,15288.286666666667
68-10:13163,VHDU,12-15,16,1401.25,1601.7475
68-10:13163,VHDU,15-18,4,337.25,390.73499999999996
68-10:13163,VHDU,3-6,145,18492.7,18585.214166666665
68-10:13163,VHDU,6-9,119,13756.949999999999,14152.213333333333
68-10:13163,VHDU,9-12,32,4489.7,3884.8033333333333
711-01:9376,VDU,0-3,153,7152.549999999999,6451.45
711-01:9376,VDU,12-15,25,792.3,870.865
711-01:9376,VDU,15-18,15,299.25,548.1025
711-01:9376,VDU,18-21,6,92.14999999999999,166.48749999999998
711-01:9376,VDU,21-24,1,13.299999999999999,28.974999999999998
711-01:9376,VDU,3-6,151,6873.25,6752.742499999999
711-01:9376,VDU,6-9,107,4794.65,4924.135
711-01:9376,VDU,9-12,58,2173.6,2448.2925
711-01:9376,SDU,0-3,151,33750.65,33185.305
711-01:9376,SDU,12-15,4,648.85,728.745
711-01:9376,SDU,15-18,1,80.75,168.86249999999998
711-01:9376,SDU,3-6,232,48422.45,48216.47416666667
711-01:9376,SDU,6-9,93,18758.7,19069.7775
711-01:9376,SDU,9-12,20,3365.85,3658.085833333333
711-01:9376,VHDU,0-3,120,9329.949999999999,9205.959166666666
711-01:9376,VHDU,12-15,14,908.1999999999999,1196.715
711-01:9376,VHDU,15-18,4,196.65,241.20499999999998
711-01:9376,VHDU,3-6,155,12870.599999999999,12530.135833333332
711-01:9376,VHDU,6-9,84,7371.049999999999,7245.950833333333
711-01:9376,VHDU,9-12,45,3036.2,3292.6841666666664
711-07:10074,VDU,0-3,198,8712.449999999999,7917.3949999999995
711-07:10074,VDU,12-15,36,1253.05,1434.0725
711-07:10074,VDU,15-18,18,437.95,673.55
711-07:10074,VDU,18-21,8,154.85,281.485
711-07:10074,VDU,21-24,1,12.35,31.825
711-07:10074,VDU,3-6,191,8445.5,8183.775
711-07:10074,VDU,6-9,130,5483.4,5682.662499999999
711-07:10074,VDU,9-12,79,2902.25,3130.4874999999997
711-07:10074,VDU,>=24,2,0.95,67.49749999999999
711-07:10074,SDU,0-3,193,34661.7,33878.615
711-07:10074,SDU,12-15,6,973.7499999999999,1038.2549999999999
711-07:10074,SDU,15-18,1,94.05,137.275
711-07:10074,SDU,3-6,347,59924.1,59529.88166666667
711-07:10074,SDU,6-9,149,24928.0,25771.42583333333
711-07:10074,SDU,9-12,29,4342.45,4568.5975
711-07:10074,VHDU,0-3,210,16126.25,16404.98
711-07:10074,VHDU,12-15,18,1311.9499999999998,1472.7058333333332
711-07:10074,VHDU,15-18,6,342.0,412.775
711-07:10074,VHDU,18-21,1,36.1,53.4375
711-07:10074,VHDU,3-6,248,20607.399999999998,20463.886666666665
711-07:10074,VHDU,6-9,163,13908.0,13404.119999999999
711-07:10074,VHDU,9-12,62,4403.25,4523.045
716-01:113,VDU,0-3,219,7075.599999999999,6432.45
716-01:113,VDU,12-15,39,902.5,1084.5674999999999
716-01:113,VDU,15-18,20,390.45,605.8149999999999
716-01:113,VDU,18-21,8,105.45,206.815
716-01:113,VDU,21-24,1,6.6499999999999995,21.375
716-01:113,VDU,3-6,209,6962.549999999999,6825.37
716-01:113,VDU,6-9,145,5559.4,5435.9
716-01:113,VDU,9-12,85,2167.9,2526.24
716-01:113,VDU,>=24,2,0.95,32.9175
716-01:113,SDU,0-3,190,53246.549999999996,52187.64833333333
716-01:113,SDU,12-15,6,1452.55,1581.2275
716-01:113,SDU,15-18,1,193.79999999999998,242.725
716-01:113,SDU,3-6,330,87284.09999999999,86359.8925
716-01:113,SDU,6-9,150,37865.1,39132.36833333333
716-01:113,SDU,9-12,28,5768.4,6306.638333333333
716-01:113,VHDU,0-3,219,18553.5,19405.729166666664
716-01:113,VHDU,12-15,16,1304.35,1390.2616666666665
716-01:113,VHDU,15-18,6,343.9,463.9325
716-01:113,VHDU,18-21,1,15.2,55.574999999999996
716-01:113,VHDU,3-6,250,23972.3,23563.641666666666
716-01:113,VHDU,6-9,162,16017.0,15176.123333333333
716-01:113,VHDU,9-12,63,5039.75,5190.736666666667
724-01:1102,VDU,0-3,109,8918.6,8556.6975
724-01:1102,VDU,12-15,47,3799.0499999999997,3917.1825
724-01:1102,VDU,15-18,34,2364.5499999999997,2569.9874999999997
724-01:1102,VDU,18-21,14,936.6999999999999,984.39
724-01:1102,VDU,21-24,6,561.4499999999999,603.7249999999999
724-01:1102,VDU,3-6,211,16385.6,15876.494999999999
724-01:1102,VDU,6-9,185,13337.05,13584.002499999999
724-01:1102,VDU,9-12,118,8941.4,8961.5875
724-01:1102,VDU,>=24,4,133.0,323.3325
724-01:1102,SDU,0-3,141,21141.3,20553.8675
724-01:1102,SDU,12-15,21,2945.95,2975.5425
724-01:1102,SDU,15-18,7,900.6,940.8325
724-01:1102,SDU,18-21,1,45.599999999999994,125.875
724-01:1102,SDU,3-6,268,39748.95,39178.53833333333
724-01:1102,SDU,6-9,173,24442.55,24879.36
724-01:1102,SDU,9-12,80,10734.05,11304.984166666665
724-01:1102,VHDU,0-3,148,15241.8,14977.082499999999
724-01:1102,VHDU,12-15,35,3415.25,3457.0975
724-01:1102,VHDU,15-18,14,1443.05,1395.2175
724-01:1102,VHDU,18-21,6,423.7,442.225
724-01:1102,VHDU,21-24,1,52.25,57.2375
724-01:1102,VHDU,3-6,231,24033.1,23746.96
724-01:1102,VHDU,6-9,169,16501.5,16683.789166666666
724-01:1102,VHDU,9-12,99,9503.8,9828.953333333333
724-01:1102,VHDU,>=24,1,3.8,26.8375
73-00:7410,VDU,0-3,4,2434.85,2151.4175
73-00:7410,VDU,12-15,1,435.09999999999997,612.75
73-00:7410,VDU,15-18,1,231.79999999999998,501.21999999999997
73-00:7410,VDU,3-6,9,5871.95,5184.0075
73-00:7410,VDU,6-9,14,8269.75,8330.6925
73-00:7410,VDU,9-12,2,565.25,1028.6125
73-00:7410,VHDU,0-3,11,8664.949999999999,8305.6125
73-00:7410,VHDU,12-15,3,1596.0,1596.9975
73-00:7410,VHDU,3-6,17,11985.2,11587.387499999999
73-00:7410,VHDU,6-9,20,12679.65,12706.25
73-00:7410,VHDU,9-12,6,3032.3999999999996,3761.9525
73-01:7,VDU,0-3,4,758.0999999999999,692.5024999999999
73-01:7,VDU,12-15,1,105.44999999999999,180.31
73-01:7,VDU,15-18,1,84.55,165.29999999999998
73-01:7,VDU,3-6,9,1868.6499999999999,1676.4174999999998
73-01:7,VDU,6-9,14,2711.2999999999997,2672.2075
73-01:7,VDU,9-12,2,194.75,336.0625
73-01:7,VHDU,0-3,11,3203.4,3106.2625
73-01:7,VHDU,12-15,3,635.55,579.5633333333333
73-01:7,VHDU,3-6,17,4541.0,4365.63
73-01:7,VHDU,6-9,20,4677.8,4730.350833333333
73-01:7,VHDU,9-12,6,1085.85,1361.7933333333333
73-01:8,VDU,0-3,4,811.3,703.7125
73-01:8,VDU,12-15,1,119.69999999999999,211.47
73-01:8,VDU,15-18,1,78.85,199.68999999999997
73-01:8,VDU,3-6,9,2094.75,1833.8324999999998
73-01:8,VDU,6-9,14,2850.95,2845.8199999999997
73-01:8,VDU,9-12,2,200.45,361.475
73-01:8,VHDU,0-3,11,2886.1,2754.0499999999997
73-01:8,VHDU,12-15,3,515.8499999999999,525.0966666666666
73-01:8,VHDU,3-6,17,4075.5,3966.6775
73-01:8,VHDU,6-9,20,4340.55,4298.781666666666
73-01:8,VHDU,9-12,6,975.65,1249.0441666666666
73-02:2525,VDU,0-3,60,21843.35,19036.052499999998
73-02:2525,VDU,12-15,31,6678.5,9163.699999999999
73-02:2525,VDU,15-18,13,1488.6499999999999,3561.6925
73-02:2525,VDU,18-21,6,547.1999999999999,1394.6
73-02:2525,VDU,21-24,1,0.95,215.4125
73-02:2525,VDU,3-6,111,37297.95,33975.705
73-02:2525,VDU,6-9,90,29209.649999999998,28339.0225
73-02:2525,VDU,9-12,52,14430.5,15810.564999999999
73-02:2525,SDU,0-3,75,51987.799999999996,51968.0875
73-02:2525,SDU,12-15,2,1613.1,1757.7374999999997
73-02:2525,SDU,15-18,3,1497.2,1642.7875
73-02:2525,SDU,3-6,186,140282.69999999998,136437.195
73-02:2525,SDU,6-9,75,53498.299999999996,55157.854999999996
73-02:2525,SDU,9-12,25,16299.15,18214.587499999998
73-02:2525,VHDU,0-3,97,45611.4,44441.0475
73-02:2525,VHDU,12-15,19,6702.25,7692.4825
73-02:2525,VHDU,15-18,8,2305.65,2820.3125
73-02:2525,VHDU,18-21,1,7.6,368.59999999999997
73-02:2525,VHDU,3-6,144,70441.55,69085.9475
73-02:2525,VHDU,6-9,69,32536.55,32484.8225
73-02:2525,VHDU,9-12,28,12537.15,13248.9375
731-03:4863,VDU,0-3,97,5386.5,5005.5025
731-03:4863,VDU,12-15,65,2888.0,3180.4891666666667
731-03:4863,VDU,15-18,22,706.8,1021.8675
731-03:4863,VDU,18-21,8,185.24999999999997,395.77
731-03:4863,VDU,21-24,2,34.199999999999996,87.02000000000001
731-03:4863,VDU,3-6,173,9500.949999999999,9159.646666666666
731-03:4863,VDU,6-9,173,9937.0,9521.169166666667
731-03:4863,VDU,9-12,102,5169.9,5404.455
731-03:4863,VDU,>=24,1,6.6499999999999995,39.33
731-03:4863,SDU,0-3,88,16908.1,16370.685
731-03:4863,SDU,12-15,10,1487.6999999999998,1673.1875
731-03:4863,SDU,15-18,2,120.64999999999999,242.25
731-03:4863,SDU,3-6,388,70603.05,70309.32583333334
731-03:4863,SDU,6-9,170,29720.75,29858.785
731-03:4863,SDU,9-12,60,9192.199999999999,9578.216666666667
731-03:4863,VHDU,0-3,94,7043.299999999999,7017.6025
731-03:4863,VHDU,12-15,28,1686.25,1941.4675
731-03:4863,VHDU,15-18,7,372.4,533.33
731-03:4863,VHDU,18-21,1,50.349999999999994,65.7875
731-03:4863,VHDU,3-6,281,21565.0,21154.394166666665
731-03:4863,VHDU,6-9,145,10564.0,10691.743333333334
731-03:4863,VHDU,9-12,65,4582.8,4459.775
74-02:9,VDU,0-3,4,1239.75,1134.0625
74-02:9,VDU,12-15,1,320.15,331.36
74-02:9,VDU,15-18,1,132.04999999999998,205.01
74-02:9,VDU,3-6,9,2653.35,2409.105
74-02:9,VDU,6-9,14,4014.7,4102.8125
74-02:9,VDU,9-12,2,333.45,511.09999999999997
74-02:9,VHDU,0-3,5,1848.6999999999998,1768.8999999999999
74-02:9,VHDU,12-15,3,829.35,773.68
74-02:9,VHDU,3-6,13,3981.45,3881.2724999999996
74-02:9,VHDU,6-9,20,5890.95,5741.134999999999
74-02:9,VHDU,9-12,4,788.5,1173.9624999999999
740-01:1214,VDU,0-3,57,16618.35,15598.05
740-01:1214,VDU,12-15,24,7396.7,8467.92
740-01:1214,VDU,15-18,10,2223.0,2829.575
740-01:1214,VDU,18-21,4,630.8,1326.485
740-01:1214,VDU,21-24,1,68.39999999999999,384.75
740-01:1214,VDU,3-6,109,31947.55,29519.539999999997
740-01:1214,VDU,6-9,103,30892.1,30246.195
740-01:1214,VDU,9-12,56,14805.75,16210.135
740-01:1214,SDU,0-3,79,62592.649999999994,62171.4675
740-01:1214,SDU,12-15,8,6464.75,6555.0
740-01:1214,SDU,15-18,3,1412.6499999999999,1656.4199999999998
740-01:1214,SDU,3-6,138,99934.3,96652.81
740-01:1214,SDU,6-9,106,74380.25,75854.45999999999
740-01:1214,SDU,9-12,32,18584.85,20479.2925
740-01:1214,VHDU,0-3,91,32229.699999999997,31795.5975
740-01:1214,VHDU,12-15,20,7437.55,8894.279999999999
740-01:1214,VHDU,15-18,5,1658.7,1998.5624999999998
740-01:1214,VHDU,18-21,4,644.1,728.8874999999999
740-01:1214,VHDU,21-24,1,10.45,39.6625
740-01:1214,VHDU,3-6,121,51164.149999999994,49925.729999999996
740-01:1214,VHDU,6-9,81,31471.6,31419.017499999998
740-01:1214,VHDU,9-12,42,16236.449999999999,16050.9625
748-01:1547,VDU,0-3,135,8062.65,7814.509999999999
748-01:1547,VDU,12-15,29,1442.1,1661.9775
748-01:1547,VDU,15-18,19,787.55,1047.0425
748-01:1547,VDU,18-21,5,213.75,240.30249999999998
748-01:1547,VDU,3-6,127,7911.599999999999,7528.275
748-01:1547,VDU,6-9,97,5660.099999999999,5614.2625
748-01:1547,VDU,9-12,73,4107.8,4279.18
748-01:1547,SDU,0-3,53,7910.65,8186.862499999999
748-01:1547,SDU,12-15,6,593.75,826.7375
748-01:1547,SDU,15-18,2,249.84999999999997,232.0375
748-01:1547,SDU,3-6,191,30146.35,28998.227499999997
748-01:1547,SDU,6-9,98,14323.15,14724.0975
748-01:1547,SDU,9-12,49,6903.65,7159.4375
748-01:1547,VHDU,0-3,107,8967.05,8746.143333333333
748-01:1547,VHDU,12-15,10,631.75,712.2624999999999
748-01:1547,VHDU,15-18,6,386.65,454.0525
748-01:1547,VHDU,18-21,1,39.9,56.762499999999996
748-01:1547,VHDU,3-6,173,15390.949999999999,15135.035833333333
748-01:1547,VHDU,6-9,128,11251.8,11494.8575
748-01:1547,VHDU,9-12,54,4359.55,4428.535833333333
75-03:3350,VDU,0-3,185,123486.7,122088.63249999999
75-03:3350,VDU,12-15,36,20106.75,22834.817499999997
75-03:3350,VDU,15-18,22,9709.0,12611.582499999999
75-03:3350,VDU,18-21,5,2627.7,3090.270833333333
75-03:3350,VDU,21-24,1,178.6,286.425
75-03:3350,VDU,3-6,181,121769.09999999999,117924.70333333332
75-03:3350,VDU,6-9,137,89705.65,88192.98083333333
75-03:3350,VDU,9-12,97,63554.049999999996,64108.1375
75-03:3350,SDU,0-3,99,91780.45,93375.91166666667
75-03:3350,SDU,12-15,11,9650.1,10861.0175
75-03:3350,SDU,15-18,3,3208.1499999999996,3200.075
75-03:3350,SDU,3-6,319,327126.8,322166.08999999997
75-03:3350,SDU,6-9,181,175502.05,176030.09166666667
75-03:3350,SDU,9-12,76,72484.05,74118.41416666667
75-03:3350,VHDU,0-3,183,136487.44999999998,136872.40583333332
75-03:3350,VHDU,12-15,16,11813.25,12919.145
75-03:3350,VHDU,15-18,10,5681.0,6411.74
75-03:3350,VHDU,18-21,1,726.75,703.475
75-03:3350,VHDU,3-6,258,203161.3,201935.00833333333
75-03:3350,VHDU,6-9,181,140060.4,138873.73916666667
75-03:3350,VHDU,9-12,72,54466.35,54680.986666666664
752-01:650,VDU,0-3,191,57481.649999999994,56161.3875
752-01:650,VDU,12-15,24,5752.25,6416.775
752-01:650,VDU,15-18,11,2493.75,2912.7475
752-01:650,VDU,18-21,2,582.35,649.0875
752-01:650,VDU,3-6,194,56385.35,55192.435
752-01:650,VDU,6-9,155,44340.299999999996,44359.5375
752-01:650,VDU,9-12,70,18098.45,19269.4675
752-01:650,VDU,>=24,1,59.849999999999994,232.5125
752-01:650,SDU,0-3,149,93898.95,92760.29583333332
752-01:650,SDU,12-15,7,3687.9,4482.4325
752-01:650,SDU,3-6,340,225486.3,221228.93833333332
752-01:650,SDU,6-9,110,66076.3,68235.76083333333
752-01:650,SDU,9-12,43,23024.199999999997,25466.2225
752-01:650,VHDU,0-3,176,67210.59999999999,66400.89916666667
752-01:650,VHDU,12-15,12,4745.25,4864.19
752-01:650,VHDU,15-18,4,761.9,1089.0166666666667
752-01:650,VHDU,3-6,258,100958.4,102227.91666666666
752-01:650,VHDU,6-9,104,41523.549999999996,40301.96083333333
752-01:650,VHDU,9-12,43,15196.199999999999,15511.916666666666
76-01:254,VDU,0-3,211,36858.1,36133.5825
76-01:254,VDU,12-15,27,3976.7,4294.8075
76-01:254,VDU,15-18,12,1561.8,1799.11
76-01:254,VDU,18-21,2,269.79999999999995,342.23749999999995
76-01:254,VDU,3-6,218,37445.2,36264.825
76-01:254,VDU,6-9,179,29706.5,30138.844999999998
76-01:254,VDU,9-12,77,11545.35,12265.592499999999
76-01:254,VDU,>=24,1,20.9,145.35
76-01:254,SDU,0-3,161,59479.5,59683.401666666665
76-01:254,SDU,12-15,7,2085.25,2516.5024999999996
76-01:254,SDU,3-6,388,151266.6,149684.13749999998
76-01:254,SDU,6-9,124,47063.95,47459.10249999999
76-01:254,SDU,9-12,47,16450.2,17002.35583333333
76-01:254,VHDU,0-3,200,43771.25,43959.144166666665
76-01:254,VHDU,12-15,15,3406.7,3469.21
76-01:254,VHDU,15-18,4,380.0,644.1475
76-01:254,VHDU,3-6,322,73193.7,73411.64583333333
76-01:254,VHDU,6-9,132,29812.899999999998,29190.1275
76-01:254,VHDU,9-12,53,11458.9,11349.175
76-09:9481,VDU,0-3,185,24345.649999999998,22414.711666666666
76-09:9481,VDU,12-15,58,5405.5,6317.088333333333
76-09:9481,VDU,15-18,29,2070.0499999999997,2981.1
76-09:9481,VDU,18-21,15,822.6999999999999,1511.07
76-09:9481,VDU,3-6,143,18354.0,16761.5625
76-09:9481,VDU,6-9,157,17964.5,18149.860833333332
76-09:9481,VDU,9-12,107,11215.699999999999,12091.916666666666
76-09:9481,VDU,>=24,1,136.79999999999998,87.59
76-09:9481,SDU,0-3,273,125926.29999999999,122981.965
76-09:9481,SDU,12-15,15,5551.799999999999,5906.7675
76-09:9481,SDU,15-18,5,1658.6999999999998,1828.2749999999999
76-09:9481,SDU,18-21,1,203.29999999999998,299.9625
76-09:9481,SDU,3-6,250,111826.4,111843.75333333333
76-09:9481,SDU,6-9,87,36799.2,37684.125
76-09:9481,SDU,9-12,34,11640.35,13061.201666666666
76-09:9481,VHDU,0-3,293,60292.7,60697.2575
76-09:9481,VHDU,12-15,22,3639.45,3959.6
76-09:9481,VHDU,15-18,10,4197.1,2174.17
76-09:9481,VHDU,18-21,6,447.45,688.0058333333333
76-09:9481,VHDU,3-6,215,43775.049999999996,44066.2725
76-09:9481,VHDU,6-9,120,23346.25,23756.475833333334
76-09:9481,VHDU,9-12,50,9430.65,9786.868333333332
76-15:3533,VDU,0-3,114,60577.7,57657.9225
76-15:3533,VDU,12-15,22,7657.95,9694.18
76-15:3533,VDU,15-18,3,703.0,1338.1225
76-15:3533,VDU,3-6,121,66329.0,65355.29749999999
76-15:3533,VDU,6-9,59,31523.85,30936.559999999998
76-15:3533,VDU,9-12,44,20110.55,21919.9675
76-15:3533,SDU,0-3,161,135557.4,134616.5675
76-15:3533,SDU,12-15,3,1757.5,2200.4375
76-15:3533,SDU,3-6,196,175370.0,175715.51499999998
76-15:3533,SDU,6-9,39,30036.149999999998,30059.805
76-15:3533,SDU,9-12,7,5311.45,5440.175
76-15:3533,VHDU,0-3,161,106162.5,102311.75416666667
76-15:3533,VHDU,12-15,6,2262.8999999999996,2871.2325
76-15:3533,VHDU,3-6,141,86065.25,86620.4775
76-15:3533,VHDU,6-9,60,33795.299999999996,34995.181666666664
76-15:3533,VHDU,9-12,22,11048.5,12535.804166666667
76-15:6085,VDU,0-3,249,137787.05,131174.1475
76-15:6085,VDU,12-15,50,19945.25,23962.23
76-15:6085,VDU,15-18,7,2063.4,3169.7225
76-15:6085,VDU,21-24,1,80.75,373.72999999999996
76-15:6085,VDU,3-6,216,118729.09999999999,116920.68
76-15:6085,VDU,6-9,124,65131.049999999996,65175.41499999999
76-15:6085,VDU,9-12,81,39034.549999999996,41995.225
76-15:6085,SDU,0-3,326,300968.55,298875.46249999997
76-15:6085,SDU,12-15,5,3065.6499999999996,3819.4749999999995
76-15:6085,SDU,3-6,304,288809.5,288933.90249999997
76-15:6085,SDU,6-9,79,71213.9,71424.98999999999
76-15:6085,SDU,9-12,18,14453.3,15457.07
76-15:6085,VHDU,0-3,346,224000.5,220717.585
76-15:6085,VHDU,12-15,13,5014.1,6512.915
76-15:6085,VHDU,15-18,3,1362.3,1383.4375
76-15:6085,VHDU,3-6,232,147364.0,147016.11
76-15:6085,VHDU,6-9,95,56086.1,57364.9425
76-15:6085,VHDU,9-12,43,24125.25,24957.26
76-15:837,VDU,0-3,181,102133.55,96458.77249999999
76-15:837,VDU,12-15,12,3705.0,5051.1025
76-15:837,VDU,15-18,2,590.9,1045.9499999999998
76-15:837,VDU,3-6,164,87710.65,86524.09999999999
76-15:837,VDU,6-9,96,49576.7,50332.615
76-15:837,VDU,9-12,61,25953.05,30257.309999999998
76-15:837,SDU,0-3,288,275958.85,272862.89499999996
76-15:837,SDU,12-15,1,423.7,630.5625
76-15:837,SDU,3-6,154,142858.15,144377.8175
76-15:837,SDU,6-9,37,33135.049999999996,33712.65
76-15:837,SDU,9-12,8,5768.4,6560.224999999999
76-15:837,VHDU,0-3,228,152360.05,150011.15916666665
76-15:837,VHDU,12-15,4,1707.1499999999999,1961.6549999999997
76-15:837,VHDU,15-18,1,417.04999999999995,491.15
76-15:837,VHDU,3-6,171,112137.04999999999,112100.72833333333
76-15:837,VHDU,6-9,54,31305.35,32490.949999999997
76-15:837,VHDU,9-12,28,15954.3,16825.3075
76-15:9870,VDU,0-3,206,107529.54999999999,101125.7425
76-15:9870,VDU,12-15,49,16923.3,21769.4875
76-15:9870,VDU,15-18,7,1395.55,2817.9375
76-15:9870,VDU,21-24,1,66.5,361.19
76-15:9870,VDU,3-6,185,97932.65,95416.41666666666
76-15:9870,VDU,6-9,107,52481.799999999996,51893.0375
76-15:9870,VDU,9-12,71,31369.949999999997,34315.488333333335
76-15:9870,SDU,0-3,217,192635.3,191387.7125
76-15:9870,SDU,12-15,3,1717.6,2151.0375
76-15:9870,SDU,3-6,233,215178.8,215004.5225
76-15:9870,SDU,6-9,57,48916.45,49733.735
76-15:9870,SDU,9-12,7,5700.0,5871.1425
76-15:9870,VHDU,0-3,256,162000.65,158712.9375
76-15:9870,VHDU,12-15,8,2767.35,3748.13
76-15:9870,VHDU,15-18,3,782.8,1207.6875
76-15:9870,VHDU,3-6,174,106200.5,106298.8725
76-15:9870,VHDU,6-9,75,43340.9,43997.255
76-15:9870,VHDU,9-12,33,16666.8,17794.1175
816-01:370,VDU,0-3,61,16069.25,15361.9275
816-01:370,VDU,12-15,4,836.9499999999999,1034.2649999999999
816-01:370,VDU,3-6,49,11716.35,12056.449999999999
816-01:370,VDU,6-9,25,6394.45,6411.264999999999
816-01:370,VDU,9-12,14,3227.15,3380.2425
816-01:370,SDU,0-3,57,21079.55,20457.727499999997
816-01:370,SDU,12-15,2,779.95,722.0
816-01:370,SDU,3-6,74,27203.25,27253.6
816-01:370,SDU,6-9,23,8168.099999999999,8663.335
816-01:370,SDU,9-12,9,3089.3999999999996,3223.5874999999996
816-01:370,VHDU,0-3,94,30664.1,30223.331666666665
816-01:370,VHDU,12-15,8,2522.25,2455.5125
816-01:370,VHDU,15-18,2,616.55,607.2874999999999
816-01:370,VHDU,3-6,64,20091.55,20403.815
816-01:370,VHDU,6-9,27,8120.599999999999,8259.790833333333
816-01:370,VHDU,9-12,11,3229.05,3294.3624999999997
82-01:3939,VDU,0-3,247,304894.89999999997,290745.315
82-01:3939,VDU,12-15,36,32764.55,40122.299999999996
82-01:3939,VDU,15-18,5,4026.1,5022.7925
82-01:3939,VDU,18-21,2,1269.1999999999998,2002.8374999999999
82-01:3939,VDU,3-6,226,268946.89999999997,261918.03999999998
82-01:3939,VDU,6-9,138,154048.19999999998,158201.8375
82-01:3939,VDU,9-12,74,73444.5,81381.2275
82-01:3939,SDU,0-3,262,594388.4,587808.4625
82-01:3939,SDU,12-15,9,19042.75,18803.065
82-01:3939,SDU,18-21,1,2128.0,2122.2999999999997
82-01:3939,SDU,3-6,299,672151.6,678148.3325
82-01:3939,SDU,6-9,103,227339.75,229178.94999999998
82-01:3939,SDU,9-12,27,61143.899999999994,60133.28999999999
82-01:3939,VHDU,0-3,308,450675.25,444538.80416666664
82-01:3939,VHDU,12-15,22,27060.75,28654.9925
82-01:3939,VHDU,15-18,5,6051.5,6901.5599999999995
82-01:3939,VHDU,18-21,1,1063.05,1321.6875
82-01:3939,VHDU,3-6,251,371818.6,375459.33249999996
82-01:3939,VHDU,6-9,102,144670.75,144788.89833333332
82-01:3939,VHDU,9-12,35,48981.049999999996,48655.674999999996
82-03:6032,VDU,0-3,291,308283.55,291435.5375
82-03:6032,VDU,12-15,9,4735.75,7599.0025
82-03:6032,VDU,15-18,1,195.7,762.28
82-03:6032,VDU,3-6,266,269457.05,266136.27749999997
82-03:6032,VDU,6-9,117,103474.0,111329.17
82-03:6032,VDU,9-12,44,29889.85,38773.6325
82-03:6032,SDU,0-3,357,631086.9,628887.365
82-03:6032,SDU,3-6,332,595167.4,594381.1799999999
82-03:6032,SDU,6-9,37,59867.1,61411.182499999995
82-03:6032,SDU,9-12,5,6499.9,7941.572499999999
82-03:6032,VHDU,0-3,335,403320.6,396372.3
82-03:6032,VHDU,12-15,4,2844.2999999999997,3552.7625
82-03:6032,VHDU,3-6,271,327771.85,326664.1025
82-03:6032,VHDU,6-9,60,59895.6,65093.8575
82-03:6032,VHDU,9-12,14,12374.7,14524.0275
82-05:10840,VDU,0-3,139,60805.7,54730.64
82-05:10840,VDU,12-15,22,4363.35,7292.674999999999
82-05:10840,VDU,15-18,11,891.0999999999999,3689.2775
82-05:10840,VDU,3-6,294,123675.75,117669.67583333333
82-05:10840,VDU,6-9,179,68948.15,69575.08666666667
82-05:10840,VDU,9-12,72,20837.3,26294.385
82-05:10840,VDU,>=24,1,19.0,288.61
82-05:10840,SDU,0-3,191,158884.65,158526.10416666666
82-05:10840,SDU,12-15,4,1884.8,2695.3875
82-05:10840,SDU,3-6,386,338800.39999999997,335356.9666666667
82-05:10840,SDU,6-9,121,104878.09999999999,105999.13166666667
82-05:10840,SDU,9-12,14,8240.3,10110.66
82-05:10840,VHDU,0-3,228,120294.7,117845.885
82-05:10840,VHDU,12-15,15,5351.349999999999,6893.295
82-05:10840,VHDU,15-18,1,246.04999999999998,494.37999999999994
82-05:10840,VHDU,18-21,1,45.599999999999994,342.0
82-05:10840,VHDU,3-6,333,178836.55,177011.8375
82-05:10840,VHDU,6-9,119,60025.75,59813.2825
82-05:10840,VHDU,9-12,33,12650.199999999999,15049.52
82-05:10872,VDU,0-3,139,64649.399999999994,59113.33833333333
82-05:10872,VDU,12-15,22,5165.15,8004.557499999999
82-05:10872,VDU,15-18,11,1084.8999999999999,3999.4049999999997
82-05:10872,VDU,3-6,294,132306.5,127034.52249999999
82-05:10872,VDU,6-9,179,75903.09999999999,75738.03749999999
82-05:10872,VDU,9-12,72,23509.649999999998,28446.879166666666
82-05:10872,VDU,>=24,1,26.599999999999998,308.56
82-05:10872,SDU,0-3,191,161272.0,160219.47916666666
82-05:10872,SDU,12-15,4,1944.65,2755.2375
82-05:10872,SDU,3-6,386,341477.5,338152.1041666666
82-05:10872,SDU,6-9,121,105401.54999999999,107213.61166666666
82-05:10872,SDU,9-12,14,8402.75,10158.0175
82-05:10872,VHDU,0-3,228,123031.65,120900.43583333332
82-05:10872,VHDU,12-15,15,5700.95,7189.41
82-05:10872,VHDU,15-18,1,279.3,505.02
82-05:10872,VHDU,18-21,1,66.5,363.84999999999997
82-05:10872,VHDU,3-6,333,183241.69999999998,181742.72666666665
82-05:10872,VHDU,6-9,119,62049.25,61616.3825
82-05:10872,VHDU,9-12,33,13767.4,15818.925
82-05:7351,VDU,0-3,141,61039.399999999994,55104.085
82-05:7351,VDU,12-15,22,4324.4,7426.625
82-05:7351,VDU,15-18,11,880.65,3683.7675
82-05:7351,VDU,3-6,301,126442.15,119759.61249999999
82-05:7351,VDU,6-9,180,68957.65,69705.205
82-05:7351,VDU,9-12,72,20539.95,26252.015
82-05:7351,VDU,>=24,1,18.05,270.94
82-05:7351,SDU,0-3,196,165776.9,163615.935
82-05:7351,SDU,12-15,4,1873.4,2677.8125
82-05:7351,SDU,3-6,393,346542.89999999997,343226.3075
82-05:7351,SDU,6-9,125,108016.9,110755.18
82-05:7351,SDU,9-12,14,8170.95,10105.814999999999
82-05:7351,VHDU,0-3,228,119586.0,117071.34999999999
82-05:7351,VHDU,12-15,15,5307.65,6808.08
82-05:7351,VHDU,15-18,1,232.75,482.97999999999996
82-05:7351,VHDU,18-21,1,45.599999999999994,338.96
82-05:7351,VHDU,3-6,335,178399.55,176599.72749999998
82-05:7351,VHDU,6-9,119,59399.7,59250.3125
82-05:7351,VHDU,9-12,33,12361.4,14781.24
82-06:3450,VDU,0-3,135,31260.699999999997,28305.376666666667
82-06:3450,VDU,12-15,22,2292.35,3898.04
82-06:3450,VDU,15-18,11,474.04999999999995,1918.24
82-06:3450,VDU,3-6,290,65080.7,62080.67916666666
82-06:3450,VDU,6-9,175,36093.35,36553.73583333333
82-06:3450,VDU,9-12,67,10499.4,12811.288333333332
82-06:3450,VDU,>=24,1,18.05,151.23999999999998
82-06:3450,SDU,0-3,189,78116.59999999999,77357.265
82-06:3450,SDU,12-15,4,1011.75,1390.5625
82-06:3450,SDU,3-6,383,165183.15,163289.99
82-06:3450,SDU,6-9,121,50238.85,51624.424999999996
82-06:3450,SDU,9-12,14,4061.25,4949.3575
82-06:3450,VHDU,0-3,220,58862.0,57523.79833333333
82-06:3450,VHDU,12-15,14,2719.85,3403.66
82-06:3450,VHDU,15-18,1,118.75,234.83999999999997
82-06:3450,VHDU,18-21,1,25.65,170.61999999999998
82-06:3450,VHDU,3-6,321,87227.09999999999,86502.50333333333
82-06:3450,VHDU,6-9,114,29084.25,29194.65583333333
82-06:3450,VHDU,9-12,33,6839.05,7846.572499999999
82-06:3451,VDU,0-3,135,31836.399999999998,28731.499166666665
82-06:3451,VDU,12-15,22,2449.1,3949.2925
82-06:3451,VDU,15-18,11,486.4,1972.9125
82-06:3451,VDU,3-6,290,66341.34999999999,63188.72749999999
82-06:3451,VDU,6-9,175,36575.0,37085.181666666664
82-06:3451,VDU,9-12,67,10094.699999999999,12718.536666666667
82-06:3451,VDU,>=24,1,18.05,154.85
82-06:3451,SDU,0-3,189,87718.25,87144.29166666666
82-06:3451,SDU,12-15,4,1110.55,1557.6041666666665
82-06:3451,SDU,3-6,383,186453.65,184585.47499999998
82-06:3451,SDU,6-9,121,58558.95,59506.74916666666
82-06:3451,SDU,9-12,14,4485.9,5533.179999999999
82-06:3451,VHDU,0-3,220,62651.549999999996,61679.39916666666
82-06:3451,VHDU,12-15,14,2842.3999999999996,3702.625
82-06:3451,VHDU,15-18,1,158.65,298.87
82-06:3451,VHDU,18-21,1,18.05,179.73999999999998
82-06:3451,VHDU,3-6,321,94359.7,93020.78583333333
82-06:3451,VHDU,6-9,114,31714.8,31459.7725
82-06:3451,VHDU,9-12,33,7130.7,8534.6575
82-06:3480,VDU,0-3,135,55175.049999999996,49645.511666666665
82-06:3480,VDU,12-15,22,3879.7999999999997,6850.07
82-06:3480,VDU,15-18,11,729.5999999999999,3306.6175
82-06:3480,VDU,3-6,290,111582.25,105739.98749999999
82-06:3480,VDU,6-9,175,62469.149999999994,63223.19666666666
82-06:3480,VDU,9-12,67,18441.399999999998,23247.576666666664
82-06:3480,VDU,>=24,1,27.549999999999997,291.84
82-06:3480,SDU,0-3,189,146557.44999999998,145980.51499999998
82-06:3480,SDU,12-15,4,1289.1499999999999,2007.8249999999998
82-06:3480,SDU,3-6,383,314822.39999999997,311765.3475
82-06:3480,SDU,6-9,121,98966.25,100347.73999999999
82-06:3480,SDU,9-12,14,7568.65,9102.4725
82-06:3480,VHDU,0-3,220,108729.4,106432.93333333333
82-06:3480,VHDU,12-15,14,4750.0,5989.1325
82-06:3480,VHDU,15-18,1,233.7,494.0
82-06:3480,VHDU,18-21,1,43.699999999999996,345.22999999999996
82-06:3480,VHDU,3-6,321,163943.4,161995.4725
82-06:3480,VHDU,6-9,114,53429.899999999994,54027.19666666666
82-06:3480,VHDU,9-12,33,11761.949999999999,13608.085
82-06:3483,VDU,0-3,21,5318.099999999999,4801.679999999999
82-06:3483,VDU,12-15,3,535.8,622.25
82-06:3483,VDU,15-18,2,152.95,441.0375
82-06:3483,VDU,3-6,60,13831.05,13580.154999999999
82-06:3483,VDU,6-9,30,6529.349999999999,6749.085
82-06:3483,VDU,9-12,6,1054.5,1227.5425
82-06:3483,SDU,0-3,33,13679.999999999998,14191.669999999998
82-06:3483,SDU,12-15,2,703.0,832.675
82-06:3483,SDU,3-6,63,28280.55,27593.32
82-06:3483,SDU,6-9,16,7253.25,6899.1849999999995
82-06:3483,SDU,9-12,3,863.55,1263.5
82-06:3483,VHDU,0-3,32,10150.75,10076.602499999999
82-06:3483,VHDU,12-15,3,515.8499999999999,810.1125
82-06:3483,VHDU,3-6,43,13287.65,13104.775
82-06:3483,VHDU,6-9,17,5624.95,4939.3825
82-06:3483,VHDU,9-12,8,1517.1499999999999,2165.4775
821-00:272,VDU,0-3,100,456194.75,446435.63749999995
821-00:272,VDU,12-15,68,280317.45,290180.6825
821-00:272,VDU,15-18,58,238165.94999999998,242797.91249999998
821-00:272,VDU,18-21,19,71898.84999999999,77220.18
821-00:272,VDU,21-24,7,27027.5,29510.039999999997
821-00:272,VDU,3-6,149,667796.7999999999,661677.945
821-00:272,VDU,6-9,151,655991.15,651979.3474999999
821-00:272,VDU,9-12,124,544384.2,539885.3325
821-00:272,VDU,>=24,2,5706.65,7796.2225
821-00:272,SDU,0-3,98,613427.35,611595.9874999999
821-00:272,SDU,12-15,41,237921.8,242520.275
821-00:272,SDU,15-18,12,67205.84999999999,69829.2275
821-00:272,SDU,18-21,4,21387.35,22538.0375
821-00:272,SDU,3-6,298,1864055.7999999998,1847553.5399999998
821-00:272,SDU,6-9,132,771553.9,786198.8624999999
821-00:272,SDU,9-12,89,536367.15,531683.27
821-00:272,VHDU,0-3,138,688263.6,685293.5991666666
821-00:272,VHDU,12-15,47,226586.4,227352.9075
821-00:272,VHDU,15-18,23,102428.04999999999,107824.69916666666
821-00:272,VHDU,18-21,8,32312.35,35611.604999999996
821-00:272,VHDU,21-24,1,4415.599999999999,4663.55
821-00:272,VHDU,3-6,226,1135165.45,1130552.8358333332
821-00:272,VHDU,6-9,186,907651.85,912599.5608333333
821-00:272,VHDU,9-12,91,450859.55,443412.88
821-00:272,VHDU,>=24,1,3543.5,3914.7124999999996
821-03:49,VDU,0-3,151,65361.899999999994,63526.167499999996
821-03:49,VDU,12-15,44,16098.699999999999,17943.631666666664
821-03:49,VDU,15-18,6,2259.1,2382.758333333333
821-03:49,VDU,18-21,2,549.0999999999999,779.5225
821-03:49,VDU,3-6,101,42097.35,41110.50583333333
821-03:49,VDU,6-9,84,34402.35,34359.315
821-03:49,VDU,9-12,61,24266.8,24933.399166666666
821-03:49,SDU,0-3,57,41321.2,41193.5675
821-03:49,SDU,12-15,6,3901.6499999999996,4013.085
821-03:49,SDU,3-6,232,172054.5,170920.65916666665
821-03:49,SDU,6-9,129,92613.59999999999,94258.62
821-03:49,SDU,9-12,33,23930.5,23435.518333333333
821-03:49,VHDU,0-3,144,76006.65,76086.1175
821-03:49,VHDU,12-15,16,7671.25,8326.164166666666
821-03:49,VHDU,15-18,4,1953.1999999999998,2137.5
821-03:49,VHDU,3-6,166,92701.0,92414.25833333333
821-03:49,VHDU,6-9,121,65956.59999999999,65839.24333333333
821-03:49,VHDU,9-12,46,24723.75,24446.096666666665
821-03:54,VDU,0-3,29,13376.949999999999,12973.263333333332
821-03:54,VDU,3-6,21,9531.349999999999,9497.229166666666
821-03:54,VDU,6-9,18,7638.0,7833.573333333333
821-03:54,VDU,9-12,13,5681.0,5923.234166666666
821-03:54,SDU,0-3,2,1551.35,1360.0833333333333
821-03:54,SDU,12-15,1,572.85,680.8333333333333
821-03:54,SDU,3-6,14,10102.3,9997.404166666667
821-03:54,SDU,6-9,10,7218.099999999999,7175.191666666667
821-03:54,SDU,9-12,2,1097.25,1328.3375
821-03:54,VHDU,0-3,11,6357.4,6368.8949999999995
821-03:54,VHDU,12-15,2,805.5999999999999,942.4
821-03:54,VHDU,3-6,27,16098.699999999999,15872.3625
821-03:54,VHDU,6-9,15,8457.85,8703.4725
821-03:54,VHDU,9-12,6,3641.35,3473.7699999999995
828-01:400,VDU,0-3,55,17856.2,17680.3075
828-01:400,VDU,12-15,30,8784.65,9127.045833333334
828-01:400,VDU,15-18,21,6335.549999999999,6519.169166666667
828-01:400,VDU,18-21,4,1191.3,1295.3249999999998
828-01:400,VDU,21-24,2,509.2,634.5999999999999
828-01:400,VDU,3-6,81,26434.699999999997,25932.799166666664
828-01:400,VDU,6-9,68,21390.2,21155.296666666665
828-01:400,VDU,9-12,48,15279.8,15245.916666666666
828-01:400,VDU,>=24,2,434.15,625.29
828-01:400,SDU,0-3,81,44224.4,43801.06416666666
828-01:400,SDU,12-15,20,9658.65,10469.205833333333
828-01:400,SDU,15-18,3,1044.05,1470.6
828-01:400,SDU,18-21,3,1248.3,1531.6374999999998
828-01:400,SDU,3-6,181,106725.84999999999,103205.64083333332
828-01:400,SDU,6-9,62,31730.0,32847.26333333333
828-01:400,SDU,9-12,48,24238.3,25544.138333333332
828-01:400,VHDU,0-3,84,34925.799999999996,35265.33
828-01:400,VHDU,12-15,31,12543.8,12267.144166666665
828-01:400,VHDU,15-18,10,3851.2999999999997,4068.0741666666663
828-01:400,VHDU,18-21,5,2041.55,1900.3483333333331
828-01:400,VHDU,3-6,130,52599.6,53032.24583333333
828-01:400,VHDU,6-9,115,45631.35,45058.88
828-01:400,VHDU,9-12,48,19640.3,19641.677499999998
829-01:98,VDU,0-3,87,79538.75,78304.7
829-01:98,VDU,12-15,77,65359.049999999996,68045.745
829-01:98,VDU,15-18,62,52592.95,52943.784999999996
829-01:98,VDU,18-21,21,16657.3,17546.5475
829-01:98,VDU,21-24,7,5634.45,6015.4475
829-01:98,VDU,3-6,150,138374.15,135578.01499999998
829-01:98,VDU,6-9,164,145316.75,145271.9575
829-01:98,VDU,9-12,127,113439.5,112706.09999999999
829-01:98,VDU,>=24,2,1067.8,1568.4025
829-01:98,SDU,0-3,106,153132.4,152144.27333333332
829-01:98,SDU,12-15,34,43027.4,44983.45
829-01:98,SDU,15-18,11,13505.199999999999,14879.755
829-01:98,SDU,18-21,4,4577.099999999999,5048.775
829-01:98,SDU,3-6,287,418084.55,412312.6825
829-01:98,SDU,6-9,105,142450.6,143643.07166666666
829-01:98,SDU,9-12,76,103457.84999999999,105223.0925
829-01:98,VHDU,0-3,107,120808.65,120772.36
829-01:98,VHDU,12-15,46,48786.299999999996,50167.03
829-01:98,VHDU,15-18,22,22566.3,23650.962499999998
829-01:98,VHDU,18-21,8,7061.349999999999,7721.742499999999
829-01:98,VHDU,21-24,1,1046.8999999999999,1136.2
829-01:98,VHDU,3-6,197,224497.34999999998,222597.03333333333
829-01:98,VHDU,6-9,174,191166.59999999998,191161.94499999998
829-01:98,VHDU,9-12,83,94255.2,92900.62666666666
829-01:98,VHDU,>=24,1,768.55,849.3
83-01:6268,VDU,0-3,76,61416.549999999996,60187.392499999994
83-01:6268,VDU,12-15,82,62924.2,66108.15666666666
83-01:6268,VDU,15-18,63,46921.45,48089.475
83-01:6268,VDU,18-21,22,15522.05,16743.3225
83-01:6268,VDU,21-24,8,5631.599999999999,6018.772499999999
83-01:6268,VDU,3-6,165,135997.25,133126.2075
83-01:6268,VDU,6-9,173,138551.8,137786.06833333333
83-01:6268,VDU,9-12,130,107713.84999999999,106216.745
83-01:6268,VDU,>=24,2,1032.6499999999999,1435.2599999999998
83-01:6268,SDU,0-3,82,155273.69999999998,155308.375
83-01:6268,SDU,12-15,41,69933.29999999999,73711.64
83-01:6268,SDU,15-18,12,19874.0,21465.012499999997
83-01:6268,SDU,18-21,4,4934.3,6001.15
83-01:6268,SDU,3-6,275,521304.89999999997,516483.83999999997
83-01:6268,SDU,6-9,133,239976.65,240805.05
83-01:6268,SDU,9-12,90,165364.6,162886.38249999998
83-01:6268,VHDU,0-3,90,100219.29999999999,101329.10583333333
83-01:6268,VHDU,12-15,54,60116.0,59294.93083333333
83-01:6268,VHDU,15-18,27,26345.399999999998,27724.515
83-01:6268,VHDU,18-21,11,9994.0,10688.655833333332
83-01:6268,VHDU,21-24,1,863.55,990.1374999999999
83-01:6268,VHDU,3-6,236,267274.89999999997,268816.02166666667
83-01:6268,VHDU,6-9,192,210984.55,210694.10333333333
83-01:6268,VHDU,9-12,108,122444.54999999999,118740.405
83-01:6268,VHDU,>=24,2,1856.3,1820.675
83-03:597,VDU,0-3,136,35341.9,33262.3025
83-03:597,VDU,12-15,10,2132.75,2356.0474999999997
83-03:597,VDU,15-18,4,551.0,873.2874999999999
83-03:597,VDU,3-6,312,76489.25,75719.30666666666
83-03:597,VDU,6-9,163,37354.95,38531.84166666667
83-03:597,VDU,9-12,47,9657.699999999999,10784.764166666666
83-03:597,SDU,0-3,188,99202.79999999999,97622.53833333333
83-03:597,SDU,12-15,3,926.25,1410.0375
83-03:597,SDU,15-18,1,176.7,413.72499999999997
83-03:597,SDU,3-6,246,129627.5,128502.605
83-03:597,SDU,6-9,73,36898.95,38019.15833333333
83-03:597,SDU,9-12,14,6306.099999999999,7170.235833333333
83-03:597,VHDU,0-3,177,57983.25,57551.5225
83-03:597,VHDU,12-15,5,1193.2,1451.885
83-03:597,VHDU,15-18,1,161.5,304.95
83-03:597,VHDU,18-21,1,202.35,317.3
83-03:597,VHDU,3-6,337,107681.54999999999,106997.48666666666
83-03:597,VHDU,6-9,106,33145.5,33415.55333333333
83-03:597,VHDU,9-12,22,5906.15,6234.8025
835-01:107,VDU,0-3,80,2967.7999999999997,2752.1025
835-01:107,VDU,12-15,83,2567.85,2776.2325
835-01:107,VDU,15-18,63,1933.25,2084.0625
835-01:107,VDU,18-21,22,622.25,758.67
835-01:107,VDU,21-24,8,278.34999999999997,293.6925
835-01:107,VDU,3-6,161,5775.049999999999,5708.55
835-01:107,VDU,6-9,172,6171.2,5990.652499999999
835-01:107,VDU,9-12,137,4797.5,4709.4825
835-01:107,VDU,>=24,2,32.3,72.10499999999999
835-01:107,SDU,0-3,89,9862.9,9409.94
835-01:107,SDU,12-15,43,3968.1499999999996,4356.985
835-01:107,SDU,15-18,16,1389.85,1523.895
835-01:107,SDU,18-21,5,342.95,403.0375
835-01:107,SDU,3-6,290,30338.25,30133.145
835-01:107,SDU,6-9,151,14624.3,14932.179166666667
835-01:107,SDU,9-12,99,9938.9,9706.118333333334
835-01:107,VHDU,0-3,101,4887.75,4859.028333333333
835-01:107,VHDU,12-15,55,2584.0,2522.5825
835-01:107,VHDU,15-18,27,1144.75,1203.0958333333333
835-01:107,VHDU,18-21,11,412.29999999999995,404.89
835-01:107,VHDU,21-24,1,41.8,52.012499999999996
835-01:107,VHDU,3-6,227,11029.5,10977.408333333333
835-01:107,VHDU,6-9,200,9006.949999999999,9294.784166666666
835-01:107,VHDU,9-12,105,5166.099999999999,4961.248333333333
835-01:107,VHDU,>=24,2,76.0,74.1
837-03:2351,VDU,0-3,237,180266.3,151216.535
837-03:2351,VDU,12-15,30,3799.0499999999997,16426.355
837-03:2351,VDU,15-18,4,273.6,1386.5724999999998
837-03:2351,VDU,18-21,1,21.849999999999998,103.55
837-03:2351,VDU,3-6,189,142770.75,124693.5325
837-03:2351,VDU,6-9,119,52948.25,67176.8275
837-03:2351,VDU,9-12,59,12959.9,32036.3275
837-03:2351,SDU,0-3,222,41886.45,40896.835
837-03:2351,SDU,12-15,8,1355.6499999999999,1417.1149999999998
837-03:2351,SDU,3-6,285,54683.899999999994,53935.10999999999
837-03:2351,SDU,6-9,73,12709.099999999999,13746.832499999999
837-03:2351,SDU,9-12,22,3449.45,4088.6575
837-03:2351,VHDU,0-3,306,97961.15,92899.13833333334
837-03:2351,VHDU,12-15,16,3544.45,4475.6875
837-03:2351,VHDU,15-18,1,127.3,105.925
837-03:2351,VHDU,18-21,1,70.3,99.0375
837-03:2351,VHDU,3-6,228,66746.05,64980.45916666667
837-03:2351,VHDU,6-9,90,23522.95,26838.64
837-03:2351,VHDU,9-12,25,3526.3999999999996,6099.7125
84-01:4300,VDU,0-3,149,16110.099999999999,14033.8275
84-01:4300,VDU,12-15,10,620.3499999999999,865.64
84-01:4300,VDU,15-18,4,78.85,260.775
84-01:4300,VDU,3-6,339,33662.299999999996,33232.8525
84-01:4300,VDU,6-9,177,15671.199999999999,16479.3175
84-01:4300,VDU,9-12,49,2847.15,4117.537499999999
84-01:4300,SDU,0-3,260,229700.5,226677.03
84-01:4300,SDU,12-15,6,2377.85,4905.1825
84-01:4300,SDU,15-18,1,176.7,704.425
84-01:4300,SDU,3-6,350,307919.7,304355.96499999997
84-01:4300,SDU,6-9,97,84230.8,85367.8075
84-01:4300,SDU,9-12,18,10981.05,13376.189999999999
84-01:4300,VHDU,0-3,203,57049.399999999994,57305.329999999994
84-01:4300,VHDU,12-15,6,1341.3999999999999,1669.34
84-01:4300,VHDU,15-18,1,41.8,165.29999999999998
84-01:4300,VHDU,18-21,1,4.75,276.83
84-01:4300,VHDU,3-6,383,107944.7,106916.1825
84-01:4300,VHDU,6-9,115,28626.35,28905.84
84-01:4300,VHDU,9-12,23,5576.5,5346.077499999999
845-02:6555,VDU,0-3,213,62032.149999999994,60185.112499999996
845-02:6555,VDU,12-15,11,1930.3999999999999,2665.7475
845-02:6555,VDU,15-18,6,595.65,1425.5225
845-02:6555,VDU,3-6,184,52392.5,51133.369999999995
845-02:6555,VDU,6-9,149,42337.7,42827.472499999996
845-02:6555,VDU,9-12,44,10500.349999999999,11551.525
845-02:6555,SDU,0-3,98,62812.1,62528.145
845-02:6555,SDU,12-15,2,1236.9,1478.675
845-02:6555,SDU,3-6,382,268367.39999999997,265133.48916666664
845-02:6555,SDU,6-9,98,64081.299999999996,65960.70083333334
845-02:6555,SDU,9-12,12,6380.2,7776.889999999999
845-02:6555,VHDU,0-3,219,81801.65,82247.01
845-02:6555,VHDU,12-15,9,2137.5,2734.4325
845-02:6555,VHDU,3-6,264,104787.84999999999,103885.25499999999
845-02:6555,VHDU,6-9,90,33783.9,33460.8525
845-02:6555,VHDU,9-12,30,11029.5,11212.85
85-01:51,VDU,0-3,296,123525.65,116184.4775
85-01:51,VDU,12-15,21,5309.549999999999,7233.838333333333
85-01:51,VDU,15-18,2,208.05,749.3125
85-01:51,VDU,18-21,2,326.8,710.98
85-01:51,VDU,3-6,192,73434.05,73077.34083333334
85-01:51,VDU,6-9,128,47197.9,49028.613333333335
85-01:51,VDU,9-12,48,14718.349999999999,17735.7875
85-01:51,SDU,0-3,213,191085.85,192875.69749999998
85-01:51,SDU,12-15,1,812.25,747.175
85-01:51,SDU,3-6,433,433591.39999999997,428039.5525
85-01:51,SDU,6-9,78,69819.3,72203.1825
85-01:51,SDU,9-12,7,4020.3999999999996,5463.5925
85-01:51,VHDU,0-3,319,164592.25,163251.41999999998
85-01:51,VHDU,12-15,9,2505.1499999999996,3344.5699999999997
85-01:51,VHDU,15-18,1,55.099999999999994,441.17999999999995
85-01:51,VHDU,3-6,290,162647.6,161376.5
85-01:51,VHDU,6-9,67,33934.95,34473.2675
85-01:51,VHDU,9-12,23,10211.55,11059.662499999999
85-04:4637,VDU,0-3,80,74858.09999999999,70911.45166666666
85-04:4637,VDU,12-15,82,65282.1,68854.51166666666
85-04:4637,VDU,15-18,42,31748.999999999996,33436.104999999996
85-04:4637,VDU,18-21,18,8894.849999999999,12635.2375
85-04:4637,VDU,21-24,4,1557.0499999999997,3069.7824999999993
85-04:4637,VDU,3-6,183,165105.25,158596.05583333332
85-04:4637,VDU,6-9,168,144611.85,144840.68916666665
85-04:4637,VDU,9-12,107,93556.0,92127.23166666666
85-04:4637,VDU,>=24,2,348.65,1463.2375
85-04:4637,SDU,0-3,74,154740.75,156033.1775
85-04:4637,SDU,12-15,22,32384.55,37044.299999999996
85-04:4637,SDU,15-18,4,5833.95,7547.987499999999
85-04:4637,SDU,18-21,1,1435.45,2105.77
85-04:4637,SDU,3-6,372,815998.7,801935.2324999999
85-04:4637,SDU,6-9,155,325366.45,326120.845
85-04:4637,SDU,9-12,68,135218.25,139500.47
85-04:4637,VHDU,0-3,116,140190.55,138334.4875
85-04:4637,VHDU,12-15,37,38307.799999999996,39047.9925
85-04:4637,VHDU,15-18,17,16207.949999999999,17613.0
85-04:4637,VHDU,18-21,6,6536.0,6828.077499999999
85-04:4637,VHDU,21-24,2,905.3499999999999,1274.425
85-04:4637,VHDU,3-6,273,331105.39999999997,329544.45499999996
85-04:4637,VHDU,6-9,181,206530.0,208033.6125
85-04:4637,VHDU,9-12,68,71908.34999999999,71265.95999999999
85-06:1510,VDU,0-3,86,46225.1,45246.7425
85-06:1510,VDU,12-15,49,22102.699999999997,23960.3775
85-06:1510,VDU,15-18,17,5572.7,7448.76
85-06:1510,VDU,18-21,2,456.0,1071.79
85-06:1510,VDU,21-24,1,280.25,438.71
85-06:1510,VDU,3-6,231,125144.45,120704.1975
85-06:1510,VDU,6-9,212,115796.45,114347.31999999999
85-06:1510,VDU,9-12,126,62789.299999999996,64997.29
85-06:1510,SDU,0-3,202,222196.44999999998,221950.02
85-06:1510,SDU,12-15,11,8585.15,10860.779999999999
85-06:1510,SDU,15-18,3,1809.75,2450.2875
85-06:1510,SDU,3-6,366,419691.0,411820.4875
85-06:1510,SDU,6-9,121,127951.7,131612.525
85-06:1510,SDU,9-12,29,29020.6,30560.55
85-06:1510,VHDU,0-3,169,125001.0,121138.015
85-06:1510,VHDU,12-15,17,7710.2,9570.4425
85-06:1510,VHDU,15-18,5,3146.3999999999996,3568.105
85-06:1510,VHDU,18-21,1,262.2,509.00999999999993
85-06:1510,VHDU,3-6,313,223796.25,223686.335
85-06:1510,VHDU,6-9,177,121531.59999999999,121044.09166666666
85-06:1510,VHDU,9-12,49,29844.25,31775.900833333333
85-07:3785,VDU,0-3,61,5509.049999999999,5164.4375
85-07:3785,VDU,12-15,57,3643.25,4255.1449999999995
85-07:3785,VDU,15-18,18,706.8,1240.7949999999998
85-07:3785,VDU,18-21,2,22.799999999999997,149.33999999999997
85-07:3785,VDU,21-24,1,14.25,50.16
85-07:3785,VDU,3-6,218,19078.85,17991.8125
85-07:3785,VDU,6-9,205,17138.0,16774.34
85-07:3785,VDU,9-12,162,12568.5,13087.295
85-07:3785,SDU,0-3,235,79243.3,78264.5625
85-07:3785,SDU,12-15,11,2018.75,3024.5625
85-07:3785,SDU,15-18,3,500.6499999999999,785.9825
85-07:3785,SDU,3-6,309,102753.9,101317.5475
85-07:3785,SDU,6-9,132,41348.75,41497.329999999994
85-07:3785,SDU,9-12,42,12115.349999999999,13090.715
85-07:3785,VHDU,0-3,151,21010.2,20690.9525
85-07:3785,VHDU,12-15,26,2353.1499999999996,2893.2725
85-07:3785,VHDU,15-18,5,497.79999999999995,636.9275
85-07:3785,VHDU,18-21,2,110.19999999999999,235.22
85-07:3785,VHDU,3-6,297,41471.299999999996,41205.0625
85-07:3785,VHDU,6-9,185,24542.3,23762.587499999998
85-07:3785,VHDU,9-12,66,7264.65,7825.577499999999
85-07:3786,VDU,0-3,61,5446.349999999999,5165.2925
85-07:3786,VDU,12-15,57,3675.5499999999997,4289.915
85-07:3786,VDU,15-18,18,696.35,1245.5925
85-07:3786,VDU,18-21,2,26.599999999999998,160.7875
85-07:3786,VDU,21-24,1,12.35,57.76
85-07:3786,VDU,3-6,218,19121.6,17920.942499999997
85-07:3786,VDU,6-9,205,17380.25,16987.52
85-07:3786,VDU,9-12,162,12650.199999999999,13190.7025
85-07:3786,SDU,0-3,235,72941.95,71886.32583333334
85-07:3786,SDU,12-15,10,1461.1,2301.85
85-07:3786,SDU,15-18,2,198.55,322.2875
85-07:3786,SDU,3-6,309,95732.45,94350.07333333333
85-07:3786,SDU,6-9,128,36177.9,36979.795
85-07:3786,SDU,9-12,40,10539.3,11210.918333333333
85-07:3786,VHDU,0-3,151,19921.5,19510.3875
85-07:3786,VHDU,12-15,26,2199.25,2675.6749999999997
85-07:3786,VHDU,15-18,5,423.7,567.1025
85-07:3786,VHDU,18-21,2,91.19999999999999,204.82
85-07:3786,VHDU,3-6,297,39628.299999999996,39363.487499999996
85-07:3786,VHDU,6-9,185,23347.2,22795.44
85-07:3786,VHDU,9-12,66,6972.049999999999,7466.287499999999
85-09:3325,VDU,0-3,131,17268.149999999998,16225.651666666667
85-09:3325,VDU,12-15,27,1973.1499999999999,2929.7999999999997
85-09:3325,VDU,15-18,8,329.65,809.685
85-09:3325,VDU,18-21,1,43.699999999999996,98.32499999999999
85-09:3325,VDU,3-6,214,28071.55,26768.324166666665
85-09:3325,VDU,6-9,179,21891.8,21697.271666666667
85-09:3325,VDU,9-12,113,12091.6,13140.5425
85-09:3325,SDU,0-3,245,140513.55,136883.6475
85-09:3325,SDU,12-15,9,2667.6,3842.6075
85-09:3325,SDU,15-18,2,560.5,1017.7825
85-09:3325,SDU,18-21,1,112.1,391.875
85-09:3325,SDU,3-6,331,181488.0,178882.91
85-09:3325,SDU,6-9,99,48906.95,51011.579999999994
85-09:3325,SDU,9-12,45,21207.8,23426.0975
85-09:3325,VHDU,0-3,200,41814.25,41618.549999999996
85-09:3325,VHDU,12-15,15,1775.55,2447.105
85-09:3325,VHDU,15-18,4,448.4,783.0849999999999
85-09:3325,VHDU,3-6,316,69085.9,68100.08499999999
85-09:3325,VHDU,6-9,146,29871.8,29293.376666666663
85-09:3325,VHDU,9-12,44,6852.349999999999,7606.048333333333
85-13:105,VDU,0-3,174,23847.85,23350.477499999997
85-13:105,VDU,12-15,8,665.0,935.18
85-13:105,VDU,15-18,1,33.25,126.91999999999999
85-13:105,VDU,18-21,1,12.35,98.08749999999999
85-13:105,VDU,3-6,224,31635.0,30053.7725
85-13:105,VDU,6-9,148,19326.8,19810.73
85-13:105,VDU,9-12,35,3302.2,4073.1724999999997
85-13:105,SDU,0-3,233,72219.95,73201.2525
85-13:105,SDU,12-15,1,147.25,261.25
85-13:105,SDU,15-18,1,82.64999999999999,216.6
85-13:105,SDU,3-6,387,123642.5,121376.655
85-13:105,SDU,6-9,79,23032.75,23635.9525
85-13:105,SDU,9-12,15,3925.3999999999996,4358.79
85-13:105,VHDU,0-3,195,36824.85,36824.29583333333
85-13:105,VHDU,12-15,2,312.54999999999995,422.93999999999994
85-13:105,VHDU,3-6,295,53352.0,53251.60083333333
85-13:105,VHDU,6-9,97,16561.35,16224.733333333334
85-13:105,VHDU,9-12,21,3146.3999999999996,3335.7349999999997
85-23:12334,VDU,0-3,115,6031.549999999999,5644.425
85-23:12334,VDU,12-15,71,2706.5499999999997,3251.7075
85-23:12334,VDU,15-18,26,654.55,1069.32
85-23:12334,VDU,18-21,7,106.4,272.745
85-23:12334,VDU,3-6,159,8778.949999999999,8180.3075
85-23:12334,VDU,6-9,187,9468.65,9466.8925
85-23:12334,VDU,9-12,159,8069.299999999999,7912.5025
85-23:12334,SDU,0-3,115,16502.45,16380.216666666665
85-23:12334,SDU,12-15,15,1583.65,1706.6275
85-23:12334,SDU,15-18,5,346.75,562.6375
85-23:12334,SDU,21-24,1,20.9,90.25
85-23:12334,SDU,3-6,337,49187.2,48430.39833333333
85-23:12334,SDU,6-9,159,22405.75,22358.725
85-23:12334,SDU,9-12,66,8006.599999999999,8524.445
85-23:12334,VHDU,0-3,143,9800.199999999999,9902.530833333332
85-23:12334,VHDU,12-15,30,1538.05,1766.1924999999999
85-23:12334,VHDU,15-18,8,427.49999999999994,523.3708333333333
85-23:12334,VHDU,18-21,3,113.04999999999998,193.65749999999997
85-23:12334,VHDU,3-6,262,19101.649999999998,18869.43833333333
85-23:12334,VHDU,6-9,170,11863.6,11742.6175
85-23:12334,VHDU,9-12,83,5654.4,5500.6425
85-23:5807,VDU,0-3,76,3845.6,3669.7549999999997
85-23:5807,VDU,12-15,65,2863.2999999999997,3087.2149999999997
85-23:5807,VDU,15-18,23,915.8,1065.5041666666666
85-23:5807,VDU,18-21,7,343.9,327.03749999999997
85-23:5807,VDU,21-24,6,58.89999999999999,215.26999999999998
85-23:5807,VDU,3-6,170,9030.699999999999,8389.164999999999
85-23:5807,VDU,6-9,233,11444.65,11579.803333333333
85-23:5807,VDU,9-12,141,6431.5,6588.25
85-23:5807,VDU,>=24,2,63.64999999999999,76.0
85-23:5807,SDU,0-3,48,6456.2,6276.998333333333
85-23:5807,SDU,12-15,37,4345.299999999999,4614.640833333333
85-23:5807,SDU,15-18,11,1183.7,1355.7608333333333
85-23:5807,SDU,18-21,2,150.1,213.9875
85-23:5807,SDU,21-24,3,180.49999999999997,255.23333333333332
85-23:5807,SDU,3-6,304,42348.15,41817.32166666666
85-23:5807,SDU,6-9,170,22558.7,22404.784166666665
85-23:5807,SDU,9-12,86,10701.75,10985.673333333332
85-23:5807,VHDU,0-3,87,5850.099999999999,5961.535
85-23:5807,VHDU,12-15,35,2244.85,2298.920833333333
85-23:5807,VHDU,15-18,13,735.3,784.6049999999999
85-23:5807,VHDU,18-21,14,676.4,838.2325
85-23:5807,VHDU,21-24,1,54.15,72.4375
85-23:5807,VHDU,3-6,268,18514.55,18426.849166666667
85-23:5807,VHDU,6-9,204,13970.699999999999,13700.805
85-23:5807,VHDU,9-12,108,7249.45,7212.115
85-26:7338,VDU,0-3,61,13072.949999999999,12235.24
85-26:7338,VDU,12-15,58,9735.6,10967.1325
85-26:7338,VDU,15-18,17,2307.5499999999997,3015.2525
85-26:7338,VDU,18-21,3,139.65,464.0274999999999
85-26:7338,VDU,3-6,209,43354.2,41612.659999999996
85-26:7338,VDU,6-9,238,46818.85,46564.439999999995
85-26:7338,VDU,9-12,141,27254.55,27840.177499999998
85-26:7338,SDU,0-3,103,35421.7,34962.47
85-26:7338,SDU,12-15,10,2603.95,2824.35
85-26:7338,SDU,15-18,1,197.6,293.3125
85-26:7338,SDU,3-6,321,108025.45,107540.19
85-26:7338,SDU,6-9,143,46453.1,46912.74166666666
85-26:7338,SDU,9-12,48,15295.0,15463.735833333332
85-26:7338,VHDU,0-3,112,27041.75,26316.899999999998
85-26:7338,VHDU,12-15,29,5945.099999999999,6437.2474999999995
85-26:7338,VHDU,15-18,6,1114.35,1286.5375
85-26:7338,VHDU,3-6,302,72758.59999999999,72225.76083333333
85-26:7338,VHDU,6-9,193,44850.45,45106.221666666665
85-26:7338,VHDU,9-12,65,14146.449999999999,14484.0325
85-31:0,VDU,0-3,61,3078.0,2837.7925
85-31:0,VDU,12-15,58,1859.1499999999999,2403.7374999999997
85-31:0,VDU,15-18,17,417.04999999999995,614.8874999999999
85-31:0,VDU,18-21,3,13.299999999999999,105.7825
85-31:0,VDU,3-6,209,10495.6,9760.1575
85-31:0,VDU,6-9,238,10940.199999999999,10830.095
85-31:0,VDU,9-12,141,6234.849999999999,6487.027499999999
85-31:0,SDU,0-3,114,12883.9,12759.592499999999
85-31:0,SDU,12-15,12,1014.5999999999999,1234.7941666666666
85-31:0,SDU,15-18,2,138.7,203.22083333333333
85-31:0,SDU,21-24,1,7.6,73.14999999999999
85-31:0,SDU,3-6,316,38354.35,37496.57916666666
85-31:0,SDU,6-9,147,16986.0,17235.517499999998
85-31:0,SDU,9-12,51,5464.4,5846.695833333333
85-31:0,VHDU,0-3,113,7819.45,7388.0075
85-31:0,VHDU,12-15,28,1325.25,1933.5825
85-31:0,VHDU,15-18,6,237.5,333.83
85-31:0,VHDU,3-6,304,23184.75,22582.37083333333
85-31:0,VHDU,6-9,193,13336.099999999999,13412.416666666666
85-31:0,VHDU,9-12,64,3658.45,3911.2925
85-35:5340,VDU,0-3,73,2926.0,2786.6349999999998
85-35:5340,VDU,12-15,79,2782.5499999999997,3122.9825
85-35:5340,VDU,15-18,37,1095.35,1311.855
85-35:5340,VDU,18-21,14,380.95,478.325
85-35:5340,VDU,21-24,3,52.24999999999999,158.6025
85-35:5340,VDU,3-6,159,7116.45,6439.5275
85-35:5340,VDU,6-9,160,6583.5,6574.2375
85-35:5340,VDU,9-12,168,6757.349999999999,6846.8875
85-35:5340,VDU,>=24,1,0.0,10.069999999999999
85-35:5340,SDU,0-3,76,10331.25,10102.1575
85-35:5340,SDU,12-15,36,3820.8999999999996,4240.5625
85-35:5340,SDU,15-18,6,729.6,788.5
85-35:5340,SDU,18-21,3,241.29999999999998,328.225
85-35:5340,SDU,21-24,1,42.75,112.57499999999999
85-35:5340,SDU,3-6,246,32058.699999999997,31532.8275
85-35:5340,SDU,6-9,171,22192.949999999997,21818.934999999998
85-35:5340,SDU,9-12,71,8622.199999999999,8987.1425
85-35:5340,SDU,>=24,2,65.55,194.27499999999998
85-35:5340,VHDU,0-3,98,6248.15,6127.405
85-35:5340,VHDU,12-15,49,2614.4,2907.665
85-35:5340,VHDU,15-18,14,703.9499999999999,821.1324999999999
85-35:5340,VHDU,18-21,7,235.6,343.66249999999997
85-35:5340,VHDU,3-6,217,14306.05,14087.977499999999
85-35:5340,VHDU,6-9,193,12654.949999999999,12289.009999999998
85-35:5340,VHDU,9-12,93,5275.349999999999,5461.5975
85-39:13170,VDU,0-3,183,11097.9,10025.73
85-39:13170,VDU,12-15,39,1141.8999999999999,1993.9074999999998
85-39:13170,VDU,15-18,15,314.45,644.48
85-39:13170,VDU,18-21,4,108.3,146.7275
85-39:13170,VDU,3-6,241,14060.0,13059.3175
85-39:13170,VDU,6-9,162,8203.25,8500.41
85-39:13170,VDU,9-12,84,3873.1499999999996,4428.3775
85-39:13170,SDU,0-3,133,21333.2,21580.77
85-39:13170,SDU,12-15,12,1585.55,1851.4074999999998
85-39:13170,SDU,15-18,1,19.0,124.44999999999999
85-39:13170,SDU,3-6,404,67606.75,66428.655
85-39:13170,SDU,6-9,152,23612.25,23907.89
85-39:13170,SDU,9-12,30,4259.8,4523.3775
85-39:13170,VHDU,0-3,211,17608.25,17364.385
85-39:13170,VHDU,12-15,15,759.05,1035.0249999999999
85-39:13170,VHDU,15-18,3,200.45,224.86499999999998
85-39:13170,VHDU,18-21,1,8.549999999999999,87.96999999999998
85-39:13170,VHDU,3-6,301,25375.449999999997,25256.699999999997
85-39:13170,VHDU,6-9,145,12620.75,12152.97
85-39:13170,VHDU,9-12,56,3816.1499999999996,4266.735
85-39:3086,VDU,0-3,183,11249.9,10125.2425
85-39:3086,VDU,12-15,39,1156.1499999999999,1996.9475
85-39:3086,VDU,15-18,15,314.45,644.8125
85-39:3086,VDU,18-21,4,112.1,148.3425
85-39:3086,VDU,3-6,242,14226.25,13230.269999999999
85-39:3086,VDU,6-9,161,8212.75,8512.57
85-39:3086,VDU,9-12,84,3836.1,4449.514999999999
85-39:3086,SDU,0-3,133,21673.3,21825.489999999998
85-39:3086,SDU,12-15,12,1609.3,1876.1074999999998
85-39:3086,SDU,15-18,1,19.95,127.0625
85-39:3086,SDU,3-6,404,68346.8,67222.52249999999
85-39:3086,SDU,6-9,152,23851.649999999998,24187.475
85-39:3086,SDU,9-12,30,4331.049999999999,4593.3925
85-39:3086,VHDU,0-3,210,17774.5,17518.38
85-39:3086,VHDU,12-15,15,767.5999999999999,1052.5525
85-39:3086,VHDU,15-18,3,207.09999999999997,228.475
85-39:3086,VHDU,18-21,1,10.45,89.3
85-39:3086,VHDU,3-6,302,25765.899999999998,25637.4125
85-39:3086,VHDU,6-9,145,12770.849999999999,12307.7725
85-39:3086,VHDU,9-12,56,3872.2,4334.7074999999995
862-01:21071,VDU,0-3,3,79.8,84.64500000000001
862-01:21071,VDU,12-15,3,120.65,82.46
862-01:21071,VDU,15-18,1,32.3,29.45
862-01:21071,VDU,3-6,12,345.79999999999995,332.4525
862-01:21071,VDU,6-9,10,292.59999999999997,319.58
862-01:21071,VDU,9-12,2,41.8,64.3625
862-01:21071,SDU,0-3,10,10279.0,10630.025
862-01:21071,SDU,12-15,4,3876.0,4176.136666666666
862-01:21071,SDU,15-18,1,1086.8,958.93
862-01:21071,SDU,18-21,1,1121.95,997.2624999999999
862-01:21071,SDU,3-6,35,38658.35,38410.36833333333
862-01:21071,SDU,6-9,27,28526.6,28341.4925
862-01:21071,SDU,9-12,10,10527.9,10562.385
862-01:21071,VHDU,0-3,11,4667.349999999999,4793.7
862-01:21071,VHDU,12-15,3,872.0999999999999,784.6049999999999
862-01:21071,VHDU,15-18,2,300.2,224.39
862-01:21071,VHDU,3-6,22,8047.45,7703.407499999999
862-01:21071,VHDU,6-9,17,4720.55,4888.0824999999995
862-01:21071,VHDU,9-12,6,883.5,1096.965
862-01:73,VDU,0-3,157,3452.2999999999997,3338.585
862-01:73,VDU,12-15,47,584.25,834.29
862-01:73,VDU,15-18,24,120.65,222.06249999999997
862-01:73,VDU,18-21,3,250.8,103.7875
862-01:73,VDU,3-6,225,5464.4,5134.5125
862-01:73,VDU,6-9,158,3847.5,3781.3799999999997
862-01:73,VDU,9-12,114,2519.3999999999996,2824.6825
862-01:73,SDU,0-3,81,56468.95,56564.282499999994
862-01:73,SDU,12-15,6,2627.7,3676.4999999999995
862-01:73,SDU,15-18,4,202.34999999999997,1912.5874999999999
862-01:73,SDU,3-6,384,250352.55,247937.84
862-01:73,SDU,6-9,202,123981.65,123372.6525
862-01:73,SDU,9-12,55,32608.75,32778.0875
862-01:73,VHDU,0-3,160,32100.5,33005.042499999996
862-01:73,VHDU,12-15,25,2770.2,3064.7475
862-01:73,VHDU,15-18,6,1288.1999999999998,890.7675
862-01:73,VHDU,18-21,2,12.35,319.77000000000004
862-01:73,VHDU,21-24,1,1.9,174.79999999999998
862-01:73,VHDU,3-6,301,67515.55,64961.0
862-01:73,VHDU,6-9,166,36006.9,37229.36
862-01:73,VHDU,9-12,71,15565.75,15615.8625
862-02:51,VDU,0-3,3,19.95,17.0525
862-02:51,VDU,12-15,3,19.0,16.6725
862-02:51,VDU,15-18,1,8.549999999999999,5.319999999999999
862-02:51,VDU,3-6,12,69.35,65.92999999999999
862-02:51,VDU,6-9,10,40.849999999999994,54.15
862-02:51,VDU,9-12,2,14.25,12.825
862-02:51,SDU,0-3,10,3860.7999999999997,3960.265
862-02:51,SDU,12-15,4,1522.85,1778.2891666666667
862-02:51,SDU,15-18,1,431.29999999999995,315.02
862-02:51,SDU,18-21,1,424.65,342.0
862-02:51,SDU,3-6,35,15998.949999999999,15619.868333333332
862-02:51,SDU,6-9,27,10795.8,10882.7725
862-02:51,SDU,9-12,10,3859.85,3995.9849999999997
862-02:51,VHDU,0-3,11,1039.3,1061.1499999999999
862-02:51,VHDU,12-15,3,177.64999999999998,172.23499999999999
862-02:51,VHDU,15-18,2,77.9,52.25
862-02:51,VHDU,3-6,22,1810.7,1707.3875
862-02:51,VHDU,6-9,17,998.4499999999999,1068.9875
862-02:51,VHDU,9-12,6,198.54999999999998,240.54
862-02:9983,VDU,0-3,3,14.25,14.915
862-02:9983,VDU,12-15,3,25.65,18.002499999999998
862-02:9983,VDU,15-18,1,4.75,5.89
862-02:9983,VDU,3-6,12,65.55,63.887499999999996
862-02:9983,VDU,6-9,10,45.6,55.955
862-02:9983,VDU,9-12,2,14.249999999999998,11.399999999999999
862-02:9983,SDU,0-3,4,929.0999999999999,1126.225
862-02:9983,SDU,12-15,1,131.1,216.2833333333333
862-02:9983,SDU,3-6,7,1959.85,1949.3208333333332
862-02:9983,SDU,6-9,9,2588.75,2439.8375
862-02:9983,SDU,9-12,4,1152.35,1029.4833333333333
862-02:9983,VHDU,0-3,11,938.5999999999999,955.3675
862-02:9983,VHDU,12-15,3,176.7,169.005
862-02:9983,VHDU,15-18,2,66.5,47.3575
862-02:9983,VHDU,3-6,22,1634.9499999999998,1544.9375
862-02:9983,VHDU,6-9,17,904.4,962.1125
862-02:9983,VHDU,9-12,6,174.79999999999998,217.17
87-01:10668,VDU,0-3,159,9723.25,8439.99
87-01:10668,VDU,12-15,50,1501.9499999999998,2301.3275
87-01:10668,VDU,15-18,15,451.25,695.9225
87-01:10668,VDU,18-21,6,29.449999999999996,216.41
87-01:10668,VDU,21-24,1,37.05,60.5625
87-01:10668,VDU,3-6,193,11502.6,11067.025
87-01:10668,VDU,6-9,162,8792.25,8623.1975
87-01:10668,VDU,9-12,140,6955.9,7589.264999999999
87-01:10668,SDU,0-3,86,37473.7,37083.06
87-01:10668,SDU,12-15,9,2559.2999999999997,3164.6875
87-01:10668,SDU,15-18,3,700.15,1193.295
87-01:10668,SDU,18-21,2,89.3,654.3125
87-01:10668,SDU,3-6,379,170492.69999999998,169023.47749999998
87-01:10668,SDU,6-9,205,85348.95,84780.375
87-01:10668,SDU,9-12,48,18848.0,19612.892499999998
87-01:10668,VHDU,0-3,125,16444.5,16614.7875
87-01:10668,VHDU,12-15,31,4008.0499999999997,3885.4525
87-01:10668,VHDU,15-18,6,512.05,620.0649999999999
87-01:10668,VHDU,18-21,1,53.199999999999996,163.4
87-01:10668,VHDU,21-24,1,9.5,123.5
87-01:10668,VHDU,3-6,280,42685.4,41922.1225
87-01:10668,VHDU,6-9,172,24969.8,25222.024999999998
87-01:10668,VHDU,9-12,63,8295.4,8426.5475
87-05:8403,VDU,0-3,80,13806.349999999999,13503.205
87-05:8403,VDU,12-15,48,7985.7,8380.52
87-05:8403,VDU,15-18,14,1952.25,2162.4375
87-05:8403,VDU,18-21,10,724.85,1286.1575
87-05:8403,VDU,21-24,2,110.2,284.145
87-05:8403,VDU,3-6,160,27718.149999999998,26377.95333333333
87-05:8403,VDU,6-9,131,22076.1,22143.154166666667
87-05:8403,VDU,9-12,73,12345.25,12494.2575
87-05:8403,VDU,>=24,1,38.0,125.01999999999998
87-05:8403,SDU,0-3,93,50201.799999999996,50150.167499999996
87-05:8403,SDU,12-15,22,8080.7,9561.6075
87-05:8403,SDU,15-18,5,1692.9,2401.3624999999997
87-05:8403,SDU,18-21,1,356.25,507.87
87-05:8403,SDU,3-6,384,220528.25,217031.1575
87-05:8403,SDU,6-9,157,86063.34999999999,86291.20749999999
87-05:8403,SDU,9-12,70,36587.35,37567.2275
87-05:8403,VHDU,0-3,129,36777.35,36048.3675
87-05:8403,VHDU,12-15,30,7127.849999999999,7300.37
87-05:8403,VHDU,15-18,14,3102.7,3456.8125
87-05:8403,VHDU,18-21,6,1475.35,1608.635
87-05:8403,VHDU,21-24,1,193.79999999999998,147.48749999999998
87-05:8403,VHDU,3-6,262,74724.15,74235.565
87-05:8403,VHDU,6-9,165,43696.2,44190.009999999995
87-05:8403,VHDU,9-12,50,12640.699999999999,12750.852499999999
874-01:174,VDU,0-3,71,3248.0499999999997,2870.4883333333332
874-01:174,VDU,12-15,61,2198.2999999999997,2453.85
874-01:174,VDU,15-18,22,663.0999999999999,824.4733333333332
874-01:174,VDU,18-21,8,221.34999999999997,314.355
874-01:174,VDU,21-24,6,97.85,193.515
874-01:174,VDU,3-6,160,7129.75,6615.720833333333
874-01:174,VDU,6-9,219,9223.55,9238.369999999999
874-01:174,VDU,9-12,136,5144.25,5374.1025
874-01:174,VDU,>=24,2,25.65,66.975
874-01:174,SDU,0-3,64,8060.749999999999,7665.534166666666
874-01:174,SDU,12-15,34,3653.7,4028.8549999999996
874-01:174,SDU,15-18,9,765.6999999999999,997.31
874-01:174,SDU,18-21,2,114.0,187.3875
874-01:174,SDU,21-24,2,92.14999999999999,199.02499999999998
874-01:174,SDU,3-6,275,35283.95,34890.42833333333
874-01:174,SDU,6-9,156,20107.7,19834.511666666665
874-01:174,SDU,9-12,79,9291.949999999999,9566.848333333333
874-01:174,VHDU,0-3,83,4949.5,5145.01
874-01:174,VHDU,12-15,34,2074.8,2043.5925
874-01:174,VHDU,15-18,13,800.8499999999999,713.7825
874-01:174,VHDU,18-21,13,554.8,686.6441666666666
874-01:174,VHDU,21-24,1,29.45,52.9625
874-01:174,VHDU,3-6,253,16264.0,15970.370833333332
874-01:174,VHDU,6-9,186,11499.75,11543.624166666666
874-01:174,VHDU,9-12,94,5702.849999999999,5720.013333333333
884-01:951,VDU,0-3,159,8303.0,7465.543333333333
884-01:951,VDU,12-15,32,1195.1,1631.2766666666666
884-01:951,VDU,15-18,11,190.95,484.31
884-01:951,VDU,3-6,154,8458.8,8250.7025
884-01:951,VDU,6-9,149,7385.299999999999,7287.861666666666
884-01:951,VDU,9-12,101,4830.75,5244.205833333333
884-01:951,SDU,0-3,132,79012.45,80556.67499999999
884-01:951,SDU,12-15,7,2930.75,3342.3374999999996
884-01:951,SDU,15-18,2,69.35,835.05
884-01:951,SDU,18-21,1,133.95,443.41249999999997
884-01:951,SDU,3-6,356,231652.75,226762.56166666665
884-01:951,SDU,6-9,161,99576.15,101074.74333333333
884-01:951,SDU,9-12,29,13922.25,14282.869999999999
884-01:951,VHDU,0-3,145,20582.7,21943.954999999998
884-01:951,VHDU,12-15,18,2965.8999999999996,2975.02
884-01:951,VHDU,18-21,1,34.199999999999996,129.58
884-01:951,VHDU,3-6,246,49444.649999999994,48960.055
884-01:951,VHDU,6-9,156,26766.25,26345.2575
884-01:951,VHDU,9-12,49,7363.45,6803.282499999999
886-01:51,VDU,0-3,3,98.79999999999998,91.5325
886-01:51,VDU,12-15,3,118.75,75.9525
886-01:51,VDU,15-18,1,38.0,28.31
886-01:51,VDU,3-6,12,339.15,334.96999999999997
886-01:51,VDU,6-9,10,300.2,330.885
886-01:51,VDU,9-12,2,34.199999999999996,67.44999999999999
886-01:51,SDU,0-3,10,12228.4,12681.977499999999
886-01:51,SDU,12-15,4,4518.2,5106.7725
886-01:51,SDU,15-18,1,1341.3999999999999,1092.88
886-01:51,SDU,18-21,1,1244.5,1164.9375
886-01:51,SDU,3-6,35,46538.6,46251.225
886-01:51,SDU,6-9,27,34356.75,33902.6975
886-01:51,SDU,9-12,10,12610.3,12637.66
886-01:51,VHDU,0-3,11,5171.8,5412.91
886-01:51,VHDU,12-15,3,949.05,870.5799999999999
886-01:51,VHDU,15-18,2,311.6,244.1025
886-01:51,VHDU,3-6,22,9011.699999999999,8568.762499999999
886-01:51,VHDU,6-9,17,5281.05,5423.0275
886-01:51,VHDU,9-12,6,968.05,1173.8674999999998
910-09:3504,VDU,0-3,117,38.95,38.2375
910-09:3504,VDU,12-15,68,15.2,17.0525
910-09:3504,VDU,15-18,27,0.0,3.705
910-09:3504,VDU,18-21,13,0.0,1.71
910-09:3504,VDU,21-24,1,0.0,0.0
910-09:3504,VDU,3-6,189,87.39999999999999,67.16499999999999
910-09:3504,VDU,6-9,176,43.699999999999996,59.47
910-09:3504,VDU,9-12,135,38.949999999999996,36.86
910-09:3504,SDU,0-3,77,5070.15,5399.3724999999995
910-09:3504,SDU,12-15,24,1132.3999999999999,1185.98
910-09:3504,SDU,15-18,6,152.95,272.3175
910-09:3504,SDU,18-21,1,18.05,40.375
910-09:3504,SDU,3-6,310,22865.55,22564.2575
910-09:3504,SDU,6-9,219,15086.949999999999,14868.2125
910-09:3504,SDU,9-12,95,6211.099999999999,6206.634999999999
910-09:3504,VHDU,0-3,139,457.9,437.76
910-09:3504,VHDU,12-15,39,164.35,148.9125
910-09:3504,VHDU,15-18,18,106.39999999999999,78.375
910-09:3504,VHDU,18-21,2,0.0,6.84
910-09:3504,VHDU,3-6,247,1010.8,1048.23
910-09:3504,VHDU,6-9,197,719.15,762.66
910-09:3504,VHDU,9-12,89,370.5,352.78249999999997
917-04:548,VDU,0-3,15,3.8,3.04
917-04:548,VDU,12-15,102,49.39999999999999,41.9425
917-04:548,VDU,15-18,59,10.45,20.71
917-04:548,VDU,18-21,25,3.8,14.059999999999999
917-04:548,VDU,21-24,8,1.9,3.7525
917-04:548,VDU,3-6,106,55.099999999999994,47.5475
917-04:548,VDU,6-9,130,123.5,90.01249999999999
917-04:548,VDU,9-12,126,55.099999999999994,79.325
917-04:548,VDU,>=24,4,0.0,2.66
917-04:548,SDU,0-3,64,2483.2999999999997,2465.4874999999997
917-04:548,SDU,12-15,55,1749.8999999999999,1966.405
917-04:548,SDU,15-18,20,496.84999999999997,640.6641666666667
917-04:548,SDU,18-21,17,424.65,557.4124999999999
917-04:548,SDU,21-24,4,47.5,109.725
917-04:548,SDU,3-6,241,10585.849999999999,10024.526666666667
917-04:548,SDU,6-9,132,5268.7,5120.69
917-04:548,SDU,9-12,108,4024.2,4118.376666666666
917-04:548,SDU,>=24,3,13.3,90.96249999999999
917-04:548,VHDU,0-3,41,116.85,119.79499999999999
917-04:548,VHDU,12-15,58,217.54999999999998,258.2575
917-04:548,VHDU,15-18,37,126.35,167.69083333333333
917-04:548,VHDU,18-21,16,69.35,110.485
917-04:548,VHDU,21-24,4,17.1,16.34
917-04:548,VHDU,3-6,157,1004.15,886.4291666666667
917-04:548,VHDU,6-9,165,817.0,793.5666666666666
917-04:548,VHDU,9-12,109,494.95,507.8858333333333
917-04:548,VHDU,>=24,2,0.0,2.8499999999999996
92-05:421,VDU,0-3,233,294452.5,279154.0958333333
92-05:421,VDU,12-15,3,1615.0,3074.77
92-05:421,VDU,3-6,221,258935.8,258353.13333333333
92-05:421,VDU,6-9,101,109622.4,116134.41249999999
92-05:421,VDU,9-12,31,27575.649999999998,35484.93833333333
92-05:421,SDU,0-3,399,774154.0499999999,759597.0891666666
92-05:421,SDU,15-18,1,294.5,1107.7
92-05:421,SDU,3-6,250,456334.39999999997,465175.0525
92-05:421,SDU,6-9,29,48018.7,50562.48333333333
92-05:421,SDU,9-12,4,4744.299999999999,7103.625
92-05:421,VHDU,0-3,309,448960.5,441291.91
92-05:421,VHDU,3-6,252,364645.14999999997,366010.4425
92-05:421,VHDU,6-9,78,104947.45,109506.68999999999
92-05:421,VHDU,9-12,13,15432.75,17176.8075
92-07:8711,VDU,0-3,249,271909.95,260336.76499999998
92-07:8711,VDU,12-15,6,4479.25,5388.0199999999995
92-07:8711,VDU,15-18,1,53.199999999999996,861.4599999999999
92-07:8711,VDU,18-21,1,195.7,583.87
92-07:8711,VDU,3-6,263,265456.6,267085.945
92-07:8711,VDU,6-9,158,153675.8,158589.38999999998
92-07:8711,VDU,9-12,50,50352.85,53277.899999999994
92-07:8711,SDU,0-3,345,510494.85,503690.71249999997
92-07:8711,SDU,12-15,5,6225.349999999999,7206.51
92-07:8711,SDU,15-18,2,1937.0499999999997,3116.7124999999996
92-07:8711,SDU,21-24,1,287.84999999999997,863.3125
92-07:8711,SDU,3-6,245,352416.75,350780.4225
92-07:8711,SDU,6-9,100,137366.19999999998,140369.48249999998
92-07:8711,SDU,9-12,34,45610.45,48311.347499999996
92-07:8711,VHDU,0-3,298,359281.44999999995,355052.2875
92-07:8711,VHDU,12-15,5,4275.0,5249.035
92-07:8711,VHDU,15-18,1,1185.6,1520.0
92-07:8711,VHDU,3-6,267,312476.85,310849.02499999997
92-07:8711,VHDU,6-9,119,140201.0,142207.1625
92-07:8711,VHDU,9-12,42,45741.549999999996,48283.939999999995
92-09:47,VDU,0-3,244,77356.59999999999,74580.035
92-09:47,VDU,12-15,5,1073.5,1256.565
92-09:47,VDU,15-18,1,24.7,291.46
92-09:47,VDU,18-21,1,28.5,161.68999999999997
92-09:47,VDU,3-6,257,75745.4,75857.7375
92-09:47,VDU,6-9,151,42484.0,43543.725
92-09:47,VDU,9-12,47,13609.699999999999,14631.1875
92-09:47,SDU,0-3,289,127412.09999999999,125448.97249999999
92-09:47,SDU,12-15,5,1759.4,2042.215
92-09:47,SDU,15-18,2,485.45,829.3499999999999
92-09:47,SDU,21-24,1,76.95,258.6375
92-09:47,SDU,3-6,210,90110.34999999999,89537.6425
92-09:47,SDU,6-9,85,34062.25,34807.9525
92-09:47,SDU,9-12,30,11635.599999999999,12617.33
92-09:47,VHDU,0-3,276,94180.15,93243.81416666666
92-09:47,VHDU,12-15,5,1303.3999999999999,1603.8374999999999
92-09:47,VHDU,15-18,1,292.59999999999997,398.42999999999995
92-09:47,VHDU,3-6,241,81381.75,80661.28583333333
92-09:47,VHDU,6-9,106,35928.049999999996,36352.509999999995
92-09:47,VHDU,9-12,40,12436.449999999999,13262.5225
92-09:48,VDU,0-3,244,77407.9,74361.345
92-09:48,VDU,12-15,5,1033.6,1255.2824999999998
92-09:48,VDU,15-18,1,27.549999999999997,286.14
92-09:48,VDU,18-21,1,34.199999999999996,157.13
92-09:48,VDU,3-6,257,75764.4,75741.7425
92-09:48,VDU,6-9,151,42193.299999999996,43423.36
92-09:48,VDU,9-12,48,13734.15,14970.099999999999
92-09:48,SDU,0-3,289,127934.59999999999,125437.33499999999
92-09:48,SDU,12-15,5,1643.5,1998.8
92-09:48,SDU,15-18,2,458.84999999999997,803.2249999999999
92-09:48,SDU,21-24,1,74.1,223.96249999999998
92-09:48,SDU,3-6,210,89214.5,89270.59749999999
92-09:48,SDU,6-9,85,34046.1,34610.6375
92-09:48,SDU,9-12,30,11568.15,12595.2425
92-09:48,VHDU,0-3,276,93510.4,92355.94416666667
92-09:48,VHDU,12-15,5,1316.6999999999998,1592.865
92-09:48,VHDU,15-18,1,290.7,391.97
92-09:48,VHDU,3-6,241,80944.75,80436.51583333332
92-09:48,VHDU,6-9,106,36190.25,36728.947499999995
92-09:48,VHDU,9-12,40,12442.15,13188.707499999999
920-01:229,VDU,0-3,137,4850.7,4692.049999999999
920-01:229,VDU,12-15,39,1165.6499999999999,1273.7124999999999
920-01:229,VDU,15-18,17,478.79999999999995,545.395
920-01:229,VDU,18-21,3,98.8,96.425
920-01:229,VDU,21-24,1,30.4,31.112499999999997
920-01:229,VDU,3-6,159,5275.349999999999,5319.8099999999995
920-01:229,VDU,6-9,97,3157.7999999999997,3096.62
920-01:229,VDU,9-12,64,2171.7,2174.075
920-01:229,SDU,0-3,183,16509.1,16874.517499999998
920-01:229,SDU,12-15,9,711.55,778.2875
920-01:229,SDU,15-18,1,38.0,58.1875
920-01:229,SDU,3-6,328,31864.899999999998,31744.392499999998
920-01:229,SDU,6-9,65,6117.049999999999,6027.1325
920-01:229,SDU,9-12,24,2390.2,2148.2825
920-01:229,VHDU,0-3,184,8706.75,8800.309166666666
920-01:229,VHDU,12-15,21,942.4,913.805
920-01:229,VHDU,15-18,5,195.7,224.32666666666665
920-01:229,VHDU,3-6,253,12174.25,12107.005833333333
920-01:229,VHDU,6-9,85,3878.85,3854.7516666666666
920-01:229,VHDU,9-12,33,1445.8999999999999,1443.6516666666666
923-01:903,VDU,0-3,83,4213.25,3867.8775
923-01:903,VDU,12-15,14,422.75,566.9599999999999
923-01:903,VDU,18-21,1,11.399999999999999,15.959999999999999
923-01:903,VDU,3-6,188,11116.9,10336.5225
923-01:903,VDU,6-9,152,8079.75,8235.3125
923-01:903,VDU,9-12,78,3323.1,4144.5175
923-01:903,SDU,0-3,55,36733.65,36176.316666666666
923-01:903,SDU,12-15,4,1135.25,1575.1
923-01:903,SDU,15-18,2,274.55,1087.0375
923-01:903,SDU,3-6,317,199747.0,198330.2175
923-01:903,SDU,6-9,132,79340.2,78806.23666666666
923-01:903,SDU,9-12,27,16641.149999999998,17896.891666666666
923-01:903,VHDU,0-3,106,21949.75,23033.240833333333
923-01:903,VHDU,12-15,4,942.3999999999999,909.53
923-01:903,VHDU,15-18,1,225.14999999999998,340.47999999999996
923-01:903,VHDU,3-6,260,55241.549999999996,53884.38
923-01:903,VHDU,6-9,138,28635.85,28762.817499999997
923-01:903,VHDU,9-12,36,6100.9,6165.151666666667
925-04:10375,VDU,0-3,64,9868.6,9305.265833333333
925-04:10375,VDU,12-15,62,8139.599999999999,8711.610833333332
925-04:10375,VDU,15-18,36,4430.8,5112.630833333333
925-04:10375,VDU,18-21,11,1279.6499999999999,1621.5233333333333
925-04:10375,VDU,21-24,1,44.65,53.912499999999994
925-04:10375,VDU,3-6,159,24203.149999999998,23088.958333333332
925-04:10375,VDU,6-9,156,23152.449999999997,22922.423333333332
925-04:10375,VDU,9-12,117,15997.05,16322.994999999999
925-04:10375,VDU,>=24,2,251.74999999999997,228.38
925-04:10375,SDU,0-3,74,26604.75,26978.86
925-04:10375,SDU,12-15,26,7194.349999999999,8024.6025
925-04:10375,SDU,15-18,2,355.29999999999995,478.0875
925-04:10375,SDU,3-6,328,115990.25,115704.015
925-04:10375,SDU,6-9,173,60945.35,59611.7875
925-04:10375,SDU,9-12,70,21442.45,21735.0975
925-04:10375,VHDU,0-3,75,14495.099999999999,14572.936666666666
925-04:10375,VHDU,12-15,45,7800.45,8006.188333333333
925-04:10375,VHDU,15-18,15,2442.45,2541.8675
925-04:10375,VHDU,18-21,4,557.65,620.255
925-04:10375,VHDU,21-24,1,64.6,69.54
925-04:10375,VHDU,3-6,223,44270.0,43534.050833333335
925-04:10375,VHDU,6-9,176,34229.45,34790.931666666664
925-04:10375,VHDU,9-12,84,15866.9,15590.83
93-02:8165,VDU,0-3,72,20311.0,18382.579166666666
93-02:8165,VDU,12-15,71,14287.05,16936.505
93-02:8165,VDU,15-18,45,6369.75,10912.269999999999
93-02:8165,VDU,18-21,18,1896.1999999999998,3891.6749999999997
93-02:8165,VDU,21-24,3,120.65,579.2625
93-02:8165,VDU,3-6,195,58432.6,50438.52416666666
93-02:8165,VDU,6-9,183,50841.15,48552.22
93-02:8165,VDU,9-12,130,30944.35,33493.754166666666
93-02:8165,VDU,>=24,2,427.49999999999994,443.4599999999999
93-02:8165,SDU,0-3,70,72090.75,73285.28
93-02:8165,SDU,12-15,25,17991.1,21014.6175
93-02:8165,SDU,15-18,2,822.6999999999999,1430.4624999999999
93-02:8165,SDU,3-6,332,333305.6,331937.22
93-02:8165,SDU,6-9,180,180538.94999999998,175628.875
93-02:8165,SDU,9-12,72,62139.5,63592.145
93-02:8165,VHDU,0-3,81,34007.15,33733.835
93-02:8165,VHDU,12-15,50,17022.1,18933.024999999998
93-02:8165,VHDU,15-18,15,6784.9,6581.077499999999
93-02:8165,VHDU,18-21,4,798.0,979.7349999999999
93-02:8165,VHDU,21-24,1,171.0,208.61999999999998
93-02:8165,VHDU,3-6,241,114505.4,112106.50749999999
93-02:8165,VHDU,6-9,188,83777.65,84968.56999999999
93-02:8165,VHDU,9-12,91,37475.6,37030.43
931-09:4439,VDU,0-3,97,15948.599999999999,15390.902499999998
931-09:4439,VDU,12-15,42,5930.849999999999,6688.696666666667
931-09:4439,VDU,15-18,7,634.6,891.2583333333332
931-09:4439,VDU,3-6,245,40763.549999999996,39216.6175
931-09:4439,VDU,6-9,174,27918.6,27973.66833333333
931-09:4439,VDU,9-12,82,11265.1,12300.156666666666
931-09:4439,SDU,0-3,61,47628.25,48768.82
931-09:4439,SDU,12-15,5,2554.5499999999997,3259.8775
931-09:4439,SDU,3-6,449,371321.75,376230.115
931-09:4439,SDU,6-9,152,131260.55,122757.2425
931-09:4439,SDU,9-12,31,18531.649999999998,20280.695
931-09:4439,VHDU,0-3,104,29374.0,28923.209166666664
931-09:4439,VHDU,12-15,10,2712.25,2734.068333333333
931-09:4439,VHDU,15-18,1,170.04999999999998,170.04999999999998
931-09:4439,VHDU,3-6,287,83628.5,82662.8725
931-09:4439,VHDU,6-9,161,45657.95,46982.75666666667
931-09:4439,VHDU,9-12,41,10556.4,10626.193333333333
933-01:1870,VDU,0-3,520,34272.2,33500.182499999995
933-01:1870,VDU,3-6,191,11349.65,12152.115
933-01:1870,VDU,6-9,15,979.4499999999999,930.9525
933-01:1870,VDU,9-12,1,50.349999999999994,68.39999999999999
933-01:1870,SDU,0-3,678,237359.4,236975.50499999998
933-01:1870,SDU,3-6,52,16465.399999999998,16749.782499999998
933-01:1870,SDU,6-9,1,165.29999999999998,264.8125
933-01:1870,VHDU,0-3,580,68248.95,67633.8725
933-01:1870,VHDU,3-6,143,14858.949999999999,15412.705
933-01:1870,VHDU,6-9,8,855.0,877.1825
933-01:1870,VHDU,9-12,1,65.55,104.69
939-02:11805,VDU,0-3,15,447.45,314.92499999999995
939-02:11805,VDU,12-15,21,619.4,756.675
939-02:11805,VDU,15-18,8,188.1,189.33499999999998
939-02:11805,VDU,18-21,2,21.85,47.5
939-02:11805,VDU,21-24,1,6.6499999999999995,33.25
939-02:11805,VDU,3-6,32,1085.85,1003.1999999999999
939-02:11805,VDU,6-9,28,1041.2,1041.9125
939-02:11805,VDU,9-12,15,525.3499999999999,549.0525
939-02:11805,SDU,0-3,1,487.34999999999997,442.12999999999994
939-02:11805,SDU,12-15,2,817.0,1004.625
939-02:11805,SDU,15-18,1,378.09999999999997,472.3875
939-02:11805,SDU,18-21,1,453.15,467.16249999999997
939-02:11805,SDU,21-24,1,92.14999999999999,435.3375
939-02:11805,SDU,3-6,16,8649.75,8181.6849999999995
939-02:11805,SDU,6-9,10,5403.599999999999,4900.005
939-02:11805,SDU,9-12,6,2787.2999999999997,2825.205
939-02:11805,SDU,>=24,1,70.3,410.16249999999997
939-02:11805,VHDU,0-3,23,5344.7,5533.655
939-02:11805,VHDU,12-15,11,1773.6499999999999,1744.8174999999999
939-02:11805,VHDU,15-18,4,107.35,488.395
939-02:11805,VHDU,18-21,2,206.14999999999998,239.39999999999998
939-02:11805,VHDU,3-6,36,10228.65,9835.445
939-02:11805,VHDU,6-9,24,5639.2,5574.505
939-02:11805,VHDU,9-12,18,3752.5,3635.9824999999996
939-02:11806,VDU,0-3,29,769.5,711.1225
939-02:11806,VDU,12-15,42,565.25,706.8475
939-02:11806,VDU,15-18,23,286.9,424.3175
939-02:11806,VDU,18-21,8,45.599999999999994,93.66999999999999
939-02:11806,VDU,21-24,3,3.8,13.49
939-02:11806,VDU,3-6,133,2495.65,2114.5575
939-02:11806,VDU,6-9,97,1591.25,1628.3
939-02:11806,VDU,9-12,57,702.05,763.895
939-02:11806,VDU,>=24,2,2.8499999999999996,6.65
939-02:11806,SDU,0-3,24,12761.349999999999,12495.5875
939-02:11806,SDU,12-15,25,10733.1,11068.545
939-02:11806,SDU,15-18,5,2002.6,2183.4325
939-02:11806,SDU,18-21,1,75.05,123.02499999999999
939-02:11806,SDU,21-24,1,49.4,384.5125
939-02:11806,SDU,3-6,203,96594.09999999999,95546.9625
939-02:11806,SDU,6-9,121,54785.549999999996,53981.85
939-02:11806,SDU,9-12,50,20740.399999999998,21666.2225
939-02:11806,SDU,>=24,1,85.5,376.91249999999997
939-02:11806,VHDU,0-3,48,7529.7,8482.835
939-02:11806,VHDU,12-15,33,4874.45,5299.1475
939-02:11806,VHDU,15-18,16,1908.55,2135.2675
939-02:11806,VHDU,18-21,5,285.0,558.5525
939-02:11806,VHDU,21-24,2,277.4,273.4575
939-02:11806,VHDU,3-6,155,23544.8,22935.184999999998
939-02:11806,VHDU,6-9,108,16960.35,17005.427499999998
939-02:11806,VHDU,9-12,60,11954.8,10645.1775
939-02:918,VDU,0-3,46,722.9499999999999,524.685
939-02:918,VDU,12-15,90,508.25,830.5849999999999
939-02:918,VDU,15-18,41,108.3,328.795
939-02:918,VDU,18-21,11,2.8499999999999996,72.5325
939-02:918,VDU,21-24,6,10.45,49.447500000000005
939-02:918,VDU,3-6,244,2700.85,2231.1225
939-02:918,VDU,6-9,179,1645.3999999999999,1607.2099999999998
939-02:918,VDU,9-12,108,662.15,698.155
939-02:918,VDU,>=24,2,0.0,0.38
939-02:918,SDU,0-3,29,13309.5,13072.474999999999
939-02:918,SDU,12-15,49,18324.55,18693.3875
939-02:918,SDU,15-18,16,5728.5,6159.5625
939-02:918,SDU,18-21,4,1010.8,1184.65
939-02:918,SDU,21-24,2,87.4,683.05
939-02:918,SDU,3-6,345,142499.05,140651.82249999998
939-02:918,SDU,6-9,177,71888.4,70961.0575
939-02:918,SDU,9-12,107,39542.799999999996,40462.494999999995
939-02:918,SDU,>=24,2,137.75,660.25
939-02:918,VHDU,0-3,78,10501.3,11039.664999999999
939-02:918,VHDU,12-15,52,5858.65,6772.549999999999
939-02:918,VHDU,15-18,28,2332.25,3261.8725
939-02:918,VHDU,18-21,9,278.35,767.505
939-02:918,VHDU,21-24,2,210.89999999999998,207.9075
939-02:918,VHDU,3-6,269,35744.7,34355.5625
939-02:918,VHDU,6-9,173,23256.95,22976.795
939-02:918,VHDU,9-12,120,18028.149999999998,16829.392499999998
94-01:5981,VDU,0-3,66,13607.8,12722.352499999999
94-01:5981,VDU,12-15,65,11379.099999999999,12021.5375
94-01:5981,VDU,15-18,42,6498.95,7867.424999999999
94-01:5981,VDU,18-21,18,2558.35,3125.595
94-01:5981,VDU,21-24,2,141.54999999999998,256.97499999999997
94-01:5981,VDU,3-6,176,35621.2,34197.292499999996
94-01:5981,VDU,6-9,167,34463.15,33423.7075
94-01:5981,VDU,9-12,114,21415.85,22070.875
94-01:5981,VDU,>=24,2,310.65,310.84000000000003
94-01:5981,SDU,0-3,74,48868.0,49432.822499999995
94-01:5981,SDU,12-15,22,10324.599999999999,12296.467499999999
94-01:5981,SDU,15-18,2,486.4,709.175
94-01:5981,SDU,3-6,298,197782.4,196362.38749999998
94-01:5981,SDU,6-9,156,98967.2,97319.66249999999
94-01:5981,SDU,9-12,58,31730.949999999997,32039.035
94-01:5981,VHDU,0-3,84,25678.5,25785.0425
94-01:5981,VHDU,12-15,48,12809.8,13460.4075
94-01:5981,VHDU,15-18,12,3877.8999999999996,3506.3075
94-01:5981,VHDU,18-21,4,785.65,888.4399999999999
94-01:5981,VHDU,21-24,1,184.29999999999998,194.36999999999998
94-01:5981,VHDU,3-6,233,73103.45,72466.855
94-01:5981,VHDU,6-9,182,55294.75,55838.4825
94-01:5981,VHDU,9-12,86,24755.1,24349.545
94-07:5340,VDU,0-3,109,4169.55,3820.2825
94-07:5340,VDU,12-15,55,1829.6999999999998,1946.1699999999998
94-07:5340,VDU,15-18,38,1197.0,1432.5525
94-07:5340,VDU,18-21,14,326.79999999999995,489.155
94-07:5340,VDU,21-24,3,49.4,78.13749999999999
94-07:5340,VDU,3-6,177,6970.15,6727.5675
94-07:5340,VDU,6-9,198,7493.599999999999,7362.5475
94-07:5340,VDU,9-12,100,3299.35,3376.1575
94-07:5340,VDU,>=24,8,68.39999999999999,215.2225
94-07:5340,SDU,0-3,184,75532.59999999999,72232.68
94-07:5340,SDU,12-15,34,11088.4,12821.484999999999
94-07:5340,SDU,15-18,21,5737.049999999999,7368.6275
94-07:5340,SDU,18-21,6,1721.3999999999999,2049.625
94-07:5340,SDU,21-24,1,22.799999999999997,138.4625
94-07:5340,SDU,3-6,311,119931.79999999999,115088.51
94-07:5340,SDU,6-9,116,39646.35,40968.3225
94-07:5340,SDU,9-12,57,19627.0,22143.7875
94-07:5340,SDU,>=24,2,95.95,591.85
94-07:5340,VHDU,0-3,128,16587.95,17172.105
94-07:5340,VHDU,12-15,36,3003.9,3276.74
94-07:5340,VHDU,15-18,24,1590.3,1776.5
94-07:5340,VHDU,18-21,12,742.9,837.3774999999999
94-07:5340,VHDU,21-24,11,575.6999999999999,652.6025
94-07:5340,VHDU,3-6,265,30284.1,28638.969166666666
94-07:5340,VHDU,6-9,146,13570.75,13272.592499999999
94-07:5340,VHDU,9-12,84,6864.7,7302.966666666666
94-07:5340,VHDU,>=24,3,129.2,191.89999999999998
95-01:2010,VDU,0-3,64,28843.899999999998,27263.337499999998
95-01:2010,VDU,12-15,62,24225.95,25478.145
95-01:2010,VDU,15-18,39,13857.65,15956.690833333332
95-01:2010,VDU,18-21,17,5414.049999999999,6304.865
95-01:2010,VDU,21-24,3,765.6999999999999,1044.525
95-01:2010,VDU,3-6,163,71594.84999999999,68390.19916666666
95-01:2010,VDU,6-9,158,68257.5,66561.48083333333
95-01:2010,VDU,9-12,121,49384.799999999996,51327.86666666666
95-01:2010,VDU,>=24,2,723.9,741.19
95-01:2010,SDU,0-3,60,108525.15,107833.59749999999
95-01:2010,SDU,12-15,18,24757.0,27126.585
95-01:2010,SDU,15-18,2,1691.95,2453.85
95-01:2010,SDU,3-6,289,488986.85,490288.7141666667
95-01:2010,SDU,6-9,152,255588.94999999998,249985.91333333333
95-01:2010,SDU,9-12,54,79330.7,81191.94
95-01:2010,VHDU,0-3,64,47666.25,47828.43083333333
95-01:2010,VHDU,12-15,52,33236.7,35561.729999999996
95-01:2010,VHDU,15-18,14,11106.45,10457.7425
95-01:2010,VHDU,18-21,4,2200.2,2373.1
95-01:2010,VHDU,21-24,1,444.59999999999997,489.05999999999995
95-01:2010,VHDU,3-6,236,186066.05,183628.1758333333
95-01:2010,VHDU,6-9,174,135022.55,136914.3958333333
95-01:2010,VHDU,9-12,87,65370.45,63860.615
95-02:947,VDU,0-3,114,11367.699999999999,10256.342499999999
95-02:947,VDU,12-15,44,2781.6,3362.920833333333
95-02:947,VDU,15-18,7,281.2,433.4533333333333
95-02:947,VDU,18-21,1,37.05,70.49
95-02:947,VDU,3-6,267,22392.449999999997,21478.724166666667
95-02:947,VDU,6-9,183,14638.55,14936.5175
95-02:947,VDU,9-12,84,5811.15,6771.251666666666
95-02:947,SDU,0-3,64,41360.15,41765.325
95-02:947,SDU,12-15,5,2071.95,2546.7125
95-02:947,SDU,3-6,463,283891.35,284529.0375
95-02:947,SDU,6-9,162,97663.8,94886.47499999999
95-02:947,SDU,9-12,31,14934.0,16193.699999999999
95-02:947,VHDU,0-3,132,32735.1,32218.9175
95-02:947,VHDU,12-15,11,2226.7999999999997,2611.0274999999997
95-02:947,VHDU,15-18,1,244.14999999999998,202.825
95-02:947,VHDU,3-6,351,87364.84999999999,85754.59999999999
95-02:947,VHDU,6-9,182,44774.45,46499.46
95-02:947,VHDU,9-12,55,11345.85,11404.369999999999
95-05:1815,VDU,0-3,76,208.04999999999998,291.98249999999996
95-05:1815,VDU,12-15,35,48.449999999999996,82.4125
95-05:1815,VDU,15-18,14,252.7,85.8325
95-05:1815,VDU,18-21,6,8.549999999999999,6.9825
95-05:1815,VDU,3-6,295,1459.1999999999998,1248.2525
95-05:1815,VDU,6-9,198,626.05,794.77
95-05:1815,VDU,9-12,104,209.95,302.7175
95-05:1815,SDU,0-3,18,1660.6,1636.7075
95-05:1815,SDU,12-15,11,773.3,865.7349999999999
95-05:1815,SDU,15-18,3,144.39999999999998,249.61249999999998
95-05:1815,SDU,21-24,1,18.05,70.3
95-05:1815,SDU,3-6,403,35806.45,35790.68
95-05:1815,SDU,6-9,255,21890.85,21648.885
95-05:1815,SDU,9-12,41,3220.5,3252.23
95-05:1815,VHDU,0-3,76,2176.45,2067.6275
95-05:1815,VHDU,12-15,18,544.3499999999999,605.1975
95-05:1815,VHDU,15-18,4,57.0,52.81999999999999
95-05:1815,VHDU,18-21,2,74.1,60.42
95-05:1815,VHDU,3-6,345,10468.05,10540.345
95-05:1815,VHDU,6-9,205,6429.599999999999,6360.1075
95-05:1815,VHDU,9-12,82,2241.0499999999997,2304.0825
9549-01:5689,VDU,0-3,63,5905.2,4724.6825
9549-01:5689,VDU,12-15,11,60.8,568.8125
9549-01:5689,VDU,15-18,3,51.3,192.89749999999998
9549-01:5689,VDU,18-21,1,9.5,37.05
9549-01:5689,VDU,21-24,1,1.9,26.599999999999998
9549-01:5689,VDU,3-6,114,10967.75,9163.225
9549-01:5689,VDU,6-9,80,6239.599999999999,7045.1525
9549-01:5689,VDU,9-12,40,1040.25,2517.88
9549-01:5689,SDU,0-3,89,1363.25,1534.2975
9549-01:5689,SDU,12-15,1,10.45,9.025
9549-01:5689,SDU,3-6,89,1545.6499999999999,1915.96
9549-01:5689,SDU,6-9,54,1687.1999999999998,1111.2625
9549-01:5689,SDU,9-12,11,133.0,169.005
9549-01:5689,VHDU,0-3,80,1341.3999999999999,1059.5825
9549-01:5689,VHDU,12-15,7,58.89999999999999,89.015
9549-01:5689,VHDU,3-6,86,1722.35,1675.0874999999999
9549-01:5689,VHDU,6-9,51,1161.85,1224.4075
9549-01:5689,VHDU,9-12,20,235.59999999999997,472.0075
98-01:300,VDU,0-3,152,40756.9,40205.7575
98-01:300,VDU,12-15,7,1809.75,1835.8908333333334
98-01:300,VDU,15-18,1,133.0,194.75
98-01:300,VDU,3-6,310,84200.4,82361.23166666666
98-01:300,VDU,6-9,151,38085.5,39516.23166666667
98-01:300,VDU,9-12,30,6438.15,7309.838333333333
98-01:300,SDU,0-3,286,280508.39999999997,275096.44
98-01:300,SDU,12-15,5,2856.6499999999996,3576.9874999999997
98-01:300,SDU,15-18,1,216.6,654.55
98-01:300,SDU,3-6,257,230295.19999999998,232348.34
98-01:300,SDU,6-9,83,75119.34999999999,76001.425
98-01:300,SDU,9-12,13,9817.3,11135.7575
98-01:300,VHDU,0-3,218,95335.34999999999,97205.01333333334
98-01:300,VHDU,12-15,2,474.04999999999995,562.6374999999999
98-01:300,VHDU,15-18,3,1079.2,1122.71
98-01:300,VHDU,18-21,2,436.04999999999995,590.5674999999999
98-01:300,VHDU,3-6,338,144266.05,141784.14333333334
98-01:300,VHDU,6-9,105,41435.2,41516.67833333333
98-01:300,VHDU,9-12,16,5196.5,5440.65
99-01:209,VDU,0-3,70,87689.75,84670.17499999999
99-01:209,VDU,12-15,59,59778.75,65070.424166666664
99-01:209,VDU,15-18,24,23078.35,26819.164999999997
99-01:209,VDU,18-21,4,4220.849999999999,4472.41
99-01:209,VDU,21-24,1,838.8499999999999,1220.2749999999999
99-01:209,VDU,3-6,189,234718.4,229276.8
99-01:209,VDU,6-9,173,214365.59999999998,210475.38166666665
99-01:209,VDU,9-12,137,171342.94999999998,174028.86916666667
99-01:209,SDU,0-3,113,302413.5,302148.1175
99-01:209,SDU,12-15,19,48597.25,50096.255
99-01:209,SDU,15-18,11,22566.3,23746.0575
99-01:209,SDU,18-21,2,4243.65,4535.775
99-01:209,SDU,21-24,1,916.75,1992.8625
99-01:209,SDU,3-6,334,891080.0499999999,884075.3358333333
99-01:209,SDU,6-9,157,401216.35,403265.5475
99-01:209,SDU,9-12,58,155746.8,156920.69916666666
99-01:209,VHDU,0-3,110,180393.6,180612.46416666664
99-01:209,VHDU,12-15,55,81773.15,84430.9175
99-01:209,VHDU,15-18,12,19591.85,20037.399999999998
99-01:209,VHDU,18-21,1,2451.95,2402.74
99-01:209,VHDU,3-6,253,418599.45,416702.0625
99-01:209,VHDU,6-9,193,309202.2,308225.41
99-01:209,VHDU,9-12,81,132418.6,132019.80583333332
998-01:155,VDU,0-3,313,87015.25,82752.94833333333
998-01:155,VDU,12-15,10,1554.1999999999998,2871.4224999999997
998-01:155,VDU,15-18,3,186.2,694.2125
998-01:155,VDU,18-21,1,0.0,182.08333333333331
998-01:155,VDU,21-24,2,1.9,265.11333333333334
998-01:155,VDU,3-6,104,28252.05,28625.9225
998-01:155,VDU,6-9,53,12729.05,14429.534166666666
998-01:155,VDU,9-12,25,7902.099999999999,7819.513333333333
998-01:155,SDU,0-3,486,691282.7,683934.8616666667
998-01:155,SDU,3-6,168,223123.65,226194.73083333333
998-01:155,SDU,6-9,23,21857.6,25902.605
998-01:155,SDU,9-12,4,6380.2,6611.9525
998-01:155,VHDU,0-3,386,240821.19999999998,240621.00333333333
998-01:155,VHDU,12-15,5,2677.1,3390.9775
998-01:155,VHDU,15-18,2,641.2499999999999,787.55
998-01:155,VHDU,3-6,185,118496.34999999999,115720.13333333333
998-01:155,VHDU,6-9,55,33296.549999999996,33193.854999999996
998-01:155,VHDU,9-12,27,14450.449999999999,16669.380833333333
1-a1:7756,All periods,0-3,403,327241.75,324120.35083333333
1-a1:7756,All periods,12-15,25,15239.9,16451.34
1-a1:7756,All periods,15-18,13,5747.499999999999,6755.07
1-a1:7756,All periods,18-21,6,2475.7,3175.1375
1-a1:7756,All periods,21-24,1,52.25,427.5
1-a1:7756,All periods,3-6,395,342234.64999999997,337632.1375
1-a1:7756,All periods,6-9,158,106539.65,108333.1075
1-a1:7756,All periods,9-12,67,42075.5,44712.25666666667
1-a1:7776,All periods,0-3,398,504564.94999999995,499083.26
1-a1:7776,All periods,12-15,39,39216.95,40183.765
1-a1:7776,All periods,15-18,12,8173.799999999999,9789.085
1-a1:7776,All periods,18-21,2,2168.85,2161.06
1-a1:7776,All periods,3-6,392,542948.75,538642.6375
1-a1:7776,All periods,6-9,169,196905.55,199260.78999999998
1-a1:7776,All periods,9-12,82,84247.9,88538.385
1-a1:7776,All periods,>=24,2,13.3,581.0675
1-a2:7104,All periods,0-3,17,14674.65,15200.0475
1-a2:7104,All periods,12-15,2,1447.7999999999997,1912.3025
1-a2:7104,All periods,3-6,29,28300.5,27167.34
1-a2:7104,All periods,6-9,8,7560.1,7751.81
1-a2:7104,All periods,9-12,8,7549.65,7501.2
1-a4:10034,All periods,0-3,375,440981.44999999995,432332.6658333333
1-a4:10034,All periods,12-15,39,36146.549999999996,41037.0075
1-a4:10034,All periods,15-18,8,6099.0,7543.427499999999
1-a4:10034,All periods,18-21,1,117.8,454.09999999999997
1-a4:10034,All periods,21-24,2,101.64999999999999,787.5024999999999
1-a4:10034,All periods,3-6,551,729142.1,722213.2275
1-a4:10034,All periods,6-9,267,319010.94999999995,324893.77749999997
1-a4:10034,All periods,9-12,117,133308.75,135646.54166666666
1-a6:11172,All periods,0-3,672,757165.2,746814.6016666666
1-a6:11172,All periods,12-15,17,11264.15,15593.585
1-a6:11172,All periods,3-6,915,1069140.45,1062125.1908333334
1-a6:11172,All periods,6-9,309,322901.19999999995,328134.6075
1-a6:11172,All periods,9-12,75,66882.85,74685.86499999999
1-b1:209,All periods,0-3,176,192355.05,189822.15999999997
1-b1:209,All periods,12-15,106,85731.79999999999,96593.67249999999
1-b1:209,All periods,15-18,23,12935.199999999999,16886.2025
1-b1:209,All periods,18-21,3,343.9,1466.0874999999999
1-b1:209,All periods,3-6,937,1174007.15,1156118.8716666666
1-b1:209,All periods,6-9,641,745268.35,747091.3841666667
1-b1:209,All periods,9-12,304,294696.65,297359.7216666667
1-b4:3824,All periods,0-3,355,766518.8999999999,746828.0599999999
1-b4:3824,All periods,12-15,126,203443.44999999998,220143.0725
1-b4:3824,All periods,15-18,42,61153.4,71014.4475
1-b4:3824,All periods,18-21,11,8724.8,15459.682499999999
1-b4:3824,All periods,21-24,2,1193.1999999999998,2301.6125
1-b4:3824,All periods,3-6,822,1942448.8499999999,1903003.9
1-b4:3824,All periods,6-9,577,1247031.75,1254122.3125
1-b4:3824,All periods,9-12,255,487850.64999999997,505491.9125
1-b5:6847,All periods,0-3,244,465547.5,451769.0166666666
1-b5:6847,All periods,12-15,176,289078.35,298198.95166666666
1-b5:6847,All periods,15-18,96,120759.24999999999,137667.90416666667
1-b5:6847,All periods,18-21,44,56295.1,66630.815
1-b5:6847,All periods,21-24,9,10016.8,12862.810000000001
1-b5:6847,All periods,3-6,707,1468985.0,1441701.2533333334
1-b5:6847,All periods,6-9,490,1003540.1,990783.5474999999
1-b5:6847,All periods,9-12,372,669579.0,683195.4766666666
1-b5:6847,All periods,>=24,3,1935.1499999999999,2926.4750000000004
1-b7:2914,All periods,0-3,730,1516903.95,1469963.5158333331
1-b7:2914,All periods,12-15,72,96281.54999999999,107169.53166666666
1-b7:2914,All periods,15-18,21,22798.1,26572.972499999996
1-b7:2914,All periods,18-21,8,10221.05,12510.977499999999
1-b7:2914,All periods,21-24,2,1603.6,2724.0299999999997
1-b7:2914,All periods,3-6,742,1511110.85,1500073.4175
1-b7:2914,All periods,6-9,400,734743.3,756561.6333333333
1-b7:2914,All periods,9-12,182,264195.95,281769.90499999997
1-b7:2914,All periods,>=24,1,603.25,1115.6166666666666
1-b8:1240,All periods,0-3,540,1120342.5999999999,1093513.9191666667
1-b8:1240,All periods,12-15,60,97176.45,110418.025
1-b8:1240,All periods,15-18,16,18988.6,22477.34833333333
1-b8:1240,All periods,18-21,1,1075.3999999999999,828.1624999999999
1-b8:1240,All periods,3-6,855,1760663.5,1743086.3466666667
1-b8:1240,All periods,6-9,462,868658.1499999999,883800.1366666666
1-b8:1240,All periods,9-12,165,288771.5,301552.26166666666
1-b8:9304,All periods,0-3,306,696922.85,675532.365
1-b8:9304,All periods,12-15,98,158140.8,177259.1225
1-b8:9304,All periods,15-18,30,38046.55,48086.05499999999
1-b8:9304,All periods,18-21,6,7420.449999999999,8724.8
1-b8:9304,All periods,21-24,1,1292.95,992.275
1-b8:9304,All periods,3-6,922,2211126.9,2165834.32
1-b8:9304,All periods,6-9,543,1244107.65,1255831.1724999999
1-b8:9304,All periods,9-12,286,545655.2999999999,570453.34
1-c0:9968,All periods,0-3,619,1933333.5999999999,1878607.6941666666
1-c0:9968,All periods,12-15,46,94974.35,112858.09999999999
1-c0:9968,All periods,15-18,15,30726.8,37768.057499999995
1-c0:9968,All periods,3-6,878,2988944.15,2956321.5774999997
1-c0:9968,All periods,6-9,287,822890.0,856334.7658333334
1-c0:9968,All periods,9-12,113,267946.55,296925.255
1-c2:1456,All periods,0-3,689,2570556.55,2496707.7775
1-c2:1456,All periods,12-15,56,140043.3,166839.4275
1-c2:1456,All periods,15-18,19,46526.25,54813.67
1-c2:1456,All periods,18-21,1,1796.4499999999998,2531.275
1-c2:1456,All periods,3-6,977,3962186.8499999996,3922807.4974999996
1-c2:1456,All periods,6-9,326,1120773.9,1159538.935
1-c2:1456,All periods,9-12,124,353991.85,392636.5675
1-c3:2909,All periods,0-3,260,986178.8500000001,960378.18
1-c3:2909,All periods,12-15,76,208081.34999999998,225317.08916666664
1-c3:2909,All periods,15-18,18,43956.5,47313.325
1-c3:2909,All periods,18-21,4,5549.9,8413.2
1-c3:2909,All periods,21-24,1,1038.35,1597.1399999999999
1-c3:2909,All periods,3-6,887,3417833.05,3385435.310833333
1-c3:2909,All periods,6-9,580,1982023.0,1980642.1116666668
1-c3:2909,All periods,9-12,260,787401.8,821282.5683333332
1-c3:2909,All periods,>=24,1,312.55,1996.425
1-d1:85,All periods,0-3,238,814903.35,785929.585
1-d1:85,All periods,12-15,45,98460.84999999999,118791.3725
1-d1:85,All periods,15-18,8,14475.149999999998,18479.954166666666
1-d1:85,All periods,18-21,3,1288.2,5084.9225
1-d1:85,All periods,3-6,800,2835124.9,2806275.458333333
1-d1:85,All periods,6-9,448,1453790.7,1454339.1983333332
1-d1:85,All periods,9-12,189,533792.6499999999,562935.3091666666
1-d1:92,All periods,0-3,25,107236.95,104842.8075
1-d1:92,All periods,12-15,4,9728.949999999999,11456.05
1-d1:92,All periods,3-6,55,230680.89999999997,225065.07
1-d1:92,All periods,6-9,47,159322.59999999998,162790.41666666666
1-d1:92,All periods,9-12,18,63172.149999999994,65987.20583333334
1-d2:8614,All periods,0-3,422,2489155.8,2432451.930833333
1-d2:8614,All periods,12-15,28,98875.04999999999,122019.97916666666
1-d2:8614,All periods,15-18,2,1831.6,5226.9475
1-d2:8614,All periods,3-6,1023,5917761.85,5870516.798333333
1-d2:8614,All periods,6-9,482,2327705.2,2370074.1391666667
1-d2:8614,All periods,9-12,105,468508.64999999997,503548.355
1-d4:225,All periods,0-3,118,850745.9,840936.1841666666
1-d4:225,All periods,12-15,15,92932.79999999999,103018.94999999998
1-d4:225,All periods,15-18,2,3577.7,7722.264999999999
1-d4:225,All periods,3-6,265,1980827.9,1957715.8091666666
1-d4:225,All periods,6-9,143,958933.8,964474.1841666666
1-d4:225,All periods,9-12,43,286870.55,300021.25749999995
1-d5:1612,All periods,0-3,311,3097568.0999999996,3044001.6374999997
1-d5:1612,All periods,12-15,69,519145.54999999993,556862.9566666667
1-d5:1612,All periods,15-18,4,25030.6,27548.052499999998
1-d5:1612,All periods,18-21,1,165.29999999999998,3928.25
1-d5:1612,All periods,3-6,666,6657968.6,6617602.213333333
1-d5:1612,All periods,6-9,377,3429098.15,3429229.2341666664
1-d5:1612,All periods,9-12,197,1613488.5499999998,1663292.5058333334
1-d5:334,All periods,0-3,220,2997183.5,2919867.37
1-d5:334,All periods,12-15,8,56985.74999999999,78098.0275
1-d5:334,All periods,3-6,534,6771948.649999999,6730454.5975
1-d5:334,All periods,6-9,227,2681295.1999999997,2730648.175
1-d5:334,All periods,9-12,46,478386.75,526731.6799999999
1-d6:1297,All periods,0-3,47,512254.25,493856.5975
1-d6:1297,All periods,12-15,6,37340.7,42289.487499999996
1-d6:1297,All periods,15-18,2,9107.65,9875.724999999999
1-d6:1297,All periods,3-6,114,1293634.9499999997,1287406.94
1-d6:1297,All periods,6-9,54,553071.95,555773.75
1-d6:1297,All periods,9-12,27,207645.3,223852.3
1-d6:1474,All periods,0-3,47,274901.5,268288.50249999994
1-d6:1474,All periods,12-15,19,93304.25,96181.56249999999
1-d6:1474,All periods,15-18,2,7228.549999999999,7903.24
1-d6:1474,All periods,3-6,162,979244.8,976093.7449999999
1-d6:1474,All periods,6-9,92,518577.44999999995,523724.07499999995
1-d6:1474,All periods,9-12,44,227914.5,228979.925
1-d6:1476,All periods,0-3,47,44886.55,44033.45
1-d6:1476,All periods,12-15,19,14727.85,16449.915
1-d6:1476,All periods,15-18,2,2368.35,1345.3424999999997
1-d6:1476,All periods,3-6,162,163797.1,163591.52
1-d6:1476,All periods,6-9,92,82980.6,83376.9875
1-d6:1476,All periods,9-12,44,36967.35,36930.585
1-d6:1477,All periods,0-3,47,224348.19999999998,219743.26499999998
1-d6:1477,All periods,12-15,19,76422.75,84644.33499999999
1-d6:1477,All periods,15-18,2,6297.549999999999,6948.110000000001
1-d6:1477,All periods,3-6,162,796250.1,791081.7675
1-d6:1477,All periods,6-9,92,419668.19999999995,420716.4775
1-d6:1477,All periods,9-12,44,189393.90000000002,189246.745
1-d6:2186,All periods,0-3,137,1338487.2999999998,1317680.6375
1-d6:2186,All periods,12-15,27,186041.35,197451.895
1-d6:2186,All periods,3-6,276,2729764.2,2718377.9749999996
1-d6:2186,All periods,6-9,147,1248623.0,1248744.3624999998
1-d6:2186,All periods,9-12,60,437589.95,458250.93
1-d6:918,All periods,0-3,217,2026905.75,1992862.5158333331
1-d6:918,All periods,12-15,37,264459.1,287778.75
1-d6:918,All periods,3-6,444,4126399.0999999996,4103884.163333333
1-d6:918,All periods,6-9,225,1850649.4,1854254.0325
1-d6:918,All periods,9-12,100,750524.7,780158.5883333334
1-d8:10126,All periods,0-3,118,984106.8999999999,961988.1449999999
1-d8:10126,All periods,12-15,102,719869.1499999999,778837.3125
1-d8:10126,All periods,15-18,31,158158.84999999998,213594.7225
1-d8:10126,All periods,18-21,4,14317.449999999999,21935.69
1-d8:10126,All periods,21-24,1,3.8,4045.1
1-d8:10126,All periods,3-6,578,5415782.8,5302118.1025
1-d8:10126,All periods,6-9,398,3628232.4,3594702.2925
1-d8:10126,All periods,9-12,230,1889230.7999999998,1932480.785
1-d8:9314,All periods,0-3,165,1422208.9,1374891.49
1-d8:9314,All periods,12-15,145,969449.35,1082471.7841666667
1-d8:9314,All periods,15-18,36,186084.09999999998,253200.87166666664
1-d8:9314,All periods,18-21,9,28858.149999999998,46591.6575
1-d8:9314,All periods,21-24,1,1.9,4099.25
1-d8:9314,All periods,3-6,766,7235071.75,7068357.690833333
1-d8:9314,All periods,6-9,535,4839300.949999999,4787961.0024999995
1-d8:9314,All periods,9-12,287,2351500.8,2414902.1533333333
1-e1:1296,All periods,0-3,403,2620469.55,2528605.785
1-e1:1296,All periods,12-15,104,511748.85,583227.325
1-e1:1296,All periods,15-18,29,115464.9,143690.065
1-e1:1296,All periods,18-21,5,18736.85,23994.387499999997
1-e1:1296,All periods,3-6,867,6115292.5,6012574.795
1-e1:1296,All periods,6-9,507,3310382.3499999996,3333558.55
1-e1:1296,All periods,9-12,277,1540329.05,1606773.1425
1-e1:1297,All periods,0-3,394,2021277.0,1952412.2441666666
1-e1:1297,All periods,12-15,101,385487.19999999995,446798.6641666667
1-e1:1297,All periods,15-18,28,87592.84999999999,113415.56
1-e1:1297,All periods,18-21,5,14611.0,19982.0625
1-e1:1297,All periods,3-6,852,4608773.0,4527066.128333334
1-e1:1297,All periods,6-9,499,2508876.85,2519109.4266666668
1-e1:1297,All periods,9-12,275,1203181.65,1251015.4641666666
1-e2:374,All periods,0-3,675,8738008.799999999,8394542.0
1-e2:374,All periods,12-15,19,156620.8,191420.7725
1-e2:374,All periods,15-18,2,15917.249999999998,22998.074999999997
1-e2:374,All periods,3-6,1017,13320463.95,13192435.442499999
1-e2:374,All periods,6-9,362,4098286.7,4339457.7375
1-e2:374,All periods,9-12,110,1025981.0,1214424.4725
1-e3:1005,All periods,0-3,162,1228954.2,1230307.4433333334
1-e3:1005,All periods,12-15,5,40197.35,34552.354999999996
1-e3:1005,All periods,3-6,249,1987535.85,1968285.3824999998
1-e3:1005,All periods,6-9,91,618904.1,630659.0833333333
1-e3:1005,All periods,9-12,26,161544.65,173331.88583333333
1-e3:1006,All periods,0-3,143,251017.55,250434.59833333333
1-e3:1006,All periods,12-15,5,7616.15,7715.377499999999
1-e3:1006,All periods,3-6,230,427836.3,426787.0408333333
1-e3:1006,All periods,6-9,77,136286.05,135671.6375
1-e3:1006,All periods,9-12,22,32806.35,34953.745833333334
1-e3:1021,All periods,0-3,153,1483935.15,1488584.5133333332
1-e3:1021,All periods,12-15,4,40151.75,40543.8625
1-e3:1021,All periods,3-6,247,2491174.55,2485456.8008333333
1-e3:1021,All periods,6-9,89,851450.7999999999,843410.76
1-e3:1021,All periods,9-12,25,219695.09999999998,228411.41333333333
1-e3:2135,All periods,0-3,174,750135.2,741947.0391666666
1-e3:2135,All periods,12-15,2,8758.05,8512.38
1-e3:2135,All periods,3-6,244,1059336.45,1054158.2058333333
1-e3:2135,All periods,6-9,81,344869.0,352198.25
1-e3:2135,All periods,9-12,28,111616.44999999998,117899.275
1-e3:2136,All periods,0-3,174,1069350.4,1064734.0808333333
1-e3:2136,All periods,12-15,1,4954.25,4998.9
1-e3:2136,All periods,3-6,244,1496760.15,1499151.8066666666
1-e3:2136,All periods,6-9,80,493758.69999999995,499679.005
1-e3:2136,All periods,9-12,26,162546.9,158806.60749999998
1-e3:2137,All periods,0-3,174,1685212.5999999999,1706792.5624999998
1-e3:2137,All periods,12-15,2,13146.099999999999,19157.32
1-e3:2137,All periods,3-6,244,2409814.65,2363901.435
1-e3:2137,All periods,6-9,81,805620.8999999999,837107.7
1-e3:2137,All periods,9-12,28,306156.5,292991.7325
1-e3:470,All periods,0-3,563,11087086.149999999,11022317.145
1-e3:470,All periods,12-15,13,208735.9,221402.63
1-e3:470,All periods,15-18,2,34876.4,40661.6625
1-e3:470,All periods,3-6,866,17384560.15,17180860.4375
1-e3:470,All periods,6-9,313,5934124.649999999,6069902.022499999
1-e3:470,All periods,9-12,98,1600366.2,1714605.5525
1-f2:584,All periods,0-3,784,21237071.4,21080904.858333334
1-f2:584,All periods,12-15,8,178837.5,195193.1275
1-f2:584,All periods,3-6,690,18262946.299999997,18234806.5875
1-f2:584,All periods,6-9,304,7574328.149999999,7669493.054166666
1-f2:584,All periods,9-12,71,1653098.7999999998,1725884.5225
1-f2:585,All periods,0-3,746,19964077.099999998,19802672.210833333
1-f2:585,All periods,12-15,8,197571.5,203180.01499999998
1-f2:585,All periods,3-6,665,17409743.7,17368064.429166667
1-f2:585,All periods,6-9,298,7278865.8,7408787.087499999
1-f2:585,All periods,9-12,71,1625496.5499999998,1693050.9075
1-f3:1286,All periods,0-3,758,11532327.4,11401038.4925
1-f3:1286,All periods,12-15,11,132076.59999999998,148917.82
1-f3:1286,All periods,3-6,658,9652409.45,9633452.801666666
1-f3:1286,All periods,6-9,277,3729864.3499999996,3817969.0599999996
1-f3:1286,All periods,9-12,58,673961.35,719260.9758333333
1-f3:1288,All periods,0-3,937,15500185.75,15312721.299999999
1-f3:1288,All periods,12-15,11,135320.84999999998,155432.9675
1-f3:1288,All periods,3-6,790,12583342.8,12590461.229166666
1-f3:1288,All periods,6-9,340,4993716.8,5097533.227499999
1-f3:1288,All periods,9-12,74,997392.6499999999,1053810.1258333332
1-f4:450,All periods,0-3,904,19051710.4,18690541.775
1-f4:450,All periods,12-15,13,178938.19999999998,210209.825
1-f4:450,All periods,15-18,4,56166.85,61139.95749999999
1-f4:450,All periods,18-21,1,9715.65,10340.75
1-f4:450,All periods,21-24,2,19777.1,26355.375
1-f4:450,All periods,3-6,788,15233800.049999999,15296309.020833332
1-f4:450,All periods,6-9,362,6307062.35,6476126.519166666
1-f4:450,All periods,9-12,81,1260120.8499999999,1346268.2275
1-f5:2435,All periods,0-3,22,205492.59999999998,205500.6275
1-f5:2435,All periods,12-15,9,63939.75,69487.6075
1-f5:2435,All periods,15-18,7,29656.149999999998,39506.462499999994
1-f5:2435,All periods,21-24,1,2249.6,4825.24
1-f5:2435,All periods,3-6,64,627869.25,609482.9658333333
1-f5:2435,All periods,6-9,38,321348.89999999997,319573.9041666667
1-f5:2435,All periods,9-12,20,157553.69999999998,159733.1425
1-f5:7055,All periods,0-3,57,72714.9,71156.61499999999
1-f5:7055,All periods,12-15,27,31963.699999999997,32572.175
1-f5:7055,All periods,15-18,8,9469.6,9721.54
1-f5:7055,All periods,18-21,1,811.3,1014.5999999999999
1-f5:7055,All periods,3-6,155,207726.05,205490.13
1-f5:7055,All periods,6-9,77,94230.5,93877.9075
1-f5:7055,All periods,9-12,41,49128.299999999996,52211.3825
1-f5:7056,All periods,0-3,57,234870.4,233010.3475
1-f5:7056,All periods,12-15,27,99900.09999999999,106744.28
1-f5:7056,All periods,15-18,8,29548.799999999996,32719.425
1-f5:7056,All periods,18-21,1,2880.4,3509.0625
1-f5:7056,All periods,3-6,155,681203.2,663335.7899999999
1-f5:7056,All periods,6-9,77,312342.89999999997,311879.96499999997
1-f5:7056,All periods,9-12,41,159058.5,168605.43
1-f5:7058,All periods,0-3,57,301839.69999999995,295892.69999999995
1-f5:7058,All periods,12-15,27,127754.09999999999,134308.29249999998
1-f5:7058,All periods,15-18,8,37135.5,38962.634999999995
1-f5:7058,All periods,18-21,1,4468.8,5653.45
1-f5:7058,All periods,3-6,155,858659.3999999999,847732.975
1-f5:7058,All periods,6-9,77,409255.25,408338.8325
1-f5:7058,All periods,9-12,41,207143.69999999998,215367.565
1-f5:8345,All periods,0-3,192,1792338.4,1772494.1983333332
1-f5:8345,All periods,12-15,56,399769.5,408395.19916666666
1-f5:8345,All periods,15-18,36,241570.75,257582.55666666664
1-f5:8345,All periods,18-21,9,49954.799999999996,55612.905
1-f5:8345,All periods,21-24,1,3959.6,5208.1375
1-f5:8345,All periods,3-6,390,3490178.3999999994,3446206.1933333334
1-f5:8345,All periods,6-9,185,1539552.9,1540552.9649999999
1-f5:8345,All periods,9-12,106,770015.85,801288.0449999999
1-f6:2670,All periods,0-3,140,1149671.0,1122248.5058333334
1-f6:2670,All periods,12-15,29,178296.0,186443.29499999998
1-f6:2670,All periods,15-18,5,12129.599999999999,24018.4225
1-f6:2670,All periods,3-6,158,1246924.4,1221158.2466666666
1-f6:2670,All periods,6-9,126,913801.2,915882.8875
1-f6:2670,All periods,9-12,84,540274.5,571345.3425
1-f6:2671,All periods,0-3,405,3862369.4,3732174.655
1-f6:2671,All periods,12-15,74,491600.3,553284.0375
1-f6:2671,All periods,15-18,21,100569.84999999999,136558.2725
1-f6:2671,All periods,18-21,1,4130.599999999999,3903.075
1-f6:2671,All periods,3-6,498,4591412.7,4509411.439166667
1-f6:2671,All periods,6-9,343,3041899.05,3071151.291666666
1-f6:2671,All periods,9-12,204,1583327.0,1668826.1291666667
1-f8:2779,All periods,0-3,579,4611777.85,4493271.905
1-f8:2779,All periods,12-15,70,356435.25,408286.25
1-f8:2779,All periods,15-18,15,50342.4,78328.1175
1-f8:2779,All periods,18-21,1,525.35,2471.4249999999997
1-f8:2779,All periods,3-6,775,6132057.15,6051144.0825
1-f8:2779,All periods,6-9,500,3673006.8499999996,3689502.08
1-f8:2779,All periods,9-12,252,1588213.7999999998,1689354.7899999998
1-g1:261,All periods,0-3,161,920721.0,900489.135
1-g1:261,All periods,12-15,12,52043.84999999999,59049.862499999996
1-g1:261,All periods,15-18,2,6164.55,8681.5275
1-g1:261,All periods,3-6,274,1534964.4,1524052.415
1-g1:261,All periods,6-9,173,911784.35,915096.0499999999
1-g1:261,All periods,9-12,56,247949.05,266258.20999999996
1-g1:262,All periods,0-3,315,1548204.5499999998,1505430.515
1-g1:262,All periods,12-15,42,127449.15,151729.155
1-g1:262,All periods,15-18,6,14251.9,17200.129999999997
1-g1:262,All periods,18-21,1,523.4499999999999,2245.0875
1-g1:262,All periods,3-6,535,2604980.75,2594201.86
1-g1:262,All periods,6-9,285,1273741.95,1277223.2249999999
1-g1:262,All periods,9-12,108,383292.69999999995,404414.4775
1-g2:853,All periods,0-3,459,2622977.55,2558215.4641666664
1-g2:853,All periods,12-15,50,163581.44999999998,195582.80166666664
1-g2:853,All periods,15-18,7,15140.15,19654.8825
1-g2:853,All periods,18-21,1,406.59999999999997,2534.8375
1-g2:853,All periods,3-6,738,4155156.55,4130814.9850000003
1-g2:853,All periods,6-9,399,2031656.6999999997,2040275.6066666665
1-g2:853,All periods,9-12,148,622200.6,664041.0225
1-g3:249,All periods,0-3,281,1486308.25,1444839.325
1-g3:249,All periods,12-15,62,189744.44999999998,220376.7725
1-g3:249,All periods,15-18,20,51313.299999999996,58785.96833333333
1-g3:249,All periods,18-21,4,9480.05,12742.967499999999
1-g3:249,All periods,21-24,2,1262.55,4497.68
1-g3:249,All periods,3-6,477,2507951.55,2476934.5408333335
1-g3:249,All periods,6-9,322,1538024.35,1536603.5458333334
1-g3:249,All periods,9-12,154,647703.35,677007.05
1-g4:1240,All periods,0-3,65,320893.85,315838.37749999994
1-g4:1240,All periods,12-15,24,116728.4,124364.975
1-g4:1240,All periods,15-18,7,23342.449999999997,27885.112499999996
1-g4:1240,All periods,18-21,1,2354.1,3651.4199999999996
1-g4:1240,All periods,3-6,121,692508.2,669463.575
1-g4:1240,All periods,6-9,90,472358.05,475020.14
1-g4:1240,All periods,9-12,58,274762.8,286724.25
1-g4:1241,All periods,0-3,285,1298055.3,1248417.895
1-g4:1241,All periods,12-15,103,331468.29999999993,353909.3425
1-g4:1241,All periods,15-18,42,106040.9,124235.29999999999
1-g4:1241,All periods,18-21,9,21668.55,22692.5075
1-g4:1241,All periods,21-24,4,4750.95,8073.195
1-g4:1241,All periods,3-6,482,2286607.25,2254320.1225
1-g4:1241,All periods,6-9,324,1410077.4,1417556.3699999999
1-g4:1241,All periods,9-12,211,840984.6499999999,868630.5049999999
1-g4:1241,All periods,>=24,1,745.75,2563.8125
1-g4:1783,All periods,0-3,420,2062508.9,2005897.6875
1-g4:1783,All periods,12-15,147,532654.55,573135.3483333333
1-g4:1783,All periods,15-18,52,145065.0,169440.51166666666
1-g4:1783,All periods,18-21,12,30853.15,35665.92916666667
1-g4:1783,All periods,21-24,4,2470.0,7349.485
1-g4:1783,All periods,3-6,698,3675570.9000000004,3614346.075833333
1-g4:1783,All periods,6-9,489,2355268.5,2361661.984166667
1-g4:1783,All periods,9-12,321,1415981.65,1452875.6283333334
1-g5:1300,All periods,0-3,415,2143519.2,2095603.3058333334
1-g5:1300,All periods,12-15,31,114912.94999999998,133925.42666666667
1-g5:1300,All periods,15-18,11,34850.74999999999,44732.855833333335
1-g5:1300,All periods,3-6,963,5180568.5,5112753.779166667
1-g5:1300,All periods,6-9,404,2088021.15,2132671.7358333333
1-g5:1300,All periods,9-12,114,497080.85,539266.2966666666
1-g8:552,All periods,0-3,40,145627.4,141625.62
1-g8:552,All periods,12-15,14,36549.35,41179.1275
1-g8:552,All periods,15-18,9,20765.1,24916.41
1-g8:552,All periods,3-6,169,642110.7,630546.73
1-g8:552,All periods,6-9,102,382448.14999999997,388179.21499999997
1-g8:552,All periods,9-12,32,114622.25,115675.8475
1-g8:8429,All periods,0-3,497,1283807.1999999997,1253226.7
1-g8:8429,All periods,12-15,42,79552.04999999999,92396.95249999998
1-g8:8429,All periods,15-18,14,20487.699999999997,26330.105
1-g8:8429,All periods,3-6,1060,3123049.95,3083421.5075
1-g8:8429,All periods,6-9,447,1233946.45,1263168.735
1-g8:8429,All periods,9-12,132,288763.9,311063.25
1-h0:2806,All periods,0-3,209,556595.5,540387.9299999999
1-h0:2806,All periods,12-15,7,12407.949999999999,13192.46
1-h0:2806,All periods,15-18,1,476.9,1096.0625
1-h0:2806,All periods,3-6,358,913104.85,916553.4924999999
1-h0:2806,All periods,6-9,131,299746.85,304380.285
1-h0:2806,All periods,9-12,25,40128.0,46849.82
1-h0:2807,All periods,0-3,418,976128.7999999999,966304.3274999999
1-h0:2807,All periods,12-15,17,13481.449999999999,20841.195
1-h0:2807,All periods,3-6,697,1655836.7,1637626.3399999999
1-h0:2807,All periods,6-9,258,497534.94999999995,505014.77499999997
1-h0:2807,All periods,9-12,71,82631.95,95827.2125
1-h1:8730,All periods,0-3,363,688786.1,672621.5333333333
1-h1:8730,All periods,12-15,153,259809.8,272952.49583333335
1-h1:8730,All periods,15-18,81,92750.4,116082.09916666665
1-h1:8730,All periods,18-21,13,7572.450000000001,13852.488333333333
1-h1:8730,All periods,3-6,728,1679872.65,1643512.4449999998
1-h1:8730,All periods,6-9,494,1069403.6,1063061.875
1-h1:8730,All periods,9-12,292,545920.35,560989.5983333333
1-h1:8730,All periods,>=24,2,337.25,1380.065
1-j1:2080,All periods,0-3,204,257202.05,254801.63749999998
1-j1:2080,All periods,12-15,176,226362.2,232340.36
1-j1:2080,All periods,15-18,94,102599.04999999999,115489.64749999999
1-j1:2080,All periods,18-21,39,20467.75,30218.7875
1-j1:2080,All periods,21-24,12,7103.15,10163.099999999999
1-j1:2080,All periods,3-6,716,1078274.7,1052213.3499999999
1-j1:2080,All periods,6-9,603,927182.8999999999,918292.4199999999
1-j1:2080,All periods,9-12,346,550328.35,555304.355
1-j1:2080,All periods,>=24,2,290.7,987.1924999999999
1-k2:2160,All periods,0-3,330,497203.39999999997,479494.62416666665
1-k2:2160,All periods,12-15,107,130490.09999999999,146674.82249999998
1-k2:2160,All periods,15-18,24,18760.6,27975.9325
1-k2:2160,All periods,18-21,3,4241.75,5437.657499999999
1-k2:2160,All periods,21-24,1,484.5,852.34
1-k2:2160,All periods,3-6,753,1307313.05,1298061.1108333333
1-k2:2160,All periods,6-9,553,978876.2,970615.0791666666
1-k2:2160,All periods,9-12,330,605550.8999999999,613808.9333333333
1-k5:3992,All periods,0-3,632,1039899.45,1014610.9249999999
1-k5:3992,All periods,12-15,64,66551.29999999999,75062.16
1-k5:3992,All periods,15-18,27,19670.7,28119.62
1-k5:3992,All periods,18-21,9,4186.65,8368.3125
1-k5:3992,All periods,21-24,1,206.14999999999998,569.05
1-k5:3992,All periods,3-6,810,1526349.7999999998,1510912.0466666666
1-k5:3992,All periods,6-9,462,800786.35,801672.1141666666
1-k5:3992,All periods,9-12,177,209244.15,226665.75666666665
1-k5:3992,All periods,>=24,2,65.55,980.115
1-k7:11448,All periods,0-3,465,718740.5499999999,706935.3908333334
1-k7:11448,All periods,12-15,30,26555.35,35477.73416666666
1-k7:11448,All periods,15-18,11,4212.299999999999,8753.9175
1-k7:11448,All periods,18-21,2,1353.7499999999998,1678.6025
1-k7:11448,All periods,21-24,1,60.8,430.92
1-k7:11448,All periods,3-6,1116,1890004.0999999999,1870726.5891666664
1-k7:11448,All periods,6-9,479,761397.45,771862.08
1-k7:11448,All periods,9-12,77,103317.25,109704.59083333332
1-m0:400,All periods,0-3,382,992625.5499999999,981755.1908333332
1-m0:400,All periods,12-15,94,202576.09999999998,212361.76499999998
1-m0:400,All periods,15-18,52,88519.09999999999,97145.29
1-m0:400,All periods,18-21,21,31335.75,36040.0075
1-m0:400,All periods,21-24,7,7692.15,12082.052499999998
1-m0:400,All periods,3-6,696,1846011.5,1816262.1549999998
1-m0:400,All periods,6-9,483,1218656.2,1215708.1758333333
1-m0:400,All periods,9-12,294,686422.5,698809.1383333333
1-m0:400,All periods,>=24,5,2562.1499999999996,6237.224999999999
1-m2:1203,All periods,0-3,227,309550.85,304388.1225
1-m2:1203,All periods,12-15,52,57444.6,63522.415
1-m2:1203,All periods,15-18,18,13629.65,16961.11
1-m2:1203,All periods,18-21,9,7589.55,8877.1325
1-m2:1203,All periods,21-24,2,731.5,1843.0
1-m2:1203,All periods,3-6,368,525293.0,512857.9275
1-m2:1203,All periods,6-9,290,404342.79999999993,404494.32499999995
1-m2:1203,All periods,9-12,130,149958.44999999998,155596.3675
1-m2:373,All periods,0-3,183,222896.6,220505.59249999997
1-m2:373,All periods,12-15,53,50793.649999999994,50132.7825
1-m2:373,All periods,15-18,37,27067.399999999998,30046.219999999998
1-m2:373,All periods,18-21,12,5810.2,6849.025
1-m2:373,All periods,21-24,5,2217.3,3558.2249999999995
1-m2:373,All periods,3-6,371,455116.5,453191.23
1-m2:373,All periods,6-9,245,265263.75,264991.57499999995
1-m2:373,All periods,9-12,185,217786.55,215741.865
1-m2:373,All periods,>=24,5,659.3,2594.7349999999997
1-m3:6273,All periods,0-3,301,348881.8,343016.64249999996
1-m3:6273,All periods,12-15,118,93978.75,103285.9
1-m3:6273,All periods,15-18,39,17410.65,27641.010000000002
1-m3:6273,All periods,18-21,12,3439.95,6861.754999999999
1-m3:6273,All periods,21-24,2,154.85,848.54
1-m3:6273,All periods,3-6,914,1261671.25,1244411.65
1-m3:6273,All periods,6-9,542,659817.75,657171.145
1-m3:6273,All periods,9-12,263,268030.15,269861.4175
1-m3:6273,All periods,>=24,1,56.05,343.14
1-m4:8799,All periods,0-3,301,343694.8,337633.9425
1-m4:8799,All periods,12-15,118,92422.65,100268.51000000001
1-m4:8799,All periods,15-18,39,18131.699999999997,26933.2125
1-m4:8799,All periods,18-21,12,3224.3,6662.349999999999
1-m4:8799,All periods,21-24,2,107.35,746.795
1-m4:8799,All periods,3-6,914,1236536.15,1220822.9125
1-m4:8799,All periods,6-9,542,644919.85,642557.77
1-m4:8799,All periods,9-12,263,260774.05,263918.02749999997
1-m4:8799,All periods,>=24,1,38.949999999999996,306.28
1-m5:13498,All periods,0-3,466,532087.3999999999,521891.16083333327
1-m5:13498,All periods,12-15,34,25282.35,28466.417499999996
1-m5:13498,All periods,15-18,11,4521.05,7123.052499999999
1-m5:13498,All periods,18-21,1,324.9,651.9375
1-m5:13498,All periods,3-6,718,963465.2999999999,955951.655
1-m5:13498,All periods,6-9,352,414764.3,413636.88749999995
1-m5:13498,All periods,9-12,156,150736.5,162747.23916666667
1-m5:13498,All periods,>=24,1,70.3,783.75
1-m7:691,All periods,0-3,496,751126.05,735940.9016666666
1-m7:691,All periods,12-15,43,51054.899999999994,56695.667499999996
1-m7:691,All periods,15-18,16,10313.2,14952.24
1-m7:691,All periods,18-21,2,1444.0,1845.1374999999998
1-m7:691,All periods,3-6,831,1432425.2,1422893.8658333332
1-m7:691,All periods,6-9,373,571565.6,569773.8525
1-m7:691,All periods,9-12,156,205028.05,219988.22249999997
1-m7:691,All periods,>=24,1,106.39999999999999,973.5124999999999
1-m9:2190,All periods,0-3,575,746704.75,728335.1699999999
1-m9:2190,All periods,12-15,50,48066.2,54227.947499999995
1-m9:2190,All periods,15-18,16,8436.0,12661.7425
1-m9:2190,All periods,18-21,2,1091.55,1479.15
1-m9:2190,All periods,3-6,931,1397382.55,1391323.6875
1-m9:2190,All periods,6-9,438,571074.45,568239.2225
1-m9:2190,All periods,9-12,179,195218.34999999998,210933.3925
1-m9:2190,All periods,>=24,1,64.6,838.1374999999999
1-p1:2433,All periods,0-3,306,351329.95,349773.9608333333
1-p1:2433,All periods,12-15,96,75712.15,82575.1875
1-p1:2433,All periods,15-18,36,20193.2,25549.04666666667
1-p1:2433,All periods,18-21,22,9568.4,14298.164999999999
1-p1:2433,All periods,21-24,4,514.9,1799.1891666666666
1-p1:2433,All periods,3-6,882,1367451.8499999999,1353895.6983333332
1-p1:2433,All periods,6-9,480,667636.25,662192.9874999999
1-p1:2433,All periods,9-12,210,233975.5,236565.38999999998
1-p1:2433,All periods,>=24,1,132.04999999999998,382.84999999999997
1-p2:9730,All periods,0-3,349,209512.05,210208.21000000002
1-p2:9730,All periods,12-15,100,43410.25,46461.65
1-p2:9730,All periods,15-18,37,11592.849999999999,14475.055
1-p2:9730,All periods,18-21,22,5443.5,7793.277499999999
1-p2:9730,All periods,21-24,4,340.1,1062.48
1-p2:9730,All periods,3-6,935,769435.3999999999,762658.195
1-p2:9730,All periods,6-9,517,382584.94999999995,377781.08499999996
1-p2:9730,All periods,9-12,227,136276.55,138021.2725
1-p2:9730,All periods,>=24,1,75.05,209.475
1-p2:9731,All periods,0-3,349,194746.2,191215.81
1-p2:9731,All periods,12-15,100,38914.85,43169.5675
1-p2:9731,All periods,15-18,37,10251.449999999999,13221.2925
1-p2:9731,All periods,18-21,22,4589.45,7232.2074999999995
1-p2:9731,All periods,21-24,4,271.7,908.9599999999999
1-p2:9731,All periods,3-6,935,694367.35,685216.2849999999
1-p2:9731,All periods,6-9,517,338530.6,339152.9925
1-p2:9731,All periods,9-12,227,124077.6,125505.97249999999
1-p2:9731,All periods,>=24,1,75.05,201.1625
1-p4:10548,All periods,0-3,414,808139.3499999999,790763.5808333333
1-p4:10548,All periods,12-15,31,48298.95,50944.034999999996
1-p4:10548,All periods,15-18,4,4069.8,4782.775
1-p4:10548,All periods,18-21,1,1131.45,1017.6875
1-p4:10548,All periods,3-6,405,823548.35,823520.8633333333
1-p4:10548,All periods,6-9,165,303435.69999999995,311722.8033333333
1-p4:10548,All periods,9-12,70,117242.35,123114.20499999999
1-p4:9882,All periods,0-3,197,272469.5,265025.0625
1-p4:9882,All periods,12-15,25,22028.6,25999.98
1-p4:9882,All periods,15-18,4,2526.05,3033.9199999999996
1-p4:9882,All periods,18-21,2,877.8,1720.6875
1-p4:9882,All periods,3-6,223,355505.19999999995,351128.3441666666
1-p4:9882,All periods,6-9,107,137174.3,137854.18333333332
1-p4:9882,All periods,9-12,34,26297.9,32117.1725
1-p5:2469,All periods,0-3,730,2537612.4499999997,2490387.57
1-p5:2469,All periods,12-15,60,152342.0,164640.51
1-p5:2469,All periods,15-18,8,15792.8,17547.07
1-p5:2469,All periods,18-21,2,2376.9,4242.4625
1-p5:2469,All periods,3-6,709,2571067.65,2573303.0633333335
1-p5:2469,All periods,6-9,315,1027169.45,1036816.7
1-p5:2469,All periods,9-12,122,337419.1,356842.9741666666
1-p6:77,All periods,0-3,650,1218426.2999999998,1194316.2025
1-p6:77,All periods,12-15,49,68121.65,73480.72666666665
1-p6:77,All periods,15-18,5,5768.4,6652.66
1-p6:77,All periods,18-21,3,3719.25,4703.9725
1-p6:77,All periods,3-6,643,1249761.0999999999,1250387.4508333332
1-p6:77,All periods,6-9,291,514392.7,522859.6699999999
1-p6:77,All periods,9-12,104,156676.84999999998,164465.5675
1-p6:78,All periods,0-3,697,1387813.2,1363317.26
1-p6:78,All periods,12-15,56,80432.7,87308.48333333334
1-p6:78,All periods,15-18,7,9370.8,10390.7675
1-p6:78,All periods,18-21,3,4005.2,4949.6425
1-p6:78,All periods,3-6,683,1397528.85,1395699.6883333332
1-p6:78,All periods,6-9,307,569477.5,577394.9741666666
1-p6:78,All periods,9-12,112,178396.7,187964.13416666666
1-p7:2260,All periods,0-3,367,3282904.55,3272344.92
1-p7:2260,All periods,12-15,167,1354339.0,1378730.7725
1-p7:2260,All periods,15-18,99,773186.0,775580.0
1-p7:2260,All periods,18-21,33,238088.05,249088.1475
1-p7:2260,All periods,21-24,8,59069.1,59304.31999999999
1-p7:2260,All periods,3-6,718,6729249.949999999,6698281.47
1-p7:2260,All periods,6-9,486,4131459.75,4165539.7649999997
1-p7:2260,All periods,9-12,311,2721198.05,2687473.7625
1-p7:2260,All periods,>=24,3,14325.999999999998,17477.2925
1-p7:2785,All periods,0-3,23,158931.2,162234.9675
1-p7:2785,All periods,12-15,13,84356.2,90567.34749999999
1-p7:2785,All periods,15-18,8,59005.45,57507.236666666664
1-p7:2785,All periods,18-21,4,27912.899999999998,28262.7375
1-p7:2785,All periods,3-6,61,471372.9,464260.99416666664
1-p7:2785,All periods,6-9,46,351986.39999999997,350097.0558333333
1-p7:2785,All periods,9-12,38,289320.6,287208.54416666663
1-p7:2785,All periods,>=24,1,3325.95,6072.716666666666
1-p8:189,All periods,0-3,28,169509.45,171217.07499999998
1-p8:189,All periods,12-15,15,87658.4,90730.5575
1-p8:189,All periods,15-18,9,56300.8,55901.847499999996
1-p8:189,All periods,18-21,4,24202.199999999997,24425.735
1-p8:189,All periods,3-6,66,459585.3,452418.3258333333
1-p8:189,All periods,6-9,50,331250.75,332118.0366666666
1-p8:189,All periods,9-12,41,270427.94999999995,270113.83249999996
1-p8:189,All periods,>=24,1,2619.15,4628.589999999999
1-p9:1053,All periods,0-3,348,1618781.0,1605774.9775
1-p9:1053,All periods,12-15,147,575878.6,592684.6224999999
1-p9:1053,All periods,15-18,75,263585.1,272037.77249999996
1-p9:1053,All periods,18-21,23,72889.7,79684.4325
1-p9:1053,All periods,21-24,6,16862.5,18248.5025
1-p9:1053,All periods,3-6,667,3277530.4,3251687.9141666666
1-p9:1053,All periods,6-9,422,1791934.65,1802190.2483333333
1-p9:1053,All periods,9-12,273,1166356.7999999998,1159221.7774999999
1-p9:1053,All periods,>=24,3,5851.05,8139.5525
1-q0:410,All periods,0-3,345,1151126.4,1137144.0783333331
1-q0:410,All periods,12-15,152,405867.55,422334.70749999996
1-q0:410,All periods,15-18,93,213703.45,224694.7125
1-q0:410,All periods,18-21,32,62544.2,70374.29000000001
1-q0:410,All periods,21-24,8,15146.8,16421.7
1-q0:410,All periods,3-6,636,2251661.5,2228108.2608333332
1-q0:410,All periods,6-9,426,1223360.5999999999,1230292.56
1-q0:410,All periods,9-12,274,805766.25,798144.2258333333
1-q0:410,All periods,>=24,3,3790.5,5452.715
1-q3:45,All periods,0-3,176,284079.44999999995,280496.525
1-q3:45,All periods,12-15,131,164389.9,170433.5625
1-q3:45,All periods,15-18,69,86756.85,90258.24916666666
1-q3:45,All periods,18-21,24,26037.6,28798.11
1-q3:45,All periods,21-24,5,3909.25,4511.7875
1-q3:45,All periods,3-6,460,751931.6499999999,746928.0158333334
1-q3:45,All periods,6-9,354,502044.6,506209.25749999995
1-q3:45,All periods,9-12,229,331920.5,323124.355
1-q3:45,All periods,>=24,2,1672.0,1981.9375
1-q4:287,All periods,0-3,1,2243.9,2243.9
1-q4:287,All periods,3-6,8,19925.3,19754.3
1-q4:287,All periods,6-9,1,2908.9,2717.95
1-q4:287,All periods,9-12,2,4456.45,4818.4
1-q5:13666,All periods,0-3,562,844500.6,835352.8916666666
1-q5:13666,All periods,12-15,23,15232.3,18931.1725
1-q5:13666,All periods,15-18,2,399.0,1699.9775
1-q5:13666,All periods,18-21,1,505.4,866.4
1-q5:13666,All periods,3-6,725,1382223.4,1372153.0041666667
1-q5:13666,All periods,6-9,206,293357.15,297010.08999999997
1-q5:13666,All periods,9-12,55,49152.05,59356.364166666666
1-q6:82,All periods,0-3,827,825349.55,812571.1950000001
1-q6:82,All periods,12-15,31,11788.55,16007.056666666667
1-q6:82,All periods,15-18,3,222.29999999999998,1897.5299999999997
1-q6:82,All periods,18-21,2,355.29999999999995,821.7025
1-q6:82,All periods,3-6,915,1182811.75,1172444.2733333334
1-q6:82,All periods,6-9,272,254887.85,262091.76333333334
1-q6:82,All periods,9-12,78,42664.5,52246.27916666667
1-q7:2281,All periods,0-3,600,578997.45,572580.9758333333
1-q7:2281,All periods,12-15,26,6545.5,10551.127499999999
1-q7:2281,All periods,15-18,3,151.05,1256.0425
1-q7:2281,All periods,18-21,2,552.9,959.975
1-q7:2281,All periods,3-6,1085,1157195.0,1139905.2533333332
1-q7:2281,All periods,6-9,370,298764.55,304825.1858333333
1-q7:2281,All periods,9-12,104,48347.399999999994,60475.28999999999
1-q9:7296,All periods,0-3,400,263037.89999999997,262287.81166666665
1-q9:7296,All periods,12-15,65,24916.6,30641.442499999997
1-q9:7296,All periods,15-18,22,5172.75,8689.127499999999
1-q9:7296,All periods,18-21,4,918.65,1499.1475
1-q9:7296,All periods,21-24,1,170.04999999999998,311.59999999999997
1-q9:7296,All periods,3-6,1006,888846.5999999999,881865.6833333332
1-q9:7296,All periods,6-9,499,373417.45,367932.2925
1-q9:7296,All periods,9-12,188,102989.5,106242.39499999999
1-r1:1200,All periods,0-3,446,321680.44999999995,319493.0908333333
1-r1:1200,All periods,12-15,67,27842.6,33056.009999999995
1-r1:1200,All periods,15-18,15,1936.1,6481.9925
1-r1:1200,All periods,18-21,3,550.05,2055.705
1-r1:1200,All periods,3-6,745,712242.5499999999,703590.4408333333
1-r1:1200,All periods,6-9,475,369050.3,366779.5308333333
1-r1:1200,All periods,9-12,196,100127.15,101972.43
1-r3:17550,All periods,0-3,392,194420.34999999998,193739.97583333333
1-r3:17550,All periods,12-15,77,17981.6,22031.449999999997
1-r3:17550,All periods,15-18,31,3533.0499999999997,7623.1325
1-r3:17550,All periods,18-21,5,675.45,1356.4575
1-r3:17550,All periods,21-24,1,24.7,442.51
1-r3:17550,All periods,3-6,889,628358.5,621550.3091666666
1-r3:17550,All periods,6-9,518,334645.1,333375.70999999996
1-r3:17550,All periods,9-12,235,113614.29999999999,113133.505
1-r4:3,All periods,0-3,395,197663.64999999997,196940.90583333332
1-r4:3,All periods,12-15,78,18194.399999999998,22215.528333333332
1-r4:3,All periods,15-18,34,4541.0,8639.775
1-r4:3,All periods,18-21,5,682.0999999999999,1367.6675
1-r4:3,All periods,21-24,1,24.7,444.03
1-r4:3,All periods,3-6,906,646138.7,639588.4658333333
1-r4:3,All periods,6-9,521,340331.8,338294.7783333333
1-r4:3,All periods,9-12,238,116001.65,116086.84916666667
1-s1:1024,All periods,0-3,298,110714.9,110993.59833333333
1-s1:1024,All periods,12-15,184,76048.45,78517.83249999999
1-s1:1024,All periods,15-18,80,24301.0,26317.8975
1-s1:1024,All periods,18-21,23,4598.0,6436.345
1-s1:1024,All periods,21-24,4,533.9,1468.4624999999999
1-s1:1024,All periods,3-6,636,404155.64999999997,401734.4325
1-s1:1024,All periods,6-9,588,356694.6,354031.27499999997
1-s1:1024,All periods,9-12,360,182488.34999999998,179884.62166666667
1-s1:1024,All periods,>=24,1,2.8499999999999996,177.17499999999998
1-s4:8164,All periods,0-3,284,134170.4,135371.96
1-s4:8164,All periods,12-15,121,48811.0,54939.924999999996
1-s4:8164,All periods,15-18,41,10004.45,11749.6475
1-s4:8164,All periods,18-21,20,2184.05,5156.8375
1-s4:8164,All periods,21-24,3,286.9,1268.0124999999998
1-s4:8164,All periods,3-6,862,496917.44999999995,488240.38749999995
1-s4:8164,All periods,6-9,588,301131.0,295473.845
1-s4:8164,All periods,9-12,273,115747.04999999999,117051.685
1-s5:10739,All periods,0-3,284,57574.75,57550.09749999999
1-s5:10739,All periods,12-15,121,20635.9,23285.8775
1-s5:10739,All periods,15-18,41,4508.7,5231.745
1-s5:10739,All periods,18-21,20,1054.5,2337.8075
1-s5:10739,All periods,21-24,3,120.64999999999998,528.485
1-s5:10739,All periods,3-6,862,209686.85,206701.80750000002
1-s5:10739,All periods,6-9,588,128249.05,125799.37999999999
1-s5:10739,All periods,9-12,273,49884.5,50279.7
1-s5:10740,All periods,0-3,284,83540.15,84439.4675
1-s5:10740,All periods,12-15,121,30301.199999999997,34168.555
1-s5:10740,All periods,15-18,41,6019.2,7180.575
1-s5:10740,All periods,18-21,20,1328.1,3169.96
1-s5:10740,All periods,21-24,3,190.95000000000002,806.4549999999999
1-s5:10740,All periods,3-6,862,307081.8,301634.45249999996
1-s5:10740,All periods,6-9,588,186456.5,182649.28
1-s5:10740,All periods,9-12,273,71995.75,72864.905
1-s6:4997,All periods,0-3,222,89697.1,89980.4375
1-s6:4997,All periods,12-15,19,3168.2499999999995,4422.915
1-s6:4997,All periods,15-18,3,340.1,1163.75
1-s6:4997,All periods,18-21,2,23.75,353.02
1-s6:4997,All periods,3-6,721,400178.94999999995,397235.4225
1-s6:4997,All periods,6-9,369,169123.75,165206.1875
1-s6:4997,All periods,9-12,125,36058.2,40228.3675
1-s6:5002,All periods,0-3,116,65834.04999999999,66554.1025
1-s6:5002,All periods,12-15,9,2591.6,3264.5325
1-s6:5002,All periods,15-18,2,54.14999999999999,1288.3899999999999
1-s6:5002,All periods,3-6,339,248760.34999999998,243134.16499999998
1-s6:5002,All periods,6-9,201,119360.84999999998,120060.0975
1-s6:5002,All periods,9-12,64,30169.15,32468.8625
1-t1:7508,All periods,0-3,210,171188.09999999998,169915.51166666666
1-t1:7508,All periods,12-15,148,80697.75,84857.19833333333
1-t1:7508,All periods,15-18,63,25139.85,28528.120000000003
1-t1:7508,All periods,18-21,22,6224.4,7689.7275
1-t1:7508,All periods,21-24,4,864.5,1311.0
1-t1:7508,All periods,3-6,746,689803.5499999999,682027.8633333333
1-t1:7508,All periods,6-9,541,441198.04999999993,436717.48583333334
1-t1:7508,All periods,9-12,290,194750.0,198882.75333333333
1-t1:7508,All periods,>=24,2,727.7,664.24
1-t3:501,All periods,0-3,227,699396.6499999999,693152.6641666666
1-t3:501,All periods,12-15,152,383027.65,395757.50749999995
1-t3:501,All periods,15-18,63,142671.95,151552.835
1-t3:501,All periods,18-21,22,44854.25,47358.165
1-t3:501,All periods,21-24,4,7557.25,9014.5025
1-t3:501,All periods,3-6,789,2565513.0,2549547.11
1-t3:501,All periods,6-9,561,1709505.05,1698791.7891666666
1-t3:501,All periods,9-12,300,836783.75,843814.6366666667
1-t3:501,All periods,>=24,2,4283.549999999999,4603.889999999999
1-t6:7427,All periods,0-3,327,357019.5,345767.7
1-t6:7427,All periods,12-15,30,19139.65,26416.84
1-t6:7427,All periods,15-18,5,1604.5499999999997,4263.2675
1-t6:7427,All periods,18-21,1,72.2,620.35
1-t6:7427,All periods,3-6,714,869370.6499999999,856430.7
1-t6:7427,All periods,6-9,281,306562.14999999997,310260.975
1-t6:7427,All periods,9-12,103,83811.84999999999,93820.7175
1-t6:8052,All periods,0-3,431,462661.4,448908.99416666664
1-t6:8052,All periods,12-15,42,28621.6,38089.015
1-t6:8052,All periods,15-18,8,2680.9,6575.282499999999
1-t6:8052,All periods,18-21,2,93.1,1224.55
1-t6:8052,All periods,3-6,1067,1265865.5,1245914.8191666668
1-t6:8052,All periods,6-9,450,490519.19999999995,496014.6016666667
1-t6:8052,All periods,9-12,156,138808.3,152522.7375
1-u0:100,All periods,0-3,985,888693.6499999999,869339.0466666666
1-u0:100,All periods,12-15,3,705.8499999999999,1376.74
1-u0:100,All periods,15-18,2,272.65,1004.625
1-u0:100,All periods,3-6,748,619780.0,626931.1566666667
1-u0:100,All periods,6-9,226,158631.95,164833.43916666665
1-u0:100,All periods,9-12,47,26497.4,31096.4925
1-u2:5000,All periods,0-3,884,660345.95,647400.395
1-u2:5000,All periods,12-15,17,9815.4,12030.467499999999
1-u2:5000,All periods,15-18,5,2094.75,3518.0874999999996
1-u2:5000,All periods,18-21,1,95.94999999999999,324.9
1-u2:5000,All periods,3-6,896,732578.25,731755.645
1-u2:5000,All periods,6-9,296,206093.0,212257.3125
1-u2:5000,All periods,9-12,90,57959.5,61265.405
1-u2:5000,All periods,>=24,1,137.75,568.3375
1-u5:3991,All periods,0-3,626,270198.05,265797.745
1-u5:3991,All periods,12-15,24,5993.549999999999,7138.695833333333
1-u5:3991,All periods,18-21,2,114.95,623.01
1-u5:3991,All periods,21-24,2,113.04999999999998,522.5
1-u5:3991,All periods,3-6,832,361283.1,356394.1308333333
1-u5:3991,All periods,6-9,380,135002.59999999998,138346.4258333333
1-u5:3991,All periods,9-12,143,42009.0,45891.792499999996
1-u8:1652,All periods,0-3,738,282383.7,279376.11083333334
1-u8:1652,All periods,12-15,21,4534.35,5581.693333333333
1-u8:1652,All periods,15-18,10,1578.8999999999999,2300.425
1-u8:1652,All periods,18-21,1,75.05,151.7625
1-u8:1652,All periods,3-6,887,336559.35,333594.19416666665
1-u8:1652,All periods,6-9,354,119572.69999999998,121187.44666666666
1-u8:1652,All periods,9-12,125,33783.899999999994,36296.3175
1-v1:2501,All periods,0-3,549,184480.5,184081.56333333335
1-v1:2501,All periods,12-15,24,4362.4,5488.609166666666
1-v1:2501,All periods,15-18,7,876.8499999999999,1767.475
1-v1:2501,All periods,3-6,925,290092.94999999995,287493.3858333333
1-v1:2501,All periods,6-9,445,126472.54999999999,125338.0125
1-v1:2501,All periods,9-12,119,26033.8,28150.004166666666
1-v2:2469,All periods,0-3,580,194678.75,194160.08166666667
1-v2:2469,All periods,12-15,24,4429.85,5418.135
1-v2:2469,All periods,15-18,7,659.3,1650.0708333333332
1-v2:2469,All periods,3-6,973,307106.5,304230.3275
1-v2:2469,All periods,6-9,476,135814.84999999998,135120.36833333332
1-v2:2469,All periods,9-12,127,28451.55,30561.816666666666
1-v4:10620,All periods,0-3,140,43682.899999999994,43913.354166666664
1-v4:10620,All periods,12-15,136,39460.149999999994,40192.78999999999
1-v4:10620,All periods,15-18,59,13613.5,14091.444999999998
1-v4:10620,All periods,18-21,19,3317.4,3836.2425
1-v4:10620,All periods,21-24,8,864.4999999999998,1788.5333333333333
1-v4:10620,All periods,3-6,571,208373.0,205177.3583333333
1-v4:10620,All periods,6-9,375,126005.15,123825.185
1-v4:10620,All periods,9-12,200,62176.549999999996,63986.236666666664
1-v4:10620,All periods,>=24,4,302.1,984.105
1-v5:497,All periods,0-3,137,62966.95,63721.06
1-v5:497,All periods,12-15,132,52394.399999999994,54108.92833333333
1-v5:497,All periods,15-18,54,15727.25,16491.8575
1-v5:497,All periods,18-21,19,4709.15,5687.9825
1-v5:497,All periods,21-24,8,1138.1,2639.6225
1-v5:497,All periods,3-6,571,329016.35,322677.6016666666
1-v5:497,All periods,6-9,369,184995.4,182206.6275
1-v5:497,All periods,9-12,204,93057.25,95280.67749999999
1-v5:497,All periods,>=24,4,426.54999999999995,1617.0425
1-v6:7095,All periods,0-3,475,331579.45,327150.9458333333
1-v6:7095,All periods,12-15,6,1307.1999999999998,2713.105
1-v6:7095,All periods,15-18,2,637.4499999999999,1298.6974999999998
1-v6:7095,All periods,3-6,564,306691.35,305192.5508333333
1-v6:7095,All periods,6-9,215,98817.09999999999,101437.78583333333
1-v6:7095,All periods,9-12,28,8060.75,9300.215
1-v7:6988,All periods,0-3,664,365068.85,360228.5525
1-v7:6988,All periods,12-15,121,49472.2,49649.2325
1-v7:6988,All periods,15-18,49,18170.65,19497.04
1-v7:6988,All periods,18-21,23,8170.0,9176.762499999999
1-v7:6988,All periods,21-24,8,1547.55,2528.2825
1-v7:6988,All periods,3-6,759,391674.55,388031.9175
1-v7:6988,All periods,6-9,364,142802.1,142722.49
1-v7:6988,All periods,9-12,198,79747.75,82632.32999999999
1-v7:6988,All periods,>=24,6,1049.7499999999998,3236.7925
1-x2:5434,All periods,0-3,142,76271.7,76263.2925
1-x2:5434,All periods,12-15,55,24635.4,24873.739166666666
1-x2:5434,All periods,15-18,31,10853.75,10741.602499999999
1-x2:5434,All periods,18-21,13,4430.799999999999,4463.179166666667
1-x2:5434,All periods,21-24,4,663.1,887.1574999999998
1-x2:5434,All periods,3-6,418,237307.15,236506.88583333333
1-x2:5434,All periods,6-9,258,133784.7,135847.7358333333
1-x2:5434,All periods,9-12,154,81682.9,79972.12416666666
1-x2:5434,All periods,>=24,1,25.65,99.43333333333334
1-x2:5441,All periods,0-3,148,54069.25,52454.81999999999
1-x2:5441,All periods,12-15,72,20945.600000000002,20562.085
1-x2:5441,All periods,15-18,29,6138.9,7147.5625
1-x2:5441,All periods,18-21,13,2011.1499999999996,2402.2174999999997
1-x2:5441,All periods,21-24,2,213.75,257.4025
1-x2:5441,All periods,3-6,398,157232.59999999998,158650.2375
1-x2:5441,All periods,6-9,282,114170.04999999999,113167.89499999999
1-x2:5441,All periods,9-12,151,54644.0,54696.15499999999
1-x2:5441,All periods,>=24,1,62.699999999999996,149.625
1-x4:2400,All periods,0-3,294,165661.94999999998,162654.345
1-x4:2400,All periods,12-15,127,58621.649999999994,59009.344999999994
1-x4:2400,All periods,15-18,60,22143.55,23756.5075
1-x4:2400,All periods,18-21,26,8360.95,9254.71
1-x4:2400,All periods,21-24,6,1293.8999999999999,1695.8925
1-x4:2400,All periods,3-6,823,494808.44999999995,494237.40499999997
1-x4:2400,All periods,6-9,548,311654.15,313074.495
1-x4:2400,All periods,9-12,306,171081.69999999998,169714.65
1-x4:2400,All periods,>=24,2,159.6,388.54999999999995
1-x5:9440,All periods,0-3,71,44700.35,45007.675
1-x5:9440,All periods,12-15,37,18143.1,19557.4125
1-x5:9440,All periods,15-18,10,5608.799999999999,5926.8125
1-x5:9440,All periods,18-21,4,2698.95,3533.0499999999997
1-x5:9440,All periods,3-6,207,141367.59999999998,141303.91833333333
1-x5:9440,All periods,6-9,139,81683.85,80604.25416666667
1-x5:9440,All periods,9-12,80,46376.149999999994,44645.6775
1-x5:9456,All periods,0-3,40,13164.15,13430.830833333333
1-x5:9456,All periods,12-15,23,5515.7,6176.789166666667
1-x5:9456,All periods,15-18,5,1104.85,1359.4816666666666
1-x5:9456,All periods,18-21,1,142.5,142.5
1-x5:9456,All periods,3-6,78,39447.799999999996,37916.621666666666
1-x5:9456,All periods,6-9,53,22733.5,22663.42166666667
1-x5:9456,All periods,9-12,22,6179.75,6598.605
1-x6:6167,All periods,0-3,287,250471.3,249315.5775
1-x6:6167,All periods,12-15,132,73074.95,78706.6925
1-x6:6167,All periods,15-18,47,22678.399999999998,26599.3825
1-x6:6167,All periods,18-21,6,3688.85,3678.2574999999997
1-x6:6167,All periods,21-24,2,340.1,1408.375
1-x6:6167,All periods,3-6,753,677493.45,667256.1233333333
1-x6:6167,All periods,6-9,510,379187.75,378890.7483333333
1-x6:6167,All periods,9-12,271,183927.59999999998,185007.24333333332
1-x7:225,All periods,0-3,238,385732.3,384911.3258333333
1-x7:225,All periods,12-15,103,124548.79999999999,130074.20583333333
1-x7:225,All periods,15-18,31,37892.649999999994,40077.935
1-x7:225,All periods,18-21,7,10103.249999999998,11079.945
1-x7:225,All periods,21-24,1,593.75,1685.7749999999999
1-x7:225,All periods,3-6,571,964227.2,958622.0416666667
1-x7:225,All periods,6-9,364,552719.5,550681.3541666666
1-x7:225,All periods,9-12,180,266491.14999999997,265176.01749999996
1-y0:14370,All periods,0-3,785,667396.85,657562.0066666666
1-y0:14370,All periods,12-15,20,7285.549999999999,8923.3025
1-y0:14370,All periods,15-18,3,134.9,734.2075
1-y0:14370,All periods,18-21,1,6.6499999999999995,97.09
1-y0:14370,All periods,3-6,730,580839.5,578800.1508333333
1-y0:14370,All periods,6-9,259,159778.59999999998,163517.22999999998
1-y0:14370,All periods,9-12,107,56267.549999999996,61160.1925
1-y5:5794,All periods,0-3,415,454816.3,444806.1975
1-y5:5794,All periods,12-15,78,66405.95,68776.6275
1-y5:5794,All periods,15-18,24,14545.45,17700.875
1-y5:5794,All periods,18-21,3,1621.65,2348.8275
1-y5:5794,All periods,21-24,3,66.5,1083.0949999999998
1-y5:5794,All periods,3-6,892,1021292.75,1017066.3424999999
1-y5:5794,All periods,6-9,539,538471.4,539550.22
1-y5:5794,All periods,9-12,237,210162.8,215721.915
1-y5:5794,All periods,>=24,1,10.45,339.15
1-y8:2252,All periods,0-3,1127,1321594.4,1299431.6125
1-y8:2252,All periods,12-15,31,19902.5,24503.065
1-y8:2252,All periods,15-18,6,1586.5,2404.83
1-y8:2252,All periods,18-21,2,83.6,762.5649999999999
1-y8:2252,All periods,21-24,1,74.1,455.525
1-y8:2252,All periods,3-6,707,808574.45,805075.4099999999
1-y8:2252,All periods,6-9,203,208369.19999999998,214054.47499999998
1-y8:2252,All periods,9-12,111,91388.1,103133.0925
1-y8:2252,All periods,>=24,4,42.75,1795.0249999999999
1-z1:12939,All periods,0-3,194,253994.84999999998,251249.15999999997
1-z1:12939,All periods,12-15,38,38283.1,40519.685
1-z1:12939,All periods,15-18,6,7205.75,7821.492499999999
1-z1:12939,All periods,18-21,1,7.6,223.63
1-z1:12939,All periods,3-6,534,695612.7999999999,688103.24
1-z1:12939,All periods,6-9,225,277057.05,274872.90499999997
1-z1:12939,All periods,9-12,98,102829.9,112200.9375
204-01:111,All periods,0-3,588,166090.4,163737.66166666665
204-01:111,All periods,12-15,62,14698.399999999998,15606.3625
204-01:111,All periods,15-18,13,2654.2999999999997,2958.49
204-01:111,All periods,18-21,3,482.59999999999997,601.3499999999999
204-01:111,All periods,21-24,2,139.65,304.28499999999997
204-01:111,All periods,3-6,882,272270.0,270116.39749999996
204-01:111,All periods,6-9,424,121074.65,123078.51666666666
204-01:111,All periods,9-12,187,51547.95,52554.886666666665
215-01:351,All periods,0-3,120,199570.3,189185.78666666665
215-01:351,All periods,12-15,42,54096.799999999996,57702.14499999999
215-01:351,All periods,15-18,13,16035.05,18787.105
215-01:351,All periods,18-21,5,1798.35,4186.365
215-01:351,All periods,3-6,240,423020.75,411649.69333333336
215-01:351,All periods,6-9,204,297018.45,301351.115
215-01:351,All periods,9-12,92,129404.25,138081.74
218-01:302,All periods,0-3,79,83202.9,80125.565
218-01:302,All periods,12-15,54,45088.899999999994,47521.35916666666
218-01:302,All periods,15-18,27,12931.4,16056.425
218-01:302,All periods,18-21,11,6410.599999999999,8712.545
218-01:302,All periods,21-24,2,488.29999999999995,915.5625
218-01:302,All periods,3-6,223,256485.74999999997,246116.51583333334
218-01:302,All periods,6-9,177,174287.95,176007.8775
218-01:302,All periods,9-12,135,114604.2,118044.15
249-02:726,All periods,0-3,280,36064.85,34809.456666666665
249-02:726,All periods,12-15,89,7006.25,8166.500833333333
249-02:726,All periods,15-18,28,1394.6,1793.2358333333332
249-02:726,All periods,18-21,6,246.04999999999998,401.18499999999995
249-02:726,All periods,21-24,1,15.2,52.724999999999994
249-02:726,All periods,3-6,826,138815.9,134598.75499999998
249-02:726,All periods,6-9,495,76271.7,77969.90416666666
249-02:726,All periods,9-12,262,29668.5,31691.2875
253-01:45,All periods,0-3,573,127743.65,126174.31333333332
253-01:45,All periods,12-15,47,7723.499999999999,8903.083333333332
253-01:45,All periods,15-18,16,2506.1,2849.6675
253-01:45,All periods,18-21,1,117.8,158.17499999999998
253-01:45,All periods,3-6,835,197508.8,195059.88999999998
253-01:45,All periods,6-9,282,61213.25,61997.44333333333
253-01:45,All periods,9-12,103,19262.199999999997,20932.7275
254-01:30,All periods,0-3,306,135577.35,123801.435
254-01:30,All periods,12-15,98,18176.35,26980.0
254-01:30,All periods,15-18,30,3061.85,6476.4825
254-01:30,All periods,18-21,6,335.35,1311.9025
254-01:30,All periods,21-24,1,52.25,49.875
254-01:30,All periods,3-6,922,492365.05,465981.69749999995
254-01:30,All periods,6-9,543,262240.85,269734.0225
254-01:30,All periods,9-12,286,91497.35,108970.98499999999
26-01:45,All periods,0-3,199,152099.75,147180.76083333333
26-01:45,All periods,12-15,61,34006.2,36816.347499999996
26-01:45,All periods,15-18,15,6937.85,7732.525
26-01:45,All periods,18-21,4,1049.75,1700.0249999999999
26-01:45,All periods,3-6,705,556439.7,551212.135
26-01:45,All periods,6-9,440,306762.60000000003,306344.74249999993
26-01:45,All periods,9-12,201,125448.44999999998,131425.26416666666
26-01:45,All periods,>=24,1,48.449999999999996,380.95
264-01:204,All periods,0-3,212,23898.2,23409.3775
264-01:204,All periods,12-15,70,5894.75,6345.160833333333
264-01:204,All periods,15-18,13,1045.0,1123.8658333333333
264-01:204,All periods,18-21,4,233.7,373.5875
264-01:204,All periods,3-6,712,87327.8,86642.58083333333
264-01:204,All periods,6-9,473,50478.25,50738.1225
264-01:204,All periods,9-12,217,21553.6,21776.0425
264-01:204,All periods,>=24,1,19.95,42.512499999999996
268-01:203,All periods,0-3,281,31630.25,30175.7525
268-01:203,All periods,12-15,81,6327.95,7060.8275
268-01:203,All periods,15-18,20,1487.6999999999998,1565.5524999999998
268-01:203,All periods,18-21,4,161.5,286.6625
268-01:203,All periods,21-24,1,40.85,70.49
268-01:203,All periods,3-6,926,102864.09999999999,102310.915
268-01:203,All periods,6-9,606,60730.649999999994,60970.905
268-01:203,All periods,9-12,271,24558.449999999997,25316.4075
268-01:203,All periods,>=24,1,11.399999999999999,55.3375
30-01:2966,All periods,0-3,282,269553.95,260998.13916666666
30-01:2966,All periods,12-15,60,39216.0,44272.6125
30-01:2966,All periods,15-18,10,5799.75,6668.192499999999
30-01:2966,All periods,18-21,3,383.8,1410.275
30-01:2966,All periods,3-6,950,958331.5,948241.6291666667
30-01:2966,All periods,6-9,563,504303.7,507123.8858333333
30-01:2966,All periods,9-12,229,183712.9,192586.86583333332
30-01:2967,All periods,0-3,282,245743.15,240346.7383333333
30-01:2967,All periods,12-15,60,36376.45,41463.415
30-01:2967,All periods,15-18,9,5261.1,5935.695
30-01:2967,All periods,18-21,3,360.99999999999994,1220.085
30-01:2967,All periods,3-6,950,871682.0,862089.1849999999
30-01:2967,All periods,6-9,564,466168.8,467149.75416666665
30-01:2967,All periods,9-12,229,169796.35,177183.97749999998
30-04:130,All periods,0-3,383,448626.1,438998.45166666666
30-04:130,All periods,12-15,48,37238.1,39813.138333333336
30-04:130,All periods,15-18,13,9254.9,10721.462499999998
30-04:130,All periods,18-21,3,1013.65,1998.5625
30-04:130,All periods,21-24,1,318.25,611.5625
30-04:130,All periods,3-6,771,929784.95,931346.5758333332
30-04:130,All periods,6-9,411,438208.39999999997,439309.6875
30-04:130,All periods,9-12,151,138251.59999999998,139896.50916666666
30-08:3501,All periods,0-3,108,50313.899999999994,50774.00083333333
30-08:3501,All periods,12-15,25,6379.25,6978.4625
30-08:3501,All periods,15-18,9,3505.5,3405.6074999999996
30-08:3501,All periods,18-21,2,646.9499999999999,676.4
30-08:3501,All periods,21-24,1,87.39999999999999,124.925
30-08:3501,All periods,3-6,302,138393.15,138358.5225
30-08:3501,All periods,6-9,271,100320.95,99829.515
30-08:3501,All periods,9-12,97,36364.1,35753.32916666666
30-08:3501,All periods,>=24,1,22.799999999999997,133.23749999999998
30-08:3575,All periods,0-3,113,18303.649999999998,17506.552499999998
30-08:3575,All periods,12-15,28,2232.5,2531.5125
30-08:3575,All periods,15-18,11,978.4999999999999,1193.3899999999999
30-08:3575,All periods,18-21,2,97.85,184.77499999999998
30-08:3575,All periods,21-24,1,0.95,45.599999999999994
30-08:3575,All periods,3-6,321,55384.05,55249.59333333333
30-08:3575,All periods,6-9,238,37347.35,36792.502499999995
30-08:3575,All periods,9-12,103,12593.199999999999,13434.124166666666
305-01:204,All periods,0-3,353,140533.5,138705.0825
305-01:204,All periods,12-15,21,5142.349999999999,6499.615
305-01:204,All periods,15-18,3,597.55,762.1374999999999
305-01:204,All periods,3-6,894,345580.55,343885.5758333333
305-01:204,All periods,6-9,439,156907.7,157626.02666666667
305-01:204,All periods,9-12,84,28266.3,29549.512499999997
308-01:1342,All periods,0-3,89,7010.049999999999,6907.924999999999
308-01:1342,All periods,12-15,14,808.4499999999999,935.9874999999998
308-01:1342,All periods,15-18,3,107.35,187.3875
308-01:1342,All periods,3-6,256,20090.6,19859.544166666667
308-01:1342,All periods,6-9,142,10029.15,10017.385833333332
308-01:1342,All periods,9-12,36,2266.7,2404.0699999999997
31-03:2080,All periods,0-3,530,332504.75,327165.2275
31-03:2080,All periods,12-15,27,7243.75,9704.835833333333
31-03:2080,All periods,15-18,1,35.15,171.95
31-03:2080,All periods,3-6,1155,703236.55,700521.4975
31-03:2080,All periods,6-9,357,168127.19999999998,170394.28
31-03:2080,All periods,9-12,82,28926.549999999996,32116.159166666665
32-01:24,All periods,0-3,474,324723.3,315322.54333333333
32-01:24,All periods,12-15,50,17072.45,19461.8425
32-01:24,All periods,15-18,12,3947.25,4570.4974999999995
32-01:24,All periods,18-21,4,715.3499999999999,1344.915
32-01:24,All periods,21-24,1,156.75,337.0125
32-01:24,All periods,3-6,885,638370.5499999999,634281.9716666667
32-01:24,All periods,6-9,462,268953.55,275889.00916666666
32-01:24,All periods,9-12,156,72314.0,75045.40833333333
34-02:5967,All periods,0-3,146,350531.94999999995,346052.51
34-02:5967,All periods,12-15,16,29893.649999999998,32394.335
34-02:5967,All periods,15-18,2,1327.1499999999999,2868.5725
34-02:5967,All periods,3-6,335,793563.4999999999,787636.0225
34-02:5967,All periods,6-9,181,381311.95,385465.065
34-02:5967,All periods,9-12,46,92445.45,94657.145
34-02:5994,All periods,0-3,72,94405.29999999999,92988.28
34-02:5994,All periods,12-15,3,3648.0,4136.2525
34-02:5994,All periods,3-6,192,248721.39999999997,245921.41749999998
34-02:5994,All periods,6-9,81,95962.34999999999,98622.9675
34-02:5994,All periods,9-12,18,21450.05,22518.1825
34-02:5997,All periods,0-3,308,770039.6,756550.3599999999
34-02:5997,All periods,12-15,13,19069.35,25579.699999999997
34-02:5997,All periods,3-6,749,1785712.15,1769920.9649999999
34-02:5997,All periods,6-9,328,702025.3,717172.4325
34-02:5997,All periods,9-12,63,126941.84999999999,134564.79249999998
34-05:11783,All periods,0-3,235,375141.7,366376.55666666664
34-05:11783,All periods,12-15,79,102154.44999999998,109253.04
34-05:11783,All periods,15-18,14,12632.15,16621.8175
34-05:11783,All periods,18-21,2,859.7499999999999,1717.8374999999999
34-05:11783,All periods,3-6,674,1177413.85,1159682.6383333332
34-05:11783,All periods,6-9,410,634164.8999999999,636202.8716666666
34-05:11783,All periods,9-12,223,312549.05,325061.0883333333
35-01:1245,All periods,0-3,170,814738.0499999999,802496.16
35-01:1245,All periods,12-15,39,130962.25,135937.17833333332
35-01:1245,All periods,15-18,6,12737.599999999999,13519.576666666666
35-01:1245,All periods,3-6,425,2088689.9499999997,2076273.7191666667
35-01:1245,All periods,6-9,249,1033889.75,1049376.8083333333
35-01:1245,All periods,9-12,149,545370.3,548784.4575
35-01:152,All periods,0-3,171,742707.1499999999,723172.0783333334
35-01:152,All periods,12-15,34,81114.8,88511.69
35-01:152,All periods,18-21,1,76.95,2125.15
35-01:152,All periods,3-6,347,1478844.1,1478927.9533333331
35-01:152,All periods,6-9,158,528654.1,525217.0158333334
35-01:152,All periods,9-12,79,214014.09999999998,227457.3125
35-07:11217,All periods,0-3,292,281435.6,277187.5325
35-07:11217,All periods,12-15,36,20860.1,22027.46
35-07:11217,All periods,15-18,13,8781.8,9088.365
35-07:11217,All periods,18-21,3,2254.35,2279.3824999999997
35-07:11217,All periods,21-24,2,353.4,842.65
35-07:11217,All periods,3-6,651,607061.3999999999,610639.4958333333
35-07:11217,All periods,6-9,436,352346.44999999995,349347.14166666666
35-07:11217,All periods,9-12,156,113507.9,115130.2625
35-07:11217,All periods,>=24,1,377.15,435.86
35-08:193,All periods,0-3,336,609528.55,601053.4258333333
35-08:193,All periods,12-15,36,35498.649999999994,41200.0275
35-08:193,All periods,15-18,16,16227.899999999998,17773.265
35-08:193,All periods,18-21,6,6252.9,7526.1375
35-08:193,All periods,21-24,3,630.8,2267.6499999999996
35-08:193,All periods,3-6,721,1298768.75,1285594.5299999998
35-08:193,All periods,6-9,475,730091.15,729467.6174999999
35-08:193,All periods,9-12,172,228521.55,240666.85666666666
35-08:193,All periods,>=24,1,854.05,824.79
35-09:1041,All periods,0-3,157,342592.8,344243.425
35-09:1041,All periods,12-15,29,37330.25,41601.45
35-09:1041,All periods,15-18,11,16552.8,17409.225
35-09:1041,All periods,18-21,4,4026.1,4455.5
35-09:1041,All periods,21-24,1,288.8,639.35
35-09:1041,All periods,3-6,420,886143.8499999999,882063.5999999999
35-09:1041,All periods,6-9,353,620980.7999999999,614130.1124999999
35-09:1041,All periods,9-12,119,200426.25,202971.39500000002
35-09:1041,All periods,>=24,2,633.65,1461.2424999999998
35-09:941,All periods,0-3,170,206502.44999999998,199256.99
35-09:941,All periods,12-15,32,22588.149999999998,24072.62
35-09:941,All periods,15-18,14,11088.4,13005.785
35-09:941,All periods,18-21,2,1053.55,1629.4874999999997
35-09:941,All periods,21-24,1,1.9,256.2625
35-09:941,All periods,3-6,439,546167.35,545760.4175
35-09:941,All periods,6-9,313,349304.55,345054.8675
35-09:941,All periods,9-12,125,110906.79999999999,118576.72
35-11:1000,All periods,0-3,315,55195.0,53881.055
35-11:1000,All periods,12-15,61,2494.7,3351.5525
35-11:1000,All periods,15-18,24,1209.35,1884.0241666666666
35-11:1000,All periods,18-21,6,127.3,254.83749999999998
35-11:1000,All periods,21-24,2,1.9,59.6125
35-11:1000,All periods,3-6,830,137634.09999999998,135242.66499999998
35-11:1000,All periods,6-9,640,72344.4,72567.38083333333
35-11:1000,All periods,9-12,236,21597.3,23263.7425
35-11:1000,All periods,>=24,2,0.0,99.18
35-16:25894,All periods,0-3,141,3155.9,3119.5150000000003
35-16:25894,All periods,12-15,200,3680.2999999999997,3761.113333333333
35-16:25894,All periods,15-18,80,951.9,1155.9125
35-16:25894,All periods,18-21,44,51.3,76.285
35-16:25894,All periods,21-24,8,17.099999999999998,16.244999999999997
35-16:25894,All periods,3-6,682,28116.199999999997,27316.489999999998
35-16:25894,All periods,6-9,594,17804.899999999998,18208.111666666668
35-16:25894,All periods,9-12,337,8615.55,8739.572499999998
35-16:25894,All periods,>=24,4,3.8,3.705
354-01:192,All periods,0-3,511,167347.25,163129.80416666664
354-01:192,All periods,12-15,27,4275.95,5823.246666666666
354-01:192,All periods,15-18,1,9.5,124.21249999999999
354-01:192,All periods,3-6,1062,340884.69999999995,338937.8491666666
354-01:192,All periods,6-9,358,97538.4,99442.70666666667
354-01:192,All periods,9-12,85,19819.85,22417.830833333333
359-01:2900,All periods,0-3,508,378747.89999999997,368994.535
359-01:2900,All periods,12-15,38,17358.399999999998,19109.962499999998
359-01:2900,All periods,15-18,9,2637.2,4055.5499999999997
359-01:2900,All periods,18-21,2,247.95,665.95
359-01:2900,All periods,3-6,954,731781.2,734145.465
359-01:2900,All periods,6-9,524,354203.69999999995,353883.93
359-01:2900,All periods,9-12,157,89262.0,93382.95749999999
36-01:259,All periods,0-3,147,145743.30000000002,140429.94999999998
36-01:259,All periods,12-15,31,15162.0,16636.1625
36-01:259,All periods,18-21,1,52.25,603.4875
36-01:259,All periods,3-6,300,303889.8,303338.32499999995
36-01:259,All periods,6-9,173,125409.5,126174.1075
36-01:259,All periods,9-12,79,43060.65,46135.4675
36-01:301,All periods,0-3,186,195019.8,188072.0225
36-01:301,All periods,12-15,39,23722.449999999997,26327.445
36-01:301,All periods,15-18,4,1601.7,1813.6924999999999
36-01:301,All periods,3-6,412,428557.35,428966.8633333333
36-01:301,All periods,6-9,223,198019.9,199666.69333333333
36-01:301,All periods,9-12,143,106665.04999999999,108739.53333333333
36-02:12620,All periods,0-3,476,172280.59999999998,162252.62166666664
36-02:12620,All periods,12-15,58,9791.65,12213.105
36-02:12620,All periods,15-18,12,1044.05,1998.2299999999998
36-02:12620,All periods,18-21,2,144.39999999999998,459.5625
36-02:12620,All periods,3-6,927,356411.49999999994,353194.48333333334
36-02:12620,All periods,6-9,463,139818.15,144319.345
36-02:12620,All periods,9-12,171,44688.0,49741.0025
36-03:724,All periods,0-3,201,275055.39999999997,258954.32499999998
36-03:724,All periods,12-15,33,25329.85,29470.9475
36-03:724,All periods,15-18,7,2635.3,4688.7725
36-03:724,All periods,18-21,2,495.9,1646.1125
36-03:724,All periods,3-6,460,648519.4,638102.1749999999
36-03:724,All periods,6-9,230,259585.59999999998,272396.06499999994
36-03:724,All periods,9-12,78,74661.45,81024.5025
36-04:2814,All periods,0-3,415,669916.25,636550.0808333333
36-04:2814,All periods,12-15,47,35086.35,44275.20916666667
36-04:2814,All periods,15-18,11,3647.0499999999997,7001.6900000000005
36-04:2814,All periods,18-21,1,21.849999999999998,713.2125
36-04:2814,All periods,3-6,791,1278338.05,1273082.5074999998
36-04:2814,All periods,6-9,383,531324.5499999999,537111.6333333333
36-04:2814,All periods,9-12,151,186108.8,205708.56666666665
36-07:5070,All periods,0-3,354,572405.3999999999,542558.6799999999
36-07:5070,All periods,12-15,116,136873.15,158834.09416666665
36-07:5070,All periods,15-18,47,41002.0,56632.255
36-07:5070,All periods,18-21,10,4321.549999999999,8274.119999999999
36-07:5070,All periods,21-24,2,241.3,968.7625
36-07:5070,All periods,3-6,828,1638578.0499999998,1591238.2041666666
36-07:5070,All periods,6-9,546,991955.7999999999,1004045.2466666666
36-07:5070,All periods,9-12,253,404710.44999999995,427536.3375
36-12:5213,All periods,0-3,829,2955316.05,2847327.1274999995
36-12:5213,All periods,12-15,12,23408.949999999997,26279.659999999996
36-12:5213,All periods,15-18,4,6943.549999999999,9106.509999999998
36-12:5213,All periods,18-21,1,1516.1999999999998,1833.69
36-12:5213,All periods,21-24,2,1178.0,3291.75
36-12:5213,All periods,3-6,713,2155702.0,2191020.6566666663
36-12:5213,All periods,6-9,317,787666.85,838169.5149999999
36-12:5213,All periods,9-12,60,123232.09999999999,137934.79083333333
365-01:3298,All periods,0-3,419,474509.8,456750.8008333333
365-01:3298,All periods,12-15,74,49458.899999999994,58538.619999999995
365-01:3298,All periods,15-18,24,14521.7,19474.809999999998
365-01:3298,All periods,18-21,8,2279.0499999999997,4850.129999999999
365-01:3298,All periods,21-24,2,22.799999999999997,950.4749999999999
365-01:3298,All periods,3-6,769,1060724.4,1048737.5691666666
365-01:3298,All periods,6-9,473,538156.0,542172.3941666667
365-01:3298,All periods,9-12,166,144230.9,152428.75083333332
365-01:3299,All periods,0-3,31,17404.949999999997,17136.87583333333
365-01:3299,All periods,12-15,5,1709.05,2114.1775
365-01:3299,All periods,3-6,38,23506.8,23274.73083333333
365-01:3299,All periods,6-9,30,13364.6,13432.160833333333
365-01:3299,All periods,9-12,6,3287.0,3314.455
37-01:1739,All periods,0-3,449,298430.15,291251.8233333333
37-01:1739,All periods,12-15,18,6382.099999999999,8102.739999999999
37-01:1739,All periods,3-6,940,620235.05,618521.725
37-01:1739,All periods,6-9,274,149503.4,153864.83416666667
37-01:1739,All periods,9-12,59,26260.85,29070.427499999998
37-04:9552,All periods,0-3,342,370272.0,364621.98583333334
37-04:9552,All periods,12-15,44,26639.899999999998,30829.6375
37-04:9552,All periods,15-18,16,9494.3,10758.7025
37-04:9552,All periods,18-21,6,3633.75,4256.285
37-04:9552,All periods,21-24,3,268.85,1318.125
37-04:9552,All periods,3-6,799,869139.7999999999,866705.3775000001
37-04:9552,All periods,6-9,542,505415.19999999995,502422.5258333333
37-04:9552,All periods,9-12,181,150690.9,154664.29083333333
37-04:9552,All periods,>=24,1,518.6999999999999,496.46999999999997
370-01:1346,All periods,0-3,20,5590.75,4944.164166666667
370-01:1346,All periods,12-15,5,870.2,1145.8899999999999
370-01:1346,All periods,3-6,31,6697.5,6122.876666666667
370-01:1346,All periods,6-9,30,7975.25,8262.894166666665
370-01:1346,All periods,9-12,28,5964.099999999999,6621.974999999999
370-01:956,All periods,0-3,16,4901.05,4432.415
370-01:956,All periods,12-15,11,2617.25,2871.66
370-01:956,All periods,15-18,2,302.09999999999997,485.2125
370-01:956,All periods,3-6,59,17293.8,17392.7425
370-01:956,All periods,6-9,37,11208.099999999999,11117.755000000001
370-01:956,All periods,9-12,27,6658.549999999999,6681.0650000000005
38-02:3775,All periods,0-3,249,497330.69999999995,490865.5858333333
38-02:3775,All periods,12-15,78,129926.75,142164.20666666667
38-02:3775,All periods,15-18,14,15376.7,20780.775
38-02:3775,All periods,18-21,2,982.3,2323.4625
38-02:3775,All periods,3-6,761,1643618.75,1617421.2491666665
38-02:3775,All periods,6-9,464,930477.5,930814.5441666667
38-02:3775,All periods,9-12,235,434239.3,447582.17666666664
38-03:200,All periods,0-3,118,294190.3,289876.52416666667
38-03:200,All periods,12-15,24,48374.0,52325.651666666665
38-03:200,All periods,15-18,2,4605.599999999999,5134.702499999999
38-03:200,All periods,3-6,406,1054498.1,1040967.3766666667
38-03:200,All periods,6-9,219,525618.85,531643.3858333332
38-03:200,All periods,9-12,89,200625.75,207964.95916666667
39-01:6209,All periods,0-3,71,129578.1,128261.5425
39-01:6209,All periods,12-15,30,46167.149999999994,46840.81083333334
39-01:6209,All periods,15-18,1,3261.35,2892.9399999999996
39-01:6209,All periods,18-21,1,367.65,936.2249999999999
39-01:6209,All periods,3-6,206,392392.75,389297.45999999996
39-01:6209,All periods,6-9,180,324425.94999999995,324955.6383333333
39-01:6209,All periods,9-12,79,136698.34999999998,139706.68333333332
39-01:6212,All periods,0-3,162,243420.4,243488.13499999998
39-01:6212,All periods,12-15,50,61834.549999999996,68706.94499999999
39-01:6212,All periods,15-18,10,9316.65,11180.265
39-01:6212,All periods,18-21,1,25.65,706.0875
39-01:6212,All periods,3-6,447,711764.7,713096.3783333333
39-01:6212,All periods,6-9,266,395253.19999999995,390105.70416666666
39-01:6212,All periods,9-12,156,224626.55,218958.185
40-00:1215,All periods,0-3,748,1899205.7999999998,1893892.4658333333
40-00:1215,All periods,12-15,16,34547.7,38168.815
40-00:1215,All periods,15-18,1,1689.1,1737.55
40-00:1215,All periods,3-6,760,1908202.2999999998,1909904.605
40-00:1215,All periods,6-9,303,771958.6,769639.7925
40-00:1215,All periods,9-12,78,194814.59999999998,199394.075
40-00:1216,All periods,0-3,759,4342309.399999999,4327749.6049999995
40-00:1216,All periods,12-15,16,78961.15,87317.255
40-00:1216,All periods,15-18,1,4183.8,4157.2
40-00:1216,All periods,3-6,775,4418216.3,4422623.049166666
40-00:1216,All periods,6-9,307,1762026.75,1762423.4383333332
40-00:1216,All periods,9-12,79,444759.6,450960.2975
40-00:1217,All periods,0-3,759,5429345.0,5411499.804166666
40-00:1217,All periods,12-15,16,95784.7,108530.565
40-00:1217,All periods,15-18,1,5002.7,5091.287499999999
40-00:1217,All periods,3-6,775,5507426.45,5500487.570833333
40-00:1217,All periods,6-9,307,2177168.2,2188230.3008333333
40-00:1217,All periods,9-12,79,559706.75,566718.7
40-00:1523,All periods,0-3,685,6364882.2,6343925.484999999
40-00:1523,All periods,12-15,11,94698.85,101689.3775
40-00:1523,All periods,3-6,671,6339864.899999999,6324860.061666666
40-00:1523,All periods,6-9,256,2431407.2,2436761.0675
40-00:1523,All periods,9-12,64,601806.95,606730.0874999999
40-00:1524,All periods,0-3,685,2500160.5999999996,2494832.9683333333
40-00:1524,All periods,12-15,11,34584.75,38126.0175
40-00:1524,All periods,3-6,671,2398188.55,2393545.3616666663
40-00:1524,All periods,6-9,256,929537.0,929604.8775
40-00:1524,All periods,9-12,64,235930.6,231877.2825
40-00:283,All periods,0-3,764,3338321.8499999996,3321319.6366666667
40-00:283,All periods,12-15,17,66545.6,72637.47499999999
40-00:283,All periods,15-18,1,3347.7999999999997,3298.875
40-00:283,All periods,3-6,783,3466186.15,3471294.395
40-00:283,All periods,6-9,318,1413915.4,1414329.2991666666
40-00:283,All periods,9-12,87,378137.05,383773.5425
40-00:284,All periods,0-3,764,3185792.6999999997,3174921.1691666665
40-00:284,All periods,12-15,17,62852.95,69873.6875
40-00:284,All periods,15-18,1,3154.95,3127.6375
40-00:284,All periods,3-6,783,3340053.7,3335933.0908333333
40-00:284,All periods,6-9,318,1348863.2,1353259.04
40-00:284,All periods,9-12,87,363891.8,368890.51
40-00:708,All periods,0-3,760,3435791.8499999996,3423548.1550000003
40-00:708,All periods,12-15,15,68540.6,74205.6875
40-00:708,All periods,15-18,1,3636.6,3508.033333333333
40-00:708,All periods,3-6,776,3681299.4,3683254.1991666667
40-00:708,All periods,6-9,304,1450764.95,1452155.6708333334
40-00:708,All periods,9-12,78,373700.55,379662.37
40-00:709,All periods,0-3,760,2946764.15,2939849.3216666663
40-00:709,All periods,12-15,15,50696.75,54854.0925
40-00:709,All periods,15-18,1,2856.65,2895.9166666666665
40-00:709,All periods,3-6,776,2923822.6,2928485.1525
40-00:709,All periods,6-9,304,1157890.4,1158585.4358333333
40-00:709,All periods,9-12,78,290762.69999999995,295477.9775
40-01:135,All periods,0-3,223,991310.75,996254.4866666666
40-01:135,All periods,12-15,5,19607.05,22091.585
40-01:135,All periods,3-6,427,1870466.4,1875159.6216666666
40-01:135,All periods,6-9,170,743445.3,743695.2133333333
40-01:135,All periods,9-12,36,153651.09999999998,153717.2675
40-01:136,All periods,0-3,244,2218383.95,2211241.7866666666
40-01:136,All periods,12-15,5,40001.65,45726.445
40-01:136,All periods,3-6,438,3853422.3,3812258.9425
40-01:136,All periods,6-9,176,1529610.1999999997,1534381.3375
40-01:136,All periods,9-12,37,315064.64999999997,315193.565
40-01:137,All periods,0-3,253,1736692.15,1750215.0675
40-01:137,All periods,12-15,5,29260.0,35128.6725
40-01:137,All periods,3-6,442,3028643.6999999997,3022575.385
40-01:137,All periods,6-9,176,1192126.5,1203809.125
40-01:137,All periods,9-12,37,249357.9,249292.8725
40-01:1518,All periods,0-3,100,6796879.5,6891358.931666667
40-01:1518,All periods,12-15,2,77480.1,106510.76999999999
40-01:1518,All periods,3-6,171,11470278.15,11395639.658333333
40-01:1518,All periods,6-9,59,4047532.0,4042491.6799999997
40-01:1518,All periods,9-12,18,1068985.6,1121082.0799999998
40-01:339,All periods,0-3,254,3969754.55,3994706.87
40-01:339,All periods,12-15,5,68679.3,79498.42249999999
40-01:339,All periods,3-6,442,6865498.949999999,6835304.5775
40-01:339,All periods,6-9,177,2733348.55,2732147.275
40-01:339,All periods,9-12,37,565826.6499999999,561772.3825000001
40-01:598,All periods,0-3,241,1681571.25,1694756.4266666665
40-01:598,All periods,12-15,5,28299.55,35286.42
40-01:598,All periods,3-6,437,3038728.9,3023926.8233333332
40-01:598,All periods,6-9,176,1208727.75,1213683.1875
40-01:598,All periods,9-12,37,255994.59999999998,254911.45749999996
40-01:599,All periods,0-3,251,1553604.3499999999,1563434.9816666665
40-01:599,All periods,12-15,5,26902.1,31267.445
40-01:599,All periods,3-6,437,2645816.5,2634639.4808333335
40-01:599,All periods,6-9,177,1065640.65,1064721.5408333333
40-01:599,All periods,9-12,37,218276.75,218919.1875
40-01:600,All periods,0-3,251,1756662.0999999999,1770192.9183333332
40-01:600,All periods,12-15,5,31583.699999999997,35779.47
40-01:600,All periods,3-6,437,3048055.05,3038438.310833333
40-01:600,All periods,6-9,177,1231709.2,1234431.5358333334
40-01:600,All periods,9-12,37,254490.75,253850.40249999997
40-03:1775,All periods,0-3,688,11881658.549999999,11792394.206666667
40-03:1775,All periods,12-15,4,61678.75,60993.4675
40-03:1775,All periods,3-6,759,12771641.350000001,12738870.450833332
40-03:1775,All periods,6-9,211,3454179.0999999996,3522165.5491666663
40-03:1775,All periods,9-12,55,871716.2,926450.2758333334
40-03:279,All periods,0-3,860,21390129.7,21330529.850833334
40-03:279,All periods,12-15,5,118246.5,115391.75
40-03:279,All periods,3-6,972,24068483.7,23884241.824166667
40-03:279,All periods,6-9,282,6825262.649999999,6960363.67
40-03:279,All periods,9-12,61,1384061.65,1495657.105
40-03:280,All periods,0-3,864,13641658.0,13637755.5425
40-03:280,All periods,12-15,5,73783.65,72408.95249999998
40-03:280,All periods,3-6,977,15356225.6,15258337.6
40-03:280,All periods,6-9,282,4279368.1,4327817.387499999
40-03:280,All periods,9-12,62,892657.0499999999,947372.9174999999
40-04:173,All periods,0-3,431,1205531.0,1182613.2633333332
40-04:173,All periods,12-15,3,11330.65,14920.699999999999
40-04:173,All periods,3-6,470,1125408.0,1128257.4141666666
40-04:173,All periods,6-9,126,286729.0,294743.2158333333
40-04:173,All periods,9-12,34,83409.99999999999,91874.05666666667
40-04:174,All periods,0-3,683,10487682.7,10434621.399999999
40-04:174,All periods,12-15,4,43176.55,42843.00499999999
40-04:174,All periods,3-6,756,11280056.799999999,11234421.745
40-04:174,All periods,6-9,216,3096231.4499999997,3167425.1149999998
40-04:174,All periods,9-12,58,798836.95,826673.185
40-04:944,All periods,0-3,782,11906182.799999999,11851102.005833333
40-04:944,All periods,12-15,4,51464.35,50929.167499999996
40-04:944,All periods,3-6,864,12983506.549999999,12918504.272499999
40-04:944,All periods,6-9,248,3564756.25,3621547.9941666666
40-04:944,All periods,9-12,60,817273.5999999999,881100.1099999999
40-06:1101,All periods,0-3,832,10550740.85,10537393.809166666
40-06:1101,All periods,12-15,12,127823.44999999998,139222.595
40-06:1101,All periods,15-18,1,4908.65,5252.3125
40-06:1101,All periods,3-6,769,9891837.95,9822603.5175
40-06:1101,All periods,6-9,251,3091457.6999999997,3137852.596666666
40-06:1101,All periods,9-12,60,709669.0,734112.7691666667
40-06:975,All periods,0-3,832,9797437.399999999,9803726.415833334
40-06:975,All periods,12-15,12,101966.34999999999,111830.295
40-06:975,All periods,15-18,1,7069.9,7448.237499999999
40-06:975,All periods,3-6,770,8464768.85,8384329.3100000005
40-06:975,All periods,6-9,251,2789685.4499999997,2822706.753333333
40-06:975,All periods,9-12,60,647153.3,678040.2383333333
41-02:1315,All periods,0-3,373,7958567.999999999,7918089.434166666
41-02:1315,All periods,12-15,17,310797.25,341681.89249999996
41-02:1315,All periods,15-18,1,19085.5,18829.712499999998
41-02:1315,All periods,3-6,660,13985814.499999998,13933747.438333333
41-02:1315,All periods,6-9,267,5558594.399999999,5592069.5975
41-02:1315,All periods,9-12,79,1579667.5999999999,1611118.2999999998
41-02:646,All periods,0-3,119,628870.5499999999,627321.3375
41-02:646,All periods,12-15,6,27907.2,28473.6375
41-02:646,All periods,3-6,226,1176694.7,1172511.5491666666
41-02:646,All periods,6-9,92,475643.15,473632.7758333333
41-02:646,All periods,9-12,28,131431.55,138201.0125
41-02:647,All periods,0-3,73,381085.85,388802.51
41-02:647,All periods,12-15,1,4106.849999999999,4382.825
41-02:647,All periods,3-6,136,717106.55,712540.6916666667
41-02:647,All periods,6-9,57,311883.1,309305.9083333333
41-02:647,All periods,9-12,11,58209.35,58533.869999999995
41-02:649,All periods,0-3,417,3013949.0999999996,3000518.6966666663
41-02:649,All periods,12-15,10,74733.65,78781.64749999999
41-02:649,All periods,15-18,1,4109.7,4930.2625
41-02:649,All periods,3-6,530,4032508.6999999997,4053708.203333333
41-02:649,All periods,6-9,197,1525979.2999999998,1505820.395
41-02:649,All periods,9-12,61,451215.8,468120.14749999996
41-02:903,All periods,0-3,492,5649247.199999999,5628904.8025
41-02:903,All periods,12-15,10,86135.55,96583.745
41-02:903,All periods,15-18,1,9909.449999999999,9755.3125
41-02:903,All periods,3-6,595,6655926.1,6636403.710833333
41-02:903,All periods,6-9,225,2505519.55,2505762.4016666664
41-02:903,All periods,9-12,68,692813.1499999999,723405.24
41-03:203,All periods,0-3,762,3068911.35,3041024.48
41-03:203,All periods,12-15,17,56452.799999999996,62840.314999999995
41-03:203,All periods,15-18,1,3475.1,3420.2374999999997
41-03:203,All periods,3-6,784,3145004.4499999997,3144892.033333333
41-03:203,All periods,6-9,318,1254417.0499999998,1268563.9908333332
41-03:203,All periods,9-12,87,325494.7,336753.245
41-03:204,All periods,0-3,764,3935112.8,3917858.8525
41-03:204,All periods,12-15,17,73630.7,83153.45249999998
41-03:204,All periods,15-18,1,3458.0,3502.1749999999997
41-03:204,All periods,3-6,785,4092357.75,4083953.4166666665
41-03:204,All periods,6-9,318,1639879.55,1649497.16
41-03:204,All periods,9-12,87,437968.05,447922.4825
41-03:585,All periods,0-3,752,7078442.4,7029373.8549999995
41-03:585,All periods,12-15,17,133992.75,149316.7725
41-03:585,All periods,15-18,1,7137.349999999999,7233.537499999999
41-03:585,All periods,3-6,783,7330311.149999999,7317304.2091666665
41-03:585,All periods,6-9,317,2923035.05,2958639.245
41-03:585,All periods,9-12,87,775887.8,796329.6624999999
41-03:935,All periods,0-3,752,6256406.449999999,6216922.914166667
41-03:935,All periods,12-15,17,119961.25,134483.14
41-03:935,All periods,15-18,1,6753.549999999999,6772.549999999999
41-03:935,All periods,3-6,783,6584951.6,6572252.475
41-03:935,All periods,6-9,317,2635091.0,2662016.2325
41-03:935,All periods,9-12,87,703142.5,719885.6325
41-04:1256,All periods,0-3,671,10411899.299999999,10340284.769166667
41-04:1256,All periods,12-15,1,10940.199999999999,11431.824999999999
41-04:1256,All periods,3-6,801,12392390.899999999,12360593.006666668
41-04:1256,All periods,6-9,249,3717658.75,3748457.5599999996
41-04:1256,All periods,9-12,51,676782.85,740383.4341666666
41-04:1518,All periods,0-3,671,3655695.9499999997,3656139.995833333
41-04:1518,All periods,12-15,1,3318.35,3484.3624999999997
41-04:1518,All periods,3-6,799,4323177.35,4295536.545833333
41-04:1518,All periods,6-9,249,1302781.55,1303926.8699999999
41-04:1518,All periods,9-12,51,235113.6,257038.23833333334
41-04:1519,All periods,0-3,672,3492468.8499999996,3490855.6075
41-04:1519,All periods,12-15,1,4423.2,4590.4
41-04:1519,All periods,3-6,800,4183694.55,4168834.1116666663
41-04:1519,All periods,6-9,249,1264857.55,1267050.0075
41-04:1519,All periods,9-12,51,241748.4,254299.34083333332
41-04:1520,All periods,0-3,668,5050659.8,5045208.3675
41-04:1520,All periods,12-15,1,4975.15,5285.8
41-04:1520,All periods,3-6,795,6064917.8,6026412.669166666
41-04:1520,All periods,6-9,248,1798548.5499999998,1816480.56
41-04:1520,All periods,9-12,52,332864.8,358997.1625
41-04:616,All periods,0-3,637,3340440.3499999996,3319737.6016666666
41-04:616,All periods,12-15,1,3477.95,3487.6875
41-04:616,All periods,3-6,786,4079107.15,4060020.8266666667
41-04:616,All periods,6-9,247,1208700.2,1223744.4633333334
41-04:616,All periods,9-12,51,218957.89999999997,239806.04583333334
41-04:617,All periods,0-3,637,4256877.8,4234297.6775
41-04:617,All periods,12-15,1,5344.7,5522.349999999999
41-04:617,All periods,3-6,786,5203359.0,5185488.138333334
41-04:617,All periods,6-9,247,1576254.25,1592315.7416666667
41-04:617,All periods,9-12,51,295972.5,317199.7275
41-04:825,All periods,0-3,104,228706.8,227557.25249999997
41-04:825,All periods,3-6,162,355533.69999999995,355794.8075
41-04:825,All periods,6-9,50,110140.15,109182.54999999999
41-04:825,All periods,9-12,5,8086.4,9932.439999999999
41-04:874,All periods,0-3,564,8891360.649999999,8841181.950833332
41-04:874,All periods,12-15,1,9848.65,10209.887499999999
41-04:874,All periods,3-6,634,9963970.5,9912185.319166666
41-04:874,All periods,6-9,205,3051496.9,3093255.654166667
41-04:874,All periods,9-12,49,648154.6,699762.2258333333
41-11:1127,All periods,0-3,843,5730407.6,5727974.998333333
41-11:1127,All periods,12-15,5,39536.15,40180.962499999994
41-11:1127,All periods,3-6,928,6269358.75,6249120.994999999
41-11:1127,All periods,6-9,228,1521389.8499999999,1515389.6341666665
41-11:1127,All periods,9-12,57,350192.8,378218.56
41-11:1143,All periods,0-3,800,20231561.95,20046834.84583333
41-11:1143,All periods,12-15,5,99069.79999999999,127203.3375
41-11:1143,All periods,3-6,892,22201911.35,22012447.79916667
41-11:1143,All periods,6-9,230,5249023.6,5404569.269166667
41-11:1143,All periods,9-12,57,1098681.65,1289193.0983333332
41-11:1144,All periods,0-3,843,17347239.4,17311887.81
41-11:1144,All periods,12-15,5,97842.4,107336.08249999999
41-11:1144,All periods,3-6,928,18809048.1,18711130.000833333
41-11:1144,All periods,6-9,229,4439980.8,4470003.016666667
41-11:1144,All periods,9-12,57,986423.95,1080177.74
41-11:1145,All periods,0-3,843,5914124.3,5890444.758333333
41-11:1145,All periods,12-15,5,34510.65,39267.4425
41-11:1145,All periods,3-6,927,6313326.65,6284750.08
41-11:1145,All periods,6-9,228,1508883.0999999999,1508604.8291666666
41-11:1145,All periods,9-12,57,313496.19999999995,361273.79
41-11:140,All periods,0-3,661,5580595.449999999,5585054.005833333
41-11:140,All periods,12-15,1,6486.599999999999,6250.525
41-11:140,All periods,3-6,777,6545159.9,6499440.4375
41-11:140,All periods,6-9,242,1965603.2,1977049.1958333333
41-11:140,All periods,9-12,51,364909.25,392236.8233333333
41-12:100,All periods,0-3,127,934182.5,926302.7091666666
41-12:100,All periods,12-15,2,16238.349999999999,15181.5225
41-12:100,All periods,3-6,139,1032136.0499999999,1027104.3433333333
41-12:100,All periods,6-9,39,274194.69999999995,283338.21249999997
41-12:100,All periods,9-12,11,70706.59999999999,75531.41249999999
41-12:897,All periods,0-3,915,27861117.4,27783404.1225
41-12:897,All periods,12-15,5,147292.75,163804.88999999998
41-12:897,All periods,3-6,967,29056227.85,28861334.9225
41-12:897,All periods,6-9,249,7032446.25,7178287.97
41-12:897,All periods,9-12,56,1422098.7,1532351.045
41-12:898,All periods,0-3,915,29420608.9,29373151.174999997
41-12:898,All periods,12-15,5,158824.8,175013.75
41-12:898,All periods,3-6,967,30726963.4,30504226.542499997
41-12:898,All periods,6-9,249,7469711.3,7614489.59
41-12:898,All periods,9-12,56,1523716.4,1632943.7425
41-13:1779,All periods,0-3,821,6732315.6,6702905.040833333
41-13:1779,All periods,12-15,12,72961.9,82096.15
41-13:1779,All periods,15-18,1,5472.0,6136.7625
41-13:1779,All periods,3-6,767,6100874.35,6045154.0
41-13:1779,All periods,6-9,260,2002706.4,2045327.4691666667
41-13:1779,All periods,9-12,64,454567.39999999997,487278.2275
41-13:1780,All periods,0-3,821,9564609.5,9553578.004999999
41-13:1780,All periods,12-15,12,118777.54999999999,126691.23999999999
41-13:1780,All periods,15-18,1,9492.4,9982.8375
41-13:1780,All periods,3-6,767,8816854.05,8760675.784166666
41-13:1780,All periods,6-9,260,2936627.65,2970772.0908333333
41-13:1780,All periods,9-12,64,691301.7,715962.8925
41-13:1783,All periods,0-3,821,16866273.4,16823476.755
41-13:1783,All periods,12-15,12,193773.4,213464.525
41-13:1783,All periods,15-18,1,14323.15,16150.474999999999
41-13:1783,All periods,3-6,768,15426673.799999999,15301146.721666666
41-13:1783,All periods,6-9,260,5093248.3,5183754.451666666
41-13:1783,All periods,9-12,64,1182054.6,1238353.7216666667
41-13:579,All periods,0-3,846,43120494.3,43168979.8775
41-13:579,All periods,12-15,5,184224.0,222764.5025
41-13:579,All periods,3-6,968,50084770.45,49488817.954166666
41-13:579,All periods,6-9,279,13631358.099999998,13910269.470833331
41-13:579,All periods,9-12,59,2649358.1,2879373.1449999996
41-14:1283,All periods,0-3,916,31749777.099999998,31628516.6775
41-14:1283,All periods,12-15,13,360143.1,395700.60250000004
41-14:1283,All periods,15-18,1,27161.449999999997,30947.199999999997
41-14:1283,All periods,3-6,898,30397685.799999997,30166348.45
41-14:1283,All periods,6-9,287,9368294.85,9549473.245
41-14:1283,All periods,9-12,77,2392571.2,2524647.325
41-14:152,All periods,0-3,733,33426146.15,33303097.384166665
41-14:152,All periods,12-15,10,341223.85,386410.79
41-14:152,All periods,3-6,672,29283429.85,29206322.97333333
41-14:152,All periods,6-9,215,9325908.7,9433064.789166667
41-14:152,All periods,9-12,51,2128979.45,2176792.0633333335
41-16:1160,All periods,0-3,300,2376645.4,2341303.405
41-16:1160,All periods,12-15,134,872265.2999999999,928215.9141666666
41-16:1160,All periods,15-18,42,244013.2,279491.17166666663
41-16:1160,All periods,18-21,9,56941.1,67046.77249999999
41-16:1160,All periods,21-24,1,7199.099999999999,7737.275
41-16:1160,All periods,3-6,793,6152460.3,6095355.4675
41-16:1160,All periods,6-9,548,4223095.8,4201280.649166666
41-16:1160,All periods,9-12,323,2336134.55,2348324.0949999997
41-16:1161,All periods,0-3,277,468013.69999999995,458915.67666666664
41-16:1161,All periods,12-15,120,152712.5,168500.78749999998
41-16:1161,All periods,15-18,36,40684.7,50538.448333333334
41-16:1161,All periods,18-21,9,9668.15,12216.619999999999
41-16:1161,All periods,21-24,1,1121.95,1323.1125
41-16:1161,All periods,3-6,711,1175627.8499999999,1160201.6233333333
41-16:1161,All periods,6-9,492,803444.45,797333.1316666667
41-16:1161,All periods,9-12,285,435400.19999999995,437644.1
41-16:1162,All periods,0-3,277,1833329.0,1814956.0
41-16:1162,All periods,12-15,120,679957.75,716471.095
41-16:1162,All periods,15-18,36,184432.05,208542.38499999998
41-16:1162,All periods,18-21,9,47771.7,54105.3975
41-16:1162,All periods,21-24,1,5708.55,6151.9625
41-16:1162,All periods,3-6,711,4693082.649999999,4656500.730833333
41-16:1162,All periods,6-9,492,3204657.8,3185924.1958333333
41-16:1162,All periods,9-12,285,1784359.3499999999,1790647.0833333333
41-21:3246,All periods,0-3,158,1953026.15,1932243.855
41-21:3246,All periods,12-15,161,1820684.5,1857444.085
41-21:3246,All periods,15-18,53,537396.0,586128.2449999999
41-21:3246,All periods,18-21,15,121014.79999999999,147640.925
41-21:3246,All periods,21-24,1,7805.2,10074.75
41-21:3246,All periods,3-6,754,9627343.7,9580408.3325
41-21:3246,All periods,6-9,662,8204128.75,8174442.39
41-21:3246,All periods,9-12,388,4750284.05,4733300.5675
41-22:252,All periods,0-3,116,1115880.45,1098687.1124999998
41-22:252,All periods,12-15,119,1028839.55,1032438.5933333333
41-22:252,All periods,15-18,43,330189.6,353520.6025
41-22:252,All periods,18-21,13,80389.0,91585.54166666666
41-22:252,All periods,21-24,1,6333.65,7953.6375
41-22:252,All periods,3-6,570,5794916.4,5789741.401666666
41-22:252,All periods,6-9,487,4777584.2,4781589.289166666
41-22:252,All periods,9-12,298,2825758.8499999996,2804375.5216666665
413-01:2879,All periods,0-3,648,2380249.6999999997,2370231.1425
413-01:2879,All periods,12-15,4,15529.65,16261.909999999998
413-01:2879,All periods,3-6,817,3045013.15,3022834.5291666663
413-01:2879,All periods,6-9,206,717590.1,739837.6908333333
413-01:2879,All periods,9-12,43,132651.34999999998,141868.6775
413-01:2880,All periods,0-3,629,3516753.7,3489881.6991666667
413-01:2880,All periods,12-15,8,40904.149999999994,42845.174166666664
413-01:2880,All periods,3-6,786,4370294.5,4357998.285833333
413-01:2880,All periods,6-9,212,1115187.9,1140130.15
413-01:2880,All periods,9-12,50,251328.2,263613.14083333337
413-01:2900,All periods,0-3,715,12728758.35,12592028.5075
413-01:2900,All periods,12-15,8,118845.95,133477.23249999998
413-01:2900,All periods,3-6,911,16100536.35,16031579.190833334
413-01:2900,All periods,6-9,249,4109565.0999999996,4233219.554166667
413-01:2900,All periods,9-12,58,876339.85,943741.115
413-02:1262,All periods,0-3,795,5220481.8,5205045.819999999
413-02:1262,All periods,12-15,4,25134.149999999998,28420.674999999996
413-02:1262,All periods,3-6,843,5513855.1,5484790.055833333
413-02:1262,All periods,6-9,223,1390911.15,1410813.4916666667
413-02:1262,All periods,9-12,52,294139.0,315451.1575
413-02:1263,All periods,0-3,795,6472825.0,6456304.8325
413-02:1263,All periods,12-15,4,31434.549999999996,34243.4625
413-02:1263,All periods,3-6,843,6814952.3,6786148.790833333
413-02:1263,All periods,6-9,223,1727920.7999999998,1746796.9041666668
413-02:1263,All periods,9-12,52,368999.94999999995,392638.61
413-02:127,All periods,0-3,610,5899146.6,5834407.6625
413-02:127,All periods,12-15,8,64791.899999999994,68774.53749999999
413-02:127,All periods,3-6,745,6841122.9,6827804.3116666665
413-02:127,All periods,6-9,209,1834822.4,1885411.4041666668
413-02:127,All periods,9-12,49,395438.44999999995,418924.3341666666
413-02:1287,All periods,0-3,860,13939860.149999999,13907642.926666666
413-02:1287,All periods,12-15,5,70326.59999999999,77489.55249999999
413-02:1287,All periods,3-6,933,14791331.849999998,14724051.361666664
413-02:1287,All periods,6-9,241,3780482.25,3831846.770833333
413-02:1287,All periods,9-12,53,724010.2,764980.4383333332
413-02:205,All periods,0-3,413,2943689.95,2914986.855833333
413-02:205,All periods,12-15,7,58380.34999999999,52700.949166666665
413-02:205,All periods,3-6,526,3630755.5999999996,3599774.1999999997
413-02:205,All periods,6-9,167,1116003.95,1165113.8041666667
413-02:205,All periods,9-12,33,211156.49999999997,227410.54083333333
413-03:2066,All periods,0-3,459,2772028.75,2764703.8858333332
413-03:2066,All periods,12-15,1,2997.25,6139.612499999999
413-03:2066,All periods,3-6,461,2679963.3,2677713.161666666
413-03:2066,All periods,6-9,111,634043.2999999999,632530.6625
413-03:2066,All periods,9-12,26,141970.84999999998,147945.71666666667
413-03:2240,All periods,0-3,375,1636455.75,1637570.2266666666
413-03:2240,All periods,12-15,1,0.0,0.0
413-03:2240,All periods,3-6,392,1846086.5499999998,1821810.5033333334
413-03:2240,All periods,6-9,96,570659.3,570045.4575
413-03:2240,All periods,9-12,25,132150.7,144552.1425
413-03:2326,All periods,0-3,527,3368157.55,3366237.2358333333
413-03:2326,All periods,12-15,2,9580.75,13592.932499999999
413-03:2326,All periods,3-6,567,3497249.25,3482474.644166666
413-03:2326,All periods,6-9,133,804327.95,806672.2649999999
413-03:2326,All periods,9-12,28,161080.09999999998,168769.9225
413-03:293,All periods,0-3,561,3560448.95,3560850.103333333
413-03:293,All periods,12-15,1,2985.85,6411.3125
413-03:293,All periods,3-6,561,3515814.1499999994,3502935.4591666665
413-03:293,All periods,6-9,133,813127.8,811908.095
413-03:293,All periods,9-12,30,166858.95,177130.72999999998
413-03:405,All periods,0-3,568,3728869.7,3644359.0141666667
413-03:405,All periods,12-15,1,800.8499999999999,1885.18
413-03:405,All periods,3-6,610,3944380.05,3963534.2824999997
413-03:405,All periods,6-9,130,744015.2999999999,787638.4133333333
413-03:405,All periods,9-12,29,167937.2,188586.21
413-03:672,All periods,0-3,594,1774134.5,1773733.995833333
413-03:672,All periods,12-15,2,4733.85,7123.195
413-03:672,All periods,3-6,629,1843138.7,1834956.0333333332
413-03:672,All periods,6-9,139,396666.8,398863.78583333327
413-03:672,All periods,9-12,29,71759.2,75756.04000000001
413-03:673,All periods,0-3,567,2091547.5499999998,2095662.3325
413-03:673,All periods,12-15,2,6237.700000000001,8100.9349999999995
413-03:673,All periods,3-6,590,2149031.0999999996,2138633.92
413-03:673,All periods,6-9,130,464616.5,466952.88249999995
413-03:673,All periods,9-12,24,77255.9,79338.68
417-01:3511,All periods,0-3,329,138700.0,104188.495
417-01:3511,All periods,12-15,89,4684.45,26346.334166666664
417-01:3511,All periods,15-18,28,921.5,7812.578333333333
417-01:3511,All periods,18-21,5,165.3,1028.1374999999998
417-01:3511,All periods,3-6,737,251952.34999999998,197654.245
417-01:3511,All periods,6-9,440,110172.44999999998,128094.35833333334
417-01:3511,All periods,9-12,236,30192.9,71664.80166666667
418-01:1622,All periods,0-3,443,4597877.449999999,4581593.389166667
418-01:1622,All periods,12-15,2,10898.399999999998,14384.662499999999
418-01:1622,All periods,3-6,272,2739748.7,2764229.3766666665
418-01:1622,All periods,6-9,107,1111394.5499999998,1111539.0608333333
418-01:1622,All periods,9-12,20,209144.4,211226.7525
418-01:1672,All periods,0-3,289,3341539.5,3326409.4991666665
418-01:1672,All periods,12-15,15,152936.7,165920.72999999998
418-01:1672,All periods,15-18,1,8918.6,9341.824999999999
418-01:1672,All periods,3-6,510,5797718.9,5790645.690833333
418-01:1672,All periods,6-9,210,2377956.4,2372291.7874999996
418-01:1672,All periods,9-12,67,729267.5,743728.0674999999
418-01:223,All periods,0-3,54,837201.75,857836.6841666666
418-01:223,All periods,3-6,95,1434435.4,1419070.3058333332
418-01:223,All periods,6-9,40,658683.45,645766.3158333333
418-01:223,All periods,9-12,6,89842.45,93862.47
418-01:273,All periods,0-3,170,3080603.0,3020304.7424999997
418-01:273,All periods,12-15,5,53984.7,65166.2475
418-01:273,All periods,3-6,320,5071350.8,5163424.942499999
418-01:273,All periods,6-9,118,1998531.15,1962399.2774999999
418-01:273,All periods,9-12,29,395139.19999999995,409621.4275
42-02:11387,All periods,0-3,104,34698.75,33423.644166666665
42-02:11387,All periods,12-15,120,45374.84999999999,49224.70916666667
42-02:11387,All periods,15-18,58,20124.8,24012.485
42-02:11387,All periods,18-21,31,10375.9,12367.289999999999
42-02:11387,All periods,21-24,6,2060.55,2502.2525
42-02:11387,All periods,3-6,403,171969.0,164784.0075
42-02:11387,All periods,6-9,381,160442.65,158051.53166666668
42-02:11387,All periods,9-12,220,90931.15,91480.44
42-02:11387,All periods,>=24,2,821.75,953.04
425-02:10026,All periods,0-3,26,5933.7,6964.671666666667
425-02:10026,All periods,12-15,16,5177.5,7223.245833333333
425-02:10026,All periods,15-18,1,120.64999999999999,117.5625
425-02:10026,All periods,3-6,157,72927.70000000001,69729.23999999999
425-02:10026,All periods,6-9,108,51984.0,48847.464166666665
425-02:10026,All periods,9-12,47,18095.6,21356.965833333332
427-04:3430,All periods,0-3,18,2476.65,3110.585
427-04:3430,All periods,12-15,26,5175.599999999999,6551.675
427-04:3430,All periods,15-18,12,1756.55,2077.3175
427-04:3430,All periods,18-21,3,1136.2,886.0174999999999
427-04:3430,All periods,3-6,132,26970.5,26494.692499999997
427-04:3430,All periods,6-9,104,21248.649999999998,20698.41
427-04:3430,All periods,9-12,71,17394.5,16339.9525
427-04:3450,All periods,0-3,37,40936.45,40323.7
427-04:3450,All periods,12-15,28,20730.9,24404.027499999997
427-04:3450,All periods,15-18,12,10138.4,10952.4075
427-04:3450,All periods,18-21,1,456.0,718.1999999999999
427-04:3450,All periods,21-24,1,363.84999999999997,560.975
427-04:3450,All periods,3-6,150,169223.5,163674.55
427-04:3450,All periods,6-9,89,95598.5,97032.0975
427-04:3450,All periods,9-12,47,47669.1,47450.7425
427-04:3526,All periods,0-3,119,104914.2,97684.5575
427-04:3526,All periods,12-15,99,61874.45,71152.1025
427-04:3526,All periods,15-18,44,24890.95,32654.635
427-04:3526,All periods,18-21,11,2190.7,3996.9825
427-04:3526,All periods,21-24,2,957.5999999999999,941.6875
427-04:3526,All periods,3-6,582,607137.4,582668.63
427-04:3526,All periods,6-9,391,363756.89999999997,364107.44999999995
427-04:3526,All periods,9-12,213,155252.8,167768.95500000002
427-11:12116,All periods,0-3,274,177314.65,172141.04499999998
427-11:12116,All periods,12-15,82,26821.35,29838.739999999998
427-11:12116,All periods,15-18,28,8904.349999999999,10184.9975
427-11:12116,All periods,18-21,4,1908.55,2307.075
427-11:12116,All periods,3-6,947,607445.2,592106.4524999999
427-11:12116,All periods,6-9,605,312816.94999999995,321046.23
427-11:12116,All periods,9-12,252,106235.65,113822.16
429-01:253,All periods,0-3,154,343590.3,337835.42166666663
429-01:253,All periods,12-15,153,312142.44999999995,326664.8308333333
429-01:253,All periods,15-18,50,92708.59999999999,104565.455
429-01:253,All periods,18-21,13,19591.85,25737.637499999997
429-01:253,All periods,21-24,1,1314.8,1633.05
429-01:253,All periods,3-6,732,1676936.1999999997,1654708.0683333334
429-01:253,All periods,6-9,644,1444962.35,1434399.015
429-01:253,All periods,9-12,379,834562.6499999999,840265.7216666667
429-02:3423,All periods,0-3,94,298142.3,302038.8833333333
429-02:3423,All periods,12-15,205,612302.5499999999,618600.7333333333
429-02:3423,All periods,15-18,93,256400.25,267901.32999999996
429-02:3423,All periods,18-21,25,62560.35,71597.14583333333
429-02:3423,All periods,21-24,5,7987.599999999999,11599.025
429-02:3423,All periods,3-6,405,1302267.6,1280396.1458333333
429-02:3423,All periods,6-9,426,1323536.2,1313292.4449999998
429-02:3423,All periods,9-12,294,893607.9999999999,890582.0916666667
429-02:3423,All periods,>=24,1,1239.75,2036.8
43-01:10729,All periods,0-3,273,857455.75,832559.9708333332
43-01:10729,All periods,12-15,96,272765.89999999997,293432.94416666665
43-01:10729,All periods,15-18,31,86525.04999999999,97945.095
43-01:10729,All periods,18-21,8,16720.0,20207.5925
43-01:10729,All periods,3-6,726,2457886.55,2415922.595833333
43-01:10729,All periods,6-9,423,1384654.4499999997,1388120.1608333332
43-01:10729,All periods,9-12,257,803417.8499999999,831237.1908333334
43-01:1201,All periods,0-3,84,355420.65,347243.73083333333
43-01:1201,All periods,12-15,127,452882.1,459144.3575
43-01:1201,All periods,15-18,49,132664.65,153010.03999999998
43-01:1201,All periods,18-21,24,64572.45,71920.38333333333
43-01:1201,All periods,21-24,4,12019.4,14360.342499999999
43-01:1201,All periods,3-6,463,2043063.35,2001361.9283333332
43-01:1201,All periods,6-9,416,1802190.8499999999,1797743.5358333332
43-01:1201,All periods,9-12,248,942896.85,961252.5916666666
43-01:1201,All periods,>=24,2,8961.349999999999,8634.74
43-01:329,All periods,0-3,45,195698.09999999998,193046.175
43-01:329,All periods,12-15,37,135916.5,140412.83416666667
43-01:329,All periods,15-18,16,47032.6,54736.05499999999
43-01:329,All periods,18-21,5,13884.25,15771.852499999999
43-01:329,All periods,3-6,162,692646.8999999999,688393.6708333334
43-01:329,All periods,6-9,133,534683.75,526503.5533333333
43-01:329,All periods,9-12,100,399419.89999999997,400417.85916666663
45-00:233,All periods,0-3,94,297837.35,292719.8108333333
45-00:233,All periods,12-15,77,210655.84999999998,218588.91999999998
45-00:233,All periods,15-18,27,71744.95,79496.095
45-00:233,All periods,18-21,5,13160.349999999999,14750.317499999997
45-00:233,All periods,3-6,345,1056288.8499999999,1048572.5225
45-00:233,All periods,6-9,320,953711.6499999999,948995.5333333332
45-00:233,All periods,9-12,197,588332.1499999999,588607.9508333333
47-01:2035,All periods,0-3,377,386323.19999999995,373077.065
47-01:2035,All periods,12-15,31,18155.449999999997,21463.777499999997
47-01:2035,All periods,15-18,9,3628.05,5702.7075
47-01:2035,All periods,18-21,1,63.65,237.2625
47-01:2035,All periods,3-6,545,554376.3,545668.2675000001
47-01:2035,All periods,6-9,334,316351.89999999997,321906.07499999995
47-01:2035,All periods,9-12,136,101925.5,112768.89499999999
47-01:397,All periods,0-3,196,193411.45,184482.59
47-01:397,All periods,12-15,38,20782.199999999997,25518.71
47-01:397,All periods,15-18,6,1770.7999999999997,3335.9725
47-01:397,All periods,3-6,219,213864.94999999998,206130.43
47-01:397,All periods,6-9,163,134515.25,137477.5875
47-01:397,All periods,9-12,109,76209.95,83609.31
47-04:2602,All periods,0-3,343,72295.95,67667.51833333333
47-04:2602,All periods,12-15,95,9171.3,12808.454166666666
47-04:2602,All periods,15-18,33,2284.75,3429.4208333333336
47-04:2602,All periods,18-21,14,578.55,1083.7125
47-04:2602,All periods,21-24,8,186.2,362.47249999999997
47-04:2602,All periods,3-6,934,246636.15,236653.1858333333
47-04:2602,All periods,6-9,482,93985.4,97606.325
47-04:2602,All periods,9-12,201,28127.6,33654.81083333334
47-12:12058,All periods,0-3,459,265723.55,261932.54333333333
47-12:12058,All periods,12-15,48,15685.449999999999,17923.84
47-12:12058,All periods,15-18,7,1750.85,2169.8475
47-12:12058,All periods,18-21,1,103.55,349.8375
47-12:12058,All periods,3-6,745,431822.5,425502.9733333333
47-12:12058,All periods,6-9,419,212468.44999999998,214316.78583333333
47-12:12058,All periods,9-12,145,58238.799999999996,63597.322499999995
470-02:500,All periods,0-3,113,986576.9,981652.8125
470-02:500,All periods,12-15,2,15185.75,15893.927499999998
470-02:500,All periods,3-6,95,810728.0999999999,809376.0283333333
470-02:500,All periods,6-9,43,372761.0,371860.3208333333
470-02:500,All periods,9-12,11,84922.4,91391.06083333334
48-11:4847,All periods,0-3,338,79095.1,74346.27166666667
48-11:4847,All periods,12-15,112,17784.95,20936.052499999998
48-11:4847,All periods,15-18,44,4925.75,6989.054999999999
48-11:4847,All periods,18-21,11,672.5999999999999,1033.6
48-11:4847,All periods,21-24,2,46.55,137.75
48-11:4847,All periods,3-6,807,238562.09999999998,231268.50666666665
48-11:4847,All periods,6-9,535,142204.55,144763.50166666665
48-11:4847,All periods,9-12,237,55027.799999999996,58844.6625
49-01:578,All periods,0-3,799,45172017.4,44824557.86083333
49-01:578,All periods,12-15,4,217457.84999999998,219142.77
49-01:578,All periods,3-6,991,56318530.8,56078348.221666664
49-01:578,All periods,6-9,309,16569937.05,16866959.52166667
49-01:578,All periods,9-12,71,3365965.8999999994,3654900.6258333335
49-02:1465,All periods,0-3,688,24008709.7,23842953.383333333
49-02:1465,All periods,12-15,1,27970.85,30605.9125
49-02:1465,All periods,3-6,830,28317483.15,28176446.46666667
49-02:1465,All periods,6-9,263,8665560.85,8804053.8925
49-02:1465,All periods,9-12,54,1693393.05,1834948.8924999998
49-02:1466,All periods,0-3,735,36881263.849999994,36746913.29833333
49-02:1466,All periods,12-15,1,48350.25,51350.35
49-02:1466,All periods,3-6,866,43842181.75,43596769.564166665
49-02:1466,All periods,6-9,273,13149703.35,13311355.445
49-02:1466,All periods,9-12,57,2652272.6999999997,2851024.0525
49-03:1242,All periods,0-3,407,10102729.399999999,10114000.532499999
49-03:1242,All periods,12-15,1,27276.399999999998,28201.319999999996
49-03:1242,All periods,3-6,413,10180214.25,10140419.32
49-03:1242,All periods,6-9,84,2001880.8499999999,2015085.4224999999
49-03:1242,All periods,9-12,10,205476.45,216394.6575
49-03:1569,All periods,0-3,254,1992974.5999999999,1998578.7133333334
49-03:1569,All periods,12-15,5,34914.4,39766.335
49-03:1569,All periods,3-6,442,3465897.3499999996,3450996.4258333333
49-03:1569,All periods,6-9,177,1369059.25,1374393.1833333333
49-03:1569,All periods,9-12,37,283004.05,285520.22
49-03:1570,All periods,0-3,254,4140588.3,4146388.588333333
49-03:1570,All periods,12-15,5,69408.9,82854.25
49-03:1570,All periods,3-6,442,7216640.8,7187579.460833333
49-03:1570,All periods,6-9,177,2846069.85,2862402.408333333
49-03:1570,All periods,9-12,37,581711.6,589986.385
49-03:2408,All periods,0-3,253,4159433.45,4140361.0283333333
49-03:2408,All periods,12-15,5,71028.65,81094.56499999999
49-03:2408,All periods,3-6,442,7125772.35,7105749.421666667
49-03:2408,All periods,6-9,176,2807488.4499999997,2820435.1449999996
49-03:2408,All periods,9-12,37,573991.8999999999,581848.02
49-03:2409,All periods,0-3,228,963840.55,964785.3566666667
49-03:2409,All periods,12-15,5,17637.7,21172.934999999998
49-03:2409,All periods,3-6,437,1821435.0,1805597.0116666667
49-03:2409,All periods,6-9,170,691211.45,698125.6449999999
49-03:2409,All periods,9-12,36,144822.75,146773.7175
49-03:538,All periods,0-3,628,11216024.899999999,11239408.310833333
49-03:538,All periods,12-15,1,11779.05,13040.65
49-03:538,All periods,3-6,746,13503006.45,13354055.680833332
49-03:538,All periods,6-9,233,3959806.15,4028530.701666666
49-03:538,All periods,9-12,51,775240.8499999999,831361.1341666665
49-03:539,All periods,0-3,630,10922721.899999999,10902350.258333333
49-03:539,All periods,12-15,1,13064.4,13663.137499999999
49-03:539,All periods,3-6,750,12954111.649999999,12865562.9575
49-03:539,All periods,6-9,235,3901150.3,3966639.2783333333
49-03:539,All periods,9-12,51,819127.0499999999,863371.7958333332
49-03:540,All periods,0-3,540,9655296.5,9560585.046666667
49-03:540,All periods,12-15,1,16281.099999999999,15684.7375
49-03:540,All periods,3-6,628,11033169.85,11028542.320833333
49-03:540,All periods,6-9,200,3445608.1999999997,3465254.7383333333
49-03:540,All periods,9-12,43,632165.1499999999,711918.8216666667
49-03:541,All periods,0-3,552,8595111.7,8612729.4025
49-03:541,All periods,12-15,1,11571.949999999999,11708.037499999999
49-03:541,All periods,3-6,631,9837001.1,9813957.219166666
49-03:541,All periods,6-9,199,3086925.25,3065174.5091666663
49-03:541,All periods,9-12,40,562466.5,587654.0083333333
49-04:1609,All periods,0-3,877,4083592.1,4065754.440833333
49-04:1609,All periods,12-15,10,36112.35,41365.4225
49-04:1609,All periods,15-18,1,3201.5,3628.7625
49-04:1609,All periods,3-6,711,3385791.4499999997,3384594.370833333
49-04:1609,All periods,6-9,268,1295694.5499999998,1292220.685
49-04:1609,All periods,9-12,76,330793.8,354392.845
49-04:1610,All periods,0-3,877,14687916.75,14636808.048333332
49-04:1610,All periods,12-15,10,137335.8,148494.8325
49-04:1610,All periods,15-18,1,14554.949999999999,14904.3125
49-04:1610,All periods,3-6,712,11715132.1,11740132.331666667
49-04:1610,All periods,6-9,268,4457868.35,4448381.1274999995
49-04:1610,All periods,9-12,76,1181525.45,1229441.17
49-04:167,All periods,0-3,483,5019635.649999999,4986922.510833333
49-04:167,All periods,12-15,17,157341.84999999998,168695.68
49-04:167,All periods,15-18,1,8892.949999999999,9381.25
49-04:167,All periods,3-6,683,7091202.8,7083887.1033333335
49-04:167,All periods,6-9,272,2801714.3499999996,2812749.233333333
49-04:167,All periods,9-12,79,786080.35,799638.1799999999
49-04:168,All periods,0-3,483,4876076.399999999,4834709.425833333
49-04:168,All periods,12-15,17,143943.05,160641.53249999997
49-04:168,All periods,15-18,1,8223.199999999999,8710.7875
49-04:168,All periods,3-6,682,6920166.699999999,6904924.092499999
49-04:168,All periods,6-9,272,2727220.0999999996,2741260.3716666666
49-04:168,All periods,9-12,79,749719.1,771523.1199999999
49-04:169,All periods,0-3,758,14167730.95,14097073.94
49-04:169,All periods,12-15,17,269884.55,297531.355
49-04:169,All periods,15-18,1,14961.55,15895.162499999999
49-04:169,All periods,3-6,784,14456552.8,14454334.613333333
49-04:169,All periods,6-9,315,5774930.3,5797726.515833333
49-04:169,All periods,9-12,86,1522114.7,1563175.22
49-04:177,All periods,0-3,525,4643443.25,4622704.971666667
49-04:177,All periods,12-15,17,134807.84999999998,148503.5725
49-04:177,All periods,15-18,1,7628.5,7879.0625
49-04:177,All periods,3-6,711,6397998.25,6402339.259166667
49-04:177,All periods,6-9,294,2658625.3499999996,2653724.9174999995
49-04:177,All periods,9-12,83,718021.4,739134.58
49-04:2037,All periods,0-3,797,5698912.25,5682280.045833333
49-04:2037,All periods,12-15,10,62220.24999999999,65692.6425
49-04:2037,All periods,15-18,1,6816.25,6874.2
49-04:2037,All periods,3-6,714,4987560.8,4995502.6575
49-04:2037,All periods,6-9,274,1918945.85,1920032.5233333332
49-04:2037,All periods,9-12,76,506876.3,523740.1775
49-04:2038,All periods,0-3,797,6717071.9,6693422.188333333
49-04:2038,All periods,12-15,10,70008.34999999999,74653.84999999999
49-04:2038,All periods,15-18,1,7045.2,7254.4375
49-04:2038,All periods,3-6,714,5887031.25,5898819.309166666
49-04:2038,All periods,6-9,274,2289329.0,2284794.2541666664
49-04:2038,All periods,9-12,76,594884.3,620153.3975
49-04:2039,All periods,0-3,796,2570817.8,2560216.6391666667
49-04:2039,All periods,12-15,10,23745.25,28475.394999999997
49-04:2039,All periods,15-18,1,1745.1499999999999,2178.825
49-04:2039,All periods,3-6,712,2327438.25,2325890.668333333
49-04:2039,All periods,6-9,272,904888.3,899778.8358333333
49-04:2039,All periods,9-12,75,222892.8,239928.8175
49-04:464,All periods,0-3,762,14714531.0,14616160.02
49-04:464,All periods,12-15,17,287565.0,312963.8675
49-04:464,All periods,15-18,1,16633.55,17602.7875
49-04:464,All periods,3-6,785,15174710.05,15187823.375
49-04:464,All periods,6-9,318,6090091.85,6132624.284166666
49-04:464,All periods,9-12,87,1607995.65,1650383.1775
49-04:806,All periods,0-3,635,5761816.5,5707530.950833334
49-04:806,All periods,12-15,12,90867.5,99426.1925
49-04:806,All periods,15-18,1,7354.9,7798.549999999999
49-04:806,All periods,3-6,587,5372226.25,5386590.645833333
49-04:806,All periods,6-9,232,2118294.8,2122947.5041666664
49-04:806,All periods,9-12,65,562202.3999999999,586572.8766666666
49-04:807,All periods,0-3,763,14230821.4,14129538.48
49-04:807,All periods,12-15,17,286507.65,317115.74749999994
49-04:807,All periods,15-18,1,15352.0,16165.912499999999
49-04:807,All periods,3-6,785,15396080.0,15415281.9225
49-04:807,All periods,6-9,318,6249823.9,6287969.123333333
49-04:807,All periods,9-12,87,1610673.7,1649067.1425
49-04:808,All periods,0-3,485,3848048.1499999994,3836971.308333333
49-04:808,All periods,12-15,4,27266.899999999998,27365.858333333334
49-04:808,All periods,3-6,294,2303492.55,2319365.3241666667
49-04:808,All periods,6-9,118,934010.55,936773.2925
49-04:808,All periods,9-12,31,227902.15,233325.3675
49-05:1009,All periods,0-3,820,3989755.8499999996,3984674.268333333
49-05:1009,All periods,12-15,10,38628.899999999994,41725.74166666667
49-05:1009,All periods,15-18,2,7819.45,8047.8775000000005
49-05:1009,All periods,3-6,690,3318799.3499999996,3317341.163333333
49-05:1009,All periods,6-9,251,1216877.8,1210420.7608333332
49-05:1009,All periods,9-12,72,322393.89999999997,336308.01166666666
49-05:1010,All periods,0-3,821,4812783.6,4799866.845833333
49-05:1010,All periods,12-15,10,48404.399999999994,51327.86666666667
49-05:1010,All periods,15-18,2,9519.95,9858.435
49-05:1010,All periods,3-6,690,4024116.3999999994,4018418.9174999995
49-05:1010,All periods,6-9,251,1464642.5499999998,1468150.7733333334
49-05:1010,All periods,9-12,73,395576.19999999995,411669.0575
49-05:1049,All periods,0-3,150,1608728.0999999999,1611573.1124999998
49-05:1049,All periods,3-6,148,1579214.45,1574391.2999999998
49-05:1049,All periods,6-9,55,594657.25,589137.655
49-05:1049,All periods,9-12,12,119377.0,126874.7325
49-05:1302,All periods,0-3,150,766099.95,766007.99
49-05:1302,All periods,3-6,148,749536.7,748173.45
49-05:1302,All periods,6-9,55,282462.55,280527.1625
49-05:1302,All periods,9-12,12,57496.850000000006,60887.447499999995
49-05:1303,All periods,0-3,150,668600.5,667398.3225
49-05:1303,All periods,3-6,148,660009.6499999999,655942.5575
49-05:1303,All periods,6-9,55,243669.3,245063.66249999998
49-05:1303,All periods,9-12,12,49029.5,52904.4075
49-05:1442,All periods,0-3,147,1322080.7999999998,1322627.3508333333
49-05:1442,All periods,3-6,146,1328357.45,1344395.3816666666
49-05:1442,All periods,6-9,55,505629.89999999997,489366.51749999996
49-05:1442,All periods,9-12,11,91843.15,91522.04999999999
49-05:167,All periods,0-3,730,12150492.4,12122702.920833332
49-05:167,All periods,12-15,10,131056.29999999999,142376.97499999998
49-05:167,All periods,15-18,1,13354.15,13938.162499999999
49-05:167,All periods,3-6,670,10798629.1,10833962.45
49-05:167,All periods,6-9,256,4217253.3,4190581.0524999998
49-05:167,All periods,9-12,71,1091509.15,1126334.3291666666
49-05:990,All periods,0-3,821,8938873.0,8912454.671666667
49-05:990,All periods,12-15,8,69046.95,75450.9
49-05:990,All periods,15-18,2,17740.3,18268.405
49-05:990,All periods,3-6,658,6974128.6,6959067.030833333
49-05:990,All periods,6-9,238,2523189.55,2527229.583333333
49-05:990,All periods,9-12,72,693868.6,730130.195
50-01:149,All periods,0-3,494,713017.75,690451.0066666666
50-01:149,All periods,12-15,41,46467.35,52376.065
50-01:149,All periods,15-18,14,12775.6,16362.23
50-01:149,All periods,3-6,1024,1556178.8499999999,1541499.0383333333
50-01:149,All periods,6-9,435,637037.7,650101.9416666667
50-01:149,All periods,9-12,134,162769.19999999998,177456.16833333333
50-03:1480,All periods,0-3,294,226194.05,220245.15
50-03:1480,All periods,12-15,84,45752.95,51737.3325
50-03:1480,All periods,15-18,12,4590.4,5990.272499999999
50-03:1480,All periods,18-21,5,1121.9499999999998,1904.7499999999998
50-03:1480,All periods,3-6,865,750571.25,741973.4016666666
50-03:1480,All periods,6-9,594,492958.79999999993,497099.5966666667
50-03:1480,All periods,9-12,253,187389.4,189628.29666666663
50-04:5440,All periods,0-3,302,96723.29999999999,95190.82333333333
50-04:5440,All periods,12-15,83,20158.05,21653.302499999998
50-04:5440,All periods,15-18,12,2107.1,2598.9624999999996
50-04:5440,All periods,18-21,5,610.8499999999999,841.7
50-04:5440,All periods,3-6,831,307203.4,305804.1608333333
50-04:5440,All periods,6-9,552,195878.59999999998,196624.88833333334
50-04:5440,All periods,9-12,248,78724.59999999999,78692.0625
503-01:194,All periods,0-3,478,393080.54999999993,391018.17916666664
503-01:194,All periods,12-15,48,29882.25,34037.36
503-01:194,All periods,15-18,8,3594.8,4694.045
503-01:194,All periods,18-21,1,172.9,458.84999999999997
503-01:194,All periods,3-6,758,630047.6,623562.7733333333
503-01:194,All periods,6-9,417,334705.89999999997,333078.9933333333
503-01:194,All periods,9-12,158,114033.25,118667.04916666666
509-01:155,All periods,0-3,333,1500582.0,1491706.8308333333
509-01:155,All periods,12-15,33,117354.45,129176.915
509-01:155,All periods,15-18,3,8125.349999999999,9456.3
509-01:155,All periods,18-21,1,937.65,2217.0625
509-01:155,All periods,3-6,557,2505419.8,2487237.3541666665
509-01:155,All periods,6-9,309,1346577.5,1342548.835
509-01:155,All periods,9-12,114,434816.9,451470.3525
51-01:2633,All periods,0-3,360,1243641.2,1237098.5499999998
51-01:2633,All periods,12-15,40,104177.0,119851.715
51-01:2633,All periods,15-18,5,12057.4,13046.1125
51-01:2633,All periods,18-21,1,532.9499999999999,1433.075
51-01:2633,All periods,3-6,584,2017512.15,1996045.19
51-01:2633,All periods,6-9,299,992513.45,990925.81
51-01:2633,All periods,9-12,112,329782.05,341815.7475
51-01:2634,All periods,0-3,80,339684.85,334816.9075
51-01:2634,All periods,12-15,4,13940.3,16656.872499999998
51-01:2634,All periods,3-6,155,638483.6,636174.815
51-01:2634,All periods,6-9,101,406934.39999999997,406343.02499999997
51-01:2634,All periods,9-12,26,93938.84999999999,98990.38
51-02:11001,All periods,0-3,437,529692.45,521191.85
51-02:11001,All periods,12-15,49,39895.25,46809.112499999996
51-02:11001,All periods,15-18,7,4303.5,5558.9725
51-02:11001,All periods,18-21,1,190.95,654.0749999999999
51-02:11001,All periods,3-6,700,843979.0499999999,830567.9475
51-02:11001,All periods,6-9,414,461878.6,464518.60250000004
51-02:11001,All periods,9-12,168,161779.3,172418.53999999998
518-01:1600,All periods,0-3,237,171815.09999999998,167213.64833333332
518-01:1600,All periods,12-15,66,33545.45,37109.8975
518-01:1600,All periods,15-18,10,3186.2999999999997,4193.775
518-01:1600,All periods,18-21,5,1182.75,1821.1499999999999
518-01:1600,All periods,3-6,691,590920.8999999999,584848.12
518-01:1600,All periods,6-9,480,380720.1,384998.17166666663
518-01:1600,All periods,9-12,200,142313.8,143499.63749999998
518-03:701,All periods,0-3,711,347637.3,341052.88166666665
518-03:701,All periods,12-15,16,2218.25,3110.7274999999995
518-03:701,All periods,15-18,2,269.8,364.5625
518-03:701,All periods,3-6,806,432491.3,431155.58416666667
518-03:701,All periods,6-9,253,98066.59999999999,101301.52416666667
518-03:701,All periods,9-12,88,22647.05,26228.80333333333
520-01:463,All periods,0-3,260,24008.399999999998,21745.642499999998
520-01:463,All periods,12-15,66,3038.1,3451.35
520-01:463,All periods,15-18,25,894.9,1222.6025
520-01:463,All periods,18-21,12,314.45,383.4675
520-01:463,All periods,21-24,8,119.69999999999999,180.5
520-01:463,All periods,3-6,745,85276.75,83086.7625
520-01:463,All periods,6-9,375,31095.4,33602.14916666667
520-01:463,All periods,9-12,149,9106.7,10181.925833333333
520-01:464,All periods,0-3,42,2975.3999999999996,2923.9891666666663
520-01:464,All periods,12-15,14,548.15,814.5775
520-01:464,All periods,15-18,6,204.25,260.0625
520-01:464,All periods,3-6,157,12258.8,11875.221666666666
520-01:464,All periods,6-9,83,5504.299999999999,5611.206666666667
520-01:464,All periods,9-12,38,2480.45,2486.2925
533-03:10291,All periods,0-3,216,15653.15,15139.595833333333
533-03:10291,All periods,12-15,105,5900.45,6442.2825
533-03:10291,All periods,15-18,22,901.55,1087.2749999999999
533-03:10291,All periods,18-21,5,221.34999999999997,271.7
533-03:10291,All periods,3-6,879,63615.799999999996,62618.933333333334
533-03:10291,All periods,6-9,571,38890.149999999994,39043.590833333335
533-03:10291,All periods,9-12,293,18997.149999999998,19576.2225
54-02:563,All periods,0-3,489,757904.2999999999,741071.5666666667
54-02:563,All periods,12-15,38,47762.2,53702.55
54-02:563,All periods,15-18,6,5675.3,7118.7775
54-02:563,All periods,3-6,1012,1758117.4999999998,1735071.1016666666
54-02:563,All periods,6-9,428,711663.0499999999,728164.8983333333
54-02:563,All periods,9-12,125,163309.75,179303.2058333333
54-06:10325,All periods,0-3,565,750422.1,732018.8108333333
54-06:10325,All periods,12-15,101,84558.54999999999,89748.0675
54-06:10325,All periods,15-18,22,17119.0,17633.789166666666
54-06:10325,All periods,18-21,4,3246.1499999999996,3593.375
54-06:10325,All periods,3-6,764,968086.1,963370.5375
54-06:10325,All periods,6-9,460,494730.55,502716.61416666664
54-06:10325,All periods,9-12,266,264296.65,273377.9058333333
54-06:2215,All periods,0-3,568,717718.35,699936.0599999999
54-06:2215,All periods,12-15,103,80674.95,85617.6575
54-06:2215,All periods,15-18,23,16311.5,16627.375
54-06:2215,All periods,18-21,4,3082.7499999999995,3388.84
54-06:2215,All periods,3-6,765,924424.0999999999,919913.3099999999
54-06:2215,All periods,6-9,463,470245.25,477863.20499999996
54-06:2215,All periods,9-12,266,248711.9,257822.35249999998
54-09:364,All periods,0-3,399,267439.25,258738.485
54-09:364,All periods,12-15,122,42258.85,45249.6875
54-09:364,All periods,15-18,72,16993.6,22714.436666666665
54-09:364,All periods,18-21,26,6423.9,9456.205
54-09:364,All periods,21-24,10,916.75,1771.9874999999997
54-09:364,All periods,3-6,765,500216.8,489865.93249999994
54-09:364,All periods,6-9,519,289160.05,291757.5083333333
54-09:364,All periods,9-12,260,128166.4,131760.82
54-09:364,All periods,>=24,2,16.15,276.6875
54-10:4775,All periods,0-3,230,63192.09999999999,60614.81333333333
54-10:4775,All periods,12-15,186,40408.25,45647.025
54-10:4775,All periods,15-18,83,15116.399999999998,18299.86583333333
54-10:4775,All periods,18-21,36,4910.55,6291.7074999999995
54-10:4775,All periods,21-24,10,1178.0,2180.1074999999996
54-10:4775,All periods,3-6,715,235613.3,226299.99083333334
54-10:4775,All periods,6-9,581,186657.9,184093.8975
54-10:4775,All periods,9-12,320,87433.25,90976.8925
54-10:4775,All periods,>=24,2,102.6,208.05
54-11:7199,All periods,0-3,394,284206.75,273474.1725
54-11:7199,All periods,12-15,100,38419.899999999994,45503.6225
54-11:7199,All periods,15-18,47,17803.0,23487.372499999998
54-11:7199,All periods,18-21,15,5168.95,6738.3025
54-11:7199,All periods,21-24,5,927.1999999999999,1634.4275
54-11:7199,All periods,3-6,751,489682.25,477750.10750000004
54-11:7199,All periods,6-9,632,354144.8,354896.77249999996
54-11:7199,All periods,9-12,248,119284.84999999999,126152.92249999999
54-15:4201,All periods,0-3,350,253365.0,245989.58000000002
54-15:4201,All periods,12-15,144,77264.45,83588.125
54-15:4201,All periods,15-18,75,32150.85,38077.472499999996
54-15:4201,All periods,18-21,20,6574.95,9191.107499999998
54-15:4201,All periods,21-24,5,1116.2499999999998,1834.5924999999997
54-15:4201,All periods,3-6,761,577805.2,566407.8125
54-15:4201,All periods,6-9,512,352487.05,350920.9275
54-15:4201,All periods,9-12,325,195704.75,200458.8825
54-16:7367,All periods,0-3,404,291075.25,281798.07249999995
54-16:7367,All periods,12-15,116,51646.75,59094.1325
54-16:7367,All periods,15-18,35,16525.249999999996,20627.635
54-16:7367,All periods,18-21,10,3037.1499999999996,4634.195
54-16:7367,All periods,21-24,3,1142.85,1596.7124999999996
54-16:7367,All periods,3-6,864,644682.35,631780.9225
54-16:7367,All periods,6-9,512,340675.69999999995,341655.1025
54-16:7367,All periods,9-12,222,127486.2,135084.72749999998
54-17:4639,All periods,0-3,403,301604.1,289012.2775
54-17:4639,All periods,12-15,117,52680.34999999999,60329.7025
54-17:4639,All periods,15-18,36,17371.699999999997,21918.2575
54-17:4639,All periods,18-21,10,3224.3,4517.297500000001
54-17:4639,All periods,21-24,3,1180.85,1635.1399999999999
54-17:4639,All periods,3-6,848,655114.3,640390.5825
54-17:4639,All periods,6-9,511,348496.1,353164.0675
54-17:4639,All periods,9-12,226,130757.04999999999,139461.425
54-18:304,All periods,0-3,249,48703.649999999994,47668.21333333333
54-18:304,All periods,12-15,61,6491.349999999999,7155.938333333333
54-18:304,All periods,15-18,26,3287.0,3968.0233333333326
54-18:304,All periods,18-21,2,468.34999999999997,510.3875
54-18:304,All periods,21-24,3,244.15,328.68416666666667
54-18:304,All periods,3-6,561,122609.84999999999,120462.26416666666
54-18:304,All periods,6-9,322,58694.799999999996,58761.74333333334
54-18:304,All periods,9-12,125,19817.0,21460.895833333332
552-01:56,All periods,0-3,40,7088.9,7509.053333333332
552-01:56,All periods,12-15,4,665.0,844.2175
552-01:56,All periods,3-6,35,7140.2,7241.359166666666
552-01:56,All periods,6-9,24,5328.549999999999,4661.8875
552-01:56,All periods,9-12,9,1666.3,1632.4325
56-01:8953,All periods,0-3,239,153710.94999999998,149986.19
56-01:8953,All periods,12-15,138,70797.79999999999,77574.91
56-01:8953,All periods,15-18,23,7478.4,9652.38
56-01:8953,All periods,18-21,4,562.4,1525.4624999999999
56-01:8953,All periods,21-24,2,143.45,751.925
56-01:8953,All periods,3-6,817,612916.25,599570.4125
56-01:8953,All periods,6-9,517,340461.95,341441.38416666666
56-01:8953,All periods,9-12,295,163674.55,169243.08583333332
574-01:109,All periods,0-3,234,104989.25,102762.4975
574-01:109,All periods,12-15,190,72235.15,78601.2425
574-01:109,All periods,15-18,83,25389.699999999997,29001.457499999997
574-01:109,All periods,18-21,37,8574.699999999999,10443.4925
574-01:109,All periods,21-24,10,2139.4,3247.6699999999996
574-01:109,All periods,3-6,725,416326.1,404420.31999999995
574-01:109,All periods,6-9,586,330044.25,326491.25
574-01:109,All periods,9-12,325,153098.2,157778.46999999997
574-01:109,All periods,>=24,2,94.99999999999999,145.35
574-07:3169,All periods,0-3,591,798163.3999999999,778136.0225
574-07:3169,All periods,12-15,79,79091.29999999999,85781.2475
574-07:3169,All periods,15-18,35,33157.85,38864.2625
574-07:3169,All periods,18-21,9,9159.9,10380.2225
574-07:3169,All periods,21-24,5,4388.049999999999,5769.492499999999
574-07:3169,All periods,3-6,885,1141556.1,1126490.9525
574-07:3169,All periods,6-9,374,421974.8,431734.2925
574-07:3169,All periods,9-12,177,191883.84999999998,202050.37
574-07:3169,All periods,>=24,1,342.95,511.3375
58-01:401,All periods,0-3,409,342290.69999999995,327987.7375
58-01:401,All periods,12-15,117,59184.05,67994.39749999999
58-01:401,All periods,15-18,36,19251.75,24284.9925
58-01:401,All periods,18-21,10,3545.4,4972.3949999999995
58-01:401,All periods,21-24,3,1297.7,1833.4049999999997
58-01:401,All periods,3-6,872,757737.1,740675.575
58-01:401,All periods,6-9,512,391566.24999999994,396995.9275
58-01:401,All periods,9-12,227,146635.34999999998,156763.87
59-02:11781,All periods,0-3,188,21356.0,21656.78583333333
59-02:11781,All periods,12-15,194,21861.399999999998,21494.8425
59-02:11781,All periods,15-18,97,9708.05,9832.832499999999
59-02:11781,All periods,18-21,43,2528.8999999999996,2725.5499999999997
59-02:11781,All periods,21-24,9,337.24999999999994,406.69499999999994
59-02:11781,All periods,3-6,731,109005.84999999999,108520.08333333333
59-02:11781,All periods,6-9,551,79816.15,79913.715
59-02:11781,All periods,9-12,375,53755.75,53780.70333333333
59-02:11781,All periods,>=24,2,4.75,42.8925
590-01:87,All periods,0-3,345,25017.3,24277.218333333334
590-01:87,All periods,12-15,31,1111.5,1386.715
590-01:87,All periods,15-18,13,421.79999999999995,514.8050000000001
590-01:87,All periods,18-21,1,4.75,35.8625
590-01:87,All periods,3-6,689,54867.25,54279.32666666666
590-01:87,All periods,6-9,384,26423.299999999996,26818.214999999997
590-01:87,All periods,9-12,130,7151.599999999999,7685.3575
60-01:372,All periods,0-3,372,183514.34999999998,175384.345
60-01:372,All periods,12-15,154,62098.649999999994,67848.905
60-01:372,All periods,15-18,82,20861.05,27472.8125
60-01:372,All periods,18-21,15,2218.25,3737.5375
60-01:372,All periods,21-24,1,40.85,161.975
60-01:372,All periods,3-6,728,432705.99999999994,424078.4325
60-01:372,All periods,6-9,484,267762.25,266058.80499999993
60-01:372,All periods,9-12,298,135418.7,139521.7975
60-01:372,All periods,>=24,3,78.85,434.34
60-01:373,All periods,0-3,372,46103.5,43886.104999999996
60-01:373,All periods,12-15,154,16463.5,16913.42
60-01:373,All periods,15-18,82,6758.299999999999,8243.1975
60-01:373,All periods,18-21,15,836.0,1310.4299999999998
60-01:373,All periods,21-24,1,23.75,79.325
60-01:373,All periods,3-6,728,95715.35,94692.0575
60-01:373,All periods,6-9,483,60072.3,59943.005
60-01:373,All periods,9-12,298,34723.45,35490.195
60-01:373,All periods,>=24,3,47.5,185.915
60-02:208,All periods,0-3,188,92670.59999999999,88874.92249999999
60-02:208,All periods,12-15,89,37161.149999999994,38638.85916666666
60-02:208,All periods,15-18,50,12312.0,16378.189999999999
60-02:208,All periods,18-21,10,1350.8999999999999,2202.29
60-02:208,All periods,21-24,1,57.0,200.6875
60-02:208,All periods,3-6,383,236043.65,232396.77416666667
60-02:208,All periods,6-9,247,134851.55,134292.0475
60-02:208,All periods,9-12,178,83191.5,84349.96166666667
60-02:208,All periods,>=24,2,23.75,328.3675
60-02:213,All periods,0-3,135,77564.65,75202.095
60-02:213,All periods,12-15,60,31439.3,34767.435
60-02:213,All periods,15-18,30,12224.599999999999,14494.5775
60-02:213,All periods,18-21,3,931.9499999999999,1363.8674999999998
60-02:213,All periods,3-6,218,150653.84999999998,147746.565
60-02:213,All periods,6-9,177,116361.69999999998,113868.3775
60-02:213,All periods,9-12,104,57931.95,59527.807499999995
60-02:213,All periods,>=24,1,80.75,218.02499999999998
60-05:1361,All periods,0-3,352,304401.85,296502.6
60-05:1361,All periods,12-15,34,16117.699999999999,20643.389166666668
60-05:1361,All periods,15-18,15,4161.0,6725.335
60-05:1361,All periods,18-21,1,62.699999999999996,269.325
60-05:1361,All periods,3-6,730,702698.85,694677.2716666667
60-05:1361,All periods,6-9,430,361134.9,364246.1975
60-05:1361,All periods,9-12,135,88350.95,93334.30166666667
60-08:8269,All periods,0-3,368,190987.05,186187.0325
60-08:8269,All periods,12-15,82,19793.25,26686.2125
60-08:8269,All periods,15-18,21,3240.45,5603.955
60-08:8269,All periods,18-21,5,452.2,1069.225
60-08:8269,All periods,21-24,3,25.65,396.7675
60-08:8269,All periods,3-6,901,539923.0,526565.3825000001
60-08:8269,All periods,6-9,535,282209.85,286865.42
60-08:8269,All periods,9-12,219,98167.29999999999,101424.75499999999
60-23:7320,All periods,0-3,557,164728.09999999998,159370.47999999998
60-23:7320,All periods,12-15,76,10108.949999999999,11797.717499999999
60-23:7320,All periods,15-18,18,1603.6,2096.3175
60-23:7320,All periods,18-21,9,636.5,1154.06
60-23:7320,All periods,21-24,2,40.849999999999994,140.3625
60-23:7320,All periods,3-6,847,258412.34999999998,258889.9625
60-23:7320,All periods,6-9,468,118884.9,118877.10999999999
60-23:7320,All periods,9-12,214,43972.649999999994,45990.165
60-23:7320,All periods,>=24,1,0.0,71.725
60-26:5545,All periods,0-3,182,34403.299999999996,33473.93083333333
60-26:5545,All periods,12-15,211,28228.3,28599.94
60-26:5545,All periods,15-18,99,9315.7,10064.458333333332
60-26:5545,All periods,18-21,66,4270.25,5385.93
60-26:5545,All periods,21-24,21,1083.9499999999998,1727.7175
60-26:5545,All periods,3-6,431,77312.9,77039.31583333333
60-26:5545,All periods,6-9,369,63183.549999999996,62158.832500000004
60-26:5545,All periods,9-12,313,50446.899999999994,49528.392499999994
60-26:5545,All periods,>=24,10,125.39999999999999,391.73249999999996
60-30:6128,All periods,0-3,343,70946.95,68258.97249999999
60-30:6128,All periods,12-15,221,34073.65,34268.3525
60-30:6128,All periods,15-18,118,10329.349999999999,11263.58
60-30:6128,All periods,18-21,53,3104.5999999999995,4276.6625
60-30:6128,All periods,21-24,23,590.9,1433.0749999999998
60-30:6128,All periods,3-6,536,105739.75,104849.125
60-30:6128,All periods,6-9,494,86573.5,86502.63
60-30:6128,All periods,9-12,395,65649.75,65788.64
60-30:6128,All periods,>=24,9,16.15,383.5625
60-40:45,All periods,0-3,399,34419.45,32712.347499999996
60-40:45,All periods,12-15,70,3698.35,4755.4625
60-40:45,All periods,15-18,19,420.84999999999997,791.3025
60-40:45,All periods,18-21,2,53.199999999999996,49.97
60-40:45,All periods,21-24,1,8.549999999999999,28.974999999999998
60-40:45,All periods,3-6,553,55450.54999999999,54125.3
60-40:45,All periods,6-9,332,27835.0,28331.9925
60-40:45,All periods,9-12,157,10548.8,11639.4
60-40:46,All periods,0-3,399,33134.1,31647.539999999997
60-40:46,All periods,12-15,70,3390.55,4403.725
60-40:46,All periods,15-18,19,385.7,699.1999999999999
60-40:46,All periods,18-21,2,12.35,28.5
60-40:46,All periods,21-24,1,7.6,22.325
60-40:46,All periods,3-6,553,53630.35,52708.185
60-40:46,All periods,6-9,332,27239.35,27515.515
60-40:46,All periods,9-12,157,9891.4,10666.41
60-44:5475,All periods,0-3,577,161062.05,155602.59
60-44:5475,All periods,12-15,93,14772.5,18112.795
60-44:5475,All periods,15-18,30,2526.0499999999997,4293.429999999999
60-44:5475,All periods,18-21,4,134.9,397.28999999999996
60-44:5475,All periods,21-24,2,28.5,182.1625
60-44:5475,All periods,3-6,798,253003.05,249062.2125
60-44:5475,All periods,6-9,465,127019.75,127221.52999999998
60-44:5475,All periods,9-12,223,46959.45,50634.24
60-46:5673,All periods,0-3,201,135175.5,130218.35249999998
60-46:5673,All periods,12-15,223,88444.05,91869.275
60-46:5673,All periods,15-18,80,26003.399999999998,28988.8225
60-46:5673,All periods,18-21,52,13494.75,17769.274999999998
60-46:5673,All periods,21-24,17,4370.0,5886.7699999999995
60-46:5673,All periods,3-6,558,321774.5,313973.3375
60-46:5673,All periods,6-9,545,281650.3,278199.52
60-46:5673,All periods,9-12,422,203382.65,206584.6725
60-46:5673,All periods,>=24,6,1397.45,1980.5124999999998
60-47:197,All periods,0-3,200,180607.34999999998,176297.96
60-47:197,All periods,12-15,233,134072.55,139432.925
60-47:197,All periods,15-18,101,48955.399999999994,52207.86749999999
60-47:197,All periods,18-21,55,23007.1,28573.53
60-47:197,All periods,21-24,17,6683.25,9054.07
60-47:197,All periods,3-6,555,437756.19999999995,425741.4075
60-47:197,All periods,6-9,569,414728.19999999995,410107.4475
60-47:197,All periods,9-12,450,307640.4,310491.06499999994
60-47:197,All periods,>=24,11,4025.15,5204.289999999999
61-02:6,All periods,0-3,260,69975.1,68310.13
61-02:6,All periods,12-15,216,49649.85,52607.104999999996
61-02:6,All periods,15-18,115,19624.149999999998,23706.569166666668
61-02:6,All periods,18-21,40,4543.849999999999,7517.445
61-02:6,All periods,21-24,11,500.65,1553.0124999999998
61-02:6,All periods,3-6,645,221713.84999999998,213109.77916666667
61-02:6,All periods,6-9,507,166427.65,166387.02166666667
61-02:6,All periods,9-12,387,114037.04999999999,112867.505
61-02:6,All periods,>=24,5,125.39999999999999,538.9825
61-03:2642,All periods,0-3,336,124454.75,120637.3175
61-03:2642,All periods,12-15,48,9798.3,13051.986666666668
61-03:2642,All periods,15-18,18,3357.2999999999997,5081.724166666667
61-03:2642,All periods,3-6,381,183871.55,179860.12749999997
61-03:2642,All periods,6-9,283,116362.65,117757.8675
61-03:2642,All periods,9-12,89,31620.75,33076.276666666665
61-23:5199,All periods,0-3,174,32813.0,33594.4225
61-23:5199,All periods,12-15,154,24746.55,25537.52
61-23:5199,All periods,15-18,75,7068.95,8762.435833333333
61-23:5199,All periods,18-21,47,4014.7,5276.885833333334
61-23:5199,All periods,21-24,11,312.54999999999995,884.4025
61-23:5199,All periods,3-6,664,166291.8,161607.4925
61-23:5199,All periods,6-9,628,148493.55,147487.12
61-23:5199,All periods,9-12,382,81096.75,81519.65833333333
61-23:5199,All periods,>=24,3,110.19999999999999,278.11249999999995
61-24:19333,All periods,0-3,178,36405.899999999994,36424.72583333333
61-24:19333,All periods,12-15,157,25747.85,27121.93
61-24:19333,All periods,15-18,76,7434.7,9662.006666666666
61-24:19333,All periods,18-21,50,4262.65,5872.535833333333
61-24:19333,All periods,21-24,11,355.3,956.555
61-24:19333,All periods,3-6,672,178264.65,172045.60166666665
61-24:19333,All periods,6-9,638,156629.35,155776.23416666666
61-24:19333,All periods,9-12,393,86369.25,87087.60833333334
61-24:19333,All periods,>=24,3,145.35,334.16249999999997
61-30:2773,All periods,0-3,267,53650.3,52674.792499999996
61-30:2773,All periods,12-15,95,10488.949999999999,12552.413333333334
61-30:2773,All periods,15-18,29,1927.5499999999997,2643.4225
61-30:2773,All periods,18-21,13,551.0,1171.8725
61-30:2773,All periods,21-24,2,5.699999999999999,114.94999999999999
61-30:2773,All periods,3-6,921,213228.44999999998,208433.26166666666
61-30:2773,All periods,6-9,595,135190.69999999998,134814.56333333332
61-30:2773,All periods,9-12,254,41644.2,44200.111666666664
61-30:2773,All periods,>=24,1,2.8499999999999996,84.3125
61-35:11232,All periods,0-3,837,189833.75,185117.09499999997
61-35:11232,All periods,12-15,43,4016.5999999999995,6118.9974999999995
61-35:11232,All periods,15-18,8,417.04999999999995,876.8025
61-35:11232,All periods,18-21,3,84.55,351.30999999999995
61-35:11232,All periods,3-6,794,203804.45,200429.95499999996
61-35:11232,All periods,6-9,361,70018.8,72178.815
61-35:11232,All periods,9-12,146,19905.350000000002,23007.574999999997
61-38:2763,All periods,0-3,543,226790.65,220490.4875
61-38:2763,All periods,12-15,24,5926.099999999999,7749.672499999999
61-38:2763,All periods,15-18,6,1108.6499999999999,1580.04
61-38:2763,All periods,18-21,1,45.599999999999994,353.6375
61-38:2763,All periods,3-6,560,262162.0,259197.68333333335
61-38:2763,All periods,6-9,247,91215.2,93534.87833333333
61-38:2763,All periods,9-12,96,27037.0,31378.80083333333
61-40:576,All periods,0-3,940,929433.45,901742.6124999999
61-40:576,All periods,12-15,17,6625.299999999999,10003.4525
61-40:576,All periods,15-18,3,930.05,1477.6299999999999
61-40:576,All periods,3-6,880,806452.1499999999,806067.1625
61-40:576,All periods,6-9,254,178311.2,192049.53
61-40:576,All periods,9-12,98,54074.0,64485.7625
61-43:1658,All periods,0-3,866,1386231.45,1365439.7974999999
61-43:1658,All periods,12-15,27,30716.35,36750.9875
61-43:1658,All periods,15-18,3,3041.9,4199.379999999999
61-43:1658,All periods,18-21,4,3204.35,5598.9675
61-43:1658,All periods,3-6,863,1361691.0499999998,1359455.2725
61-43:1658,All periods,6-9,330,483978.44999999995,487798.25749999995
61-43:1658,All periods,9-12,99,127883.29999999999,137504.1875
61-45:1480,All periods,0-3,866,465430.64999999997,457001.79083333333
61-45:1480,All periods,12-15,26,9512.349999999999,11584.015
61-45:1480,All periods,15-18,3,965.2,1298.3174999999999
61-45:1480,All periods,18-21,3,591.85,1310.0974999999999
61-45:1480,All periods,3-6,857,450836.75,451054.205
61-45:1480,All periods,6-9,329,157812.09999999998,159649.14666666667
61-45:1480,All periods,9-12,98,40843.35,44094.6775
61-45:1481,All periods,0-3,866,464670.64999999997,456770.49749999994
61-45:1481,All periods,12-15,26,9492.4,11583.16
61-45:1481,All periods,15-18,3,949.05,1292.7125
61-45:1481,All periods,18-21,3,582.35,1306.5349999999999
61-45:1481,All periods,3-6,857,450548.89999999997,450780.06666666665
61-45:1481,All periods,6-9,329,158132.25,159689.4583333333
61-45:1481,All periods,9-12,97,40875.649999999994,43828.82
612-02:399,All periods,0-3,649,72004.29999999999,72506.50166666666
612-02:399,All periods,12-15,32,494.95,672.3625
612-02:399,All periods,15-18,2,13.3,25.8875
612-02:399,All periods,3-6,677,82789.65,80960.29833333332
612-02:399,All periods,6-9,251,17234.9,18031.649166666666
612-02:399,All periods,9-12,101,2236.2999999999997,2576.7008333333333
62-04:5628,All periods,0-3,283,66473.4,62927.9525
62-04:5628,All periods,12-15,116,13343.699999999999,15533.4025
62-04:5628,All periods,15-18,40,3673.6499999999996,4395.1275
62-04:5628,All periods,18-21,15,2019.6999999999998,2107.3374999999996
62-04:5628,All periods,21-24,3,94.05000000000001,374.775
62-04:5628,All periods,3-6,816,185824.75,183614.1475
62-04:5628,All periods,6-9,610,114906.29999999999,115104.46999999999
62-04:5628,All periods,9-12,309,46377.1,48655.4375
62-05:11708,All periods,0-3,810,239465.55,235392.37749999997
62-05:11708,All periods,12-15,38,4548.6,5569.089999999999
62-05:11708,All periods,15-18,3,181.45,437.0
62-05:11708,All periods,18-21,1,12.35,99.27499999999999
62-05:11708,All periods,3-6,854,246056.64999999997,244387.5
62-05:11708,All periods,6-9,305,63612.0,65905.775
62-05:11708,All periods,9-12,126,17418.25,19503.832499999997
622-00:976,All periods,0-3,631,135591.6,132509.325
622-00:976,All periods,12-15,36,4490.65,5612.789999999999
622-00:976,All periods,15-18,11,1132.3999999999999,1333.5625
622-00:976,All periods,18-21,3,73.14999999999999,378.5275
622-00:976,All periods,21-24,1,2.8499999999999996,78.375
622-00:976,All periods,3-6,1007,247710.59999999998,246059.5
622-00:976,All periods,6-9,366,82221.55,84063.505
622-00:976,All periods,9-12,113,18183.949999999997,19371.165
63-02:6367,All periods,0-3,219,85081.04999999999,82469.97499999999
63-02:6367,All periods,12-15,72,20586.5,22551.796666666665
63-02:6367,All periods,15-18,31,8865.4,8894.279999999999
63-02:6367,All periods,18-21,18,4396.599999999999,5191.465
63-02:6367,All periods,21-24,7,1914.2499999999998,1993.3375
63-02:6367,All periods,3-6,374,131181.69999999998,130623.19499999999
63-02:6367,All periods,6-9,238,77166.6,76619.84333333334
63-02:6367,All periods,9-12,131,41859.84999999999,42825.8575
63-02:6367,All periods,>=24,4,1227.3999999999999,1109.6
63-02:6384,All periods,0-3,140,49188.149999999994,48447.00749999999
63-02:6384,All periods,12-15,46,11500.7,11638.9725
63-02:6384,All periods,15-18,26,5403.6,5831.8125
63-02:6384,All periods,18-21,14,2882.2999999999997,3003.9474999999998
63-02:6384,All periods,21-24,7,1256.85,1626.685
63-02:6384,All periods,3-6,269,81822.54999999999,81269.17499999999
63-02:6384,All periods,6-9,132,38000.95,37963.472499999996
63-02:6384,All periods,9-12,86,24756.05,24298.15
63-02:6384,All periods,>=24,11,1197.95,1929.8775
63-03:6659,All periods,0-3,278,67445.25,65431.74083333333
63-03:6659,All periods,12-15,130,24645.85,24074.868333333332
63-03:6659,All periods,15-18,79,11892.099999999999,13531.546666666665
63-03:6659,All periods,18-21,29,3822.8,4510.109166666666
63-03:6659,All periods,21-24,22,2335.1,3275.3308333333334
63-03:6659,All periods,3-6,504,118195.19999999998,115964.18833333332
63-03:6659,All periods,6-9,338,71163.54999999999,71484.65
63-03:6659,All periods,9-12,242,48964.899999999994,49475.635833333334
63-03:6659,All periods,>=24,20,1947.4999999999998,2664.18
63-04:9900,All periods,0-3,335,15431.8,14786.908333333333
63-04:9900,All periods,12-15,16,273.6,385.32
63-04:9900,All periods,15-18,8,44.650000000000006,81.60499999999999
63-04:9900,All periods,3-6,254,9788.8,9867.364999999998
63-04:9900,All periods,6-9,73,1761.3,2045.4449999999997
63-04:9900,All periods,9-12,32,804.65,938.1566666666665
643-02:256,All periods,0-3,495,81095.8,77722.47666666667
643-02:256,All periods,12-15,71,4980.849999999999,6751.745
643-02:256,All periods,15-18,31,2579.25,3659.1466666666665
643-02:256,All periods,18-21,3,14.25,189.2875
643-02:256,All periods,21-24,1,3.8,59.66
643-02:256,All periods,3-6,661,148232.3,143513.84
643-02:256,All periods,6-9,467,87637.5,89805.38416666666
643-02:256,All periods,9-12,157,22581.5,25423.71
65-01:994,All periods,0-3,179,55679.5,54264.47499999999
65-01:994,All periods,12-15,229,48267.6,49907.63249999999
65-01:994,All periods,15-18,100,18301.75,19517.9875
65-01:994,All periods,18-21,54,8531.95,10270.2125
65-01:994,All periods,21-24,17,2538.3999999999996,3399.7174999999997
65-01:994,All periods,3-6,527,144541.55,141348.6475
65-01:994,All periods,6-9,543,140988.55,139076.58000000002
65-01:994,All periods,9-12,442,109241.45,109778.3425
65-01:994,All periods,>=24,11,1642.55,2011.0549999999998
68-01:3361,All periods,0-3,334,83129.75,82463.1825
68-01:3361,All periods,12-15,119,26616.15,28129.5
68-01:3361,All periods,15-18,28,4818.4,5234.5
68-01:3361,All periods,18-21,4,807.5,992.3699999999999
68-01:3361,All periods,21-24,1,120.64999999999999,135.28
68-01:3361,All periods,3-6,780,229571.3,229034.7875
68-01:3361,All periods,6-9,573,173606.8,171940.0725
68-01:3361,All periods,9-12,352,104682.40000000001,105367.39749999999
68-01:3361,All periods,>=24,1,24.7,80.55999999999999
68-07:12550,All periods,0-3,278,20533.3,20653.696666666667
68-07:12550,All periods,12-15,149,6762.099999999999,6385.884166666666
68-07:12550,All periods,15-18,60,1872.4499999999998,1818.7275
68-07:12550,All periods,18-21,23,371.45,436.8416666666667
68-07:12550,All periods,21-24,8,109.24999999999999,189.81
68-07:12550,All periods,3-6,661,49030.45,47978.04
68-07:12550,All periods,6-9,627,45652.25,46224.54583333333
68-07:12550,All periods,9-12,370,23326.3,23949.626666666663
68-07:12550,All periods,>=24,3,14.249999999999998,34.6275
68-10:13163,All periods,0-3,326,43664.85,42751.551666666666
68-10:13163,All periods,12-15,46,3707.85,4375.889999999999
68-10:13163,All periods,15-18,17,1569.4,1935.7675
68-10:13163,All periods,3-6,456,75269.45,73963.26333333334
68-10:13163,All periods,6-9,317,46630.75,47772.1275
68-10:13163,All periods,9-12,109,14214.849999999999,14258.55
711-01:9376,All periods,0-3,424,50233.15,48842.714166666665
711-01:9376,All periods,12-15,43,2349.35,2796.325
711-01:9376,All periods,15-18,20,576.65,958.17
711-01:9376,All periods,18-21,6,92.14999999999999,166.48749999999998
711-01:9376,All periods,21-24,1,13.299999999999999,28.974999999999998
711-01:9376,All periods,3-6,538,68166.29999999999,67499.3525
711-01:9376,All periods,6-9,284,30924.4,31239.863333333335
711-01:9376,All periods,9-12,123,8575.65,9399.0625
711-07:10074,All periods,0-3,601,59500.399999999994,58200.98999999999
711-07:10074,All periods,12-15,60,3538.7499999999995,3945.033333333333
711-07:10074,All periods,15-18,25,874.0,1223.6
711-07:10074,All periods,18-21,9,190.95,334.9225
711-07:10074,All periods,21-24,1,12.35,31.825
711-07:10074,All periods,3-6,786,88977.0,88177.54333333333
711-07:10074,All periods,6-9,442,44319.4,44858.20833333333
711-07:10074,All periods,9-12,170,11647.95,12222.13
711-07:10074,All periods,>=24,2,0.95,67.49749999999999
716-01:113,All periods,0-3,628,78875.65,78025.82749999998
716-01:113,All periods,12-15,61,3659.3999999999996,4056.0566666666664
716-01:113,All periods,15-18,27,928.15,1312.4724999999999
716-01:113,All periods,18-21,9,120.65,262.39
716-01:113,All periods,21-24,1,6.6499999999999995,21.375
716-01:113,All periods,3-6,789,118218.95,116748.90416666666
716-01:113,All periods,6-9,457,59441.5,59744.39166666666
716-01:113,All periods,9-12,176,12976.05,14023.615
716-01:113,All periods,>=24,2,0.95,32.9175
724-01:1102,All periods,0-3,398,45301.7,44087.6475
724-01:1102,All periods,12-15,103,10160.25,10349.8225
724-01:1102,All periods,15-18,55,4708.2,4906.037499999999
724-01:1102,All periods,18-21,21,1406.0,1552.49
724-01:1102,All periods,21-24,7,613.6999999999999,660.9624999999999
724-01:1102,All periods,3-6,710,80167.65,78801.99333333332
724-01:1102,All periods,6-9,527,54281.1,55147.151666666665
724-01:1102,All periods,9-12,297,29179.25,30095.524999999998
724-01:1102,All periods,>=24,5,136.8,350.16999999999996
73-00:7410,All periods,0-3,15,11099.8,10457.029999999999
73-00:7410,All periods,12-15,4,2031.1,2209.7475
73-00:7410,All periods,15-18,1,231.79999999999998,501.21999999999997
73-00:7410,All periods,3-6,26,17857.15,16771.394999999997
73-00:7410,All periods,6-9,34,20949.4,21036.942499999997
73-00:7410,All periods,9-12,8,3597.6499999999996,4790.565
73-01:7,All periods,0-3,15,3961.5,3798.765
73-01:7,All periods,12-15,4,741.0,759.8733333333332
73-01:7,All periods,15-18,1,84.55,165.29999999999998
73-01:7,All periods,3-6,26,6409.65,6042.0475
73-01:7,All periods,6-9,34,7389.1,7402.5583333333325
73-01:7,All periods,9-12,8,1280.6,1697.8558333333333
73-01:8,All periods,0-3,15,3697.3999999999996,3457.7625
73-01:8,All periods,12-15,4,635.55,736.5666666666666
73-01:8,All periods,15-18,1,78.85,199.68999999999997
73-01:8,All periods,3-6,26,6170.25,5800.509999999999
73-01:8,All periods,6-9,34,7191.5,7144.601666666666
73-01:8,All periods,9-12,8,1176.1,1610.5191666666665
73-02:2525,All periods,0-3,232,119442.54999999999,115445.1875
73-02:2525,All periods,12-15,52,14993.85,18613.92
73-02:2525,All periods,15-18,24,5291.5,8024.7925
73-02:2525,All periods,18-21,7,554.8,1763.1999999999998
73-02:2525,All periods,21-24,1,0.95,215.4125
73-02:2525,All periods,3-6,441,248022.2,239498.84750000003
73-02:2525,All periods,6-9,234,115244.49999999999,115981.7
73-02:2525,All periods,9-12,105,43266.8,47274.09
731-03:4863,All periods,0-3,279,29337.899999999998,28393.789999999997
731-03:4863,All periods,12-15,103,6061.95,6795.144166666667
731-03:4863,All periods,15-18,31,1199.85,1797.4475
731-03:4863,All periods,18-21,9,235.59999999999997,461.5575
731-03:4863,All periods,21-24,2,34.199999999999996,87.02000000000001
731-03:4863,All periods,3-6,842,101669.0,100623.36666666667
731-03:4863,All periods,6-9,488,50221.75,50071.6975
731-03:4863,All periods,9-12,227,18944.899999999998,19442.446666666667
731-03:4863,All periods,>=24,1,6.6499999999999995,39.33
74-02:9,All periods,0-3,9,3088.45,2902.9624999999996
74-02:9,All periods,12-15,4,1149.5,1105.04
74-02:9,All periods,15-18,1,132.04999999999998,205.01
74-02:9,All periods,3-6,22,6634.799999999999,6290.3775
74-02:9,All periods,6-9,34,9905.65,9843.947499999998
74-02:9,All periods,9-12,6,1121.95,1685.0624999999998
740-01:1214,All periods,0-3,227,111440.69999999998,109565.115
740-01:1214,All periods,12-15,52,21299.0,23917.199999999997
740-01:1214,All periods,15-18,18,5294.35,6484.557499999999
740-01:1214,All periods,18-21,8,1274.9,2055.3725
740-01:1214,All periods,21-24,2,78.85,424.4125
740-01:1214,All periods,3-6,368,183046.0,176098.08
740-01:1214,All periods,6-9,290,136743.95,137519.6725
740-01:1214,All periods,9-12,130,49627.049999999996,52740.39
748-01:1547,All periods,0-3,295,24940.35,24747.51583333333
748-01:1547,All periods,12-15,45,2667.6,3200.9775
748-01:1547,All periods,15-18,27,1424.05,1733.1325000000002
748-01:1547,All periods,18-21,6,253.65,297.065
748-01:1547,All periods,3-6,491,53448.899999999994,51661.53833333333
748-01:1547,All periods,6-9,323,31235.049999999996,31833.2175
748-01:1547,All periods,9-12,176,15371.0,15867.153333333334
75-03:3350,All periods,0-3,467,351754.6,352336.94999999995
75-03:3350,All periods,12-15,63,41570.1,46614.979999999996
75-03:3350,All periods,15-18,35,18598.15,22223.3975
75-03:3350,All periods,18-21,6,3354.45,3793.745833333333
75-03:3350,All periods,21-24,1,178.6,286.425
75-03:3350,All periods,3-6,758,652057.2,642025.8016666666
75-03:3350,All periods,6-9,499,405268.1,403096.81166666665
75-03:3350,All periods,9-12,245,190504.44999999998,192907.53833333333
752-01:650,All periods,0-3,516,218591.19999999998,215322.5825
752-01:650,All periods,12-15,43,14185.4,15763.3975
752-01:650,All periods,15-18,15,3255.65,4001.764166666667
752-01:650,All periods,18-21,2,582.35,649.0875
752-01:650,All periods,3-6,792,382830.05,378649.29
752-01:650,All periods,6-9,369,151940.15,152897.25916666666
752-01:650,All periods,9-12,156,56318.85,60247.60666666667
752-01:650,All periods,>=24,1,59.849999999999994,232.5125
76-01:254,All periods,0-3,572,140108.85,139776.12833333333
76-01:254,All periods,12-15,49,9468.65,10280.52
76-01:254,All periods,15-18,16,1941.8,2443.2574999999997
76-01:254,All periods,18-21,2,269.79999999999995,342.23749999999995
76-01:254,All periods,3-6,928,261905.5,259360.60833333334
76-01:254,All periods,6-9,435,106583.34999999999,106788.075
76-01:254,All periods,9-12,177,39454.45,40617.12333333333
76-01:254,All periods,>=24,1,20.9,145.35
76-09:9481,All periods,0-3,751,210564.64999999997,206093.93416666667
76-09:9481,All periods,12-15,95,14596.75,16183.455833333333
76-09:9481,All periods,15-18,44,7925.85,6983.545
76-09:9481,All periods,18-21,22,1473.4499999999998,2499.038333333333
76-09:9481,All periods,3-6,608,173955.44999999998,172671.58833333332
76-09:9481,All periods,6-9,364,78109.95,79590.46166666667
76-09:9481,All periods,9-12,191,32286.699999999997,34939.986666666664
76-09:9481,All periods,>=24,1,136.79999999999998,87.59
76-15:3533,All periods,0-3,436,302297.6,294586.24416666664
76-15:3533,All periods,12-15,31,11678.349999999999,14765.85
76-15:3533,All periods,15-18,3,703.0,1338.1225
76-15:3533,All periods,3-6,458,327764.25,327691.29
76-15:3533,All periods,6-9,158,95355.29999999999,95991.54666666666
76-15:3533,All periods,9-12,73,36470.5,39895.94666666667
76-15:6085,All periods,0-3,921,662756.1,650767.195
76-15:6085,All periods,12-15,68,28025.0,34294.619999999995
76-15:6085,All periods,15-18,10,3425.7,4553.16
76-15:6085,All periods,21-24,1,80.75,373.72999999999996
76-15:6085,All periods,3-6,752,554902.6,552870.6924999999
76-15:6085,All periods,6-9,298,192431.05,193965.34749999997
76-15:6085,All periods,9-12,142,77613.09999999999,82409.555
76-15:837,All periods,0-3,697,530452.45,519332.82666666654
76-15:837,All periods,12-15,17,5835.85,7643.32
76-15:837,All periods,15-18,3,1007.9499999999999,1537.1
76-15:837,All periods,3-6,489,342705.85,343002.6458333333
76-15:837,All periods,6-9,187,114017.09999999999,116536.215
76-15:837,All periods,9-12,97,47675.75,53642.8425
76-15:9870,All periods,0-3,679,462165.5,451226.39249999996
76-15:9870,All periods,12-15,60,21408.25,27668.655
76-15:9870,All periods,15-18,10,2178.35,4025.625
76-15:9870,All periods,21-24,1,66.5,361.19
76-15:9870,All periods,3-6,592,419311.94999999995,416719.81166666665
76-15:9870,All periods,6-9,239,144739.15,145624.0275
76-15:9870,All periods,9-12,111,53736.75,57980.74833333334
816-01:370,All periods,0-3,212,67812.9,66042.98666666666
816-01:370,All periods,12-15,14,4139.15,4211.7775
816-01:370,All periods,15-18,2,616.55,607.2874999999999
816-01:370,All periods,3-6,187,59011.149999999994,59713.86499999999
816-01:370,All periods,6-9,75,22683.149999999998,23334.39083333333
816-01:370,All periods,9-12,34,9545.6,9898.1925
82-01:3939,All periods,0-3,817,1349958.5499999998,1323092.5816666665
82-01:3939,All periods,12-15,67,78868.05,87580.3575
82-01:3939,All periods,15-18,10,10077.6,11924.352499999999
82-01:3939,All periods,18-21,4,4460.25,5446.824999999999
82-01:3939,All periods,3-6,776,1312917.0999999999,1315525.705
82-01:3939,All periods,6-9,343,526058.7,532169.6858333333
82-01:3939,All periods,9-12,136,183569.44999999998,190170.19249999998
82-03:6032,All periods,0-3,983,1342691.05,1316695.2025
82-03:6032,All periods,12-15,13,7580.049999999999,11151.765
82-03:6032,All periods,15-18,1,195.7,762.28
82-03:6032,All periods,3-6,869,1192396.3,1187181.5599999998
82-03:6032,All periods,6-9,214,223236.7,237834.21
82-03:6032,All periods,9-12,63,48764.45,61239.2325
82-05:10840,All periods,0-3,558,339985.05,331102.62916666665
82-05:10840,All periods,12-15,41,11599.5,16881.3575
82-05:10840,All periods,15-18,12,1137.1499999999999,4183.6575
82-05:10840,All periods,18-21,1,45.599999999999994,342.0
82-05:10840,All periods,3-6,1013,641312.7,630038.48
82-05:10840,All periods,6-9,419,233852.0,235387.50083333335
82-05:10840,All periods,9-12,119,41727.799999999996,51454.565
82-05:10840,All periods,>=24,1,19.0,288.61
82-05:10872,All periods,0-3,558,348953.05,340233.2533333333
82-05:10872,All periods,12-15,41,12810.75,17949.204999999998
82-05:10872,All periods,15-18,12,1364.1999999999998,4504.424999999999
82-05:10872,All periods,18-21,1,66.5,363.84999999999997
82-05:10872,All periods,3-6,1013,657025.7,646929.3533333333
82-05:10872,All periods,6-9,419,243353.89999999997,244568.03166666665
82-05:10872,All periods,9-12,119,45679.799999999996,54423.82166666666
82-05:10872,All periods,>=24,1,26.599999999999998,308.56
82-05:7351,All periods,0-3,565,346402.3,335791.37
82-05:7351,All periods,12-15,41,11505.449999999999,16912.5175
82-05:7351,All periods,15-18,12,1113.4,4166.7474999999995
82-05:7351,All periods,18-21,1,45.599999999999994,338.96
82-05:7351,All periods,3-6,1029,651384.6,639585.6475
82-05:7351,All periods,6-9,424,236374.25,239710.6975
82-05:7351,All periods,9-12,119,41072.3,51139.07
82-05:7351,All periods,>=24,1,18.05,270.94
82-06:3450,All periods,0-3,544,168239.3,163186.44
82-06:3450,All periods,12-15,40,6023.95,8692.2625
82-06:3450,All periods,15-18,12,592.8,2153.08
82-06:3450,All periods,18-21,1,25.65,170.61999999999998
82-06:3450,All periods,3-6,994,317490.95,311873.1725
82-06:3450,All periods,6-9,410,115416.45,117372.81666666665
82-06:3450,All periods,9-12,114,21399.7,25607.21833333333
82-06:3450,All periods,>=24,1,18.05,151.23999999999998
82-06:3451,All periods,0-3,544,182206.19999999998,177555.18999999997
82-06:3451,All periods,12-15,40,6402.049999999999,9209.521666666667
82-06:3451,All periods,15-18,12,645.05,2271.7825
82-06:3451,All periods,18-21,1,18.05,179.73999999999998
82-06:3451,All periods,3-6,994,347154.69999999995,340794.9883333333
82-06:3451,All periods,6-9,410,126848.75,128051.70333333332
82-06:3451,All periods,9-12,114,21711.3,26786.374166666665
82-06:3451,All periods,>=24,1,18.05,154.85
82-06:3480,All periods,0-3,544,310461.89999999997,302058.95999999996
82-06:3480,All periods,12-15,40,9918.95,14847.0275
82-06:3480,All periods,15-18,12,963.3,3800.6175
82-06:3480,All periods,18-21,1,43.699999999999996,345.22999999999996
82-06:3480,All periods,3-6,994,590348.0499999999,579500.8075
82-06:3480,All periods,6-9,410,214865.3,217598.1333333333
82-06:3480,All periods,9-12,114,37772.0,45958.13416666666
82-06:3480,All periods,>=24,1,27.549999999999997,291.84
82-06:3483,All periods,0-3,86,29148.85,29069.9525
82-06:3483,All periods,12-15,8,1754.6499999999999,2265.0375
82-06:3483,All periods,15-18,2,152.95,441.0375
82-06:3483,All periods,3-6,166,55399.25,54278.25
82-06:3483,All periods,6-9,63,19407.55,18587.6525
82-06:3483,All periods,9-12,17,3435.2,4656.52
821-00:272,All periods,0-3,336,1757885.7,1743325.2241666666
821-00:272,All periods,12-15,156,744825.65,760053.865
821-00:272,All periods,15-18,93,407799.85,420451.8391666666
821-00:272,All periods,18-21,31,125598.54999999999,135369.82249999998
821-00:272,All periods,21-24,8,31443.1,34173.59
821-00:272,All periods,3-6,673,3667018.05,3639784.320833333
821-00:272,All periods,6-9,469,2335196.9,2350777.770833333
821-00:272,All periods,9-12,304,1531610.9,1514981.4825
821-00:272,All periods,>=24,3,9250.15,11710.935
821-03:49,All periods,0-3,352,182689.75,180805.85249999998
821-03:49,All periods,12-15,66,27671.6,30282.88083333333
821-03:49,All periods,15-18,10,4212.299999999999,4520.258333333333
821-03:49,All periods,18-21,2,549.0999999999999,779.5225
821-03:49,All periods,3-6,499,306852.85,304445.42333333334
821-03:49,All periods,6-9,334,192972.55,194457.17833333334
821-03:49,All periods,9-12,140,72921.05,72815.01416666666
821-03:54,All periods,0-3,42,21285.699999999997,20702.241666666665
821-03:54,All periods,12-15,3,1378.4499999999998,1623.2333333333331
821-03:54,All periods,3-6,62,35732.35,35366.995833333334
821-03:54,All periods,6-9,43,23313.95,23712.2375
821-03:54,All periods,9-12,21,10419.6,10725.341666666665
828-01:400,All periods,0-3,220,97006.4,96746.70166666666
828-01:400,All periods,12-15,81,30987.1,31863.395833333332
828-01:400,All periods,15-18,34,11230.899999999998,12057.843333333332
828-01:400,All periods,18-21,12,4481.15,4727.310833333333
828-01:400,All periods,21-24,2,509.2,634.5999999999999
828-01:400,All periods,3-6,392,185760.15,182170.68583333332
828-01:400,All periods,6-9,245,98751.55,99061.43999999999
828-01:400,All periods,9-12,144,59158.399999999994,60431.7325
828-01:400,All periods,>=24,2,434.15,625.29
829-01:98,All periods,0-3,300,353479.8,351221.3333333333
829-01:98,All periods,12-15,157,157172.75,163196.22499999998
829-01:98,All periods,15-18,95,88664.45,91474.5025
829-01:98,All periods,18-21,33,28295.75,30317.065
829-01:98,All periods,21-24,8,6681.349999999999,7151.6475
829-01:98,All periods,3-6,634,780956.05,770487.7308333333
829-01:98,All periods,6-9,443,478933.94999999995,480076.9741666666
829-01:98,All periods,9-12,286,311152.55,310829.81916666665
829-01:98,All periods,>=24,3,1836.35,2417.7025
83-01:6268,All periods,0-3,248,316909.54999999993,316824.8733333333
83-01:6268,All periods,12-15,177,192973.5,199114.72749999998
83-01:6268,All periods,15-18,102,93140.84999999999,97279.0025
83-01:6268,All periods,18-21,37,30450.35,33433.12833333333
83-01:6268,All periods,21-24,9,6495.15,7008.909999999999
83-01:6268,All periods,3-6,676,924577.0499999999,918426.0691666666
83-01:6268,All periods,6-9,498,589513.0,589285.2216666667
83-01:6268,All periods,9-12,328,395523.0,387843.5325
83-01:6268,All periods,>=24,4,2888.95,3255.9349999999995
83-03:597,All periods,0-3,501,192527.94999999998,188436.3633333333
83-03:597,All periods,12-15,18,4252.2,5217.969999999999
83-03:597,All periods,15-18,6,889.2,1591.9624999999999
83-03:597,All periods,18-21,1,202.35,317.3
83-03:597,All periods,3-6,895,313798.3,311219.3983333333
83-03:597,All periods,6-9,342,107399.4,109966.55333333333
83-03:597,All periods,9-12,83,21869.949999999997,24189.802499999998
835-01:107,All periods,0-3,270,17718.449999999997,17021.070833333335
835-01:107,All periods,12-15,181,9120.0,9655.8
835-01:107,All periods,15-18,106,4467.85,4811.053333333333
835-01:107,All periods,18-21,38,1377.5,1566.5974999999999
835-01:107,All periods,21-24,9,320.15,345.705
835-01:107,All periods,3-6,678,47142.8,46819.10333333333
835-01:107,All periods,6-9,523,29802.449999999997,30217.615833333333
835-01:107,All periods,9-12,341,19902.5,19376.849166666667
835-01:107,All periods,>=24,4,108.3,146.20499999999998
837-03:2351,All periods,0-3,765,320113.89999999997,285012.5083333333
837-03:2351,All periods,12-15,54,8699.15,22319.1575
837-03:2351,All periods,15-18,5,400.90000000000003,1492.4974999999997
837-03:2351,All periods,18-21,2,92.14999999999999,202.58749999999998
837-03:2351,All periods,3-6,702,264200.7,243609.10166666665
837-03:2351,All periods,6-9,282,89180.3,107762.29999999999
837-03:2351,All periods,9-12,106,19935.75,42224.697499999995
84-01:4300,All periods,0-3,612,302860.0,298016.1875
84-01:4300,All periods,12-15,22,4339.599999999999,7440.1625
84-01:4300,All periods,15-18,6,297.34999999999997,1130.5
84-01:4300,All periods,18-21,1,4.75,276.83
84-01:4300,All periods,3-6,1072,449526.7,444504.99999999994
84-01:4300,All periods,6-9,389,128528.35,130752.965
84-01:4300,All periods,9-12,90,19404.699999999997,22839.804999999997
845-02:6555,All periods,0-3,530,206645.9,204960.2675
845-02:6555,All periods,12-15,22,5304.8,6878.855
845-02:6555,All periods,15-18,6,595.65,1425.5225
845-02:6555,All periods,3-6,830,425547.74999999994,420152.11416666664
845-02:6555,All periods,6-9,337,140202.9,142249.02583333335
845-02:6555,All periods,9-12,86,27910.05,30541.265
85-01:51,All periods,0-3,828,479203.75,472311.595
85-01:51,All periods,12-15,31,8626.949999999999,11325.583333333332
85-01:51,All periods,15-18,3,263.15,1190.4924999999998
85-01:51,All periods,18-21,2,326.8,710.98
85-01:51,All periods,3-6,915,669673.0499999999,662493.3933333333
85-01:51,All periods,6-9,273,150952.15,155705.06333333335
85-01:51,All periods,9-12,78,28950.299999999996,34259.042499999996
85-04:4637,All periods,0-3,270,369789.39999999997,365279.11666666664
85-04:4637,All periods,12-15,141,135974.45,144946.80416666664
85-04:4637,All periods,15-18,63,53790.899999999994,58597.0925
85-04:4637,All periods,18-21,25,16866.3,21569.085
85-04:4637,All periods,21-24,6,2462.3999999999996,4344.2074999999995
85-04:4637,All periods,3-6,828,1312209.3499999999,1290075.7433333332
85-04:4637,All periods,6-9,504,676508.3,678995.1466666666
85-04:4637,All periods,9-12,243,300682.6,302893.6616666666
85-04:4637,All periods,>=24,2,348.65,1463.2375
85-06:1510,All periods,0-3,457,393422.55,388334.77749999997
85-06:1510,All periods,12-15,77,38398.049999999996,44391.6
85-06:1510,All periods,15-18,25,10528.849999999999,13467.1525
85-06:1510,All periods,18-21,3,718.2,1580.8
85-06:1510,All periods,21-24,1,280.25,438.71
85-06:1510,All periods,3-6,910,768631.7,756211.02
85-06:1510,All periods,6-9,510,365279.75,367003.93666666665
85-06:1510,All periods,9-12,204,121654.15,127333.74083333333
85-07:3785,All periods,0-3,447,105762.55,104119.9525
85-07:3785,All periods,12-15,94,8015.15,10172.98
85-07:3785,All periods,15-18,26,1705.2499999999998,2663.705
85-07:3785,All periods,18-21,4,133.0,384.55999999999995
85-07:3785,All periods,21-24,1,14.25,50.16
85-07:3785,All periods,3-6,824,163304.05,160514.4225
85-07:3785,All periods,6-9,522,83029.05,82034.25749999999
85-07:3785,All periods,9-12,270,31948.5,34003.5875
85-07:3786,All periods,0-3,447,98309.8,96562.00583333333
85-07:3786,All periods,12-15,93,7335.9,9267.439999999999
85-07:3786,All periods,15-18,25,1318.6,2134.9825
85-07:3786,All periods,18-21,4,117.79999999999998,365.60749999999996
85-07:3786,All periods,21-24,1,12.35,57.76
85-07:3786,All periods,3-6,824,154482.35,151634.50333333333
85-07:3786,All periods,6-9,518,76905.35,76762.755
85-07:3786,All periods,9-12,268,30161.549999999996,31867.908333333333
85-09:3325,All periods,0-3,576,199595.94999999998,194727.84916666665
85-09:3325,All periods,12-15,51,6416.299999999999,9219.5125
85-09:3325,All periods,15-18,14,1338.55,2610.5525
85-09:3325,All periods,18-21,2,155.79999999999998,490.2
85-09:3325,All periods,3-6,861,278645.44999999995,273751.31916666665
85-09:3325,All periods,6-9,424,100670.55,102002.22833333333
85-09:3325,All periods,9-12,202,40151.75,44172.68833333333
85-13:105,All periods,0-3,602,132892.65,133376.02583333332
85-13:105,All periods,12-15,11,1124.8,1619.37
85-13:105,All periods,15-18,2,115.89999999999999,343.52
85-13:105,All periods,18-21,1,12.35,98.08749999999999
85-13:105,All periods,3-6,906,208629.5,204682.02833333332
85-13:105,All periods,6-9,324,58920.899999999994,59671.41583333333
85-13:105,All periods,9-12,71,10374.0,11767.697499999998
85-23:12334,All periods,0-3,373,32334.199999999997,31927.172499999997
85-23:12334,All periods,12-15,116,5828.25,6724.5275
85-23:12334,All periods,15-18,39,1428.8,2155.3283333333334
85-23:12334,All periods,18-21,10,219.45,466.4025
85-23:12334,All periods,21-24,1,20.9,90.25
85-23:12334,All periods,3-6,758,77067.79999999999,75480.14416666667
85-23:12334,All periods,6-9,516,43738.0,43568.235
85-23:12334,All periods,9-12,308,21730.3,21937.589999999997
85-23:5807,All periods,0-3,211,16151.9,15908.288333333332
85-23:5807,All periods,12-15,137,9453.449999999999,10000.776666666667
85-23:5807,All periods,15-18,47,2834.8,3205.87
85-23:5807,All periods,18-21,23,1170.4,1379.2575
85-23:5807,All periods,21-24,10,293.54999999999995,542.9408333333333
85-23:5807,All periods,3-6,742,69893.4,68633.33583333333
85-23:5807,All periods,6-9,607,47974.05,47685.3925
85-23:5807,All periods,9-12,335,24382.7,24786.03833333333
85-23:5807,All periods,>=24,2,63.64999999999999,76.0
85-26:7338,All periods,0-3,276,75536.4,73514.61
85-26:7338,All periods,12-15,97,18284.65,20228.73
85-26:7338,All periods,15-18,24,3619.4999999999995,4595.1025
85-26:7338,All periods,18-21,3,139.65,464.0274999999999
85-26:7338,All periods,3-6,832,224138.25,221378.61083333334
85-26:7338,All periods,6-9,574,138122.4,138583.40333333332
85-26:7338,All periods,9-12,254,56696.0,57787.94583333333
85-31:0,All periods,0-3,288,23781.35,22985.392499999998
85-31:0,All periods,12-15,98,4199.0,5572.114166666666
85-31:0,All periods,15-18,25,793.25,1151.9383333333333
85-31:0,All periods,18-21,3,13.299999999999999,105.7825
85-31:0,All periods,21-24,1,7.6,73.14999999999999
85-31:0,All periods,3-6,829,72034.7,69839.1075
85-31:0,All periods,6-9,578,41262.299999999996,41478.02916666667
85-31:0,All periods,9-12,256,15357.699999999999,16245.015833333333
85-35:5340,All periods,0-3,247,19505.4,19016.1975
85-35:5340,All periods,12-15,164,9217.849999999999,10271.21
85-35:5340,All periods,15-18,57,2528.8999999999996,2921.4875
85-35:5340,All periods,18-21,24,857.8499999999999,1150.2125
85-35:5340,All periods,21-24,4,95.0,271.1775
85-35:5340,All periods,3-6,622,53481.2,52060.3325
85-35:5340,All periods,6-9,524,41431.399999999994,40682.182499999995
85-35:5340,All periods,9-12,332,20654.899999999998,21295.627500000002
85-35:5340,All periods,>=24,3,65.55,204.34499999999997
85-39:13170,All periods,0-3,527,50039.350000000006,48970.884999999995
85-39:13170,All periods,12-15,66,3486.5,4880.339999999999
85-39:13170,All periods,15-18,19,533.9,993.795
85-39:13170,All periods,18-21,5,116.85,234.6975
85-39:13170,All periods,3-6,946,107042.2,104744.6725
85-39:13170,All periods,6-9,459,44436.25,44561.27
85-39:13170,All periods,9-12,170,11949.099999999999,13218.489999999998
85-39:3086,All periods,0-3,526,50697.7,49469.1125
85-39:3086,All periods,12-15,66,3533.0499999999997,4925.6075
85-39:3086,All periods,15-18,19,541.5,1000.35
85-39:3086,All periods,18-21,5,122.55,237.64249999999998
85-39:3086,All periods,3-6,948,108338.95,106090.20499999999
85-39:3086,All periods,6-9,458,44835.25,45007.8175
85-39:3086,All periods,9-12,170,12039.349999999999,13377.614999999998
862-01:21071,All periods,0-3,24,15026.149999999998,15508.369999999999
862-01:21071,All periods,12-15,10,4868.75,5043.201666666666
862-01:21071,All periods,15-18,4,1419.3,1212.77
862-01:21071,All periods,18-21,1,1121.95,997.2624999999999
862-01:21071,All periods,3-6,69,47051.6,46446.22833333333
862-01:21071,All periods,6-9,54,33539.75,33549.155
862-01:21071,All periods,9-12,18,11453.199999999999,11723.7125
862-01:73,All periods,0-3,398,92021.75,92907.90999999999
862-01:73,All periods,12-15,78,5982.15,7575.537499999999
862-01:73,All periods,15-18,34,1611.1999999999998,3025.4175
862-01:73,All periods,18-21,5,263.15000000000003,423.5575
862-01:73,All periods,21-24,1,1.9,174.79999999999998
862-01:73,All periods,3-6,910,323332.5,318033.35250000004
862-01:73,All periods,6-9,526,163836.05,164383.39250000002
862-01:73,All periods,9-12,240,50693.9,51218.63250000001
862-02:51,All periods,0-3,24,4920.049999999999,5038.4675
862-02:51,All periods,12-15,10,1719.5,1967.1966666666665
862-02:51,All periods,15-18,4,517.75,372.59
862-02:51,All periods,18-21,1,424.65,342.0
862-02:51,All periods,3-6,69,17879.0,17393.185833333333
862-02:51,All periods,6-9,54,11835.1,12005.909999999998
862-02:51,All periods,9-12,18,4072.65,4249.349999999999
862-02:9983,All periods,0-3,18,1881.9499999999998,2096.5074999999997
862-02:9983,All periods,12-15,7,333.45,403.2908333333333
862-02:9983,All periods,15-18,3,71.25,53.2475
862-02:9983,All periods,3-6,41,3660.3499999999995,3558.145833333333
862-02:9983,All periods,6-9,36,3538.75,3457.9049999999997
862-02:9983,All periods,9-12,12,1341.3999999999999,1258.0533333333335
87-01:10668,All periods,0-3,370,63641.45,62137.837499999994
87-01:10668,All periods,12-15,90,8069.299999999999,9351.467499999999
87-01:10668,All periods,15-18,24,1663.4499999999998,2509.2825000000003
87-01:10668,All periods,18-21,9,171.95,1034.1225
87-01:10668,All periods,21-24,2,46.55,184.0625
87-01:10668,All periods,3-6,852,224680.69999999998,222012.62499999997
87-01:10668,All periods,6-9,539,119111.0,118625.59749999999
87-01:10668,All periods,9-12,251,34099.3,35628.705
87-05:8403,All periods,0-3,302,100785.5,99701.73999999999
87-05:8403,All periods,12-15,100,23194.25,25242.4975
87-05:8403,All periods,15-18,33,6747.85,8020.612499999999
87-05:8403,All periods,18-21,17,2556.45,3402.6625
87-05:8403,All periods,21-24,3,304.0,431.63249999999994
87-05:8403,All periods,3-6,806,322970.55,317644.67583333334
87-05:8403,All periods,6-9,453,151835.65,152624.37166666664
87-05:8403,All periods,9-12,193,61573.299999999996,62812.3375
87-05:8403,All periods,>=24,1,38.0,125.01999999999998
874-01:174,All periods,0-3,218,16258.3,15681.0325
874-01:174,All periods,12-15,129,7926.799999999999,8526.297499999999
874-01:174,All periods,15-18,44,2229.6499999999996,2535.565833333333
874-01:174,All periods,18-21,23,890.1499999999999,1188.3866666666665
874-01:174,All periods,21-24,9,219.45,445.50249999999994
874-01:174,All periods,3-6,688,58677.7,57476.52
874-01:174,All periods,6-9,561,40831.0,40616.50583333333
874-01:174,All periods,9-12,309,20139.05,20660.96416666667
874-01:174,All periods,>=24,2,25.65,66.975
884-01:951,All periods,0-3,436,107898.15,109966.17333333332
884-01:951,All periods,12-15,57,7091.75,7948.634166666667
884-01:951,All periods,15-18,13,260.29999999999995,1319.36
884-01:951,All periods,18-21,2,168.14999999999998,572.9925
884-01:951,All periods,3-6,756,289556.19999999995,283973.31916666665
884-01:951,All periods,6-9,466,133727.7,134707.8625
884-01:951,All periods,9-12,179,26116.45,26330.35833333333
886-01:51,All periods,0-3,24,17499.0,18186.42
886-01:51,All periods,12-15,10,5586.0,6053.305
886-01:51,All periods,15-18,4,1691.0,1365.2925
886-01:51,All periods,18-21,1,1244.5,1164.9375
886-01:51,All periods,3-6,69,55889.45,55154.9575
886-01:51,All periods,6-9,54,39938.0,39656.61
886-01:51,All periods,9-12,18,13612.55,13878.9775
910-09:3504,All periods,0-3,333,5566.999999999999,5875.37
910-09:3504,All periods,12-15,131,1311.9499999999998,1351.945
910-09:3504,All periods,15-18,51,259.34999999999997,354.3975
910-09:3504,All periods,18-21,16,18.05,48.925
910-09:3504,All periods,21-24,1,0.0,0.0
910-09:3504,All periods,3-6,746,23963.75,23679.6525
910-09:3504,All periods,6-9,592,15849.8,15690.342499999999
910-09:3504,All periods,9-12,319,6620.549999999999,6596.277499999999
917-04:548,All periods,0-3,120,2603.95,2588.3224999999998
917-04:548,All periods,12-15,215,2016.85,2266.605
917-04:548,All periods,15-18,116,633.65,829.065
917-04:548,All periods,18-21,58,497.79999999999995,681.9574999999999
917-04:548,All periods,21-24,16,66.5,129.8175
917-04:548,All periods,3-6,504,11645.099999999999,10958.503333333334
917-04:548,All periods,6-9,427,6209.2,6004.269166666666
917-04:548,All periods,9-12,343,4574.25,4705.5875
917-04:548,All periods,>=24,9,13.3,96.47249999999998
92-05:421,All periods,0-3,941,1517567.0499999998,1480043.095
92-05:421,All periods,12-15,3,1615.0,3074.77
92-05:421,All periods,15-18,1,294.5,1107.7
92-05:421,All periods,3-6,723,1079915.3499999999,1089538.6283333334
92-05:421,All periods,6-9,208,262588.55,276203.5858333333
92-05:421,All periods,9-12,48,47752.7,59765.370833333334
92-07:8711,All periods,0-3,892,1141686.25,1119079.765
92-07:8711,All periods,12-15,16,14979.599999999999,17843.565
92-07:8711,All periods,15-18,4,3175.8499999999995,5498.1725
92-07:8711,All periods,18-21,1,195.7,583.87
92-07:8711,All periods,21-24,1,287.84999999999997,863.3125
92-07:8711,All periods,3-6,775,930350.2,928715.3925
92-07:8711,All periods,6-9,377,431243.0,441166.035
92-07:8711,All periods,9-12,126,141704.84999999998,149873.1875
92-09:47,All periods,0-3,809,298948.85,293272.82166666666
92-09:47,All periods,12-15,15,4136.3,4902.6175
92-09:47,All periods,15-18,4,802.75,1519.2399999999998
92-09:47,All periods,18-21,1,28.5,161.68999999999997
92-09:47,All periods,21-24,1,76.95,258.6375
92-09:47,All periods,3-6,708,247237.5,246056.66583333333
92-09:47,All periods,6-9,342,112474.29999999999,114704.1875
92-09:47,All periods,9-12,117,37681.75,40511.04
92-09:48,All periods,0-3,809,298852.89999999997,292154.62416666665
92-09:48,All periods,12-15,15,3993.7999999999997,4846.9475
92-09:48,All periods,15-18,4,777.0999999999999,1481.335
92-09:48,All periods,18-21,1,34.199999999999996,157.13
92-09:48,All periods,21-24,1,74.1,223.96249999999998
92-09:48,All periods,3-6,708,245923.65,245448.8558333333
92-09:48,All periods,6-9,342,112429.65,114762.94499999999
92-09:48,All periods,9-12,118,37744.45,40754.049999999996
920-01:229,All periods,0-3,504,30066.55,30366.876666666663
920-01:229,All periods,12-15,69,2819.6,2965.805
920-01:229,All periods,15-18,23,712.5,827.9091666666666
920-01:229,All periods,18-21,3,98.8,96.425
920-01:229,All periods,21-24,1,30.4,31.112499999999997
920-01:229,All periods,3-6,740,49314.5,49171.20833333333
920-01:229,All periods,6-9,247,13153.699999999999,12978.504166666666
920-01:229,All periods,9-12,121,6007.799999999999,5766.009166666667
923-01:903,All periods,0-3,244,62896.65,63077.435
923-01:903,All periods,12-15,22,2500.3999999999996,3051.59
923-01:903,All periods,15-18,3,499.7,1427.5175
923-01:903,All periods,18-21,1,11.399999999999999,15.959999999999999
923-01:903,All periods,3-6,765,266105.45,262551.12
923-01:903,All periods,6-9,422,116055.79999999999,115804.36666666667
923-01:903,All periods,9-12,141,26065.149999999994,28206.560833333337
925-04:10375,All periods,0-3,213,50968.45,50857.0625
925-04:10375,All periods,12-15,133,23134.399999999998,24742.401666666665
925-04:10375,All periods,15-18,53,7228.55,8132.585833333333
925-04:10375,All periods,18-21,15,1837.2999999999997,2241.778333333333
925-04:10375,All periods,21-24,2,109.25,123.4525
925-04:10375,All periods,3-6,710,184463.4,182327.02416666667
925-04:10375,All periods,6-9,505,118327.25,117325.14249999999
925-04:10375,All periods,9-12,271,53306.4,53648.9225
925-04:10375,All periods,>=24,2,251.74999999999997,228.38
93-02:8165,All periods,0-3,223,126408.9,125401.69416666665
93-02:8165,All periods,12-15,146,49300.25,56884.1475
93-02:8165,All periods,15-18,62,13977.349999999999,18923.809999999998
93-02:8165,All periods,18-21,22,2694.2,4871.41
93-02:8165,All periods,21-24,4,291.65,787.8825
93-02:8165,All periods,3-6,768,506243.6,494482.25166666665
93-02:8165,All periods,6-9,551,315157.75,309149.665
93-02:8165,All periods,9-12,293,130559.45,134116.32916666666
93-02:8165,All periods,>=24,2,427.49999999999994,443.4599999999999
931-09:4439,All periods,0-3,262,92950.85,93082.93166666666
931-09:4439,All periods,12-15,57,11197.65,12682.6425
931-09:4439,All periods,15-18,8,804.65,1061.3083333333332
931-09:4439,All periods,3-6,981,495713.8,498109.605
931-09:4439,All periods,6-9,487,204837.09999999998,197713.66749999998
931-09:4439,All periods,9-12,154,40353.149999999994,43207.045
933-01:1870,All periods,0-3,1778,339880.55,338109.55999999994
933-01:1870,All periods,3-6,386,42674.0,44314.60249999999
933-01:1870,All periods,6-9,24,1999.75,2072.9475
933-01:1870,All periods,9-12,2,115.89999999999999,173.08999999999997
939-02:11805,All periods,0-3,39,6279.5,6290.709999999999
939-02:11805,All periods,12-15,34,3210.0499999999997,3506.1175
939-02:11805,All periods,15-18,13,673.55,1150.1174999999998
939-02:11805,All periods,18-21,5,681.15,754.0625
939-02:11805,All periods,21-24,2,98.8,468.5875
939-02:11805,All periods,3-6,84,19964.25,19020.33
939-02:11805,All periods,6-9,62,12084.0,11516.4225
939-02:11805,All periods,9-12,39,7065.15,7010.24
939-02:11805,All periods,>=24,1,70.3,410.16249999999997
939-02:11806,All periods,0-3,101,21060.55,21689.545
939-02:11806,All periods,12-15,100,16172.8,17074.54
939-02:11806,All periods,15-18,44,4198.05,4743.0175
939-02:11806,All periods,18-21,14,405.65,775.2475
939-02:11806,All periods,21-24,6,330.59999999999997,671.46
939-02:11806,All periods,3-6,491,122634.54999999999,120596.70499999999
939-02:11806,All periods,6-9,326,73337.15,72615.5775
939-02:11806,All periods,9-12,167,33397.25,33075.295
939-02:11806,All periods,>=24,3,88.35,383.56249999999994
939-02:918,All periods,0-3,153,24533.75,24636.824999999997
939-02:918,All periods,12-15,191,24691.449999999997,26296.5225
939-02:918,All periods,15-18,85,8169.05,9750.23
939-02:918,All periods,18-21,24,1292.0,2024.6875
939-02:918,All periods,21-24,10,308.75,940.405
939-02:918,All periods,3-6,858,180944.59999999998,177238.50749999998
939-02:918,All periods,6-9,529,96790.74999999999,95545.0625
939-02:918,All periods,9-12,335,58233.09999999999,57990.042499999996
939-02:918,All periods,>=24,4,137.75,660.63
94-01:5981,All periods,0-3,224,88154.3,87940.2175
94-01:5981,All periods,12-15,135,34513.5,37778.4125
94-01:5981,All periods,15-18,56,10863.25,12082.9075
94-01:5981,All periods,18-21,22,3344.0,4014.035
94-01:5981,All periods,21-24,3,325.84999999999997,451.3449999999999
94-01:5981,All periods,3-6,707,306507.05,303026.535
94-01:5981,All periods,6-9,505,188725.09999999998,186581.85249999998
94-01:5981,All periods,9-12,258,77901.9,78459.455
94-01:5981,All periods,>=24,2,310.65,310.84000000000003
94-07:5340,All periods,0-3,421,96290.09999999999,93225.06749999999
94-07:5340,All periods,12-15,125,15922.0,18044.394999999997
94-07:5340,All periods,15-18,83,8524.349999999999,10577.68
94-07:5340,All periods,18-21,32,2791.1,3376.1575
94-07:5340,All periods,21-24,15,647.8999999999999,869.2025
94-07:5340,All periods,3-6,753,157186.05,150455.04666666666
94-07:5340,All periods,6-9,460,60710.7,61603.4625
94-07:5340,All periods,9-12,241,29791.05,32822.91166666667
94-07:5340,All periods,>=24,13,293.54999999999995,998.9725
95-01:2010,All periods,0-3,188,185035.3,182925.36583333332
95-01:2010,All periods,12-15,132,82219.65,88166.45999999999
95-01:2010,All periods,15-18,55,26656.050000000003,28868.283333333333
95-01:2010,All periods,18-21,21,7614.249999999999,8677.965
95-01:2010,All periods,21-24,4,1210.3,1533.585
95-01:2010,All periods,3-6,688,746647.75,742307.0891666666
95-01:2010,All periods,6-9,484,458869.0,453461.79
95-01:2010,All periods,9-12,262,194085.94999999998,196380.42166666666
95-01:2010,All periods,>=24,2,723.9,741.19
95-02:947,All periods,0-3,310,85462.95,84240.58499999999
95-02:947,All periods,12-15,60,7080.349999999999,8520.660833333333
95-02:947,All periods,15-18,8,525.3499999999999,636.2783333333333
95-02:947,All periods,18-21,1,37.05,70.49
95-02:947,All periods,3-6,1081,393648.64999999997,391762.36166666663
95-02:947,All periods,6-9,527,157076.8,156322.45249999998
95-02:947,All periods,9-12,170,32091.0,34369.32166666666
95-05:1815,All periods,0-3,170,4045.0999999999995,3996.3175
95-05:1815,All periods,12-15,64,1366.1,1553.3449999999998
95-05:1815,All periods,15-18,21,454.09999999999997,388.265
95-05:1815,All periods,18-21,8,82.64999999999999,67.4025
95-05:1815,All periods,21-24,1,18.05,70.3
95-05:1815,All periods,3-6,1043,47733.7,47579.277500000004
95-05:1815,All periods,6-9,658,28946.499999999996,28803.762499999997
95-05:1815,All periods,9-12,227,5671.5,5859.03
9549-01:5689,All periods,0-3,232,8609.85,7318.5625
9549-01:5689,All periods,12-15,19,130.14999999999998,666.8525
9549-01:5689,All periods,15-18,3,51.3,192.89749999999998
9549-01:5689,All periods,18-21,1,9.5,37.05
9549-01:5689,All periods,21-24,1,1.9,26.599999999999998
9549-01:5689,All periods,3-6,289,14235.75,12754.272500000001
9549-01:5689,All periods,6-9,185,9088.65,9380.8225
9549-01:5689,All periods,9-12,71,1408.85,3158.8925
98-01:300,All periods,0-3,656,416600.64999999997,412507.2108333333
98-01:300,All periods,12-15,14,5140.45,5975.515833333333
98-01:300,All periods,15-18,5,1428.8000000000002,1972.01
98-01:300,All periods,18-21,2,436.04999999999995,590.5674999999999
98-01:300,All periods,3-6,905,458761.64999999997,456493.71499999997
98-01:300,All periods,6-9,339,154640.05,157034.335
98-01:300,All periods,9-12,59,21451.949999999997,23886.245833333334
99-01:209,All periods,0-3,293,570496.85,567430.7566666666
99-01:209,All periods,12-15,133,190149.15,199597.59666666665
99-01:209,All periods,15-18,47,65236.5,70602.6225
99-01:209,All periods,18-21,7,10916.449999999999,11410.925
99-01:209,All periods,21-24,2,1755.6,3213.1375
99-01:209,All periods,3-6,776,1544397.9,1530054.1983333332
99-01:209,All periods,6-9,523,924784.1499999999,921966.3391666666
99-01:209,All periods,9-12,276,459508.35,462969.37416666665
998-01:155,All periods,0-3,1185,1019119.1499999999,1007308.8133333334
998-01:155,All periods,12-15,15,4231.299999999999,6262.4
998-01:155,All periods,15-18,5,827.4499999999998,1481.7624999999998
998-01:155,All periods,18-21,1,0.0,182.08333333333331
998-01:155,All periods,21-24,2,1.9,265.11333333333334
998-01:155,All periods,3-6,457,369872.05,370540.7866666666
998-01:155,All periods,6-9,131,67883.2,73525.99416666667
998-01:155,All periods,9-12,56,28732.75,31100.846666666665
